video,frame,timestamp_sec,vehicle_track_id,vehicle_class,vehicle_conf,vehicle_bbox,matched_person_count,match_scores,raw_overload,confirmed_overload,elapsed_ms,fps
/Users/lujintao/Downloads/Weixin Videos2026-05-04_154833_153.mp4,0,0.000,1,motorcycle,0.850,190.2 365.6 539.2 644.6,1,1.098,0,0,39.608,25.248
/Users/lujintao/Downloads/Weixin Videos2026-05-04_154833_153.mp4,0,0.000,2,motorcycle,0.793,533.9 349.2 635.2 428.4,1,1.200,0,0,39.608,25.248
/Users/lujintao/Downloads/Weixin Videos2026-05-04_154833_153.mp4,1,0.033,2,motorcycle,0.798,534.3 348.1 636.0 427.6,1,1.200,0,0,24.760,40.388
/Users/lujintao/Downloads/Weixin Videos2026-05-04_154833_153.mp4,1,0.033,1,motorcycle,0.787,203.7 368.3 543.1 649.0,1,1.086,0,0,24.760,40.388
/Users/lujintao/Downloads/Weixin Videos2026-05-04_154833_153.mp4,2,0.067,1,motorcycle,0.857,229.2 380.1 556.6 639.6,1,1.200,0,0,28.335,35.292
/Users/lujintao/Downloads/Weixin Videos2026-05-04_154833_153.mp4,2,0.067,2,motorcycle,0.811,537.8 350.5 640.9 428.0,0,,0,0,28.335,35.292
/Users/lujintao/Downloads/Weixin Videos2026-05-04_154833_153.mp4,3,0.100,1,motorcycle,0.778,277.1 370.6 585.1 628.5,1,1.200,0,0,27.363,36.546
/Users/lujintao/Downloads/Weixin Videos2026-05-04_154833_153.mp4,3,0.100,2,motorcycle,0.656,541.0 351.5 648.8 429.0,0,,0,0,27.363,36.546
/Users/lujintao/Downloads/Weixin Videos2026-05-04_154833_153.mp4,4,0.133,1,motorcycle,0.800,322.5 362.7 608.1 619.1,1,1.138,0,0,27.529,36.325
/Users/lujintao/Downloads/Weixin Videos2026-05-04_154833_153.mp4,4,0.133,2,motorcycle,0.594,569.1 354.3 655.1 428.9,0,,0,0,27.529,36.325
/Users/lujintao/Downloads/Weixin Videos2026-05-04_154833_153.mp4,5,0.167,1,motorcycle,0.756,361.0 376.4 636.1 610.3,1,1.180,0,0,28.370,35.249
/Users/lujintao/Downloads/Weixin Videos2026-05-04_154833_153.mp4,5,0.167,2,motorcycle,0.518,564.9 359.4 662.2 431.0,1,1.200,0,0,28.370,35.249
/Users/lujintao/Downloads/Weixin Videos2026-05-04_154833_153.mp4,6,0.200,1,motorcycle,0.776,402.7 354.1 658.4 597.6,1,1.200,0,0,27.453,36.426
/Users/lujintao/Downloads/Weixin Videos2026-05-04_154833_153.mp4,6,0.200,2,motorcycle,0.261,599.4 358.1 668.1 430.8,0,,0,0,27.453,36.426
/Users/lujintao/Downloads/Weixin Videos2026-05-04_154833_153.mp4,7,0.233,1,motorcycle,0.805,436.6 365.9 679.1 585.9,2,1.200 1.200,1,0,26.997,37.041
/Users/lujintao/Downloads/Weixin Videos2026-05-04_154833_153.mp4,8,0.267,1,motorcycle,0.746,468.3 361.0 692.6 578.5,1,1.200,0,0,27.839,35.921
/Users/lujintao/Downloads/Weixin Videos2026-05-04_154833_153.mp4,9,0.300,1,motorcycle,0.756,498.1 367.4 710.3 569.0,1,1.180,0,0,53.279,18.769
/Users/lujintao/Downloads/Weixin Videos2026-05-04_154833_153.mp4,10,0.333,1,motorcycle,0.801,525.3 372.5 731.4 563.2,1,1.200,0,0,28.662,34.889
/Users/lujintao/Downloads/Weixin Videos2026-05-04_154833_153.mp4,11,0.367,1,motorcycle,0.722,549.0 365.9 754.9 557.8,1,1.200,0,0,29.914,33.429
/Users/lujintao/Downloads/Weixin Videos2026-05-04_154833_153.mp4,12,0.400,1,motorcycle,0.690,575.1 366.8 763.2 553.8,1,1.146,0,0,27.007,37.028
/Users/lujintao/Downloads/Weixin Videos2026-05-04_154833_153.mp4,13,0.433,1,motorcycle,0.753,595.6 368.3 775.9 545.5,1,1.200,0,0,27.645,36.173
/Users/lujintao/Downloads/Weixin Videos2026-05-04_154833_153.mp4,14,0.467,1,motorcycle,0.732,606.3 331.3 792.0 542.1,1,1.200,0,0,33.780,29.604
/Users/lujintao/Downloads/Weixin Videos2026-05-04_154833_153.mp4,15,0.500,1,motorcycle,0.556,613.9 361.6 805.2 535.2,1,1.200,0,0,26.989,37.052
/Users/lujintao/Downloads/Weixin Videos2026-05-04_154833_153.mp4,16,0.533,1,motorcycle,0.537,638.5 371.0 819.6 531.8,1,1.194,0,0,27.178,36.794
/Users/lujintao/Downloads/Weixin Videos2026-05-04_154833_153.mp4,17,0.567,1,motorcycle,0.544,673.6 375.3 832.2 528.1,1,1.200,0,0,25.962,38.518
/Users/lujintao/Downloads/Weixin Videos2026-05-04_154833_153.mp4,18,0.600,1,motorcycle,0.565,693.3 373.7 847.1 524.3,1,1.200,0,0,24.808,40.310
/Users/lujintao/Downloads/Weixin Videos2026-05-04_154833_153.mp4,18,0.600,3,motorcycle,0.374,639.4 363.0 735.9 432.7,1,1.118,0,0,24.808,40.310
/Users/lujintao/Downloads/Weixin Videos2026-05-04_154833_153.mp4,19,0.633,1,motorcycle,0.548,712.5 381.4 857.1 520.2,1,1.200,0,0,24.224,41.281
/Users/lujintao/Downloads/Weixin Videos2026-05-04_154833_153.mp4,19,0.633,4,motorcycle,0.258,1142.2 369.4 1182.4 412.6,0,,0,0,24.224,41.281
/Users/lujintao/Downloads/Weixin Videos2026-05-04_154833_153.mp4,20,0.667,1,motorcycle,0.643,726.7 386.6 867.8 516.6,1,1.200,0,0,28.713,34.827
/Users/lujintao/Downloads/Weixin Videos2026-05-04_154833_153.mp4,20,0.667,4,motorcycle,0.286,1141.0 368.5 1183.1 412.7,0,,0,0,28.713,34.827
/Users/lujintao/Downloads/Weixin Videos2026-05-04_154833_153.mp4,21,0.700,1,motorcycle,0.632,734.7 379.3 879.2 512.2,1,1.200,0,0,28.401,35.210
/Users/lujintao/Downloads/Weixin Videos2026-05-04_154833_153.mp4,21,0.700,3,motorcycle,0.530,654.3 362.8 753.8 430.7,0,,0,0,28.401,35.210
/Users/lujintao/Downloads/Weixin Videos2026-05-04_154833_153.mp4,21,0.700,4,motorcycle,0.301,1140.7 368.1 1183.0 413.0,0,,0,0,28.401,35.210
/Users/lujintao/Downloads/Weixin Videos2026-05-04_154833_153.mp4,22,0.733,1,motorcycle,0.718,749.7 381.8 886.6 508.4,1,1.200,0,0,28.302,35.334
/Users/lujintao/Downloads/Weixin Videos2026-05-04_154833_153.mp4,22,0.733,3,motorcycle,0.606,659.9 364.3 755.8 432.4,0,,0,0,28.302,35.334
/Users/lujintao/Downloads/Weixin Videos2026-05-04_154833_153.mp4,22,0.733,4,motorcycle,0.301,1139.6 367.2 1184.3 413.2,0,,0,0,28.302,35.334
/Users/lujintao/Downloads/Weixin Videos2026-05-04_154833_153.mp4,23,0.767,3,motorcycle,0.724,666.1 364.9 767.1 435.7,1,1.200,0,0,29.750,33.613
/Users/lujintao/Downloads/Weixin Videos2026-05-04_154833_153.mp4,23,0.767,1,motorcycle,0.669,767.5 393.9 897.4 504.4,1,1.200,0,0,29.750,33.613
/Users/lujintao/Downloads/Weixin Videos2026-05-04_154833_153.mp4,23,0.767,4,motorcycle,0.306,1139.5 366.7 1184.3 413.2,0,,0,0,29.750,33.613
/Users/lujintao/Downloads/Weixin Videos2026-05-04_154833_153.mp4,24,0.800,3,motorcycle,0.744,669.4 364.4 775.2 435.4,1,1.200,0,0,25.748,38.837
/Users/lujintao/Downloads/Weixin Videos2026-05-04_154833_153.mp4,24,0.800,1,motorcycle,0.650,779.5 382.7 909.1 501.8,1,1.200,0,0,25.748,38.837
/Users/lujintao/Downloads/Weixin Videos2026-05-04_154833_153.mp4,24,0.800,4,motorcycle,0.296,1138.9 366.8 1183.6 413.3,0,,0,0,25.748,38.837
/Users/lujintao/Downloads/Weixin Videos2026-05-04_154833_153.mp4,25,0.833,3,motorcycle,0.730,676.0 365.1 780.0 436.1,0,,0,0,28.072,35.623
/Users/lujintao/Downloads/Weixin Videos2026-05-04_154833_153.mp4,25,0.833,1,motorcycle,0.616,792.6 382.7 916.7 497.5,1,1.200,0,0,28.072,35.623
/Users/lujintao/Downloads/Weixin Videos2026-05-04_154833_153.mp4,25,0.833,4,motorcycle,0.328,1138.9 366.9 1183.2 413.3,0,,0,0,28.072,35.623
/Users/lujintao/Downloads/Weixin Videos2026-05-04_154833_153.mp4,26,0.867,3,motorcycle,0.749,679.8 366.2 785.8 436.3,1,1.200,0,0,30.177,33.137
/Users/lujintao/Downloads/Weixin Videos2026-05-04_154833_153.mp4,26,0.867,1,motorcycle,0.576,803.3 383.6 924.4 494.9,1,1.200,0,0,30.177,33.137
/Users/lujintao/Downloads/Weixin Videos2026-05-04_154833_153.mp4,26,0.867,4,motorcycle,0.258,1138.1 366.1 1184.0 412.6,0,,0,0,30.177,33.137
/Users/lujintao/Downloads/Weixin Videos2026-05-04_154833_153.mp4,27,0.900,3,motorcycle,0.768,684.3 364.1 790.3 436.9,1,1.200,0,0,34.367,29.098
/Users/lujintao/Downloads/Weixin Videos2026-05-04_154833_153.mp4,27,0.900,1,motorcycle,0.578,814.7 384.5 932.8 491.7,1,1.200,0,0,34.367,29.098
/Users/lujintao/Downloads/Weixin Videos2026-05-04_154833_153.mp4,28,0.933,3,motorcycle,0.716,692.2 364.6 794.3 437.3,1,1.200,0,0,28.374,35.243
/Users/lujintao/Downloads/Weixin Videos2026-05-04_154833_153.mp4,28,0.933,1,motorcycle,0.509,824.3 375.9 942.5 489.0,1,1.200,0,0,28.374,35.243
/Users/lujintao/Downloads/Weixin Videos2026-05-04_154833_153.mp4,28,0.933,4,motorcycle,0.294,1137.5 365.0 1184.1 412.9,0,,0,0,28.374,35.243
/Users/lujintao/Downloads/Weixin Videos2026-05-04_154833_153.mp4,29,0.967,3,motorcycle,0.704,696.8 365.6 797.9 435.4,1,1.200,0,0,29.573,33.815
/Users/lujintao/Downloads/Weixin Videos2026-05-04_154833_153.mp4,29,0.967,1,motorcycle,0.634,834.4 378.9 946.7 485.5,1,1.200,0,0,29.573,33.815
/Users/lujintao/Downloads/Weixin Videos2026-05-04_154833_153.mp4,29,0.967,4,motorcycle,0.313,1137.4 363.3 1184.4 412.9,0,,0,0,29.573,33.815
/Users/lujintao/Downloads/Weixin Videos2026-05-04_154833_153.mp4,30,1.000,3,motorcycle,0.664,700.1 367.2 802.8 434.8,1,1.200,0,0,27.331,36.589
/Users/lujintao/Downloads/Weixin Videos2026-05-04_154833_153.mp4,30,1.000,1,motorcycle,0.589,844.7 375.2 957.6 480.5,1,1.200,0,0,27.331,36.589
/Users/lujintao/Downloads/Weixin Videos2026-05-04_154833_153.mp4,30,1.000,4,motorcycle,0.304,1137.2 359.1 1184.8 413.0,0,,0,0,27.331,36.589
/Users/lujintao/Downloads/Weixin Videos2026-05-04_154833_153.mp4,31,1.033,1,motorcycle,0.625,851.0 377.1 960.9 481.4,1,1.200,0,0,26.944,37.114
/Users/lujintao/Downloads/Weixin Videos2026-05-04_154833_153.mp4,31,1.033,3,motorcycle,0.574,707.0 366.9 807.4 433.7,1,1.200,0,0,26.944,37.114
/Users/lujintao/Downloads/Weixin Videos2026-05-04_154833_153.mp4,31,1.033,4,motorcycle,0.286,1137.1 361.3 1185.4 412.9,0,,0,0,26.944,37.114
/Users/lujintao/Downloads/Weixin Videos2026-05-04_154833_153.mp4,32,1.067,1,motorcycle,0.620,862.2 376.6 969.5 477.9,1,1.200,0,0,28.026,35.681
/Users/lujintao/Downloads/Weixin Videos2026-05-04_154833_153.mp4,32,1.067,3,motorcycle,0.519,714.3 363.6 809.9 435.3,1,1.200,0,0,28.026,35.681
/Users/lujintao/Downloads/Weixin Videos2026-05-04_154833_153.mp4,32,1.067,4,motorcycle,0.267,1137.0 359.5 1185.1 412.9,0,,0,0,28.026,35.681
/Users/lujintao/Downloads/Weixin Videos2026-05-04_154833_153.mp4,33,1.100,1,motorcycle,0.611,870.3 376.3 975.4 477.2,1,1.200,0,0,28.359,35.263
/Users/lujintao/Downloads/Weixin Videos2026-05-04_154833_153.mp4,33,1.100,3,motorcycle,0.607,718.7 367.2 812.7 435.0,2,1.200 1.109,1,0,28.359,35.263
/Users/lujintao/Downloads/Weixin Videos2026-05-04_154833_153.mp4,33,1.100,4,motorcycle,0.276,1137.0 361.5 1185.1 413.0,0,,0,0,28.359,35.263
/Users/lujintao/Downloads/Weixin Videos2026-05-04_154833_153.mp4,34,1.133,1,motorcycle,0.639,880.2 379.5 977.8 471.7,1,1.200,0,0,27.199,36.766
/Users/lujintao/Downloads/Weixin Videos2026-05-04_154833_153.mp4,34,1.133,3,motorcycle,0.586,724.0 366.6 815.4 435.3,1,1.200,0,0,27.199,36.766
/Users/lujintao/Downloads/Weixin Videos2026-05-04_154833_153.mp4,35,1.167,3,motorcycle,0.601,729.2 364.4 818.8 435.1,1,1.200,0,0,29.415,33.997
/Users/lujintao/Downloads/Weixin Videos2026-05-04_154833_153.mp4,35,1.167,1,motorcycle,0.578,888.0 381.4 986.3 470.1,1,1.200,0,0,29.415,33.997
/Users/lujintao/Downloads/Weixin Videos2026-05-04_154833_153.mp4,36,1.200,3,motorcycle,0.598,732.7 365.5 821.8 434.2,1,1.200,0,0,36.140,27.670
/Users/lujintao/Downloads/Weixin Videos2026-05-04_154833_153.mp4,36,1.200,1,motorcycle,0.551,896.2 380.5 992.0 468.7,1,1.200,0,0,36.140,27.670
/Users/lujintao/Downloads/Weixin Videos2026-05-04_154833_153.mp4,37,1.233,3,motorcycle,0.619,739.2 367.7 825.7 433.2,1,1.200,0,0,30.713,32.559
/Users/lujintao/Downloads/Weixin Videos2026-05-04_154833_153.mp4,37,1.233,1,motorcycle,0.536,902.4 380.2 996.9 467.2,1,1.200,0,0,30.713,32.559
/Users/lujintao/Downloads/Weixin Videos2026-05-04_154833_153.mp4,38,1.267,3,motorcycle,0.552,743.3 365.3 828.7 434.0,1,1.200,0,0,28.522,35.061
/Users/lujintao/Downloads/Weixin Videos2026-05-04_154833_153.mp4,38,1.267,1,motorcycle,0.549,911.1 375.3 1001.5 464.8,1,1.200,0,0,28.522,35.061
/Users/lujintao/Downloads/Weixin Videos2026-05-04_154833_153.mp4,39,1.300,1,motorcycle,0.616,919.0 373.9 1005.8 463.7,1,1.200,0,0,31.605,31.641
/Users/lujintao/Downloads/Weixin Videos2026-05-04_154833_153.mp4,39,1.300,3,motorcycle,0.549,749.7 367.3 831.5 434.0,1,1.200,0,0,31.605,31.641
/Users/lujintao/Downloads/Weixin Videos2026-05-04_154833_153.mp4,40,1.333,1,motorcycle,0.606,923.5 371.2 1009.8 462.2,1,1.200,0,0,27.165,36.812
/Users/lujintao/Downloads/Weixin Videos2026-05-04_154833_153.mp4,40,1.333,3,motorcycle,0.486,756.1 369.3 833.9 432.1,1,1.200,0,0,27.165,36.812
/Users/lujintao/Downloads/Weixin Videos2026-05-04_154833_153.mp4,41,1.367,1,motorcycle,0.594,929.5 367.0 1015.4 460.4,1,1.200,0,0,28.757,34.774
/Users/lujintao/Downloads/Weixin Videos2026-05-04_154833_153.mp4,41,1.367,3,motorcycle,0.565,761.8 367.9 837.2 431.8,1,1.200,0,0,28.757,34.774
/Users/lujintao/Downloads/Weixin Videos2026-05-04_154833_153.mp4,42,1.400,3,motorcycle,0.578,765.8 367.4 841.5 431.3,1,1.200,0,0,27.149,36.834
/Users/lujintao/Downloads/Weixin Videos2026-05-04_154833_153.mp4,42,1.400,1,motorcycle,0.566,935.6 373.9 1019.3 459.1,1,1.200,0,0,27.149,36.834
/Users/lujintao/Downloads/Weixin Videos2026-05-04_154833_153.mp4,43,1.433,1,motorcycle,0.643,941.9 369.2 1023.2 457.2,1,1.200,0,0,27.192,36.776
/Users/lujintao/Downloads/Weixin Videos2026-05-04_154833_153.mp4,43,1.433,3,motorcycle,0.626,767.8 366.4 844.6 432.7,2,1.200 1.195,1,0,27.192,36.776
/Users/lujintao/Downloads/Weixin Videos2026-05-04_154833_153.mp4,44,1.467,3,motorcycle,0.701,776.4 365.8 846.9 431.2,1,1.200,0,0,28.184,35.481
/Users/lujintao/Downloads/Weixin Videos2026-05-04_154833_153.mp4,44,1.467,1,motorcycle,0.643,948.3 369.9 1026.2 454.8,0,,0,0,28.184,35.481
/Users/lujintao/Downloads/Weixin Videos2026-05-04_154833_153.mp4,45,1.500,1,motorcycle,0.668,953.0 372.7 1027.4 453.4,1,1.200,0,0,29.121,34.339
/Users/lujintao/Downloads/Weixin Videos2026-05-04_154833_153.mp4,45,1.500,3,motorcycle,0.631,778.5 365.1 849.4 430.1,0,,0,0,29.121,34.339
/Users/lujintao/Downloads/Weixin Videos2026-05-04_154833_153.mp4,46,1.533,3,motorcycle,0.562,784.5 371.0 852.9 430.2,1,1.200,0,0,30.773,32.496
/Users/lujintao/Downloads/Weixin Videos2026-05-04_154833_153.mp4,46,1.533,1,motorcycle,0.547,959.8 372.8 1035.6 451.9,0,,0,0,30.773,32.496
/Users/lujintao/Downloads/Weixin Videos2026-05-04_154833_153.mp4,47,1.567,1,motorcycle,0.621,965.2 369.8 1038.3 448.0,0,,0,0,31.332,31.916
/Users/lujintao/Downloads/Weixin Videos2026-05-04_154833_153.mp4,47,1.567,3,motorcycle,0.599,786.5 366.0 855.9 430.2,0,,0,0,31.332,31.916
/Users/lujintao/Downloads/Weixin Videos2026-05-04_154833_153.mp4,48,1.600,1,motorcycle,0.606,968.5 371.4 1041.9 448.7,1,1.200,0,0,30.737,32.534
/Users/lujintao/Downloads/Weixin Videos2026-05-04_154833_153.mp4,48,1.600,3,motorcycle,0.539,792.5 370.3 858.2 429.7,1,1.200,0,0,30.737,32.534
/Users/lujintao/Downloads/Weixin Videos2026-05-04_154833_153.mp4,49,1.633,3,motorcycle,0.580,796.5 367.0 863.5 429.2,1,1.200,0,0,31.158,32.095
/Users/lujintao/Downloads/Weixin Videos2026-05-04_154833_153.mp4,49,1.633,1,motorcycle,0.554,973.8 371.3 1041.5 447.4,0,,0,0,31.158,32.095
/Users/lujintao/Downloads/Weixin Videos2026-05-04_154833_153.mp4,49,1.633,5,motorcycle,0.264,1134.0 348.4 1181.0 411.7,0,,0,0,31.158,32.095
/Users/lujintao/Downloads/Weixin Videos2026-05-04_154833_153.mp4,50,1.667,1,motorcycle,0.514,980.0 370.5 1048.5 445.1,0,,0,0,28.969,34.520
/Users/lujintao/Downloads/Weixin Videos2026-05-04_154833_153.mp4,50,1.667,3,motorcycle,0.488,799.4 372.0 865.0 428.2,1,1.200,0,0,28.969,34.520
/Users/lujintao/Downloads/Weixin Videos2026-05-04_154833_153.mp4,51,1.700,3,motorcycle,0.415,802.2 362.4 867.6 428.0,0,,0,0,28.533,35.047
/Users/lujintao/Downloads/Weixin Videos2026-05-04_154833_153.mp4,51,1.700,1,motorcycle,0.367,983.3 379.5 1039.1 446.9,0,,0,0,28.533,35.047
/Users/lujintao/Downloads/Weixin Videos2026-05-04_154833_153.mp4,52,1.733,3,motorcycle,0.424,805.3 363.4 872.6 429.8,1,1.200,0,0,29.164,34.289
/Users/lujintao/Downloads/Weixin Videos2026-05-04_154833_153.mp4,52,1.733,1,motorcycle,0.385,989.5 373.1 1047.9 443.6,0,,0,0,29.164,34.289
/Users/lujintao/Downloads/Weixin Videos2026-05-04_154833_153.mp4,52,1.733,6,motorcycle,0.298,1007.6 364.0 1059.0 426.7,0,,0,0,29.164,34.289
/Users/lujintao/Downloads/Weixin Videos2026-05-04_154833_153.mp4,53,1.767,3,motorcycle,0.473,810.0 362.4 874.2 427.0,0,,0,0,30.674,32.601
/Users/lujintao/Downloads/Weixin Videos2026-05-04_154833_153.mp4,53,1.767,1,motorcycle,0.333,993.9 367.4 1058.8 441.7,0,,0,0,30.674,32.601
/Users/lujintao/Downloads/Weixin Videos2026-05-04_154833_153.mp4,54,1.800,3,motorcycle,0.548,815.8 371.3 877.2 428.0,2,1.200 1.158,1,0,30.323,32.978
/Users/lujintao/Downloads/Weixin Videos2026-05-04_154833_153.mp4,54,1.800,1,motorcycle,0.447,998.8 369.7 1061.3 439.3,0,,0,0,30.323,32.978
/Users/lujintao/Downloads/Weixin Videos2026-05-04_154833_153.mp4,55,1.833,3,motorcycle,0.596,817.9 371.3 880.9 425.6,1,1.200,0,0,44.811,22.316
/Users/lujintao/Downloads/Weixin Videos2026-05-04_154833_153.mp4,55,1.833,1,motorcycle,0.444,1002.6 372.7 1062.1 439.2,0,,0,0,44.811,22.316
/Users/lujintao/Downloads/Weixin Videos2026-05-04_154833_153.mp4,56,1.867,3,motorcycle,0.482,820.3 365.5 884.5 424.4,0,,0,0,26.871,37.215
/Users/lujintao/Downloads/Weixin Videos2026-05-04_154833_153.mp4,57,1.900,3,motorcycle,0.465,823.8 360.9 887.0 426.7,1,1.200,0,0,28.833,34.682
/Users/lujintao/Downloads/Weixin Videos2026-05-04_154833_153.mp4,57,1.900,1,motorcycle,0.314,1012.5 372.2 1062.5 437.4,0,,0,0,28.833,34.682
/Users/lujintao/Downloads/Weixin Videos2026-05-04_154833_153.mp4,58,1.933,3,motorcycle,0.429,827.2 366.3 891.0 423.8,1,1.200,0,0,28.066,35.630
/Users/lujintao/Downloads/Weixin Videos2026-05-04_154833_153.mp4,59,1.967,3,motorcycle,0.428,832.8 370.7 894.5 425.8,1,1.196,0,0,26.276,38.058
/Users/lujintao/Downloads/Weixin Videos2026-05-04_154833_153.mp4,59,1.967,1,motorcycle,0.284,1019.7 364.7 1099.9 436.2,0,,0,0,26.276,38.058
/Users/lujintao/Downloads/Weixin Videos2026-05-04_154833_153.mp4,60,2.000,3,motorcycle,0.431,833.8 363.1 898.1 427.2,1,1.200,0,0,27.366,36.541
/Users/lujintao/Downloads/Weixin Videos2026-05-04_154833_153.mp4,61,2.033,1,motorcycle,0.526,1028.3 356.7 1110.6 431.8,0,,0,0,31.238,32.012
/Users/lujintao/Downloads/Weixin Videos2026-05-04_154833_153.mp4,61,2.033,3,motorcycle,0.337,836.7 355.7 900.7 425.6,0,,0,0,31.238,32.012
/Users/lujintao/Downloads/Weixin Videos2026-05-04_154833_153.mp4,62,2.067,3,motorcycle,0.380,840.7 363.5 903.5 424.6,0,,0,0,28.311,35.322
/Users/lujintao/Downloads/Weixin Videos2026-05-04_154833_153.mp4,63,2.100,3,motorcycle,0.481,844.3 361.0 907.2 422.2,1,1.200,0,0,28.080,35.612
/Users/lujintao/Downloads/Weixin Videos2026-05-04_154833_153.mp4,64,2.133,3,motorcycle,0.492,846.4 361.9 909.6 422.4,0,,0,0,27.008,37.027
/Users/lujintao/Downloads/Weixin Videos2026-05-04_154833_153.mp4,65,2.167,3,motorcycle,0.523,849.3 362.1 912.6 421.9,1,1.190,0,0,30.008,33.324
/Users/lujintao/Downloads/Weixin Videos2026-05-04_154833_153.mp4,66,2.200,3,motorcycle,0.510,851.6 362.9 915.8 422.7,1,1.200,0,0,28.468,35.127
/Users/lujintao/Downloads/Weixin Videos2026-05-04_154833_153.mp4,67,2.233,3,motorcycle,0.403,856.6 366.0 918.3 422.2,0,,0,0,37.008,27.021
/Users/lujintao/Downloads/Weixin Videos2026-05-04_154833_153.mp4,67,2.233,7,bicycle,0.262,1162.7 401.5 1210.3 436.2,1,1.127,0,0,37.008,27.021
/Users/lujintao/Downloads/Weixin Videos2026-05-04_154833_153.mp4,68,2.267,7,bicycle,0.296,1162.7 401.5 1211.6 436.1,0,,0,0,29.227,34.214
/Users/lujintao/Downloads/Weixin Videos2026-05-04_154833_153.mp4,68,2.267,3,motorcycle,0.280,862.7 365.6 921.7 422.6,0,,0,0,29.227,34.214
/Users/lujintao/Downloads/Weixin Videos2026-05-04_154833_153.mp4,69,2.300,7,bicycle,0.317,1162.8 402.0 1210.4 435.9,1,1.119,0,0,29.094,34.372
/Users/lujintao/Downloads/Weixin Videos2026-05-04_154833_153.mp4,70,2.333,8,motorcycle,0.398,1081.8 361.0 1142.9 425.5,0,,0,0,45.950,21.763
/Users/lujintao/Downloads/Weixin Videos2026-05-04_154833_153.mp4,70,2.333,7,bicycle,0.311,1162.7 402.0 1210.5 435.8,1,1.120,0,0,45.950,21.763
/Users/lujintao/Downloads/Weixin Videos2026-05-04_154833_153.mp4,71,2.367,8,motorcycle,0.534,1089.6 363.0 1149.2 427.2,0,,0,0,29.034,34.442
/Users/lujintao/Downloads/Weixin Videos2026-05-04_154833_153.mp4,71,2.367,7,bicycle,0.407,1162.7 401.8 1210.9 436.3,0,,0,0,29.034,34.442
/Users/lujintao/Downloads/Weixin Videos2026-05-04_154833_153.mp4,72,2.400,8,motorcycle,0.540,1089.3 362.6 1154.9 427.2,0,,0,0,28.624,34.936
/Users/lujintao/Downloads/Weixin Videos2026-05-04_154833_153.mp4,72,2.400,7,bicycle,0.413,1163.0 401.0 1210.9 436.2,0,,0,0,28.624,34.936
/Users/lujintao/Downloads/Weixin Videos2026-05-04_154833_153.mp4,73,2.433,8,motorcycle,0.486,1090.2 361.9 1163.4 427.6,0,,0,0,27.029,36.997
/Users/lujintao/Downloads/Weixin Videos2026-05-04_154833_153.mp4,73,2.433,7,bicycle,0.415,1163.0 400.6 1210.2 436.2,0,,0,0,27.029,36.997
/Users/lujintao/Downloads/Weixin Videos2026-05-04_154833_153.mp4,73,2.433,3,motorcycle,0.329,880.3 360.3 941.6 420.0,0,,0,0,27.029,36.997
/Users/lujintao/Downloads/Weixin Videos2026-05-04_154833_153.mp4,74,2.467,8,motorcycle,0.367,1102.1 364.4 1169.8 426.8,0,,0,0,39.528,25.298
/Users/lujintao/Downloads/Weixin Videos2026-05-04_154833_153.mp4,74,2.467,9,motorcycle,0.280,1100.9 358.5 1238.8 430.4,0,,0,0,39.528,25.298
/Users/lujintao/Downloads/Weixin Videos2026-05-04_154833_153.mp4,75,2.500,3,motorcycle,0.452,886.1 356.6 945.8 420.3,0,,0,0,29.606,33.777
/Users/lujintao/Downloads/Weixin Videos2026-05-04_154833_153.mp4,75,2.500,8,motorcycle,0.400,1106.5 363.6 1177.2 428.4,0,,0,0,29.606,33.777
/Users/lujintao/Downloads/Weixin Videos2026-05-04_154833_153.mp4,75,2.500,9,motorcycle,0.323,1104.7 356.5 1238.5 436.4,1,1.200,0,0,29.606,33.777
/Users/lujintao/Downloads/Weixin Videos2026-05-04_154833_153.mp4,75,2.500,7,bicycle,0.318,1162.2 391.4 1210.9 436.4,0,,0,0,29.606,33.777
/Users/lujintao/Downloads/Weixin Videos2026-05-04_154833_153.mp4,76,2.533,8,motorcycle,0.392,1112.1 365.7 1182.1 431.6,0,,0,0,33.970,29.437
/Users/lujintao/Downloads/Weixin Videos2026-05-04_154833_153.mp4,76,2.533,7,bicycle,0.278,1162.4 385.6 1211.0 436.3,1,1.134,0,0,33.970,29.437
/Users/lujintao/Downloads/Weixin Videos2026-05-04_154833_153.mp4,77,2.567,8,motorcycle,0.501,1117.2 366.0 1185.4 430.9,0,,0,0,29.511,33.885
/Users/lujintao/Downloads/Weixin Videos2026-05-04_154833_153.mp4,77,2.567,3,motorcycle,0.309,892.8 360.5 952.0 420.3,0,,0,0,29.511,33.885
/Users/lujintao/Downloads/Weixin Videos2026-05-04_154833_153.mp4,77,2.567,7,bicycle,0.258,1165.1 397.9 1210.8 436.3,0,,0,0,29.511,33.885
/Users/lujintao/Downloads/Weixin Videos2026-05-04_154833_153.mp4,81,2.700,9,motorcycle,0.293,1138.8 362.4 1236.4 436.9,0,,0,0,53.190,18.801
/Users/lujintao/Downloads/Weixin Videos2026-05-04_154833_153.mp4,85,2.833,10,motorcycle,0.284,918.6 357.5 980.8 420.3,0,,0,0,35.310,28.321
/Users/lujintao/Downloads/Weixin Videos2026-05-04_154833_153.mp4,86,2.867,10,motorcycle,0.284,921.5 361.0 983.0 420.3,0,,0,0,28.846,34.667
/Users/lujintao/Downloads/Weixin Videos2026-05-04_154833_153.mp4,90,3.000,11,motorcycle,0.272,0.4 394.2 159.0 600.8,0,,0,0,27.170,36.805
/Users/lujintao/Downloads/Weixin Videos2026-05-04_154833_153.mp4,92,3.067,11,motorcycle,0.409,0.1 320.1 259.7 601.6,0,,0,0,28.500,35.087
/Users/lujintao/Downloads/Weixin Videos2026-05-04_154833_153.mp4,94,3.133,11,motorcycle,0.310,0.3 408.4 344.1 565.3,1,1.200,0,0,33.601,29.761
/Users/lujintao/Downloads/Weixin Videos2026-05-04_154833_153.mp4,95,3.167,11,motorcycle,0.618,71.1 422.1 381.1 572.4,1,1.200,0,0,27.514,36.346
/Users/lujintao/Downloads/Weixin Videos2026-05-04_154833_153.mp4,96,3.200,11,motorcycle,0.327,119.4 375.5 414.6 578.6,1,1.200,0,0,27.016,37.015
/Users/lujintao/Downloads/Weixin Videos2026-05-04_154833_153.mp4,98,3.267,11,motorcycle,0.452,206.3 392.4 475.2 551.8,1,1.200,0,0,29.460,33.944
/Users/lujintao/Downloads/Weixin Videos2026-05-04_154833_153.mp4,99,3.300,11,motorcycle,0.495,257.2 392.6 503.5 561.0,1,1.200,0,0,26.959,37.093
/Users/lujintao/Downloads/Weixin Videos2026-05-04_154833_153.mp4,100,3.333,11,motorcycle,0.599,298.2 386.6 528.9 549.6,1,1.200,0,0,29.380,34.037
/Users/lujintao/Downloads/Weixin Videos2026-05-04_154833_153.mp4,101,3.367,11,motorcycle,0.742,334.5 386.9 552.0 545.7,1,1.200,0,0,28.767,34.762
/Users/lujintao/Downloads/Weixin Videos2026-05-04_154833_153.mp4,101,3.367,12,bicycle,0.277,1168.1 404.6 1216.7 440.7,1,1.131,0,0,28.767,34.762
/Users/lujintao/Downloads/Weixin Videos2026-05-04_154833_153.mp4,102,3.400,11,motorcycle,0.784,371.6 390.6 576.8 537.9,1,1.200,0,0,46.094,21.695
/Users/lujintao/Downloads/Weixin Videos2026-05-04_154833_153.mp4,102,3.400,12,bicycle,0.288,1168.0 404.5 1216.8 441.1,1,1.146,0,0,46.094,21.695
/Users/lujintao/Downloads/Weixin Videos2026-05-04_154833_153.mp4,103,3.433,11,motorcycle,0.772,402.3 388.8 598.6 532.6,1,1.200,0,0,28.796,34.727
/Users/lujintao/Downloads/Weixin Videos2026-05-04_154833_153.mp4,104,3.467,11,motorcycle,0.506,434.9 382.3 624.7 525.8,1,1.200,0,0,29.721,33.646
/Users/lujintao/Downloads/Weixin Videos2026-05-04_154833_153.mp4,105,3.500,11,motorcycle,0.678,467.2 388.5 638.8 522.9,1,1.200,0,0,38.996,25.644
/Users/lujintao/Downloads/Weixin Videos2026-05-04_154833_153.mp4,106,3.533,11,motorcycle,0.542,490.9 392.8 655.6 518.8,1,1.200,0,0,39.057,25.604
/Users/lujintao/Downloads/Weixin Videos2026-05-04_154833_153.mp4,107,3.567,11,motorcycle,0.527,516.8 393.1 673.8 511.9,1,1.200,0,0,65.445,15.280
/Users/lujintao/Downloads/Weixin Videos2026-05-04_154833_153.mp4,108,3.600,11,motorcycle,0.749,538.7 389.0 692.0 507.9,1,1.200,0,0,27.508,36.353
/Users/lujintao/Downloads/Weixin Videos2026-05-04_154833_153.mp4,108,3.600,13,motorcycle,0.287,1136.1 370.5 1176.2 413.6,0,,0,0,27.508,36.353
/Users/lujintao/Downloads/Weixin Videos2026-05-04_154833_153.mp4,109,3.633,11,motorcycle,0.720,558.8 386.3 707.9 503.1,1,1.200,0,0,28.878,34.628
/Users/lujintao/Downloads/Weixin Videos2026-05-04_154833_153.mp4,109,3.633,13,motorcycle,0.272,1136.2 370.4 1177.1 413.7,0,,0,0,28.878,34.628
/Users/lujintao/Downloads/Weixin Videos2026-05-04_154833_153.mp4,110,3.667,11,motorcycle,0.705,584.2 383.7 721.4 501.9,1,1.200,0,0,34.095,29.330
/Users/lujintao/Downloads/Weixin Videos2026-05-04_154833_153.mp4,110,3.667,13,motorcycle,0.284,1136.3 371.6 1178.0 413.8,0,,0,0,34.095,29.330
/Users/lujintao/Downloads/Weixin Videos2026-05-04_154833_153.mp4,111,3.700,11,motorcycle,0.419,601.3 371.1 737.2 498.4,1,1.200,0,0,27.275,36.664
/Users/lujintao/Downloads/Weixin Videos2026-05-04_154833_153.mp4,111,3.700,13,motorcycle,0.285,1136.2 369.4 1178.4 413.3,0,,0,0,27.275,36.664
/Users/lujintao/Downloads/Weixin Videos2026-05-04_154833_153.mp4,112,3.733,11,motorcycle,0.389,623.4 383.1 751.4 493.8,1,1.200,0,0,26.873,37.212
/Users/lujintao/Downloads/Weixin Videos2026-05-04_154833_153.mp4,112,3.733,13,motorcycle,0.290,1136.6 369.5 1178.6 413.6,0,,0,0,26.873,37.212
/Users/lujintao/Downloads/Weixin Videos2026-05-04_154833_153.mp4,113,3.767,11,motorcycle,0.592,645.5 385.2 767.3 489.8,1,1.200,0,0,27.198,36.768
/Users/lujintao/Downloads/Weixin Videos2026-05-04_154833_153.mp4,113,3.767,13,motorcycle,0.376,1136.6 370.3 1179.7 413.6,0,,0,0,27.198,36.768
/Users/lujintao/Downloads/Weixin Videos2026-05-04_154833_153.mp4,114,3.800,11,motorcycle,0.497,656.0 383.1 779.3 485.5,1,1.200,0,0,29.736,33.630
/Users/lujintao/Downloads/Weixin Videos2026-05-04_154833_153.mp4,114,3.800,13,motorcycle,0.359,1136.6 369.4 1180.6 413.5,0,,0,0,29.736,33.630
/Users/lujintao/Downloads/Weixin Videos2026-05-04_154833_153.mp4,115,3.833,11,motorcycle,0.625,674.0 382.5 790.8 484.3,1,1.200,0,0,26.550,37.665
/Users/lujintao/Downloads/Weixin Videos2026-05-04_154833_153.mp4,115,3.833,13,motorcycle,0.354,1137.2 371.8 1179.1 413.4,0,,0,0,26.550,37.665
/Users/lujintao/Downloads/Weixin Videos2026-05-04_154833_153.mp4,116,3.867,11,motorcycle,0.475,690.6 382.8 805.6 482.5,1,1.200,0,0,28.693,34.852
/Users/lujintao/Downloads/Weixin Videos2026-05-04_154833_153.mp4,116,3.867,14,bicycle,0.294,1171.5 405.2 1216.2 443.1,1,1.143,0,0,28.693,34.852
/Users/lujintao/Downloads/Weixin Videos2026-05-04_154833_153.mp4,116,3.867,13,motorcycle,0.264,1137.2 370.2 1177.8 413.1,0,,0,0,28.693,34.852
/Users/lujintao/Downloads/Weixin Videos2026-05-04_154833_153.mp4,117,3.900,11,motorcycle,0.517,708.2 389.7 816.1 480.1,1,1.200,0,0,27.463,36.412
/Users/lujintao/Downloads/Weixin Videos2026-05-04_154833_153.mp4,117,3.900,13,motorcycle,0.266,1137.4 370.7 1178.1 412.6,0,,0,0,27.463,36.412
/Users/lujintao/Downloads/Weixin Videos2026-05-04_154833_153.mp4,118,3.933,11,motorcycle,0.462,719.2 382.5 826.6 475.9,1,1.200,0,0,47.019,21.268
/Users/lujintao/Downloads/Weixin Videos2026-05-04_154833_153.mp4,118,3.933,13,motorcycle,0.354,1137.4 369.0 1178.7 412.8,0,,0,0,47.019,21.268
/Users/lujintao/Downloads/Weixin Videos2026-05-04_154833_153.mp4,119,3.967,11,motorcycle,0.512,734.3 379.2 834.4 475.4,1,1.200,0,0,29.528,33.866
/Users/lujintao/Downloads/Weixin Videos2026-05-04_154833_153.mp4,119,3.967,15,motorcycle,0.461,0.1 400.5 258.3 649.7,1,1.200,0,0,29.528,33.866
/Users/lujintao/Downloads/Weixin Videos2026-05-04_154833_153.mp4,119,3.967,13,motorcycle,0.302,1137.4 364.2 1178.7 412.5,0,,0,0,29.528,33.866
/Users/lujintao/Downloads/Weixin Videos2026-05-04_154833_153.mp4,120,4.000,15,motorcycle,0.696,0.1 399.6 278.7 643.7,1,1.200,0,0,30.295,33.009
/Users/lujintao/Downloads/Weixin Videos2026-05-04_154833_153.mp4,120,4.000,11,motorcycle,0.530,745.6 376.4 852.3 472.9,1,1.200,0,0,30.295,33.009
/Users/lujintao/Downloads/Weixin Videos2026-05-04_154833_153.mp4,120,4.000,13,motorcycle,0.331,1137.7 367.6 1179.3 412.5,0,,0,0,30.295,33.009
/Users/lujintao/Downloads/Weixin Videos2026-05-04_154833_153.mp4,121,4.033,15,motorcycle,0.712,1.5 403.3 300.1 629.8,1,1.200,0,0,30.253,33.055
/Users/lujintao/Downloads/Weixin Videos2026-05-04_154833_153.mp4,121,4.033,11,motorcycle,0.530,757.7 381.7 857.3 471.1,1,1.200,0,0,30.253,33.055
/Users/lujintao/Downloads/Weixin Videos2026-05-04_154833_153.mp4,121,4.033,13,motorcycle,0.308,1137.7 367.1 1179.5 412.3,0,,0,0,30.253,33.055
/Users/lujintao/Downloads/Weixin Videos2026-05-04_154833_153.mp4,122,4.067,11,motorcycle,0.514,771.7 377.4 866.2 470.0,1,1.200,0,0,28.571,35.000
/Users/lujintao/Downloads/Weixin Videos2026-05-04_154833_153.mp4,122,4.067,15,motorcycle,0.436,42.1 432.5 317.3 622.4,1,1.200,0,0,28.571,35.000
/Users/lujintao/Downloads/Weixin Videos2026-05-04_154833_153.mp4,122,4.067,13,motorcycle,0.336,1138.3 368.6 1180.8 412.0,0,,0,0,28.571,35.000
/Users/lujintao/Downloads/Weixin Videos2026-05-04_154833_153.mp4,123,4.100,15,motorcycle,0.815,75.1 415.3 333.7 606.1,1,1.200,0,0,29.250,34.188
/Users/lujintao/Downloads/Weixin Videos2026-05-04_154833_153.mp4,123,4.100,11,motorcycle,0.593,786.2 380.8 877.1 469.7,1,1.200,0,0,29.250,34.188
/Users/lujintao/Downloads/Weixin Videos2026-05-04_154833_153.mp4,123,4.100,13,motorcycle,0.285,1138.6 369.2 1180.3 411.8,0,,0,0,29.250,34.188
/Users/lujintao/Downloads/Weixin Videos2026-05-04_154833_153.mp4,124,4.133,15,motorcycle,0.718,104.3 406.4 347.3 596.1,1,1.200,0,0,28.285,35.354
/Users/lujintao/Downloads/Weixin Videos2026-05-04_154833_153.mp4,124,4.133,11,motorcycle,0.562,794.9 381.0 884.0 468.2,1,1.200,0,0,28.285,35.354
/Users/lujintao/Downloads/Weixin Videos2026-05-04_154833_153.mp4,124,4.133,13,motorcycle,0.333,1139.5 370.0 1180.6 411.8,0,,0,0,28.285,35.354
/Users/lujintao/Downloads/Weixin Videos2026-05-04_154833_153.mp4,125,4.167,15,motorcycle,0.640,138.4 405.7 364.3 581.5,1,1.200,0,0,34.875,28.674
/Users/lujintao/Downloads/Weixin Videos2026-05-04_154833_153.mp4,125,4.167,11,motorcycle,0.392,806.9 379.9 895.3 467.0,1,1.200,0,0,34.875,28.674
/Users/lujintao/Downloads/Weixin Videos2026-05-04_154833_153.mp4,125,4.167,13,motorcycle,0.337,1139.1 368.5 1181.4 412.0,0,,0,0,34.875,28.674
/Users/lujintao/Downloads/Weixin Videos2026-05-04_154833_153.mp4,126,4.200,15,motorcycle,0.572,166.3 408.0 376.3 574.4,1,1.200,0,0,28.883,34.622
/Users/lujintao/Downloads/Weixin Videos2026-05-04_154833_153.mp4,126,4.200,11,motorcycle,0.265,820.7 382.0 902.0 466.5,1,1.200,0,0,28.883,34.622
/Users/lujintao/Downloads/Weixin Videos2026-05-04_154833_153.mp4,127,4.233,15,motorcycle,0.608,188.5 412.2 384.6 563.7,1,1.200,0,0,29.041,34.434
/Users/lujintao/Downloads/Weixin Videos2026-05-04_154833_153.mp4,127,4.233,11,motorcycle,0.544,823.9 382.3 910.0 464.0,1,1.200,0,0,29.041,34.434
/Users/lujintao/Downloads/Weixin Videos2026-05-04_154833_153.mp4,128,4.267,15,motorcycle,0.572,216.1 406.8 397.5 555.4,1,1.200,0,0,29.069,34.401
/Users/lujintao/Downloads/Weixin Videos2026-05-04_154833_153.mp4,128,4.267,11,motorcycle,0.465,835.8 377.4 916.7 461.7,1,1.200,0,0,29.069,34.401
/Users/lujintao/Downloads/Weixin Videos2026-05-04_154833_153.mp4,128,4.267,16,bicycle,0.270,1177.4 405.4 1210.5 443.0,1,1.121,0,0,29.069,34.401
/Users/lujintao/Downloads/Weixin Videos2026-05-04_154833_153.mp4,128,4.267,13,motorcycle,0.261,1141.6 368.2 1181.8 410.2,0,,0,0,29.069,34.401
/Users/lujintao/Downloads/Weixin Videos2026-05-04_154833_153.mp4,129,4.300,15,motorcycle,0.714,239.5 412.3 407.4 551.1,1,1.200,0,0,44.758,22.343
/Users/lujintao/Downloads/Weixin Videos2026-05-04_154833_153.mp4,129,4.300,11,motorcycle,0.443,841.5 375.1 926.0 461.4,1,1.200,0,0,44.758,22.343
/Users/lujintao/Downloads/Weixin Videos2026-05-04_154833_153.mp4,129,4.300,16,bicycle,0.268,1178.1 404.9 1213.4 443.2,1,1.139,0,0,44.758,22.343
/Users/lujintao/Downloads/Weixin Videos2026-05-04_154833_153.mp4,129,4.300,13,motorcycle,0.252,1142.1 369.1 1180.7 409.5,0,,0,0,44.758,22.343
/Users/lujintao/Downloads/Weixin Videos2026-05-04_154833_153.mp4,130,4.333,15,motorcycle,0.558,259.6 410.5 416.2 546.8,1,1.200,0,0,28.593,34.974
/Users/lujintao/Downloads/Weixin Videos2026-05-04_154833_153.mp4,130,4.333,16,bicycle,0.378,1178.7 404.9 1222.7 443.8,1,1.195,0,0,28.593,34.974
/Users/lujintao/Downloads/Weixin Videos2026-05-04_154833_153.mp4,130,4.333,11,motorcycle,0.341,861.4 382.9 933.2 458.5,1,1.200,0,0,28.593,34.974
/Users/lujintao/Downloads/Weixin Videos2026-05-04_154833_153.mp4,131,4.367,15,motorcycle,0.518,270.4 389.7 428.1 538.8,1,1.200,0,0,28.195,35.468
/Users/lujintao/Downloads/Weixin Videos2026-05-04_154833_153.mp4,131,4.367,16,bicycle,0.346,1179.9 405.3 1219.6 442.8,1,1.170,0,0,28.195,35.468
/Users/lujintao/Downloads/Weixin Videos2026-05-04_154833_153.mp4,131,4.367,11,motorcycle,0.326,856.3 378.5 941.3 460.3,1,1.200,0,0,28.195,35.468
/Users/lujintao/Downloads/Weixin Videos2026-05-04_154833_153.mp4,132,4.400,15,motorcycle,0.562,290.5 395.7 432.6 530.3,1,1.200,0,0,29.551,33.840
/Users/lujintao/Downloads/Weixin Videos2026-05-04_154833_153.mp4,132,4.400,16,bicycle,0.269,1180.6 405.0 1216.2 443.1,1,1.153,0,0,29.551,33.840
/Users/lujintao/Downloads/Weixin Videos2026-05-04_154833_153.mp4,133,4.433,15,motorcycle,0.565,307.2 400.8 440.4 524.5,1,1.200,0,0,29.473,33.930
/Users/lujintao/Downloads/Weixin Videos2026-05-04_154833_153.mp4,133,4.433,16,bicycle,0.278,1181.2 404.8 1217.2 443.6,1,1.162,0,0,29.473,33.930
/Users/lujintao/Downloads/Weixin Videos2026-05-04_154833_153.mp4,134,4.467,15,motorcycle,0.653,321.1 399.1 448.5 522.5,1,1.200,0,0,27.019,37.011
/Users/lujintao/Downloads/Weixin Videos2026-05-04_154833_153.mp4,134,4.467,13,motorcycle,0.280,1144.2 368.0 1179.9 409.0,0,,0,0,27.019,37.011
/Users/lujintao/Downloads/Weixin Videos2026-05-04_154833_153.mp4,135,4.500,15,motorcycle,0.547,331.7 402.4 453.6 516.6,1,1.200,0,0,29.491,33.909
/Users/lujintao/Downloads/Weixin Videos2026-05-04_154833_153.mp4,135,4.500,13,motorcycle,0.325,1144.9 369.8 1179.6 409.3,0,,0,0,29.491,33.909
/Users/lujintao/Downloads/Weixin Videos2026-05-04_154833_153.mp4,136,4.533,15,motorcycle,0.570,345.9 411.5 461.5 509.2,1,1.175,0,0,28.398,35.213
/Users/lujintao/Downloads/Weixin Videos2026-05-04_154833_153.mp4,136,4.533,13,motorcycle,0.314,1144.8 369.0 1179.8 409.1,0,,0,0,28.398,35.213
/Users/lujintao/Downloads/Weixin Videos2026-05-04_154833_153.mp4,137,4.567,15,motorcycle,0.442,360.1 400.5 465.1 505.6,1,1.200,0,0,28.442,35.160
/Users/lujintao/Downloads/Weixin Videos2026-05-04_154833_153.mp4,137,4.567,13,motorcycle,0.386,1145.0 370.1 1178.0 408.0,0,,0,0,28.442,35.160
/Users/lujintao/Downloads/Weixin Videos2026-05-04_154833_153.mp4,137,4.567,11,motorcycle,0.281,902.0 381.4 977.5 452.0,1,1.200,0,0,28.442,35.160
/Users/lujintao/Downloads/Weixin Videos2026-05-04_154833_153.mp4,138,4.600,15,motorcycle,0.515,371.4 404.5 468.9 502.4,1,1.200,0,0,28.088,35.602
/Users/lujintao/Downloads/Weixin Videos2026-05-04_154833_153.mp4,138,4.600,13,motorcycle,0.347,1145.8 372.1 1176.7 407.8,0,,0,0,28.088,35.602
/Users/lujintao/Downloads/Weixin Videos2026-05-04_154833_153.mp4,139,4.633,13,motorcycle,0.385,1145.8 373.9 1176.6 407.7,0,,0,0,28.875,34.632
/Users/lujintao/Downloads/Weixin Videos2026-05-04_154833_153.mp4,139,4.633,15,motorcycle,0.275,384.0 394.9 476.9 495.2,1,1.200,0,0,28.875,34.632
/Users/lujintao/Downloads/Weixin Videos2026-05-04_154833_153.mp4,140,4.667,15,motorcycle,0.473,392.5 390.9 478.8 490.4,1,1.200,0,0,28.061,35.637
/Users/lujintao/Downloads/Weixin Videos2026-05-04_154833_153.mp4,140,4.667,13,motorcycle,0.345,1146.0 374.8 1176.6 407.4,0,,0,0,28.061,35.637
/Users/lujintao/Downloads/Weixin Videos2026-05-04_154833_153.mp4,140,4.667,11,motorcycle,0.345,925.4 381.6 990.8 448.6,1,1.200,0,0,28.061,35.637
/Users/lujintao/Downloads/Weixin Videos2026-05-04_154833_153.mp4,141,4.700,15,motorcycle,0.396,402.4 390.7 482.4 487.2,1,1.200,0,0,29.321,34.105
/Users/lujintao/Downloads/Weixin Videos2026-05-04_154833_153.mp4,141,4.700,13,motorcycle,0.283,1147.6 377.7 1175.0 407.3,0,,0,0,29.321,34.105
/Users/lujintao/Downloads/Weixin Videos2026-05-04_154833_153.mp4,142,4.733,15,motorcycle,0.550,409.7 388.9 486.6 482.3,1,1.200,0,0,28.986,34.500
/Users/lujintao/Downloads/Weixin Videos2026-05-04_154833_153.mp4,142,4.733,11,motorcycle,0.270,932.3 382.8 1003.9 447.5,1,1.200,0,0,28.986,34.500
/Users/lujintao/Downloads/Weixin Videos2026-05-04_154833_153.mp4,143,4.767,15,motorcycle,0.395,417.6 387.3 493.2 475.8,1,1.200,0,0,26.280,38.051
/Users/lujintao/Downloads/Weixin Videos2026-05-04_154833_153.mp4,144,4.800,15,motorcycle,0.294,424.2 382.5 495.2 474.9,1,1.200,0,0,27.371,36.536
/Users/lujintao/Downloads/Weixin Videos2026-05-04_154833_153.mp4,144,4.800,17,bicycle,0.265,1190.0 404.6 1218.7 444.7,1,1.144,0,0,27.371,36.536
/Users/lujintao/Downloads/Weixin Videos2026-05-04_154833_153.mp4,145,4.833,15,motorcycle,0.319,429.6 385.4 497.7 475.0,1,1.200,0,0,35.377,28.267
/Users/lujintao/Downloads/Weixin Videos2026-05-04_154833_153.mp4,146,4.867,15,motorcycle,0.372,438.0 384.6 501.2 469.6,1,1.200,0,0,30.637,32.640
/Users/lujintao/Downloads/Weixin Videos2026-05-04_154833_153.mp4,147,4.900,15,motorcycle,0.432,444.1 389.5 505.8 468.9,1,1.194,0,0,28.768,34.760
/Users/lujintao/Downloads/Weixin Videos2026-05-04_154833_153.mp4,148,4.933,15,motorcycle,0.383,448.4 389.6 510.7 465.6,1,1.191,0,0,28.260,35.386
/Users/lujintao/Downloads/Weixin Videos2026-05-04_154833_153.mp4,149,4.967,15,motorcycle,0.501,454.8 378.0 514.4 460.4,1,1.200,0,0,27.068,36.944
/Users/lujintao/Downloads/Weixin Videos2026-05-04_154833_153.mp4,150,5.000,15,motorcycle,0.561,460.1 374.4 515.9 454.1,1,1.200,0,0,31.810,31.436
/Users/lujintao/Downloads/Weixin Videos2026-05-04_154833_153.mp4,151,5.033,15,motorcycle,0.422,464.2 368.5 522.6 448.1,1,1.200,0,0,27.208,36.754
/Users/lujintao/Downloads/Weixin Videos2026-05-04_154833_153.mp4,151,5.033,17,bicycle,0.262,1194.3 404.0 1219.9 444.3,1,1.135,0,0,27.208,36.754
/Users/lujintao/Downloads/Weixin Videos2026-05-04_154833_153.mp4,152,5.067,15,motorcycle,0.433,466.2 370.5 525.4 447.8,1,1.200,0,0,28.268,35.376
/Users/lujintao/Downloads/Weixin Videos2026-05-04_154833_153.mp4,153,5.100,15,motorcycle,0.396,471.8 368.4 528.7 443.4,0,,0,0,27.003,37.033
/Users/lujintao/Downloads/Weixin Videos2026-05-04_154833_153.mp4,153,5.100,18,bicycle,0.265,473.3 378.2 526.2 448.7,1,1.200,0,0,27.003,37.033
/Users/lujintao/Downloads/Weixin Videos2026-05-04_154833_153.mp4,154,5.133,15,motorcycle,0.467,476.1 367.5 531.1 442.2,0,,0,0,36.430,27.450
/Users/lujintao/Downloads/Weixin Videos2026-05-04_154833_153.mp4,154,5.133,18,bicycle,0.342,476.7 375.3 528.7 444.8,1,1.200,0,0,36.430,27.450
/Users/lujintao/Downloads/Weixin Videos2026-05-04_154833_153.mp4,155,5.167,18,bicycle,0.451,479.9 379.8 530.9 445.3,0,,0,0,30.011,33.321
/Users/lujintao/Downloads/Weixin Videos2026-05-04_154833_153.mp4,155,5.167,15,motorcycle,0.324,476.6 368.2 535.9 441.2,1,1.200,0,0,30.011,33.321
/Users/lujintao/Downloads/Weixin Videos2026-05-04_154833_153.mp4,156,5.200,15,motorcycle,0.403,483.9 369.3 539.1 439.0,0,,0,0,27.807,35.963
/Users/lujintao/Downloads/Weixin Videos2026-05-04_154833_153.mp4,156,5.200,18,bicycle,0.293,484.8 380.9 534.2 443.2,1,1.200,0,0,27.807,35.963
/Users/lujintao/Downloads/Weixin Videos2026-05-04_154833_153.mp4,157,5.233,15,motorcycle,0.446,488.9 369.3 539.2 438.8,1,1.200,0,0,28.247,35.402
/Users/lujintao/Downloads/Weixin Videos2026-05-04_154833_153.mp4,158,5.267,15,motorcycle,0.451,492.6 368.6 543.8 438.8,1,1.200,0,0,56.104,17.824
/Users/lujintao/Downloads/Weixin Videos2026-05-04_154833_153.mp4,159,5.300,15,motorcycle,0.519,496.7 363.1 546.2 436.9,1,1.200,0,0,29.140,34.317
/Users/lujintao/Downloads/Weixin Videos2026-05-04_154833_153.mp4,160,5.333,15,motorcycle,0.432,500.4 358.9 549.3 434.2,2,1.200 1.200,1,0,29.221,34.222
/Users/lujintao/Downloads/Weixin Videos2026-05-04_154833_153.mp4,161,5.367,15,motorcycle,0.284,502.2 364.9 554.5 431.0,1,1.200,0,0,30.728,32.544
/Users/lujintao/Downloads/Weixin Videos2026-05-04_154833_153.mp4,163,5.433,15,motorcycle,0.264,511.4 367.9 558.6 428.7,1,1.200,0,0,28.328,35.301
/Users/lujintao/Downloads/Weixin Videos2026-05-04_154833_153.mp4,164,5.467,15,bicycle,0.293,514.9 365.5 562.5 428.8,1,1.200,0,0,31.189,32.063
/Users/lujintao/Downloads/Weixin Videos2026-05-04_154833_153.mp4,166,5.533,15,motorcycle,0.256,522.1 366.1 569.8 427.8,1,1.200,0,0,28.546,35.031
/Users/lujintao/Downloads/Weixin Videos2026-05-04_154833_153.mp4,167,5.567,15,bicycle,0.298,525.9 365.4 571.7 424.9,0,,0,0,30.366,32.931
/Users/lujintao/Downloads/Weixin Videos2026-05-04_154833_153.mp4,167,5.567,19,motorcycle,0.254,526.5 368.0 572.3 424.3,1,1.200,0,0,30.366,32.931
/Users/lujintao/Downloads/Weixin Videos2026-05-04_154833_153.mp4,168,5.600,19,bicycle,0.354,527.9 369.2 575.3 421.4,1,1.200,0,0,27.083,36.924
/Users/lujintao/Downloads/Weixin Videos2026-05-04_154833_153.mp4,169,5.633,19,bicycle,0.333,530.9 370.9 578.1 420.2,1,1.190,0,0,29.090,34.376
/Users/lujintao/Downloads/Weixin Videos2026-05-04_154833_153.mp4,170,5.667,19,bicycle,0.304,530.6 370.5 580.0 419.6,1,1.200,0,0,28.259,35.386
/Users/lujintao/Downloads/Weixin Videos2026-05-04_154833_153.mp4,175,5.833,19,bicycle,0.295,552.4 362.7 605.5 415.1,1,1.200,0,0,28.148,35.527
/Users/lujintao/Downloads/Weixin Videos2026-05-04_154833_153.mp4,176,5.867,19,bicycle,0.346,555.3 368.4 608.1 415.5,1,1.200,0,0,28.699,34.845
/Users/lujintao/Downloads/Weixin Videos2026-05-04_154833_153.mp4,177,5.900,19,bicycle,0.331,558.9 367.7 609.6 414.3,1,1.200,0,0,26.704,37.447
/Users/lujintao/Downloads/Weixin Videos2026-05-04_154833_153.mp4,178,5.933,20,motorcycle,0.310,560.0 372.5 611.0 415.1,0,,0,0,28.110,35.575
/Users/lujintao/Downloads/Weixin Videos2026-05-04_154833_153.mp4,178,5.933,19,bicycle,0.283,560.0 371.3 611.2 415.5,1,1.166,0,0,28.110,35.575
/Users/lujintao/Downloads/Weixin Videos2026-05-04_154833_153.mp4,179,5.967,19,bicycle,0.281,564.0 364.6 614.6 415.5,1,1.200,0,0,30.829,32.437
/Users/lujintao/Downloads/Weixin Videos2026-05-04_154833_153.mp4,180,6.000,19,motorcycle,0.316,567.6 364.1 617.9 416.5,1,1.192,0,0,27.158,36.822
/Users/lujintao/Downloads/Weixin Videos2026-05-04_154833_153.mp4,181,6.033,19,motorcycle,0.373,574.6 360.2 619.6 415.5,1,1.200,0,0,28.626,34.934
/Users/lujintao/Downloads/Weixin Videos2026-05-04_154833_153.mp4,182,6.067,19,motorcycle,0.332,578.0 359.5 625.3 416.2,1,1.200,0,0,29.945,33.395
/Users/lujintao/Downloads/Weixin Videos2026-05-04_154833_153.mp4,183,6.100,19,motorcycle,0.292,581.0 363.9 628.7 416.5,1,1.199,0,0,27.629,36.194
/Users/lujintao/Downloads/Weixin Videos2026-05-04_154833_153.mp4,184,6.133,19,motorcycle,0.263,584.1 360.2 637.4 414.7,1,1.200,0,0,27.834,35.927
/Users/lujintao/Downloads/Weixin Videos2026-05-04_154833_153.mp4,208,6.933,21,motorcycle,0.266,685.2 333.2 727.0 397.4,1,1.200,0,0,25.411,39.353
/Users/lujintao/Downloads/Weixin Videos2026-05-04_154833_153.mp4,244,8.133,22,bicycle,0.571,0.0 486.9 224.7 715.2,0,,0,0,31.003,32.255
/Users/lujintao/Downloads/Weixin Videos2026-05-04_154833_153.mp4,245,8.167,22,bicycle,0.733,0.4 481.0 255.1 715.0,0,,0,0,28.331,35.297
/Users/lujintao/Downloads/Weixin Videos2026-05-04_154833_153.mp4,246,8.200,22,motorcycle,0.609,0.4 434.2 284.4 713.7,0,,0,0,31.799,31.448
/Users/lujintao/Downloads/Weixin Videos2026-05-04_154833_153.mp4,247,8.233,22,bicycle,0.749,0.7 442.3 312.3 712.6,1,1.200,0,0,30.279,33.027
/Users/lujintao/Downloads/Weixin Videos2026-05-04_154833_153.mp4,248,8.267,22,bicycle,0.808,0.9 451.6 334.9 708.2,1,1.200,0,0,31.287,31.963
/Users/lujintao/Downloads/Weixin Videos2026-05-04_154833_153.mp4,249,8.300,22,bicycle,0.722,1.4 461.2 357.5 715.0,1,1.200,0,0,28.980,34.507
/Users/lujintao/Downloads/Weixin Videos2026-05-04_154833_153.mp4,250,8.333,22,bicycle,0.908,0.4 473.9 380.1 713.9,1,1.200,0,0,28.539,35.040
/Users/lujintao/Downloads/Weixin Videos2026-05-04_154833_153.mp4,251,8.367,22,bicycle,0.916,0.7 467.4 401.5 714.9,1,1.200,0,0,27.533,36.319
/Users/lujintao/Downloads/Weixin Videos2026-05-04_154833_153.mp4,252,8.400,22,bicycle,0.899,0.2 455.6 421.3 714.1,1,1.200,0,0,27.807,35.963
/Users/lujintao/Downloads/Weixin Videos2026-05-04_154833_153.mp4,253,8.433,22,bicycle,0.926,0.3 449.0 440.2 713.3,2,1.200 1.107,1,0,29.968,33.369
/Users/lujintao/Downloads/Weixin Videos2026-05-04_154833_153.mp4,254,8.467,22,bicycle,0.924,11.3 435.4 459.8 712.0,1,1.200,0,0,27.590,36.245
/Users/lujintao/Downloads/Weixin Videos2026-05-04_154833_153.mp4,255,8.500,22,bicycle,0.947,61.4 440.3 476.0 714.3,1,1.200,0,0,29.792,33.566
/Users/lujintao/Downloads/Weixin Videos2026-05-04_154833_153.mp4,256,8.533,22,bicycle,0.915,103.3 446.0 493.6 714.8,1,1.200,0,0,29.364,34.055
/Users/lujintao/Downloads/Weixin Videos2026-05-04_154833_153.mp4,257,8.567,22,bicycle,0.949,143.9 453.6 507.5 711.6,1,1.200,0,0,37.321,26.794
/Users/lujintao/Downloads/Weixin Videos2026-05-04_154833_153.mp4,258,8.600,22,bicycle,0.919,177.9 440.0 523.6 700.6,1,1.200,0,0,29.753,33.610
/Users/lujintao/Downloads/Weixin Videos2026-05-04_154833_153.mp4,259,8.633,22,bicycle,0.911,211.8 445.8 537.3 684.7,1,1.200,0,0,29.400,34.014
/Users/lujintao/Downloads/Weixin Videos2026-05-04_154833_153.mp4,260,8.667,22,bicycle,0.910,243.3 445.1 551.1 674.8,1,1.200,0,0,30.534,32.750
/Users/lujintao/Downloads/Weixin Videos2026-05-04_154833_153.mp4,261,8.700,22,bicycle,0.921,274.9 439.6 566.8 661.6,1,1.200,0,0,29.140,34.317
/Users/lujintao/Downloads/Weixin Videos2026-05-04_154833_153.mp4,262,8.733,22,bicycle,0.919,303.1 437.1 580.6 651.7,1,1.200,0,0,44.813,22.315
/Users/lujintao/Downloads/Weixin Videos2026-05-04_154833_153.mp4,263,8.767,22,bicycle,0.885,330.7 429.1 593.8 643.0,1,1.200,0,0,29.223,34.219
/Users/lujintao/Downloads/Weixin Videos2026-05-04_154833_153.mp4,264,8.800,22,bicycle,0.875,353.9 430.0 606.5 635.2,1,1.200,0,0,30.493,32.795
/Users/lujintao/Downloads/Weixin Videos2026-05-04_154833_153.mp4,265,8.833,22,bicycle,0.824,381.4 427.8 616.9 629.5,1,1.200,0,0,29.172,34.279
/Users/lujintao/Downloads/Weixin Videos2026-05-04_154833_153.mp4,266,8.867,22,bicycle,0.817,402.5 419.8 631.7 618.3,1,1.200,0,0,29.674,33.700
/Users/lujintao/Downloads/Weixin Videos2026-05-04_154833_153.mp4,267,8.900,22,bicycle,0.923,421.6 435.9 643.2 609.2,1,1.200,0,0,31.970,31.279
/Users/lujintao/Downloads/Weixin Videos2026-05-04_154833_153.mp4,268,8.933,22,bicycle,0.814,439.3 414.7 653.3 604.1,1,1.200,0,0,27.807,35.962
/Users/lujintao/Downloads/Weixin Videos2026-05-04_154833_153.mp4,269,8.967,22,bicycle,0.897,458.2 426.7 664.7 598.0,1,1.200,0,0,29.527,33.868
/Users/lujintao/Downloads/Weixin Videos2026-05-04_154833_153.mp4,270,9.000,22,bicycle,0.812,478.6 431.4 676.0 591.7,1,1.200,0,0,27.808,35.961
/Users/lujintao/Downloads/Weixin Videos2026-05-04_154833_153.mp4,271,9.033,22,bicycle,0.868,495.5 421.9 686.7 586.9,1,1.200,0,0,43.710,22.878
/Users/lujintao/Downloads/Weixin Videos2026-05-04_154833_153.mp4,271,9.033,23,bicycle,0.283,618.9 422.6 687.6 543.8,0,,0,0,43.710,22.878
/Users/lujintao/Downloads/Weixin Videos2026-05-04_154833_153.mp4,272,9.067,22,bicycle,0.819,513.1 423.7 695.4 582.9,1,1.200,0,0,29.712,33.656
/Users/lujintao/Downloads/Weixin Videos2026-05-04_154833_153.mp4,273,9.100,22,bicycle,0.906,527.4 422.6 706.5 576.6,1,1.200,0,0,28.354,35.268
/Users/lujintao/Downloads/Weixin Videos2026-05-04_154833_153.mp4,274,9.133,22,bicycle,0.892,544.3 419.8 717.0 571.8,1,1.200,0,0,45.263,22.093
/Users/lujintao/Downloads/Weixin Videos2026-05-04_154833_153.mp4,275,9.167,22,bicycle,0.880,559.5 421.0 728.4 567.3,1,1.200,0,0,30.022,33.309
/Users/lujintao/Downloads/Weixin Videos2026-05-04_154833_153.mp4,275,9.167,24,motorcycle,0.398,0.1 429.3 91.3 560.3,0,,0,0,30.022,33.309
/Users/lujintao/Downloads/Weixin Videos2026-05-04_154833_153.mp4,276,9.200,22,bicycle,0.830,571.6 419.4 735.7 563.4,1,1.200,0,0,30.494,32.793
/Users/lujintao/Downloads/Weixin Videos2026-05-04_154833_153.mp4,276,9.200,24,motorcycle,0.624,0.1 409.6 115.6 556.5,0,,0,0,30.494,32.793
/Users/lujintao/Downloads/Weixin Videos2026-05-04_154833_153.mp4,277,9.233,22,bicycle,0.845,586.9 421.3 743.9 559.1,1,1.200,0,0,36.323,27.531
/Users/lujintao/Downloads/Weixin Videos2026-05-04_154833_153.mp4,277,9.233,24,motorcycle,0.319,0.1 440.2 134.8 552.0,0,,0,0,36.323,27.531
/Users/lujintao/Downloads/Weixin Videos2026-05-04_154833_153.mp4,278,9.267,22,bicycle,0.826,600.2 420.3 752.5 555.9,1,1.200,0,0,28.260,35.386
/Users/lujintao/Downloads/Weixin Videos2026-05-04_154833_153.mp4,278,9.267,24,motorcycle,0.364,0.2 371.6 164.7 545.8,0,,0,0,28.260,35.386
/Users/lujintao/Downloads/Weixin Videos2026-05-04_154833_153.mp4,279,9.300,22,bicycle,0.879,613.6 417.2 757.5 555.3,1,1.200,0,0,32.232,31.025
/Users/lujintao/Downloads/Weixin Videos2026-05-04_154833_153.mp4,279,9.300,24,motorcycle,0.396,0.3 364.4 202.3 542.3,0,,0,0,32.232,31.025
/Users/lujintao/Downloads/Weixin Videos2026-05-04_154833_153.mp4,280,9.333,22,bicycle,0.878,625.1 413.9 767.8 549.6,1,1.200,0,0,28.992,34.492
/Users/lujintao/Downloads/Weixin Videos2026-05-04_154833_153.mp4,281,9.367,22,bicycle,0.819,639.5 413.7 774.5 544.4,1,1.200,0,0,29.877,33.471
/Users/lujintao/Downloads/Weixin Videos2026-05-04_154833_153.mp4,282,9.400,22,bicycle,0.850,648.1 420.2 786.3 542.1,1,1.200,0,0,29.187,34.262
/Users/lujintao/Downloads/Weixin Videos2026-05-04_154833_153.mp4,282,9.400,24,motorcycle,0.295,0.3 310.2 234.5 538.9,1,1.200,0,0,29.187,34.262
/Users/lujintao/Downloads/Weixin Videos2026-05-04_154833_153.mp4,283,9.433,22,bicycle,0.867,659.8 417.2 792.3 538.3,1,1.200,0,0,29.779,33.581
/Users/lujintao/Downloads/Weixin Videos2026-05-04_154833_153.mp4,283,9.433,24,motorcycle,0.276,0.5 312.9 249.6 542.7,1,1.200,0,0,29.779,33.581
/Users/lujintao/Downloads/Weixin Videos2026-05-04_154833_153.mp4,284,9.467,22,bicycle,0.769,671.3 421.8 801.5 533.3,1,1.200,0,0,31.595,31.651
/Users/lujintao/Downloads/Weixin Videos2026-05-04_154833_153.mp4,285,9.500,22,bicycle,0.804,679.2 414.0 811.5 529.1,1,1.200,0,0,26.798,37.316
/Users/lujintao/Downloads/Weixin Videos2026-05-04_154833_153.mp4,286,9.533,22,bicycle,0.816,690.6 413.5 821.3 529.0,1,1.200,0,0,31.644,31.601
/Users/lujintao/Downloads/Weixin Videos2026-05-04_154833_153.mp4,286,9.533,24,motorcycle,0.308,0.3 321.5 291.6 546.9,0,,0,0,31.644,31.601
/Users/lujintao/Downloads/Weixin Videos2026-05-04_154833_153.mp4,287,9.567,22,bicycle,0.760,699.6 416.3 828.0 526.4,1,1.200,0,0,36.540,27.367
/Users/lujintao/Downloads/Weixin Videos2026-05-04_154833_153.mp4,288,9.600,22,bicycle,0.744,708.6 422.4 837.7 523.7,1,1.200,0,0,27.334,36.584
/Users/lujintao/Downloads/Weixin Videos2026-05-04_154833_153.mp4,289,9.633,22,bicycle,0.753,719.2 410.3 844.6 520.9,1,1.200,0,0,31.200,32.052
/Users/lujintao/Downloads/Weixin Videos2026-05-04_154833_153.mp4,290,9.667,22,bicycle,0.828,725.4 408.3 853.2 519.2,1,1.200,0,0,29.504,33.894
/Users/lujintao/Downloads/Weixin Videos2026-05-04_154833_153.mp4,291,9.700,22,bicycle,0.746,737.1 404.3 861.0 514.3,1,1.200,0,0,27.991,35.726
/Users/lujintao/Downloads/Weixin Videos2026-05-04_154833_153.mp4,292,9.733,22,bicycle,0.782,744.4 405.2 868.5 514.1,1,1.200,0,0,29.273,34.161
/Users/lujintao/Downloads/Weixin Videos2026-05-04_154833_153.mp4,293,9.767,22,bicycle,0.779,753.9 406.8 875.4 513.9,1,1.200,0,0,39.664,25.212
/Users/lujintao/Downloads/Weixin Videos2026-05-04_154833_153.mp4,294,9.800,22,bicycle,0.773,761.9 405.2 884.1 511.3,1,1.200,0,0,38.414,26.032
/Users/lujintao/Downloads/Weixin Videos2026-05-04_154833_153.mp4,294,9.800,25,motorcycle,0.454,0.1 368.0 281.9 713.5,1,1.084,0,0,38.414,26.032
/Users/lujintao/Downloads/Weixin Videos2026-05-04_154833_153.mp4,295,9.833,22,bicycle,0.783,771.9 402.7 891.1 510.6,1,1.200,0,0,28.397,35.215
/Users/lujintao/Downloads/Weixin Videos2026-05-04_154833_153.mp4,295,9.833,25,motorcycle,0.306,0.1 321.1 336.5 711.4,2,1.124 1.070,1,0,28.397,35.215
/Users/lujintao/Downloads/Weixin Videos2026-05-04_154833_153.mp4,296,9.867,22,bicycle,0.817,782.3 414.2 895.5 509.8,1,1.200,0,0,37.636,26.570
/Users/lujintao/Downloads/Weixin Videos2026-05-04_154833_153.mp4,297,9.900,22,bicycle,0.773,789.1 403.1 904.0 507.4,1,1.200,0,0,36.058,27.733
/Users/lujintao/Downloads/Weixin Videos2026-05-04_154833_153.mp4,298,9.933,22,bicycle,0.731,798.6 404.0 912.1 506.0,1,1.200,0,0,29.103,34.361
/Users/lujintao/Downloads/Weixin Videos2026-05-04_154833_153.mp4,299,9.967,22,bicycle,0.753,807.1 404.5 918.4 505.3,1,1.200,0,0,29.293,34.138
/Users/lujintao/Downloads/Weixin Videos2026-05-04_154833_153.mp4,300,10.000,22,bicycle,0.828,816.4 403.9 921.9 505.6,1,1.200,0,0,29.612,33.771
/Users/lujintao/Downloads/Weixin Videos2026-05-04_154833_153.mp4,300,10.000,26,motorcycle,0.678,200.5 384.9 516.6 608.0,1,1.200,0,0,29.612,33.771
/Users/lujintao/Downloads/Weixin Videos2026-05-04_154833_153.mp4,301,10.033,22,bicycle,0.899,824.2 403.3 927.6 502.2,1,1.200,0,0,31.083,32.172
/Users/lujintao/Downloads/Weixin Videos2026-05-04_154833_153.mp4,301,10.033,26,motorcycle,0.511,184.4 340.8 543.6 591.6,1,1.146,0,0,31.083,32.172
/Users/lujintao/Downloads/Weixin Videos2026-05-04_154833_153.mp4,302,10.067,22,bicycle,0.797,832.8 405.5 931.4 500.7,1,1.200,0,0,46.104,21.690
/Users/lujintao/Downloads/Weixin Videos2026-05-04_154833_153.mp4,302,10.067,26,motorcycle,0.503,322.0 379.4 571.9 583.5,2,1.200 1.082,1,0,46.104,21.690
/Users/lujintao/Downloads/Weixin Videos2026-05-04_154833_153.mp4,303,10.100,22,bicycle,0.845,839.7 405.4 935.4 499.6,1,1.200,0,0,30.320,32.982
/Users/lujintao/Downloads/Weixin Videos2026-05-04_154833_153.mp4,303,10.100,26,motorcycle,0.400,368.1 420.2 595.8 574.7,1,1.200,0,0,30.320,32.982
/Users/lujintao/Downloads/Weixin Videos2026-05-04_154833_153.mp4,304,10.133,22,bicycle,0.888,848.1 400.9 941.1 496.2,1,1.200,0,0,27.622,36.203
/Users/lujintao/Downloads/Weixin Videos2026-05-04_154833_153.mp4,304,10.133,26,motorcycle,0.602,400.1 379.3 619.9 563.1,1,1.200,0,0,27.622,36.203
/Users/lujintao/Downloads/Weixin Videos2026-05-04_154833_153.mp4,305,10.167,22,bicycle,0.888,855.2 405.2 945.0 495.3,1,1.200,0,0,28.746,34.788
/Users/lujintao/Downloads/Weixin Videos2026-05-04_154833_153.mp4,305,10.167,26,motorcycle,0.259,444.0 388.6 636.8 552.6,1,1.200,0,0,28.746,34.788
/Users/lujintao/Downloads/Weixin Videos2026-05-04_154833_153.mp4,306,10.200,22,bicycle,0.870,862.1 400.3 948.4 493.6,1,1.200,0,0,27.648,36.169
/Users/lujintao/Downloads/Weixin Videos2026-05-04_154833_153.mp4,306,10.200,26,motorcycle,0.657,465.8 377.2 659.9 546.9,1,1.197,0,0,27.648,36.169
/Users/lujintao/Downloads/Weixin Videos2026-05-04_154833_153.mp4,307,10.233,22,bicycle,0.889,870.5 400.7 950.4 497.1,1,1.200,0,0,51.301,19.493
/Users/lujintao/Downloads/Weixin Videos2026-05-04_154833_153.mp4,307,10.233,26,motorcycle,0.649,495.1 384.4 675.8 538.6,1,1.162,0,0,51.301,19.493
/Users/lujintao/Downloads/Weixin Videos2026-05-04_154833_153.mp4,308,10.267,22,bicycle,0.849,875.9 403.0 952.4 494.9,1,1.200,0,0,57.402,17.421
/Users/lujintao/Downloads/Weixin Videos2026-05-04_154833_153.mp4,308,10.267,26,motorcycle,0.434,526.4 390.1 692.5 530.7,1,1.200,0,0,57.402,17.421
/Users/lujintao/Downloads/Weixin Videos2026-05-04_154833_153.mp4,309,10.300,22,bicycle,0.746,883.2 399.2 956.2 495.0,1,1.200,0,0,32.402,30.862
/Users/lujintao/Downloads/Weixin Videos2026-05-04_154833_153.mp4,309,10.300,26,motorcycle,0.465,551.7 380.1 710.8 525.1,1,1.200,0,0,32.402,30.862
/Users/lujintao/Downloads/Weixin Videos2026-05-04_154833_153.mp4,310,10.333,22,bicycle,0.800,889.7 400.3 960.2 495.1,1,1.200,0,0,27.312,36.613
/Users/lujintao/Downloads/Weixin Videos2026-05-04_154833_153.mp4,310,10.333,26,motorcycle,0.319,576.3 375.4 727.1 515.5,1,1.174,0,0,27.312,36.613
/Users/lujintao/Downloads/Weixin Videos2026-05-04_154833_153.mp4,311,10.367,22,bicycle,0.757,897.2 401.0 963.5 494.0,1,1.200,0,0,29.419,33.992
/Users/lujintao/Downloads/Weixin Videos2026-05-04_154833_153.mp4,311,10.367,26,motorcycle,0.384,596.4 362.5 741.6 512.6,1,1.200,0,0,29.419,33.992
/Users/lujintao/Downloads/Weixin Videos2026-05-04_154833_153.mp4,311,10.367,27,motorcycle,0.351,304.8 362.5 480.7 487.3,2,1.200 1.099,1,0,29.419,33.992
/Users/lujintao/Downloads/Weixin Videos2026-05-04_154833_153.mp4,312,10.400,22,bicycle,0.740,902.0 400.5 965.6 487.9,1,1.200,0,0,29.054,34.419
/Users/lujintao/Downloads/Weixin Videos2026-05-04_154833_153.mp4,312,10.400,26,motorcycle,0.623,615.7 373.5 756.3 507.3,1,1.200,0,0,29.054,34.419
/Users/lujintao/Downloads/Weixin Videos2026-05-04_154833_153.mp4,312,10.400,27,motorcycle,0.271,298.7 346.2 484.5 485.2,1,1.200,0,0,29.054,34.419
/Users/lujintao/Downloads/Weixin Videos2026-05-04_154833_153.mp4,313,10.433,22,bicycle,0.769,905.9 405.3 967.0 486.6,1,1.200,0,0,30.798,32.469
/Users/lujintao/Downloads/Weixin Videos2026-05-04_154833_153.mp4,313,10.433,26,motorcycle,0.522,641.3 374.2 770.4 502.9,1,1.200,0,0,30.798,32.469
/Users/lujintao/Downloads/Weixin Videos2026-05-04_154833_153.mp4,314,10.467,22,bicycle,0.634,912.2 389.6 977.5 482.7,1,1.200,0,0,27.706,36.094
/Users/lujintao/Downloads/Weixin Videos2026-05-04_154833_153.mp4,314,10.467,26,motorcycle,0.559,659.9 375.8 781.9 493.6,1,1.200,0,0,27.706,36.094
/Users/lujintao/Downloads/Weixin Videos2026-05-04_154833_153.mp4,315,10.500,26,motorcycle,0.537,676.5 375.2 794.0 494.8,1,1.200,0,0,31.137,32.117
/Users/lujintao/Downloads/Weixin Videos2026-05-04_154833_153.mp4,315,10.500,22,bicycle,0.528,916.3 389.4 982.3 482.7,1,1.200,0,0,31.137,32.117
/Users/lujintao/Downloads/Weixin Videos2026-05-04_154833_153.mp4,315,10.500,27,motorcycle,0.322,341.9 357.9 497.9 480.6,1,1.200,0,0,31.137,32.117
/Users/lujintao/Downloads/Weixin Videos2026-05-04_154833_153.mp4,316,10.533,22,bicycle,0.806,921.5 406.2 982.7 481.3,1,1.200,0,0,29.775,33.586
/Users/lujintao/Downloads/Weixin Videos2026-05-04_154833_153.mp4,316,10.533,27,motorcycle,0.618,336.1 357.2 501.5 482.8,2,1.200 1.108,1,0,29.775,33.586
/Users/lujintao/Downloads/Weixin Videos2026-05-04_154833_153.mp4,316,10.533,26,motorcycle,0.466,693.3 374.9 808.4 485.6,1,1.200,0,0,29.775,33.586
/Users/lujintao/Downloads/Weixin Videos2026-05-04_154833_153.mp4,317,10.567,22,bicycle,0.682,926.9 400.1 988.4 480.8,1,1.200,0,0,28.545,35.033
/Users/lujintao/Downloads/Weixin Videos2026-05-04_154833_153.mp4,317,10.567,27,motorcycle,0.606,333.2 342.6 504.7 482.3,1,1.200,0,0,28.545,35.033
/Users/lujintao/Downloads/Weixin Videos2026-05-04_154833_153.mp4,317,10.567,26,motorcycle,0.570,707.3 373.8 816.4 480.2,1,1.200,0,0,28.545,35.033
/Users/lujintao/Downloads/Weixin Videos2026-05-04_154833_153.mp4,318,10.600,22,bicycle,0.733,929.9 405.4 985.7 480.3,1,1.200,0,0,28.154,35.519
/Users/lujintao/Downloads/Weixin Videos2026-05-04_154833_153.mp4,318,10.600,26,motorcycle,0.503,722.7 367.4 828.3 477.8,1,1.200,0,0,28.154,35.519
/Users/lujintao/Downloads/Weixin Videos2026-05-04_154833_153.mp4,318,10.600,27,motorcycle,0.456,344.3 342.6 508.4 480.7,1,1.200,0,0,28.154,35.519
/Users/lujintao/Downloads/Weixin Videos2026-05-04_154833_153.mp4,319,10.633,27,motorcycle,0.578,343.2 331.9 511.2 479.9,1,1.200,0,0,30.983,32.275
/Users/lujintao/Downloads/Weixin Videos2026-05-04_154833_153.mp4,319,10.633,22,bicycle,0.578,935.0 405.3 990.5 478.6,1,1.200,0,0,30.983,32.275
/Users/lujintao/Downloads/Weixin Videos2026-05-04_154833_153.mp4,319,10.633,26,motorcycle,0.438,737.0 371.7 843.7 473.2,1,1.200,0,0,30.983,32.275
/Users/lujintao/Downloads/Weixin Videos2026-05-04_154833_153.mp4,320,10.667,22,bicycle,0.644,937.1 406.0 995.2 476.2,1,1.200,0,0,29.636,33.743
/Users/lujintao/Downloads/Weixin Videos2026-05-04_154833_153.mp4,320,10.667,26,motorcycle,0.497,750.0 376.7 852.7 465.9,1,1.200,0,0,29.636,33.743
/Users/lujintao/Downloads/Weixin Videos2026-05-04_154833_153.mp4,320,10.667,27,motorcycle,0.402,366.4 339.8 514.5 478.6,1,1.200,0,0,29.636,33.743
/Users/lujintao/Downloads/Weixin Videos2026-05-04_154833_153.mp4,321,10.700,22,bicycle,0.648,942.4 410.4 992.0 476.2,1,1.176,0,0,30.544,32.740
/Users/lujintao/Downloads/Weixin Videos2026-05-04_154833_153.mp4,321,10.700,27,motorcycle,0.544,360.7 327.0 516.4 475.9,1,1.200,0,0,30.544,32.740
/Users/lujintao/Downloads/Weixin Videos2026-05-04_154833_153.mp4,321,10.700,26,motorcycle,0.304,763.1 377.0 859.6 463.2,1,1.200,0,0,30.544,32.740
/Users/lujintao/Downloads/Weixin Videos2026-05-04_154833_153.mp4,322,10.733,27,motorcycle,0.562,378.5 347.7 518.5 475.3,1,1.200,0,0,31.129,32.124
/Users/lujintao/Downloads/Weixin Videos2026-05-04_154833_153.mp4,322,10.733,22,bicycle,0.448,945.5 411.2 992.6 475.7,1,1.156,0,0,31.129,32.124
/Users/lujintao/Downloads/Weixin Videos2026-05-04_154833_153.mp4,322,10.733,26,motorcycle,0.377,775.9 372.9 872.0 467.1,2,1.200 1.200,1,0,31.129,32.124
/Users/lujintao/Downloads/Weixin Videos2026-05-04_154833_153.mp4,323,10.767,27,motorcycle,0.566,368.5 352.8 522.3 473.6,1,1.200,0,0,29.569,33.819
/Users/lujintao/Downloads/Weixin Videos2026-05-04_154833_153.mp4,323,10.767,28,bicycle,0.450,950.3 398.2 1008.7 472.1,1,1.200,0,0,29.569,33.819
/Users/lujintao/Downloads/Weixin Videos2026-05-04_154833_153.mp4,323,10.767,26,motorcycle,0.341,788.0 375.9 877.7 464.0,1,1.200,0,0,29.569,33.819
/Users/lujintao/Downloads/Weixin Videos2026-05-04_154833_153.mp4,323,10.767,22,bicycle,0.264,949.1 417.3 984.3 474.5,0,,0,0,29.569,33.819
/Users/lujintao/Downloads/Weixin Videos2026-05-04_154833_153.mp4,324,10.800,27,motorcycle,0.617,375.1 355.2 525.9 470.6,1,1.200,0,0,29.237,34.203
/Users/lujintao/Downloads/Weixin Videos2026-05-04_154833_153.mp4,324,10.800,22,bicycle,0.439,953.6 412.5 988.0 473.1,1,1.101,0,0,29.237,34.203
/Users/lujintao/Downloads/Weixin Videos2026-05-04_154833_153.mp4,324,10.800,26,motorcycle,0.317,799.3 366.1 888.6 464.0,1,1.200,0,0,29.237,34.203
/Users/lujintao/Downloads/Weixin Videos2026-05-04_154833_153.mp4,325,10.833,28,bicycle,0.594,956.5 405.8 1005.8 469.6,1,1.181,0,0,27.605,36.226
/Users/lujintao/Downloads/Weixin Videos2026-05-04_154833_153.mp4,325,10.833,27,motorcycle,0.532,378.3 339.8 527.7 472.3,1,1.200,0,0,27.605,36.226
/Users/lujintao/Downloads/Weixin Videos2026-05-04_154833_153.mp4,325,10.833,26,motorcycle,0.292,809.0 369.9 893.9 460.5,1,1.200,0,0,27.605,36.226
/Users/lujintao/Downloads/Weixin Videos2026-05-04_154833_153.mp4,325,10.833,29,motorcycle,0.284,0.7 420.8 276.2 676.5,0,,0,0,27.605,36.226
/Users/lujintao/Downloads/Weixin Videos2026-05-04_154833_153.mp4,326,10.867,27,motorcycle,0.435,381.6 333.1 529.2 469.6,1,1.200,0,0,45.820,21.825
/Users/lujintao/Downloads/Weixin Videos2026-05-04_154833_153.mp4,326,10.867,26,motorcycle,0.434,819.3 371.8 903.1 460.5,1,1.200,0,0,45.820,21.825
/Users/lujintao/Downloads/Weixin Videos2026-05-04_154833_153.mp4,326,10.867,28,bicycle,0.424,960.1 404.4 1012.8 468.9,1,1.200,0,0,45.820,21.825
/Users/lujintao/Downloads/Weixin Videos2026-05-04_154833_153.mp4,327,10.900,29,motorcycle,0.469,39.5 398.5 379.2 619.0,1,1.200,0,0,37.369,26.760
/Users/lujintao/Downloads/Weixin Videos2026-05-04_154833_153.mp4,327,10.900,27,motorcycle,0.409,404.3 348.2 529.9 468.9,2,1.200 1.103,1,0,37.369,26.760
/Users/lujintao/Downloads/Weixin Videos2026-05-04_154833_153.mp4,327,10.900,26,motorcycle,0.408,828.8 373.9 908.0 456.6,1,1.200,0,0,37.369,26.760
/Users/lujintao/Downloads/Weixin Videos2026-05-04_154833_153.mp4,327,10.900,28,bicycle,0.399,963.1 395.2 1024.0 462.3,1,1.200,0,0,37.369,26.760
/Users/lujintao/Downloads/Weixin Videos2026-05-04_154833_153.mp4,328,10.933,28,bicycle,0.386,967.6 400.3 1023.3 466.4,1,1.200,0,0,36.455,27.431
/Users/lujintao/Downloads/Weixin Videos2026-05-04_154833_153.mp4,328,10.933,27,motorcycle,0.379,408.6 343.1 531.4 467.1,2,1.200 1.095,1,1,36.455,27.431
/Users/lujintao/Downloads/Weixin Videos2026-05-04_154833_153.mp4,328,10.933,26,motorcycle,0.377,838.2 369.8 918.7 446.7,1,1.200,0,0,36.455,27.431
/Users/lujintao/Downloads/Weixin Videos2026-05-04_154833_153.mp4,328,10.933,29,motorcycle,0.311,8.3 404.0 418.8 679.7,1,1.200,0,0,36.455,27.431
/Users/lujintao/Downloads/Weixin Videos2026-05-04_154833_153.mp4,329,10.967,29,motorcycle,0.572,49.1 378.0 456.6 658.0,2,1.200 1.084,1,0,28.942,34.551
/Users/lujintao/Downloads/Weixin Videos2026-05-04_154833_153.mp4,329,10.967,28,bicycle,0.516,971.8 399.9 1029.1 466.7,1,1.200,0,0,28.942,34.551
/Users/lujintao/Downloads/Weixin Videos2026-05-04_154833_153.mp4,329,10.967,26,motorcycle,0.401,848.2 364.1 926.2 451.0,1,1.200,0,0,28.942,34.551
/Users/lujintao/Downloads/Weixin Videos2026-05-04_154833_153.mp4,329,10.967,27,motorcycle,0.340,407.2 337.3 533.0 464.7,2,1.200 1.084,1,1,28.942,34.551
/Users/lujintao/Downloads/Weixin Videos2026-05-04_154833_153.mp4,330,11.000,26,motorcycle,0.548,856.0 368.5 929.1 449.3,1,1.200,0,0,31.650,31.595
/Users/lujintao/Downloads/Weixin Videos2026-05-04_154833_153.mp4,330,11.000,28,bicycle,0.505,975.9 403.1 1032.3 465.6,1,1.200,0,0,31.650,31.595
/Users/lujintao/Downloads/Weixin Videos2026-05-04_154833_153.mp4,330,11.000,29,motorcycle,0.271,123.4 410.2 491.2 629.3,1,1.200,0,0,31.650,31.595
/Users/lujintao/Downloads/Weixin Videos2026-05-04_154833_153.mp4,331,11.033,26,motorcycle,0.533,862.5 367.5 941.6 446.9,1,1.200,0,0,30.650,32.627
/Users/lujintao/Downloads/Weixin Videos2026-05-04_154833_153.mp4,331,11.033,28,bicycle,0.434,980.1 397.4 1037.1 460.5,1,1.200,0,0,30.650,32.627
/Users/lujintao/Downloads/Weixin Videos2026-05-04_154833_153.mp4,331,11.033,29,motorcycle,0.430,191.9 395.2 520.5 596.6,1,1.200,0,0,30.650,32.627
/Users/lujintao/Downloads/Weixin Videos2026-05-04_154833_153.mp4,332,11.067,26,motorcycle,0.576,872.6 369.2 946.9 446.7,1,1.200,0,0,46.219,21.636
/Users/lujintao/Downloads/Weixin Videos2026-05-04_154833_153.mp4,332,11.067,28,bicycle,0.406,983.5 400.6 1038.3 462.8,1,1.200,0,0,46.219,21.636
/Users/lujintao/Downloads/Weixin Videos2026-05-04_154833_153.mp4,332,11.067,29,motorcycle,0.391,246.4 407.8 549.5 559.9,1,1.200,0,0,46.219,21.636
/Users/lujintao/Downloads/Weixin Videos2026-05-04_154833_153.mp4,333,11.100,26,motorcycle,0.557,880.4 370.2 949.8 445.6,1,1.200,0,0,29.387,34.029
/Users/lujintao/Downloads/Weixin Videos2026-05-04_154833_153.mp4,333,11.100,28,bicycle,0.390,987.4 395.3 1039.6 462.3,0,,0,0,29.387,34.029
/Users/lujintao/Downloads/Weixin Videos2026-05-04_154833_153.mp4,333,11.100,29,motorcycle,0.382,295.3 394.0 577.5 594.3,1,1.200,0,0,29.387,34.029
/Users/lujintao/Downloads/Weixin Videos2026-05-04_154833_153.mp4,333,11.100,30,motorcycle,0.334,986.9 386.1 1045.0 461.0,1,1.200,0,0,29.387,34.029
/Users/lujintao/Downloads/Weixin Videos2026-05-04_154833_153.mp4,334,11.133,26,motorcycle,0.595,887.6 371.4 953.2 443.9,1,1.200,0,0,29.962,33.376
/Users/lujintao/Downloads/Weixin Videos2026-05-04_154833_153.mp4,334,11.133,28,bicycle,0.477,991.3 396.9 1042.8 460.7,1,1.200,0,0,29.962,33.376
/Users/lujintao/Downloads/Weixin Videos2026-05-04_154833_153.mp4,334,11.133,29,motorcycle,0.386,343.1 387.5 601.7 579.5,1,1.200,0,0,29.962,33.376
/Users/lujintao/Downloads/Weixin Videos2026-05-04_154833_153.mp4,335,11.167,28,bicycle,0.636,993.0 395.8 1046.8 461.0,1,1.200,0,0,27.797,35.975
/Users/lujintao/Downloads/Weixin Videos2026-05-04_154833_153.mp4,335,11.167,26,motorcycle,0.597,895.6 369.4 966.0 442.4,1,1.200,0,0,27.797,35.975
/Users/lujintao/Downloads/Weixin Videos2026-05-04_154833_153.mp4,335,11.167,29,motorcycle,0.481,384.1 386.2 623.7 561.4,1,1.200,0,0,27.797,35.975
/Users/lujintao/Downloads/Weixin Videos2026-05-04_154833_153.mp4,336,11.200,26,motorcycle,0.481,901.8 370.8 969.4 438.9,1,1.200,0,0,36.630,27.300
/Users/lujintao/Downloads/Weixin Videos2026-05-04_154833_153.mp4,336,11.200,28,bicycle,0.444,996.5 393.7 1049.1 462.6,1,1.200,0,0,36.630,27.300
/Users/lujintao/Downloads/Weixin Videos2026-05-04_154833_153.mp4,336,11.200,29,motorcycle,0.256,429.4 392.1 644.5 533.2,1,1.200,0,0,36.630,27.300
/Users/lujintao/Downloads/Weixin Videos2026-05-04_154833_153.mp4,337,11.233,26,motorcycle,0.628,909.5 369.1 976.1 438.4,1,1.200,0,0,29.436,33.972
/Users/lujintao/Downloads/Weixin Videos2026-05-04_154833_153.mp4,337,11.233,28,motorcycle,0.551,1001.1 398.1 1055.8 462.4,0,,0,0,29.436,33.972
/Users/lujintao/Downloads/Weixin Videos2026-05-04_154833_153.mp4,337,11.233,30,bicycle,0.508,1001.5 402.2 1053.4 463.1,1,1.200,0,0,29.436,33.972
/Users/lujintao/Downloads/Weixin Videos2026-05-04_154833_153.mp4,337,11.233,29,motorcycle,0.467,463.0 397.8 666.0 556.6,2,1.200 1.054,1,0,29.436,33.972
/Users/lujintao/Downloads/Weixin Videos2026-05-04_154833_153.mp4,338,11.267,26,motorcycle,0.628,915.2 369.3 983.7 436.5,1,1.200,0,0,33.209,30.112
/Users/lujintao/Downloads/Weixin Videos2026-05-04_154833_153.mp4,338,11.267,30,bicycle,0.570,1004.6 399.4 1053.4 461.2,0,,0,0,33.209,30.112
/Users/lujintao/Downloads/Weixin Videos2026-05-04_154833_153.mp4,338,11.267,28,motorcycle,0.569,1004.2 385.9 1055.2 460.6,1,1.200,0,0,33.209,30.112
/Users/lujintao/Downloads/Weixin Videos2026-05-04_154833_153.mp4,338,11.267,29,motorcycle,0.534,503.5 397.7 686.1 551.7,2,1.200 1.113,1,1,33.209,30.112
/Users/lujintao/Downloads/Weixin Videos2026-05-04_154833_153.mp4,339,11.300,26,motorcycle,0.754,922.2 362.5 989.4 432.5,0,,0,0,30.647,32.630
/Users/lujintao/Downloads/Weixin Videos2026-05-04_154833_153.mp4,339,11.300,29,motorcycle,0.557,529.8 385.2 704.4 540.6,1,1.200,0,0,30.647,32.630
/Users/lujintao/Downloads/Weixin Videos2026-05-04_154833_153.mp4,339,11.300,30,bicycle,0.521,1008.2 403.5 1055.4 461.2,0,,0,0,30.647,32.630
/Users/lujintao/Downloads/Weixin Videos2026-05-04_154833_153.mp4,339,11.300,28,motorcycle,0.448,1008.2 385.2 1059.1 460.3,1,1.200,0,0,30.647,32.630
/Users/lujintao/Downloads/Weixin Videos2026-05-04_154833_153.mp4,340,11.333,26,motorcycle,0.718,929.0 362.3 996.7 433.2,0,,0,0,30.115,33.206
/Users/lujintao/Downloads/Weixin Videos2026-05-04_154833_153.mp4,340,11.333,30,bicycle,0.686,1010.9 409.1 1056.2 460.1,1,1.139,0,0,30.115,33.206
/Users/lujintao/Downloads/Weixin Videos2026-05-04_154833_153.mp4,340,11.333,29,motorcycle,0.525,564.2 386.5 721.9 521.8,1,1.200,0,0,30.115,33.206
/Users/lujintao/Downloads/Weixin Videos2026-05-04_154833_153.mp4,341,11.367,30,bicycle,0.713,1016.5 406.8 1056.0 458.0,1,1.118,0,0,27.959,35.767
/Users/lujintao/Downloads/Weixin Videos2026-05-04_154833_153.mp4,341,11.367,26,motorcycle,0.674,936.2 361.9 1004.1 432.2,1,1.200,0,0,27.959,35.767
/Users/lujintao/Downloads/Weixin Videos2026-05-04_154833_153.mp4,341,11.367,29,motorcycle,0.550,573.0 378.1 736.4 527.8,1,1.200,0,0,27.959,35.767
/Users/lujintao/Downloads/Weixin Videos2026-05-04_154833_153.mp4,341,11.367,31,motorcycle,0.420,444.7 350.3 550.2 454.4,2,1.200 1.074,1,0,27.959,35.767
/Users/lujintao/Downloads/Weixin Videos2026-05-04_154833_153.mp4,342,11.400,26,motorcycle,0.705,942.8 362.0 1007.3 431.9,0,,0,0,28.852,34.660
/Users/lujintao/Downloads/Weixin Videos2026-05-04_154833_153.mp4,342,11.400,29,motorcycle,0.690,600.6 383.4 751.8 524.0,1,1.200,0,0,28.852,34.660
/Users/lujintao/Downloads/Weixin Videos2026-05-04_154833_153.mp4,342,11.400,30,bicycle,0.609,1019.8 407.2 1060.4 456.3,1,1.140,0,0,28.852,34.660
/Users/lujintao/Downloads/Weixin Videos2026-05-04_154833_153.mp4,342,11.400,31,motorcycle,0.470,448.9 344.3 552.0 453.4,1,1.200,0,0,28.852,34.660
/Users/lujintao/Downloads/Weixin Videos2026-05-04_154833_153.mp4,343,11.433,26,motorcycle,0.722,948.1 360.3 1012.3 431.3,0,,0,0,27.711,36.086
/Users/lujintao/Downloads/Weixin Videos2026-05-04_154833_153.mp4,343,11.433,29,motorcycle,0.597,618.2 379.7 766.3 517.6,1,1.200,0,0,27.711,36.086
/Users/lujintao/Downloads/Weixin Videos2026-05-04_154833_153.mp4,343,11.433,30,bicycle,0.584,1023.6 407.8 1062.0 456.3,1,1.189,0,0,27.711,36.086
/Users/lujintao/Downloads/Weixin Videos2026-05-04_154833_153.mp4,343,11.433,31,motorcycle,0.512,449.8 350.7 553.2 453.6,1,1.200,0,0,27.711,36.086
/Users/lujintao/Downloads/Weixin Videos2026-05-04_154833_153.mp4,344,11.467,29,motorcycle,0.735,638.4 388.0 776.5 510.6,1,1.200,0,0,47.221,21.177
/Users/lujintao/Downloads/Weixin Videos2026-05-04_154833_153.mp4,344,11.467,26,motorcycle,0.650,955.3 371.7 1011.9 430.1,1,1.200,0,0,47.221,21.177
/Users/lujintao/Downloads/Weixin Videos2026-05-04_154833_153.mp4,344,11.467,31,motorcycle,0.454,452.2 354.3 553.8 452.7,1,1.200,0,0,47.221,21.177
/Users/lujintao/Downloads/Weixin Videos2026-05-04_154833_153.mp4,344,11.467,30,bicycle,0.421,1025.9 408.2 1061.6 453.9,1,1.133,0,0,47.221,21.177
/Users/lujintao/Downloads/Weixin Videos2026-05-04_154833_153.mp4,345,11.500,26,motorcycle,0.694,959.6 369.0 1018.2 429.4,0,,0,0,35.886,27.866
/Users/lujintao/Downloads/Weixin Videos2026-05-04_154833_153.mp4,345,11.500,29,motorcycle,0.692,658.8 384.2 789.9 503.2,1,1.200,0,0,35.886,27.866
/Users/lujintao/Downloads/Weixin Videos2026-05-04_154833_153.mp4,345,11.500,31,motorcycle,0.351,454.9 359.0 553.3 451.6,1,1.066,0,0,35.886,27.866
/Users/lujintao/Downloads/Weixin Videos2026-05-04_154833_153.mp4,345,11.500,30,bicycle,0.289,1030.0 405.4 1061.7 452.9,0,,0,0,35.886,27.866
/Users/lujintao/Downloads/Weixin Videos2026-05-04_154833_153.mp4,346,11.533,26,motorcycle,0.714,966.8 364.3 1026.4 429.3,1,1.200,0,0,29.589,33.796
/Users/lujintao/Downloads/Weixin Videos2026-05-04_154833_153.mp4,346,11.533,29,motorcycle,0.645,675.1 378.1 800.1 491.2,1,1.200,0,0,29.589,33.796
/Users/lujintao/Downloads/Weixin Videos2026-05-04_154833_153.mp4,346,11.533,31,motorcycle,0.251,456.8 355.6 554.1 450.0,1,1.070,0,0,29.589,33.796
/Users/lujintao/Downloads/Weixin Videos2026-05-04_154833_153.mp4,347,11.567,26,motorcycle,0.646,971.0 362.6 1029.4 428.1,1,1.200,0,0,28.422,35.184
/Users/lujintao/Downloads/Weixin Videos2026-05-04_154833_153.mp4,347,11.567,29,motorcycle,0.538,692.2 383.1 817.7 496.2,1,1.200,0,0,28.422,35.184
/Users/lujintao/Downloads/Weixin Videos2026-05-04_154833_153.mp4,347,11.567,31,motorcycle,0.486,459.1 360.9 556.0 450.4,2,1.200 1.074,1,0,28.422,35.184
/Users/lujintao/Downloads/Weixin Videos2026-05-04_154833_153.mp4,348,11.600,29,motorcycle,0.666,705.0 378.7 822.7 492.3,1,1.200,0,0,30.538,32.747
/Users/lujintao/Downloads/Weixin Videos2026-05-04_154833_153.mp4,348,11.600,26,motorcycle,0.525,976.5 368.6 1032.8 428.3,0,,0,0,30.538,32.747
/Users/lujintao/Downloads/Weixin Videos2026-05-04_154833_153.mp4,348,11.600,31,motorcycle,0.395,456.1 343.5 557.0 449.9,1,1.200,0,0,30.538,32.747
/Users/lujintao/Downloads/Weixin Videos2026-05-04_154833_153.mp4,349,11.633,29,motorcycle,0.556,719.4 377.4 832.3 483.5,1,1.200,0,0,32.360,30.903
/Users/lujintao/Downloads/Weixin Videos2026-05-04_154833_153.mp4,349,11.633,26,motorcycle,0.425,984.4 358.4 1041.1 426.8,0,,0,0,32.360,30.903
/Users/lujintao/Downloads/Weixin Videos2026-05-04_154833_153.mp4,349,11.633,31,motorcycle,0.418,461.5 350.8 556.4 448.9,1,1.200,0,0,32.360,30.903
/Users/lujintao/Downloads/Weixin Videos2026-05-04_154833_153.mp4,350,11.667,26,motorcycle,0.497,989.0 360.6 1042.9 426.1,0,,0,0,30.001,33.332
/Users/lujintao/Downloads/Weixin Videos2026-05-04_154833_153.mp4,350,11.667,29,motorcycle,0.487,734.8 371.5 840.4 477.3,1,1.200,0,0,30.001,33.332
/Users/lujintao/Downloads/Weixin Videos2026-05-04_154833_153.mp4,350,11.667,31,motorcycle,0.439,462.8 375.3 556.9 449.0,1,1.124,0,0,30.001,33.332
/Users/lujintao/Downloads/Weixin Videos2026-05-04_154833_153.mp4,351,11.700,29,motorcycle,0.638,744.8 369.6 853.2 481.0,1,1.200,0,0,28.240,35.411
/Users/lujintao/Downloads/Weixin Videos2026-05-04_154833_153.mp4,351,11.700,26,motorcycle,0.503,993.2 364.0 1048.5 424.5,1,1.200,0,0,28.240,35.411
/Users/lujintao/Downloads/Weixin Videos2026-05-04_154833_153.mp4,351,11.700,31,motorcycle,0.494,459.5 341.3 560.7 446.7,1,1.200,0,0,28.240,35.411
/Users/lujintao/Downloads/Weixin Videos2026-05-04_154833_153.mp4,352,11.733,29,motorcycle,0.625,758.1 375.3 858.1 476.3,1,1.200,0,0,29.110,34.352
/Users/lujintao/Downloads/Weixin Videos2026-05-04_154833_153.mp4,352,11.733,31,motorcycle,0.461,465.3 362.7 559.7 448.4,1,1.167,0,0,29.110,34.352
/Users/lujintao/Downloads/Weixin Videos2026-05-04_154833_153.mp4,352,11.733,26,motorcycle,0.424,1000.0 361.1 1061.9 424.5,0,,0,0,29.110,34.352
/Users/lujintao/Downloads/Weixin Videos2026-05-04_154833_153.mp4,353,11.767,26,motorcycle,0.451,1005.0 363.1 1062.8 425.3,0,,0,0,30.743,32.527
/Users/lujintao/Downloads/Weixin Videos2026-05-04_154833_153.mp4,353,11.767,29,motorcycle,0.433,770.8 377.9 868.7 472.9,1,1.200,0,0,30.743,32.527
/Users/lujintao/Downloads/Weixin Videos2026-05-04_154833_153.mp4,353,11.767,31,motorcycle,0.411,468.7 351.6 562.1 447.8,0,,0,0,30.743,32.527
/Users/lujintao/Downloads/Weixin Videos2026-05-04_154833_153.mp4,354,11.800,29,motorcycle,0.543,781.7 371.6 873.7 469.9,1,1.200,0,0,28.881,34.624
/Users/lujintao/Downloads/Weixin Videos2026-05-04_154833_153.mp4,354,11.800,31,motorcycle,0.417,465.9 341.2 566.5 446.8,1,1.200,0,0,28.881,34.624
/Users/lujintao/Downloads/Weixin Videos2026-05-04_154833_153.mp4,354,11.800,26,motorcycle,0.371,1010.7 358.4 1064.3 424.5,0,,0,0,28.881,34.624
/Users/lujintao/Downloads/Weixin Videos2026-05-04_154833_153.mp4,354,11.800,32,motorcycle,0.284,1010.9 356.3 1111.4 437.0,0,,0,0,28.881,34.624
/Users/lujintao/Downloads/Weixin Videos2026-05-04_154833_153.mp4,355,11.833,29,motorcycle,0.553,792.1 376.0 884.3 468.6,1,1.200,0,0,29.500,33.898
/Users/lujintao/Downloads/Weixin Videos2026-05-04_154833_153.mp4,355,11.833,32,motorcycle,0.395,1016.6 356.2 1115.3 432.3,0,,0,0,29.500,33.898
/Users/lujintao/Downloads/Weixin Videos2026-05-04_154833_153.mp4,355,11.833,31,motorcycle,0.312,466.1 338.4 585.6 446.2,1,1.200,0,0,29.500,33.898
/Users/lujintao/Downloads/Weixin Videos2026-05-04_154833_153.mp4,355,11.833,26,motorcycle,0.308,1017.9 362.6 1065.9 424.9,0,,0,0,29.500,33.898
/Users/lujintao/Downloads/Weixin Videos2026-05-04_154833_153.mp4,356,11.867,29,motorcycle,0.504,802.8 376.8 889.2 468.1,1,1.200,0,0,31.249,32.001
/Users/lujintao/Downloads/Weixin Videos2026-05-04_154833_153.mp4,356,11.867,32,motorcycle,0.351,1023.6 359.0 1117.0 432.2,0,,0,0,31.249,32.001
/Users/lujintao/Downloads/Weixin Videos2026-05-04_154833_153.mp4,356,11.867,31,motorcycle,0.315,462.2 334.0 597.3 444.6,1,1.200,0,0,31.249,32.001
/Users/lujintao/Downloads/Weixin Videos2026-05-04_154833_153.mp4,356,11.867,26,motorcycle,0.272,1023.4 363.4 1069.0 425.0,0,,0,0,31.249,32.001
/Users/lujintao/Downloads/Weixin Videos2026-05-04_154833_153.mp4,357,11.900,31,motorcycle,0.531,468.1 340.8 562.9 442.9,1,1.200,0,0,31.914,31.334
/Users/lujintao/Downloads/Weixin Videos2026-05-04_154833_153.mp4,357,11.900,29,motorcycle,0.476,811.8 372.7 896.8 465.2,1,1.200,0,0,31.914,31.334
/Users/lujintao/Downloads/Weixin Videos2026-05-04_154833_153.mp4,357,11.900,32,motorcycle,0.309,1028.0 362.9 1119.2 429.7,0,,0,0,31.914,31.334
/Users/lujintao/Downloads/Weixin Videos2026-05-04_154833_153.mp4,358,11.933,29,motorcycle,0.575,822.9 374.7 904.5 462.6,1,1.200,0,0,47.826,20.909
/Users/lujintao/Downloads/Weixin Videos2026-05-04_154833_153.mp4,358,11.933,31,motorcycle,0.489,470.7 346.7 563.5 442.6,1,1.200,0,0,47.826,20.909
/Users/lujintao/Downloads/Weixin Videos2026-05-04_154833_153.mp4,358,11.933,32,motorcycle,0.306,1033.7 362.5 1116.6 429.5,0,,0,0,47.826,20.909
/Users/lujintao/Downloads/Weixin Videos2026-05-04_154833_153.mp4,359,11.967,29,motorcycle,0.518,831.0 375.7 910.7 462.2,1,1.200,0,0,29.572,33.815
/Users/lujintao/Downloads/Weixin Videos2026-05-04_154833_153.mp4,359,11.967,31,motorcycle,0.445,471.6 342.9 564.4 441.3,1,1.200,0,0,29.572,33.815
/Users/lujintao/Downloads/Weixin Videos2026-05-04_154833_153.mp4,359,11.967,32,motorcycle,0.322,1038.8 357.8 1123.0 433.7,0,,0,0,29.572,33.815
/Users/lujintao/Downloads/Weixin Videos2026-05-04_154833_153.mp4,360,12.000,29,motorcycle,0.637,840.6 373.6 915.1 454.9,1,1.200,0,0,30.204,33.108
/Users/lujintao/Downloads/Weixin Videos2026-05-04_154833_153.mp4,360,12.000,31,motorcycle,0.505,475.0 342.9 564.0 441.2,1,1.200,0,0,30.204,33.108
/Users/lujintao/Downloads/Weixin Videos2026-05-04_154833_153.mp4,360,12.000,32,motorcycle,0.346,1039.6 357.4 1123.3 432.2,0,,0,0,30.204,33.108
/Users/lujintao/Downloads/Weixin Videos2026-05-04_154833_153.mp4,361,12.033,29,motorcycle,0.572,847.8 371.6 922.5 452.5,1,1.200,0,0,29.050,34.424
/Users/lujintao/Downloads/Weixin Videos2026-05-04_154833_153.mp4,361,12.033,31,motorcycle,0.523,477.8 345.2 562.9 441.2,1,1.200,0,0,29.050,34.424
/Users/lujintao/Downloads/Weixin Videos2026-05-04_154833_153.mp4,361,12.033,32,motorcycle,0.277,1039.3 356.2 1128.5 438.0,0,,0,0,29.050,34.424
/Users/lujintao/Downloads/Weixin Videos2026-05-04_154833_153.mp4,362,12.067,29,motorcycle,0.719,857.5 372.7 928.0 451.7,1,1.200,0,0,31.440,31.807
/Users/lujintao/Downloads/Weixin Videos2026-05-04_154833_153.mp4,362,12.067,31,motorcycle,0.483,476.5 341.6 567.7 441.4,1,1.200,0,0,31.440,31.807
/Users/lujintao/Downloads/Weixin Videos2026-05-04_154833_153.mp4,363,12.100,29,motorcycle,0.557,862.6 372.8 936.3 450.4,1,1.200,0,0,47.497,21.054
/Users/lujintao/Downloads/Weixin Videos2026-05-04_154833_153.mp4,363,12.100,31,motorcycle,0.461,476.5 339.8 566.4 441.3,1,1.200,0,0,47.497,21.054
/Users/lujintao/Downloads/Weixin Videos2026-05-04_154833_153.mp4,363,12.100,32,motorcycle,0.336,1083.8 363.5 1131.1 440.8,1,1.200,0,0,47.497,21.054
/Users/lujintao/Downloads/Weixin Videos2026-05-04_154833_153.mp4,364,12.133,29,motorcycle,0.659,872.8 372.8 942.2 448.9,1,1.200,0,0,28.421,35.185
/Users/lujintao/Downloads/Weixin Videos2026-05-04_154833_153.mp4,364,12.133,31,motorcycle,0.504,477.9 348.7 562.7 440.8,1,1.200,0,0,28.421,35.185
/Users/lujintao/Downloads/Weixin Videos2026-05-04_154833_153.mp4,364,12.133,32,motorcycle,0.301,1084.6 368.6 1134.8 440.4,1,1.200,0,0,28.421,35.185
/Users/lujintao/Downloads/Weixin Videos2026-05-04_154833_153.mp4,365,12.167,29,motorcycle,0.648,879.1 369.6 947.2 446.8,1,1.200,0,0,28.380,35.236
/Users/lujintao/Downloads/Weixin Videos2026-05-04_154833_153.mp4,365,12.167,31,motorcycle,0.462,478.7 347.2 563.7 440.9,1,1.200,0,0,28.380,35.236
/Users/lujintao/Downloads/Weixin Videos2026-05-04_154833_153.mp4,366,12.200,29,motorcycle,0.599,885.2 369.2 953.4 445.5,2,1.200 1.200,1,0,30.179,33.136
/Users/lujintao/Downloads/Weixin Videos2026-05-04_154833_153.mp4,366,12.200,31,motorcycle,0.459,478.7 345.3 564.0 440.7,1,1.200,0,0,30.179,33.136
/Users/lujintao/Downloads/Weixin Videos2026-05-04_154833_153.mp4,366,12.200,33,bicycle,0.264,1089.6 396.7 1123.0 437.8,0,,0,0,30.179,33.136
/Users/lujintao/Downloads/Weixin Videos2026-05-04_154833_153.mp4,366,12.200,32,motorcycle,0.250,1088.6 353.5 1151.2 421.7,0,,0,0,30.179,33.136
/Users/lujintao/Downloads/Weixin Videos2026-05-04_154833_153.mp4,367,12.233,29,motorcycle,0.593,891.2 372.4 955.9 445.9,1,1.200,0,0,30.916,32.346
/Users/lujintao/Downloads/Weixin Videos2026-05-04_154833_153.mp4,367,12.233,31,motorcycle,0.428,478.6 345.4 565.5 440.8,1,1.200,0,0,30.916,32.346
/Users/lujintao/Downloads/Weixin Videos2026-05-04_154833_153.mp4,368,12.267,29,motorcycle,0.529,897.4 370.4 962.0 445.2,1,1.200,0,0,29.617,33.764
/Users/lujintao/Downloads/Weixin Videos2026-05-04_154833_153.mp4,368,12.267,31,motorcycle,0.489,478.0 342.6 566.8 441.7,1,1.200,0,0,29.617,33.764
/Users/lujintao/Downloads/Weixin Videos2026-05-04_154833_153.mp4,369,12.300,29,motorcycle,0.635,904.0 370.8 968.5 440.7,1,1.200,0,0,30.091,33.232
/Users/lujintao/Downloads/Weixin Videos2026-05-04_154833_153.mp4,369,12.300,31,motorcycle,0.497,478.5 345.3 564.4 441.2,1,1.200,0,0,30.091,33.232
/Users/lujintao/Downloads/Weixin Videos2026-05-04_154833_153.mp4,370,12.333,34,motorcycle,0.738,0.5 421.8 308.8 712.0,1,1.200,0,0,29.036,34.440
/Users/lujintao/Downloads/Weixin Videos2026-05-04_154833_153.mp4,370,12.333,29,motorcycle,0.601,910.8 369.6 973.8 439.9,1,1.200,0,0,29.036,34.440
/Users/lujintao/Downloads/Weixin Videos2026-05-04_154833_153.mp4,370,12.333,31,motorcycle,0.494,478.9 346.4 564.0 441.5,1,1.200,0,0,29.036,34.440
/Users/lujintao/Downloads/Weixin Videos2026-05-04_154833_153.mp4,371,12.367,34,motorcycle,0.688,0.9 419.4 352.7 711.0,1,1.200,0,0,30.595,32.685
/Users/lujintao/Downloads/Weixin Videos2026-05-04_154833_153.mp4,371,12.367,29,motorcycle,0.590,915.5 369.8 979.8 430.6,1,1.200,0,0,30.595,32.685
/Users/lujintao/Downloads/Weixin Videos2026-05-04_154833_153.mp4,371,12.367,31,motorcycle,0.483,479.1 346.1 563.8 441.5,1,1.200,0,0,30.595,32.685
/Users/lujintao/Downloads/Weixin Videos2026-05-04_154833_153.mp4,372,12.400,29,motorcycle,0.667,921.8 367.0 985.1 435.3,1,1.200,0,0,31.285,31.965
/Users/lujintao/Downloads/Weixin Videos2026-05-04_154833_153.mp4,372,12.400,34,motorcycle,0.521,1.9 396.2 398.5 707.9,1,1.200,0,0,31.285,31.965
/Users/lujintao/Downloads/Weixin Videos2026-05-04_154833_153.mp4,372,12.400,31,motorcycle,0.485,479.7 347.0 564.2 441.2,1,1.200,0,0,31.285,31.965
/Users/lujintao/Downloads/Weixin Videos2026-05-04_154833_153.mp4,373,12.433,29,motorcycle,0.626,928.4 368.9 988.5 435.5,1,1.200,0,0,47.294,21.144
/Users/lujintao/Downloads/Weixin Videos2026-05-04_154833_153.mp4,373,12.433,34,motorcycle,0.482,17.4 416.2 435.6 701.4,1,1.200,0,0,47.294,21.144
/Users/lujintao/Downloads/Weixin Videos2026-05-04_154833_153.mp4,373,12.433,31,motorcycle,0.468,480.1 346.5 563.7 440.9,1,1.200,0,0,47.294,21.144
/Users/lujintao/Downloads/Weixin Videos2026-05-04_154833_153.mp4,374,12.467,29,motorcycle,0.669,931.4 371.8 994.4 434.4,1,1.200,0,0,28.478,35.115
/Users/lujintao/Downloads/Weixin Videos2026-05-04_154833_153.mp4,374,12.467,31,motorcycle,0.314,479.8 344.5 563.0 440.4,1,1.200,0,0,28.478,35.115
/Users/lujintao/Downloads/Weixin Videos2026-05-04_154833_153.mp4,375,12.500,34,motorcycle,0.743,126.9 431.2 507.1 668.9,1,1.200,0,0,30.338,32.961
/Users/lujintao/Downloads/Weixin Videos2026-05-04_154833_153.mp4,375,12.500,29,motorcycle,0.619,938.0 368.2 999.9 434.4,0,,0,0,30.338,32.961
/Users/lujintao/Downloads/Weixin Videos2026-05-04_154833_153.mp4,375,12.500,35,motorcycle,0.291,1112.5 370.1 1145.0 432.5,1,1.200,0,0,30.338,32.961
/Users/lujintao/Downloads/Weixin Videos2026-05-04_154833_153.mp4,376,12.533,29,motorcycle,0.601,944.0 368.6 1003.1 433.1,1,1.200,0,0,29.431,33.977
/Users/lujintao/Downloads/Weixin Videos2026-05-04_154833_153.mp4,377,12.567,29,motorcycle,0.550,947.2 367.8 1006.2 432.9,1,1.200,0,0,33.869,29.526
/Users/lujintao/Downloads/Weixin Videos2026-05-04_154833_153.mp4,378,12.600,29,motorcycle,0.554,950.7 364.1 1012.9 431.0,0,,0,0,32.549,30.723
/Users/lujintao/Downloads/Weixin Videos2026-05-04_154833_153.mp4,378,12.600,34,motorcycle,0.500,287.8 415.1 592.6 620.5,1,1.200,0,0,32.549,30.723
/Users/lujintao/Downloads/Weixin Videos2026-05-04_154833_153.mp4,378,12.600,35,motorcycle,0.277,1116.1 357.5 1153.8 428.4,0,,0,0,32.549,30.723
/Users/lujintao/Downloads/Weixin Videos2026-05-04_154833_153.mp4,379,12.633,34,motorcycle,0.639,337.7 402.9 615.5 607.9,1,1.200,0,0,30.088,33.235
/Users/lujintao/Downloads/Weixin Videos2026-05-04_154833_153.mp4,379,12.633,29,motorcycle,0.390,954.4 360.7 1017.2 431.1,0,,0,0,30.088,33.235
/Users/lujintao/Downloads/Weixin Videos2026-05-04_154833_153.mp4,380,12.667,34,motorcycle,0.719,382.7 364.3 641.0 593.1,1,1.200,0,0,31.653,31.593
/Users/lujintao/Downloads/Weixin Videos2026-05-04_154833_153.mp4,380,12.667,29,motorcycle,0.464,960.3 368.9 1019.6 431.1,1,1.200,0,0,31.653,31.593
/Users/lujintao/Downloads/Weixin Videos2026-05-04_154833_153.mp4,380,12.667,35,motorcycle,0.341,1119.9 389.5 1151.7 429.3,1,1.200,0,0,31.653,31.593
/Users/lujintao/Downloads/Weixin Videos2026-05-04_154833_153.mp4,381,12.700,29,motorcycle,0.538,965.9 363.7 1024.5 429.4,0,,0,0,30.306,32.996
/Users/lujintao/Downloads/Weixin Videos2026-05-04_154833_153.mp4,381,12.700,34,motorcycle,0.354,423.6 387.5 663.9 583.1,1,1.200,0,0,30.306,32.996
/Users/lujintao/Downloads/Weixin Videos2026-05-04_154833_153.mp4,382,12.733,29,motorcycle,0.492,969.8 364.8 1027.4 428.7,0,,0,0,28.378,35.239
/Users/lujintao/Downloads/Weixin Videos2026-05-04_154833_153.mp4,382,12.733,34,motorcycle,0.453,469.4 405.5 685.6 575.3,1,1.200,0,0,28.378,35.239
/Users/lujintao/Downloads/Weixin Videos2026-05-04_154833_153.mp4,383,12.767,34,motorcycle,0.539,490.9 395.4 702.6 566.6,2,1.200 1.056,1,0,31.692,31.554
/Users/lujintao/Downloads/Weixin Videos2026-05-04_154833_153.mp4,383,12.767,29,motorcycle,0.471,974.5 366.0 1031.9 428.4,0,,0,0,31.692,31.554
/Users/lujintao/Downloads/Weixin Videos2026-05-04_154833_153.mp4,384,12.800,29,motorcycle,0.524,977.5 363.4 1038.1 427.3,0,,0,0,30.105,33.217
/Users/lujintao/Downloads/Weixin Videos2026-05-04_154833_153.mp4,384,12.800,34,motorcycle,0.524,525.1 411.4 722.3 557.1,1,1.200,0,0,30.105,33.217
/Users/lujintao/Downloads/Weixin Videos2026-05-04_154833_153.mp4,384,12.800,35,motorcycle,0.332,1128.0 391.4 1156.3 428.3,0,,0,0,30.105,33.217
/Users/lujintao/Downloads/Weixin Videos2026-05-04_154833_153.mp4,385,12.833,34,motorcycle,0.464,555.9 387.6 739.4 549.6,1,1.200,0,0,30.541,32.742
/Users/lujintao/Downloads/Weixin Videos2026-05-04_154833_153.mp4,385,12.833,36,motorcycle,0.365,481.3 344.4 565.3 439.0,1,1.200,0,0,30.541,32.742
/Users/lujintao/Downloads/Weixin Videos2026-05-04_154833_153.mp4,386,12.867,34,motorcycle,0.676,581.2 385.8 756.3 543.6,1,1.200,0,0,29.239,34.201
/Users/lujintao/Downloads/Weixin Videos2026-05-04_154833_153.mp4,386,12.867,36,motorcycle,0.348,481.6 344.7 563.2 438.2,1,1.200,0,0,29.239,34.201
/Users/lujintao/Downloads/Weixin Videos2026-05-04_154833_153.mp4,386,12.867,29,motorcycle,0.308,986.6 361.7 1044.0 426.5,0,,0,0,29.239,34.201
/Users/lujintao/Downloads/Weixin Videos2026-05-04_154833_153.mp4,387,12.900,34,motorcycle,0.746,607.7 402.9 772.3 536.6,1,1.200,0,0,35.648,28.052
/Users/lujintao/Downloads/Weixin Videos2026-05-04_154833_153.mp4,387,12.900,29,motorcycle,0.437,989.2 361.8 1048.0 425.8,0,,0,0,35.648,28.052
/Users/lujintao/Downloads/Weixin Videos2026-05-04_154833_153.mp4,387,12.900,36,motorcycle,0.406,482.1 345.5 562.5 438.3,1,1.200,0,0,35.648,28.052
/Users/lujintao/Downloads/Weixin Videos2026-05-04_154833_153.mp4,388,12.933,34,motorcycle,0.742,629.7 394.5 788.9 531.9,1,1.200,0,0,30.689,32.585
/Users/lujintao/Downloads/Weixin Videos2026-05-04_154833_153.mp4,388,12.933,29,motorcycle,0.583,993.2 361.7 1052.2 424.8,0,,0,0,30.689,32.585
/Users/lujintao/Downloads/Weixin Videos2026-05-04_154833_153.mp4,388,12.933,36,motorcycle,0.497,482.0 345.8 561.7 438.6,1,1.200,0,0,30.689,32.585
/Users/lujintao/Downloads/Weixin Videos2026-05-04_154833_153.mp4,389,12.967,34,motorcycle,0.760,652.6 396.7 802.9 523.8,1,1.200,0,0,26.310,38.008
/Users/lujintao/Downloads/Weixin Videos2026-05-04_154833_153.mp4,389,12.967,29,motorcycle,0.575,996.1 361.6 1057.3 416.0,0,,0,0,26.310,38.008
/Users/lujintao/Downloads/Weixin Videos2026-05-04_154833_153.mp4,389,12.967,36,motorcycle,0.503,482.1 346.9 561.9 438.5,1,1.200,0,0,26.310,38.008
/Users/lujintao/Downloads/Weixin Videos2026-05-04_154833_153.mp4,390,13.000,34,motorcycle,0.767,674.2 391.4 817.4 519.0,1,1.200,0,0,48.280,20.712
/Users/lujintao/Downloads/Weixin Videos2026-05-04_154833_153.mp4,390,13.000,29,motorcycle,0.595,999.9 363.1 1058.7 422.0,0,,0,0,48.280,20.712
/Users/lujintao/Downloads/Weixin Videos2026-05-04_154833_153.mp4,390,13.000,36,motorcycle,0.513,482.0 345.3 560.9 439.4,1,1.200,0,0,48.280,20.712
/Users/lujintao/Downloads/Weixin Videos2026-05-04_154833_153.mp4,391,13.033,34,motorcycle,0.733,693.0 398.1 832.5 515.9,1,1.200,0,0,28.790,34.734
/Users/lujintao/Downloads/Weixin Videos2026-05-04_154833_153.mp4,391,13.033,36,motorcycle,0.504,482.0 345.1 561.1 439.5,1,1.200,0,0,28.790,34.734
/Users/lujintao/Downloads/Weixin Videos2026-05-04_154833_153.mp4,391,13.033,29,motorcycle,0.282,1002.4 364.5 1060.2 423.3,0,,0,0,28.790,34.734
/Users/lujintao/Downloads/Weixin Videos2026-05-04_154833_153.mp4,392,13.067,34,motorcycle,0.730,712.7 393.5 846.5 511.1,1,1.200,0,0,30.063,33.263
/Users/lujintao/Downloads/Weixin Videos2026-05-04_154833_153.mp4,392,13.067,29,motorcycle,0.505,1007.8 360.4 1065.1 420.7,1,1.200,0,0,30.063,33.263
/Users/lujintao/Downloads/Weixin Videos2026-05-04_154833_153.mp4,392,13.067,36,motorcycle,0.476,481.7 348.8 561.3 439.0,1,1.200,0,0,30.063,33.263
/Users/lujintao/Downloads/Weixin Videos2026-05-04_154833_153.mp4,393,13.100,34,motorcycle,0.767,731.6 394.5 856.0 508.5,1,1.200,0,0,28.949,34.544
/Users/lujintao/Downloads/Weixin Videos2026-05-04_154833_153.mp4,393,13.100,29,motorcycle,0.549,1010.0 359.6 1065.6 423.1,0,,0,0,28.949,34.544
/Users/lujintao/Downloads/Weixin Videos2026-05-04_154833_153.mp4,393,13.100,36,motorcycle,0.394,482.2 350.2 561.3 438.7,1,1.200,0,0,28.949,34.544
/Users/lujintao/Downloads/Weixin Videos2026-05-04_154833_153.mp4,394,13.133,34,motorcycle,0.685,749.1 395.9 870.6 503.8,1,1.200,0,0,28.707,34.834
/Users/lujintao/Downloads/Weixin Videos2026-05-04_154833_153.mp4,394,13.133,29,motorcycle,0.436,1015.7 353.9 1066.8 422.7,0,,0,0,28.707,34.834
/Users/lujintao/Downloads/Weixin Videos2026-05-04_154833_153.mp4,394,13.133,36,motorcycle,0.411,482.6 350.3 560.7 438.5,1,1.200,0,0,28.707,34.834
/Users/lujintao/Downloads/Weixin Videos2026-05-04_154833_153.mp4,395,13.167,34,motorcycle,0.726,762.7 392.3 883.5 500.1,1,1.200,0,0,28.754,34.777
/Users/lujintao/Downloads/Weixin Videos2026-05-04_154833_153.mp4,395,13.167,36,motorcycle,0.432,482.7 350.6 560.8 438.5,1,1.200,0,0,28.754,34.777
/Users/lujintao/Downloads/Weixin Videos2026-05-04_154833_153.mp4,395,13.167,29,motorcycle,0.375,1019.5 365.1 1068.3 421.3,1,1.200,0,0,28.754,34.777
/Users/lujintao/Downloads/Weixin Videos2026-05-04_154833_153.mp4,396,13.200,34,motorcycle,0.696,778.3 392.9 895.3 495.5,1,1.200,0,0,31.419,31.828
/Users/lujintao/Downloads/Weixin Videos2026-05-04_154833_153.mp4,396,13.200,36,motorcycle,0.422,482.8 350.5 560.9 438.6,1,1.200,0,0,31.419,31.828
/Users/lujintao/Downloads/Weixin Videos2026-05-04_154833_153.mp4,397,13.233,34,motorcycle,0.707,792.5 390.5 906.8 493.4,1,1.200,0,0,34.456,29.022
/Users/lujintao/Downloads/Weixin Videos2026-05-04_154833_153.mp4,397,13.233,36,motorcycle,0.451,483.1 348.4 560.7 438.8,1,1.200,0,0,34.456,29.022
/Users/lujintao/Downloads/Weixin Videos2026-05-04_154833_153.mp4,397,13.233,29,motorcycle,0.337,1024.2 357.7 1069.1 419.5,0,,0,0,34.456,29.022
/Users/lujintao/Downloads/Weixin Videos2026-05-04_154833_153.mp4,397,13.233,37,motorcycle,0.272,1143.5 378.6 1171.4 421.1,1,1.200,0,0,34.456,29.022
/Users/lujintao/Downloads/Weixin Videos2026-05-04_154833_153.mp4,398,13.267,34,motorcycle,0.666,806.7 390.4 917.7 489.9,1,1.200,0,0,30.186,33.128
/Users/lujintao/Downloads/Weixin Videos2026-05-04_154833_153.mp4,398,13.267,36,motorcycle,0.446,482.5 348.3 560.5 438.8,1,1.200,0,0,30.186,33.128
/Users/lujintao/Downloads/Weixin Videos2026-05-04_154833_153.mp4,398,13.267,37,motorcycle,0.282,1144.1 373.6 1172.1 421.2,1,1.200,0,0,30.186,33.128
/Users/lujintao/Downloads/Weixin Videos2026-05-04_154833_153.mp4,399,13.300,34,motorcycle,0.696,819.8 386.0 928.6 487.2,1,1.200,0,0,29.001,34.481
/Users/lujintao/Downloads/Weixin Videos2026-05-04_154833_153.mp4,399,13.300,36,motorcycle,0.411,482.6 347.7 560.7 438.7,1,1.200,0,0,29.001,34.481
/Users/lujintao/Downloads/Weixin Videos2026-05-04_154833_153.mp4,399,13.300,37,motorcycle,0.296,1144.8 366.4 1172.6 420.6,1,1.200,0,0,29.001,34.481
/Users/lujintao/Downloads/Weixin Videos2026-05-04_154833_153.mp4,400,13.333,34,motorcycle,0.618,834.6 383.4 940.2 482.2,1,1.200,0,0,29.481,33.920
/Users/lujintao/Downloads/Weixin Videos2026-05-04_154833_153.mp4,400,13.333,36,motorcycle,0.400,483.2 346.1 560.8 438.8,1,1.200,0,0,29.481,33.920
/Users/lujintao/Downloads/Weixin Videos2026-05-04_154833_153.mp4,400,13.333,37,motorcycle,0.271,1144.6 365.9 1173.0 420.7,1,1.200,0,0,29.481,33.920
/Users/lujintao/Downloads/Weixin Videos2026-05-04_154833_153.mp4,401,13.367,34,motorcycle,0.680,848.6 385.2 949.0 478.2,1,1.200,0,0,29.152,34.303
/Users/lujintao/Downloads/Weixin Videos2026-05-04_154833_153.mp4,401,13.367,36,motorcycle,0.368,483.0 348.9 560.7 438.5,1,1.200,0,0,29.152,34.303
/Users/lujintao/Downloads/Weixin Videos2026-05-04_154833_153.mp4,401,13.367,37,motorcycle,0.282,1144.7 362.4 1173.4 419.6,1,1.200,0,0,29.152,34.303
/Users/lujintao/Downloads/Weixin Videos2026-05-04_154833_153.mp4,402,13.400,34,motorcycle,0.609,854.4 383.9 956.1 475.9,1,1.200,0,0,30.842,32.423
/Users/lujintao/Downloads/Weixin Videos2026-05-04_154833_153.mp4,402,13.400,36,motorcycle,0.385,482.7 349.8 560.4 438.7,1,1.200,0,0,30.842,32.423
/Users/lujintao/Downloads/Weixin Videos2026-05-04_154833_153.mp4,402,13.400,37,motorcycle,0.295,1146.0 370.9 1173.2 419.6,1,1.200,0,0,30.842,32.423
/Users/lujintao/Downloads/Weixin Videos2026-05-04_154833_153.mp4,403,13.433,34,motorcycle,0.541,869.8 385.3 964.4 473.9,1,1.200,0,0,52.396,19.085
/Users/lujintao/Downloads/Weixin Videos2026-05-04_154833_153.mp4,403,13.433,29,motorcycle,0.527,1040.6 361.7 1105.0 417.9,0,,0,0,52.396,19.085
/Users/lujintao/Downloads/Weixin Videos2026-05-04_154833_153.mp4,403,13.433,36,motorcycle,0.385,482.4 348.9 560.7 438.7,1,1.200,0,0,52.396,19.085
/Users/lujintao/Downloads/Weixin Videos2026-05-04_154833_153.mp4,403,13.433,37,bicycle,0.294,1145.5 364.3 1174.3 419.0,1,1.200,0,0,52.396,19.085
/Users/lujintao/Downloads/Weixin Videos2026-05-04_154833_153.mp4,404,13.467,29,motorcycle,0.623,1040.1 359.5 1109.4 419.9,0,,0,0,30.040,33.289
/Users/lujintao/Downloads/Weixin Videos2026-05-04_154833_153.mp4,404,13.467,34,motorcycle,0.565,879.4 392.7 975.0 470.3,1,1.200,0,0,30.040,33.289
/Users/lujintao/Downloads/Weixin Videos2026-05-04_154833_153.mp4,404,13.467,36,motorcycle,0.458,482.2 347.9 560.9 438.4,2,1.200 1.200,1,0,30.040,33.289
/Users/lujintao/Downloads/Weixin Videos2026-05-04_154833_153.mp4,405,13.500,34,motorcycle,0.577,891.6 390.9 984.1 468.6,1,1.200,0,0,37.826,26.437
/Users/lujintao/Downloads/Weixin Videos2026-05-04_154833_153.mp4,405,13.500,29,motorcycle,0.486,1040.4 364.2 1112.9 418.5,0,,0,0,37.826,26.437
/Users/lujintao/Downloads/Weixin Videos2026-05-04_154833_153.mp4,405,13.500,36,motorcycle,0.417,481.5 344.1 561.0 438.6,1,1.200,0,0,37.826,26.437
/Users/lujintao/Downloads/Weixin Videos2026-05-04_154833_153.mp4,406,13.533,34,motorcycle,0.523,903.7 385.8 993.4 466.8,1,1.200,0,0,29.791,33.567
/Users/lujintao/Downloads/Weixin Videos2026-05-04_154833_153.mp4,406,13.533,36,motorcycle,0.394,480.1 341.3 562.0 438.7,1,1.200,0,0,29.791,33.567
/Users/lujintao/Downloads/Weixin Videos2026-05-04_154833_153.mp4,406,13.533,38,motorcycle,0.282,485.8 382.9 546.7 440.6,0,,0,0,29.791,33.567
/Users/lujintao/Downloads/Weixin Videos2026-05-04_154833_153.mp4,406,13.533,29,motorcycle,0.272,1047.9 354.1 1116.2 416.9,0,,0,0,29.791,33.567
/Users/lujintao/Downloads/Weixin Videos2026-05-04_154833_153.mp4,407,13.567,34,motorcycle,0.628,919.6 397.8 1000.1 466.1,1,1.200,0,0,28.409,35.200
/Users/lujintao/Downloads/Weixin Videos2026-05-04_154833_153.mp4,407,13.567,36,motorcycle,0.310,479.3 336.5 564.2 438.5,1,1.200,0,0,28.409,35.200
/Users/lujintao/Downloads/Weixin Videos2026-05-04_154833_153.mp4,408,13.600,34,motorcycle,0.717,922.4 386.8 1010.2 463.5,1,1.200,0,0,29.780,33.580
/Users/lujintao/Downloads/Weixin Videos2026-05-04_154833_153.mp4,408,13.600,36,motorcycle,0.393,484.5 356.5 557.9 438.1,1,1.200,0,0,29.780,33.580
/Users/lujintao/Downloads/Weixin Videos2026-05-04_154833_153.mp4,408,13.600,29,motorcycle,0.252,1083.5 361.2 1124.4 417.9,0,,0,0,29.780,33.580
/Users/lujintao/Downloads/Weixin Videos2026-05-04_154833_153.mp4,409,13.633,34,motorcycle,0.676,933.8 384.5 1019.1 461.9,1,1.200,0,0,30.136,33.183
/Users/lujintao/Downloads/Weixin Videos2026-05-04_154833_153.mp4,409,13.633,36,motorcycle,0.381,478.1 336.7 565.1 438.9,2,1.200 1.200,1,0,30.136,33.183
/Users/lujintao/Downloads/Weixin Videos2026-05-04_154833_153.mp4,409,13.633,38,motorcycle,0.328,485.0 382.9 549.5 440.5,0,,0,0,30.136,33.183
/Users/lujintao/Downloads/Weixin Videos2026-05-04_154833_153.mp4,410,13.667,34,motorcycle,0.687,942.9 379.9 1026.9 459.5,1,1.200,0,0,28.657,34.895
/Users/lujintao/Downloads/Weixin Videos2026-05-04_154833_153.mp4,410,13.667,36,motorcycle,0.365,478.5 339.1 565.8 439.6,0,,0,0,28.657,34.895
/Users/lujintao/Downloads/Weixin Videos2026-05-04_154833_153.mp4,410,13.667,38,motorcycle,0.258,484.9 381.1 549.9 440.4,1,1.200,0,0,28.657,34.895
/Users/lujintao/Downloads/Weixin Videos2026-05-04_154833_153.mp4,411,13.700,34,motorcycle,0.691,952.8 384.2 1035.3 458.0,1,1.200,0,0,50.083,19.967
/Users/lujintao/Downloads/Weixin Videos2026-05-04_154833_153.mp4,411,13.700,36,motorcycle,0.438,478.9 345.5 562.3 439.1,1,1.200,0,0,50.083,19.967
/Users/lujintao/Downloads/Weixin Videos2026-05-04_154833_153.mp4,412,13.733,34,motorcycle,0.645,961.9 380.3 1042.8 455.1,0,,0,0,27.793,35.980
/Users/lujintao/Downloads/Weixin Videos2026-05-04_154833_153.mp4,412,13.733,36,motorcycle,0.419,483.7 351.9 560.0 437.9,1,1.200,0,0,27.793,35.980
/Users/lujintao/Downloads/Weixin Videos2026-05-04_154833_153.mp4,412,13.733,39,motorcycle,0.372,0.8 440.8 333.3 712.4,1,1.200,0,0,27.793,35.980
/Users/lujintao/Downloads/Weixin Videos2026-05-04_154833_153.mp4,413,13.767,34,motorcycle,0.655,969.0 375.0 1050.8 454.4,0,,0,0,30.977,32.282
/Users/lujintao/Downloads/Weixin Videos2026-05-04_154833_153.mp4,413,13.767,39,motorcycle,0.496,3.1 420.5 386.1 707.2,2,1.200 1.076,1,0,30.977,32.282
/Users/lujintao/Downloads/Weixin Videos2026-05-04_154833_153.mp4,413,13.767,36,motorcycle,0.453,483.4 351.9 560.7 438.1,1,1.200,0,0,30.977,32.282
/Users/lujintao/Downloads/Weixin Videos2026-05-04_154833_153.mp4,413,13.767,40,motorcycle,0.269,220.8 473.2 386.9 689.5,0,,0,0,30.977,32.282
/Users/lujintao/Downloads/Weixin Videos2026-05-04_154833_153.mp4,414,13.800,34,motorcycle,0.530,977.0 362.2 1059.8 454.0,0,,0,0,28.704,34.838
/Users/lujintao/Downloads/Weixin Videos2026-05-04_154833_153.mp4,414,13.800,36,motorcycle,0.516,478.0 342.1 563.1 439.1,1,1.200,0,0,28.704,34.838
/Users/lujintao/Downloads/Weixin Videos2026-05-04_154833_153.mp4,414,13.800,39,motorcycle,0.419,15.6 399.0 433.7 691.6,1,1.200,0,0,28.704,34.838
/Users/lujintao/Downloads/Weixin Videos2026-05-04_154833_153.mp4,414,13.800,29,motorcycle,0.302,1086.2 360.0 1150.8 417.1,0,,0,0,28.704,34.838
/Users/lujintao/Downloads/Weixin Videos2026-05-04_154833_153.mp4,415,13.833,36,motorcycle,0.530,478.4 345.7 563.1 439.2,1,1.200,0,0,30.613,32.665
/Users/lujintao/Downloads/Weixin Videos2026-05-04_154833_153.mp4,415,13.833,39,motorcycle,0.420,8.2 435.0 474.6 707.7,1,1.200,0,0,30.613,32.665
/Users/lujintao/Downloads/Weixin Videos2026-05-04_154833_153.mp4,415,13.833,34,motorcycle,0.329,985.9 358.9 1064.7 453.3,1,1.200,0,0,30.613,32.665
/Users/lujintao/Downloads/Weixin Videos2026-05-04_154833_153.mp4,416,13.867,39,motorcycle,0.512,96.6 428.7 513.1 712.2,1,1.200,0,0,31.067,32.189
/Users/lujintao/Downloads/Weixin Videos2026-05-04_154833_153.mp4,416,13.867,29,motorcycle,0.375,1089.3 362.0 1162.3 417.7,1,1.067,0,0,31.067,32.189
/Users/lujintao/Downloads/Weixin Videos2026-05-04_154833_153.mp4,416,13.867,36,motorcycle,0.356,478.1 339.4 562.3 439.2,1,1.200,0,0,31.067,32.189
/Users/lujintao/Downloads/Weixin Videos2026-05-04_154833_153.mp4,417,13.900,39,motorcycle,0.585,163.2 413.6 547.6 712.3,1,1.200,0,0,29.057,34.416
/Users/lujintao/Downloads/Weixin Videos2026-05-04_154833_153.mp4,418,13.933,39,motorcycle,0.698,239.6 425.8 576.1 699.8,1,1.200,0,0,29.233,34.208
/Users/lujintao/Downloads/Weixin Videos2026-05-04_154833_153.mp4,419,13.967,39,motorcycle,0.563,295.0 408.9 602.8 693.8,1,1.200,0,0,31.821,31.426
/Users/lujintao/Downloads/Weixin Videos2026-05-04_154833_153.mp4,420,14.000,39,motorcycle,0.785,343.7 394.3 635.1 658.8,1,1.200,0,0,31.162,32.091
/Users/lujintao/Downloads/Weixin Videos2026-05-04_154833_153.mp4,421,14.033,39,motorcycle,0.790,390.9 392.7 653.3 644.6,1,1.200,0,0,31.098,32.156
/Users/lujintao/Downloads/Weixin Videos2026-05-04_154833_153.mp4,422,14.067,39,motorcycle,0.468,432.1 450.5 674.4 629.1,1,1.200,0,0,43.688,22.890
/Users/lujintao/Downloads/Weixin Videos2026-05-04_154833_153.mp4,423,14.100,39,motorcycle,0.605,474.2 408.8 697.6 615.7,1,1.200,0,0,29.214,34.230
/Users/lujintao/Downloads/Weixin Videos2026-05-04_154833_153.mp4,423,14.100,36,motorcycle,0.282,479.5 337.3 555.4 439.4,1,1.200,0,0,29.214,34.230
/Users/lujintao/Downloads/Weixin Videos2026-05-04_154833_153.mp4,424,14.133,39,motorcycle,0.633,508.3 406.7 715.0 600.4,1,1.200,0,0,31.152,32.101
/Users/lujintao/Downloads/Weixin Videos2026-05-04_154833_153.mp4,424,14.133,36,motorcycle,0.452,480.2 342.9 564.0 438.7,1,1.200,0,0,31.152,32.101
/Users/lujintao/Downloads/Weixin Videos2026-05-04_154833_153.mp4,425,14.167,39,motorcycle,0.599,544.1 448.8 733.5 589.8,1,1.200,0,0,27.232,36.721
/Users/lujintao/Downloads/Weixin Videos2026-05-04_154833_153.mp4,425,14.167,36,motorcycle,0.548,480.4 344.8 559.4 438.7,1,1.200,0,0,27.232,36.721
/Users/lujintao/Downloads/Weixin Videos2026-05-04_154833_153.mp4,426,14.200,39,motorcycle,0.643,567.5 454.3 746.3 580.7,1,1.200,0,0,28.383,35.233
/Users/lujintao/Downloads/Weixin Videos2026-05-04_154833_153.mp4,426,14.200,36,motorcycle,0.555,481.6 347.0 560.1 438.2,1,1.200,0,0,28.383,35.233
/Users/lujintao/Downloads/Weixin Videos2026-05-04_154833_153.mp4,426,14.200,41,motorcycle,0.405,1081.1 366.4 1145.7 439.2,0,,0,0,28.383,35.233
/Users/lujintao/Downloads/Weixin Videos2026-05-04_154833_153.mp4,426,14.200,42,motorcycle,0.356,1143.2 358.5 1215.3 419.2,0,,0,0,28.383,35.233
/Users/lujintao/Downloads/Weixin Videos2026-05-04_154833_153.mp4,427,14.233,39,motorcycle,0.657,591.1 400.8 768.0 571.7,1,1.200,0,0,31.365,31.882
/Users/lujintao/Downloads/Weixin Videos2026-05-04_154833_153.mp4,427,14.233,36,motorcycle,0.590,482.2 348.7 560.6 438.4,1,1.200,0,0,31.365,31.882
/Users/lujintao/Downloads/Weixin Videos2026-05-04_154833_153.mp4,427,14.233,41,motorcycle,0.389,1083.7 369.5 1151.0 439.7,0,,0,0,31.365,31.882
/Users/lujintao/Downloads/Weixin Videos2026-05-04_154833_153.mp4,427,14.233,42,motorcycle,0.376,1148.7 356.6 1221.0 419.5,0,,0,0,31.365,31.882
/Users/lujintao/Downloads/Weixin Videos2026-05-04_154833_153.mp4,428,14.267,39,motorcycle,0.625,622.4 429.7 775.3 561.0,1,1.200,0,0,30.325,32.977
/Users/lujintao/Downloads/Weixin Videos2026-05-04_154833_153.mp4,428,14.267,36,motorcycle,0.448,481.7 347.7 559.0 438.1,1,1.200,0,0,30.325,32.977
/Users/lujintao/Downloads/Weixin Videos2026-05-04_154833_153.mp4,429,14.300,36,motorcycle,0.552,481.5 349.0 559.9 438.3,1,1.200,0,0,30.083,33.242
/Users/lujintao/Downloads/Weixin Videos2026-05-04_154833_153.mp4,429,14.300,39,motorcycle,0.550,640.7 430.5 790.0 553.4,1,1.200,0,0,30.083,33.242
/Users/lujintao/Downloads/Weixin Videos2026-05-04_154833_153.mp4,430,14.333,39,motorcycle,0.571,661.7 430.0 802.6 548.1,1,1.200,0,0,29.623,33.757
/Users/lujintao/Downloads/Weixin Videos2026-05-04_154833_153.mp4,430,14.333,36,motorcycle,0.512,481.6 349.1 560.5 438.4,1,1.200,0,0,29.623,33.757
/Users/lujintao/Downloads/Weixin Videos2026-05-04_154833_153.mp4,430,14.333,41,motorcycle,0.417,1099.4 369.0 1170.1 436.5,0,,0,0,29.623,33.757
/Users/lujintao/Downloads/Weixin Videos2026-05-04_154833_153.mp4,430,14.333,42,motorcycle,0.325,1164.9 361.5 1240.2 420.1,0,,0,0,29.623,33.757
/Users/lujintao/Downloads/Weixin Videos2026-05-04_154833_153.mp4,431,14.367,39,motorcycle,0.556,681.1 432.5 811.1 538.7,1,1.200,0,0,28.790,34.735
/Users/lujintao/Downloads/Weixin Videos2026-05-04_154833_153.mp4,431,14.367,36,motorcycle,0.498,481.4 348.8 560.2 438.3,1,1.200,0,0,28.790,34.735
/Users/lujintao/Downloads/Weixin Videos2026-05-04_154833_153.mp4,431,14.367,41,motorcycle,0.320,1106.3 367.6 1177.6 436.4,0,,0,0,28.790,34.735
/Users/lujintao/Downloads/Weixin Videos2026-05-04_154833_153.mp4,431,14.367,42,motorcycle,0.271,1177.3 366.4 1246.4 421.7,0,,0,0,28.790,34.735
/Users/lujintao/Downloads/Weixin Videos2026-05-04_154833_153.mp4,432,14.400,39,motorcycle,0.562,700.1 426.7 826.2 532.4,1,1.200,0,0,30.926,32.336
/Users/lujintao/Downloads/Weixin Videos2026-05-04_154833_153.mp4,432,14.400,36,motorcycle,0.493,481.5 346.4 559.8 438.1,1,1.200,0,0,30.926,32.336
/Users/lujintao/Downloads/Weixin Videos2026-05-04_154833_153.mp4,432,14.400,41,motorcycle,0.477,1111.2 372.2 1183.1 436.2,0,,0,0,30.926,32.336
/Users/lujintao/Downloads/Weixin Videos2026-05-04_154833_153.mp4,433,14.433,41,motorcycle,0.620,1116.0 367.5 1188.6 436.5,0,,0,0,29.536,33.857
/Users/lujintao/Downloads/Weixin Videos2026-05-04_154833_153.mp4,433,14.433,39,motorcycle,0.546,717.3 397.7 846.6 524.8,1,1.200,0,0,29.536,33.857
/Users/lujintao/Downloads/Weixin Videos2026-05-04_154833_153.mp4,433,14.433,36,motorcycle,0.479,480.9 343.1 560.6 438.1,1,1.200,0,0,29.536,33.857
/Users/lujintao/Downloads/Weixin Videos2026-05-04_154833_153.mp4,434,14.467,39,motorcycle,0.634,733.2 405.4 848.1 519.5,1,1.200,0,0,32.764,30.522
/Users/lujintao/Downloads/Weixin Videos2026-05-04_154833_153.mp4,434,14.467,36,motorcycle,0.473,480.0 342.9 560.3 438.0,1,1.200,0,0,32.764,30.522
/Users/lujintao/Downloads/Weixin Videos2026-05-04_154833_153.mp4,434,14.467,41,motorcycle,0.383,1120.8 369.0 1193.4 435.4,0,,0,0,32.764,30.522
/Users/lujintao/Downloads/Weixin Videos2026-05-04_154833_153.mp4,435,14.500,39,motorcycle,0.548,749.2 398.4 859.0 516.6,1,1.200,0,0,38.736,25.816
/Users/lujintao/Downloads/Weixin Videos2026-05-04_154833_153.mp4,435,14.500,41,motorcycle,0.486,1126.9 371.4 1198.5 434.0,0,,0,0,38.736,25.816
/Users/lujintao/Downloads/Weixin Videos2026-05-04_154833_153.mp4,435,14.500,36,motorcycle,0.433,478.0 345.0 562.0 438.2,1,1.200,0,0,38.736,25.816
/Users/lujintao/Downloads/Weixin Videos2026-05-04_154833_153.mp4,435,14.500,42,motorcycle,0.431,1198.0 359.8 1274.0 422.9,0,,0,0,38.736,25.816
/Users/lujintao/Downloads/Weixin Videos2026-05-04_154833_153.mp4,436,14.533,39,motorcycle,0.536,762.1 394.7 872.8 509.5,1,1.200,0,0,31.690,31.555
/Users/lujintao/Downloads/Weixin Videos2026-05-04_154833_153.mp4,436,14.533,41,motorcycle,0.480,1134.8 370.5 1205.2 433.3,0,,0,0,31.690,31.555
/Users/lujintao/Downloads/Weixin Videos2026-05-04_154833_153.mp4,436,14.533,36,motorcycle,0.426,477.0 344.5 562.9 437.8,1,1.200,0,0,31.690,31.555
/Users/lujintao/Downloads/Weixin Videos2026-05-04_154833_153.mp4,437,14.567,39,motorcycle,0.524,773.0 401.2 879.1 505.5,1,1.200,0,0,26.770,37.355
/Users/lujintao/Downloads/Weixin Videos2026-05-04_154833_153.mp4,437,14.567,36,motorcycle,0.468,478.4 341.5 562.6 438.5,1,1.200,0,0,26.770,37.355
/Users/lujintao/Downloads/Weixin Videos2026-05-04_154833_153.mp4,438,14.600,39,motorcycle,0.502,785.6 402.8 887.1 501.8,1,1.200,0,0,28.851,34.661
/Users/lujintao/Downloads/Weixin Videos2026-05-04_154833_153.mp4,438,14.600,36,motorcycle,0.461,478.2 340.3 563.5 439.0,1,1.200,0,0,28.851,34.661
/Users/lujintao/Downloads/Weixin Videos2026-05-04_154833_153.mp4,438,14.600,41,motorcycle,0.336,1145.7 371.3 1212.4 432.9,0,,0,0,28.851,34.661
/Users/lujintao/Downloads/Weixin Videos2026-05-04_154833_153.mp4,439,14.633,36,motorcycle,0.499,479.0 339.6 563.9 439.3,1,1.200,0,0,29.558,33.832
/Users/lujintao/Downloads/Weixin Videos2026-05-04_154833_153.mp4,439,14.633,39,motorcycle,0.457,796.9 401.8 896.9 498.8,1,1.200,0,0,29.558,33.832
/Users/lujintao/Downloads/Weixin Videos2026-05-04_154833_153.mp4,439,14.633,41,motorcycle,0.287,1151.5 365.3 1221.9 432.4,0,,0,0,29.558,33.832
/Users/lujintao/Downloads/Weixin Videos2026-05-04_154833_153.mp4,440,14.667,39,motorcycle,0.505,811.9 408.9 900.2 494.1,1,1.200,0,0,29.005,34.477
/Users/lujintao/Downloads/Weixin Videos2026-05-04_154833_153.mp4,440,14.667,36,motorcycle,0.502,478.6 337.9 565.0 439.9,1,1.200,0,0,29.005,34.477
/Users/lujintao/Downloads/Weixin Videos2026-05-04_154833_153.mp4,440,14.667,41,motorcycle,0.336,1156.4 367.7 1226.1 432.4,0,,0,0,29.005,34.477
/Users/lujintao/Downloads/Weixin Videos2026-05-04_154833_153.mp4,441,14.700,36,motorcycle,0.504,478.1 339.8 563.8 439.3,1,1.200,0,0,30.481,32.808
/Users/lujintao/Downloads/Weixin Videos2026-05-04_154833_153.mp4,441,14.700,39,motorcycle,0.430,821.5 410.2 907.1 491.8,1,1.200,0,0,30.481,32.808
/Users/lujintao/Downloads/Weixin Videos2026-05-04_154833_153.mp4,441,14.700,41,motorcycle,0.368,1163.1 361.4 1234.9 431.6,0,,0,0,30.481,32.808
/Users/lujintao/Downloads/Weixin Videos2026-05-04_154833_153.mp4,442,14.733,36,motorcycle,0.488,477.6 342.3 562.4 439.4,1,1.200,0,0,29.266,34.170
/Users/lujintao/Downloads/Weixin Videos2026-05-04_154833_153.mp4,442,14.733,39,motorcycle,0.427,829.5 385.6 928.3 475.3,1,1.200,0,0,29.266,34.170
/Users/lujintao/Downloads/Weixin Videos2026-05-04_154833_153.mp4,442,14.733,41,motorcycle,0.369,1166.6 365.7 1238.3 431.6,0,,0,0,29.266,34.170
/Users/lujintao/Downloads/Weixin Videos2026-05-04_154833_153.mp4,443,14.767,36,motorcycle,0.506,477.5 344.0 562.0 439.5,1,1.200,0,0,37.119,26.940
/Users/lujintao/Downloads/Weixin Videos2026-05-04_154833_153.mp4,443,14.767,39,motorcycle,0.427,836.7 397.3 927.5 484.4,1,1.200,0,0,37.119,26.940
/Users/lujintao/Downloads/Weixin Videos2026-05-04_154833_153.mp4,444,14.800,36,motorcycle,0.569,478.2 345.7 562.5 440.1,1,1.200,0,0,30.292,33.012
/Users/lujintao/Downloads/Weixin Videos2026-05-04_154833_153.mp4,444,14.800,39,motorcycle,0.499,848.8 391.4 944.7 478.6,1,1.200,0,0,30.292,33.012
/Users/lujintao/Downloads/Weixin Videos2026-05-04_154833_153.mp4,444,14.800,41,motorcycle,0.322,1179.2 370.9 1250.4 430.8,0,,0,0,30.292,33.012
/Users/lujintao/Downloads/Weixin Videos2026-05-04_154833_153.mp4,445,14.833,36,motorcycle,0.562,478.1 348.5 562.2 440.1,1,1.200,0,0,30.160,33.157
/Users/lujintao/Downloads/Weixin Videos2026-05-04_154833_153.mp4,445,14.833,39,motorcycle,0.529,856.5 389.7 948.3 474.6,1,1.200,0,0,30.160,33.157
/Users/lujintao/Downloads/Weixin Videos2026-05-04_154833_153.mp4,445,14.833,41,motorcycle,0.412,1185.0 371.6 1256.7 431.0,0,,0,0,30.160,33.157
/Users/lujintao/Downloads/Weixin Videos2026-05-04_154833_153.mp4,446,14.867,36,motorcycle,0.561,478.1 347.3 562.3 439.4,1,1.200,0,0,42.063,23.774
/Users/lujintao/Downloads/Weixin Videos2026-05-04_154833_153.mp4,446,14.867,39,motorcycle,0.516,864.3 389.7 948.7 470.8,1,1.200,0,0,42.063,23.774
/Users/lujintao/Downloads/Weixin Videos2026-05-04_154833_153.mp4,447,14.900,36,motorcycle,0.561,478.7 350.5 561.3 438.7,1,1.200,0,0,34.690,28.827
/Users/lujintao/Downloads/Weixin Videos2026-05-04_154833_153.mp4,447,14.900,39,motorcycle,0.425,874.9 387.4 955.9 470.7,1,1.200,0,0,34.690,28.827
/Users/lujintao/Downloads/Weixin Videos2026-05-04_154833_153.mp4,447,14.900,41,motorcycle,0.334,1194.3 367.0 1272.0 431.2,0,,0,0,34.690,28.827
/Users/lujintao/Downloads/Weixin Videos2026-05-04_154833_153.mp4,448,14.933,36,motorcycle,0.559,478.8 348.6 561.0 438.5,1,1.200,0,0,30.057,33.270
/Users/lujintao/Downloads/Weixin Videos2026-05-04_154833_153.mp4,448,14.933,39,motorcycle,0.364,881.1 386.6 964.5 467.1,1,1.200,0,0,30.057,33.270
/Users/lujintao/Downloads/Weixin Videos2026-05-04_154833_153.mp4,448,14.933,41,motorcycle,0.317,1202.1 365.9 1274.6 430.4,0,,0,0,30.057,33.270
/Users/lujintao/Downloads/Weixin Videos2026-05-04_154833_153.mp4,449,14.967,36,motorcycle,0.572,479.2 347.8 561.3 438.3,1,1.200,0,0,26.999,37.038
/Users/lujintao/Downloads/Weixin Videos2026-05-04_154833_153.mp4,449,14.967,39,motorcycle,0.437,888.9 392.6 969.7 466.7,1,1.200,0,0,26.999,37.038
/Users/lujintao/Downloads/Weixin Videos2026-05-04_154833_153.mp4,450,15.000,36,motorcycle,0.549,478.2 347.3 561.3 438.3,1,1.200,0,0,29.118,34.344
/Users/lujintao/Downloads/Weixin Videos2026-05-04_154833_153.mp4,450,15.000,39,motorcycle,0.530,895.3 390.6 977.7 462.9,1,1.200,0,0,29.118,34.344
/Users/lujintao/Downloads/Weixin Videos2026-05-04_154833_153.mp4,451,15.033,36,motorcycle,0.550,479.1 350.6 559.7 437.9,1,1.200,0,0,29.148,34.308
/Users/lujintao/Downloads/Weixin Videos2026-05-04_154833_153.mp4,451,15.033,39,motorcycle,0.546,903.1 389.2 978.9 462.1,1,1.200,0,0,29.148,34.308
/Users/lujintao/Downloads/Weixin Videos2026-05-04_154833_153.mp4,452,15.067,36,motorcycle,0.528,479.1 351.4 560.0 437.6,1,1.200,0,0,27.513,36.347
/Users/lujintao/Downloads/Weixin Videos2026-05-04_154833_153.mp4,452,15.067,39,motorcycle,0.402,911.7 386.9 981.0 461.0,1,1.200,0,0,27.513,36.347
/Users/lujintao/Downloads/Weixin Videos2026-05-04_154833_153.mp4,453,15.100,36,motorcycle,0.585,480.1 357.3 559.8 437.6,1,1.200,0,0,30.114,33.207
/Users/lujintao/Downloads/Weixin Videos2026-05-04_154833_153.mp4,453,15.100,39,motorcycle,0.443,917.2 390.6 984.5 460.5,1,1.200,0,0,30.114,33.207
/Users/lujintao/Downloads/Weixin Videos2026-05-04_154833_153.mp4,454,15.133,36,motorcycle,0.569,480.6 354.7 560.0 437.8,1,1.200,0,0,48.435,20.646
/Users/lujintao/Downloads/Weixin Videos2026-05-04_154833_153.mp4,454,15.133,39,motorcycle,0.384,924.3 392.3 988.9 458.8,1,1.200,0,0,48.435,20.646
/Users/lujintao/Downloads/Weixin Videos2026-05-04_154833_153.mp4,455,15.167,36,motorcycle,0.497,479.9 344.6 560.0 437.6,1,1.200,0,0,31.438,31.808
/Users/lujintao/Downloads/Weixin Videos2026-05-04_154833_153.mp4,455,15.167,39,motorcycle,0.425,928.8 393.4 1001.0 455.7,1,1.200,0,0,31.438,31.808
/Users/lujintao/Downloads/Weixin Videos2026-05-04_154833_153.mp4,456,15.200,36,motorcycle,0.463,479.1 341.2 560.4 437.7,1,1.200,0,0,29.748,33.616
/Users/lujintao/Downloads/Weixin Videos2026-05-04_154833_153.mp4,456,15.200,39,motorcycle,0.424,934.6 388.2 1007.5 453.6,1,1.200,0,0,29.748,33.616
/Users/lujintao/Downloads/Weixin Videos2026-05-04_154833_153.mp4,457,15.233,36,motorcycle,0.449,485.4 354.4 558.4 436.5,1,1.200,0,0,31.577,31.668
/Users/lujintao/Downloads/Weixin Videos2026-05-04_154833_153.mp4,457,15.233,39,motorcycle,0.331,942.9 384.4 1008.0 451.0,1,1.200,0,0,31.577,31.668
/Users/lujintao/Downloads/Weixin Videos2026-05-04_154833_153.mp4,458,15.267,36,motorcycle,0.478,485.0 355.7 558.3 436.6,1,1.200,0,0,29.344,34.078
/Users/lujintao/Downloads/Weixin Videos2026-05-04_154833_153.mp4,458,15.267,39,motorcycle,0.304,946.2 386.1 1015.3 450.4,1,1.200,0,0,29.344,34.078
/Users/lujintao/Downloads/Weixin Videos2026-05-04_154833_153.mp4,459,15.300,36,motorcycle,0.478,477.6 343.1 559.2 437.9,1,1.200,0,0,30.921,32.341
/Users/lujintao/Downloads/Weixin Videos2026-05-04_154833_153.mp4,459,15.300,39,motorcycle,0.315,953.1 395.9 1017.5 448.5,1,1.200,0,0,30.921,32.341
/Users/lujintao/Downloads/Weixin Videos2026-05-04_154833_153.mp4,460,15.333,36,motorcycle,0.458,484.7 354.7 558.9 437.0,1,1.200,0,0,29.668,33.707
/Users/lujintao/Downloads/Weixin Videos2026-05-04_154833_153.mp4,460,15.333,39,motorcycle,0.280,960.9 375.8 1022.2 446.6,1,1.200,0,0,29.668,33.707
/Users/lujintao/Downloads/Weixin Videos2026-05-04_154833_153.mp4,461,15.367,36,motorcycle,0.463,484.5 354.6 559.1 437.0,1,1.200,0,0,31.999,31.251
/Users/lujintao/Downloads/Weixin Videos2026-05-04_154833_153.mp4,461,15.367,39,motorcycle,0.426,964.2 384.2 1025.9 446.3,1,1.200,0,0,31.999,31.251
/Users/lujintao/Downloads/Weixin Videos2026-05-04_154833_153.mp4,462,15.400,39,motorcycle,0.451,970.7 389.7 1031.3 444.7,1,1.200,0,0,30.299,33.004
/Users/lujintao/Downloads/Weixin Videos2026-05-04_154833_153.mp4,462,15.400,36,motorcycle,0.447,476.2 339.1 560.9 437.8,1,1.200,0,0,30.299,33.004
/Users/lujintao/Downloads/Weixin Videos2026-05-04_154833_153.mp4,463,15.433,36,motorcycle,0.479,483.4 353.9 559.8 437.1,1,1.200,0,0,31.925,31.323
/Users/lujintao/Downloads/Weixin Videos2026-05-04_154833_153.mp4,463,15.433,39,motorcycle,0.345,976.6 370.0 1034.6 442.7,1,1.200,0,0,31.925,31.323
/Users/lujintao/Downloads/Weixin Videos2026-05-04_154833_153.mp4,464,15.467,39,motorcycle,0.558,979.8 377.7 1036.8 442.6,1,1.200,0,0,29.487,33.913
/Users/lujintao/Downloads/Weixin Videos2026-05-04_154833_153.mp4,464,15.467,36,motorcycle,0.482,483.4 353.6 559.9 437.2,1,1.200,0,0,29.487,33.913
/Users/lujintao/Downloads/Weixin Videos2026-05-04_154833_153.mp4,465,15.500,39,motorcycle,0.550,984.9 372.9 1042.6 440.5,1,1.200,0,0,53.259,18.776
/Users/lujintao/Downloads/Weixin Videos2026-05-04_154833_153.mp4,465,15.500,36,motorcycle,0.433,477.2 341.3 561.8 438.3,1,1.200,0,0,53.259,18.776
/Users/lujintao/Downloads/Weixin Videos2026-05-04_154833_153.mp4,466,15.533,36,motorcycle,0.488,483.1 353.8 560.4 437.2,1,1.200,0,0,28.209,35.449
/Users/lujintao/Downloads/Weixin Videos2026-05-04_154833_153.mp4,466,15.533,39,motorcycle,0.477,990.6 374.1 1043.0 437.9,1,1.200,0,0,28.209,35.449
/Users/lujintao/Downloads/Weixin Videos2026-05-04_154833_153.mp4,467,15.567,36,motorcycle,0.442,483.1 354.6 560.1 437.0,1,1.200,0,0,33.484,29.865
/Users/lujintao/Downloads/Weixin Videos2026-05-04_154833_153.mp4,467,15.567,39,motorcycle,0.344,994.9 365.4 1048.1 436.8,1,1.200,0,0,33.484,29.865
/Users/lujintao/Downloads/Weixin Videos2026-05-04_154833_153.mp4,468,15.600,36,motorcycle,0.458,483.3 354.2 560.6 437.1,1,1.200,0,0,32.632,30.644
/Users/lujintao/Downloads/Weixin Videos2026-05-04_154833_153.mp4,468,15.600,39,motorcycle,0.252,1001.9 390.5 1045.3 435.4,1,1.197,0,0,32.632,30.644
/Users/lujintao/Downloads/Weixin Videos2026-05-04_154833_153.mp4,469,15.633,36,motorcycle,0.435,483.4 354.3 560.6 436.9,1,1.200,0,0,30.315,32.987
/Users/lujintao/Downloads/Weixin Videos2026-05-04_154833_153.mp4,470,15.667,36,motorcycle,0.422,477.4 343.1 561.6 437.9,2,1.200 1.085,1,0,33.176,30.142
/Users/lujintao/Downloads/Weixin Videos2026-05-04_154833_153.mp4,471,15.700,36,motorcycle,0.377,477.4 342.9 561.0 438.1,2,1.200 1.086,1,1,29.718,33.649
/Users/lujintao/Downloads/Weixin Videos2026-05-04_154833_153.mp4,472,15.733,36,motorcycle,0.440,483.3 354.9 560.1 436.9,2,1.200 1.122,1,1,29.302,34.128
/Users/lujintao/Downloads/Weixin Videos2026-05-04_154833_153.mp4,473,15.767,36,motorcycle,0.443,483.2 354.6 560.2 436.8,2,1.200 1.121,1,1,30.286,33.018
/Users/lujintao/Downloads/Weixin Videos2026-05-04_154833_153.mp4,474,15.800,36,motorcycle,0.459,483.2 353.9 560.3 436.9,2,1.200 1.122,1,1,30.193,33.120
/Users/lujintao/Downloads/Weixin Videos2026-05-04_154833_153.mp4,475,15.833,36,motorcycle,0.465,483.1 353.7 560.0 437.0,1,1.200,0,1,28.638,34.919
/Users/lujintao/Downloads/Weixin Videos2026-05-04_154833_153.mp4,476,15.867,36,motorcycle,0.329,482.0 371.3 556.1 439.6,2,1.200 1.175,1,1,29.696,33.674
/Users/lujintao/Downloads/Weixin Videos2026-05-04_154833_153.mp4,477,15.900,36,motorcycle,0.326,482.5 381.5 546.0 439.9,1,1.104,0,1,29.445,33.962
/Users/lujintao/Downloads/Weixin Videos2026-05-04_154833_153.mp4,477,15.900,43,motorcycle,0.289,476.5 338.3 561.7 438.4,1,1.200,0,0,29.445,33.962
/Users/lujintao/Downloads/Weixin Videos2026-05-04_154833_153.mp4,478,15.933,36,motorcycle,0.354,483.6 380.3 545.6 439.8,0,,0,1,30.569,32.712
/Users/lujintao/Downloads/Weixin Videos2026-05-04_154833_153.mp4,478,15.933,43,motorcycle,0.291,477.0 339.2 561.7 438.5,0,,0,0,30.569,32.712
/Users/lujintao/Downloads/Weixin Videos2026-05-04_154833_153.mp4,479,15.967,36,motorcycle,0.368,484.2 379.7 543.9 439.5,0,,0,1,32.932,30.365
/Users/lujintao/Downloads/Weixin Videos2026-05-04_154833_153.mp4,479,15.967,43,motorcycle,0.290,476.3 338.1 561.6 438.3,1,1.200,0,0,32.932,30.365
/Users/lujintao/Downloads/Weixin Videos2026-05-04_154833_153.mp4,480,16.000,36,motorcycle,0.363,484.9 379.5 542.3 439.5,0,,0,0,32.583,30.691
/Users/lujintao/Downloads/Weixin Videos2026-05-04_154833_153.mp4,480,16.000,43,motorcycle,0.256,478.1 341.3 561.2 438.2,1,1.200,0,0,32.583,30.691
/Users/lujintao/Downloads/Weixin Videos2026-05-04_154833_153.mp4,481,16.033,36,motorcycle,0.346,485.2 378.5 541.2 439.4,0,,0,0,30.502,32.785
/Users/lujintao/Downloads/Weixin Videos2026-05-04_154833_153.mp4,482,16.067,36,motorcycle,0.318,485.2 376.8 543.3 438.8,0,,0,0,29.864,33.485
/Users/lujintao/Downloads/Weixin Videos2026-05-04_154833_153.mp4,483,16.100,36,motorcycle,0.281,484.9 378.2 541.6 438.9,0,,0,0,26.407,37.868
/Users/lujintao/Downloads/Weixin Videos2026-05-04_154833_153.mp4,491,16.367,44,motorcycle,0.253,486.0 379.5 543.1 436.4,1,1.191,0,0,32.068,31.184
/Users/lujintao/Downloads/Weixin Videos2026-05-04_154833_153.mp4,492,16.400,44,motorcycle,0.339,486.5 379.4 543.1 436.0,1,1.153,0,0,27.653,36.163
/Users/lujintao/Downloads/Weixin Videos2026-05-04_154833_153.mp4,493,16.433,44,motorcycle,0.401,487.4 371.9 542.9 435.9,1,1.151,0,0,28.201,35.460
/Users/lujintao/Downloads/Weixin Videos2026-05-04_154833_153.mp4,494,16.467,44,motorcycle,0.385,487.6 377.3 545.5 434.8,0,,0,0,28.695,34.850
/Users/lujintao/Downloads/Weixin Videos2026-05-04_154833_153.mp4,494,16.467,45,motorcycle,0.255,484.8 348.7 569.0 430.4,1,1.200,0,0,28.695,34.850
/Users/lujintao/Downloads/Weixin Videos2026-05-04_154833_153.mp4,495,16.500,44,motorcycle,0.409,488.2 373.8 546.1 434.7,1,1.174,0,0,29.706,33.664
/Users/lujintao/Downloads/Weixin Videos2026-05-04_154833_153.mp4,496,16.533,45,motorcycle,0.410,484.5 344.8 561.1 434.0,1,1.200,0,0,29.396,34.019
/Users/lujintao/Downloads/Weixin Videos2026-05-04_154833_153.mp4,497,16.567,44,motorcycle,0.413,489.1 367.6 548.1 433.9,1,1.193,0,0,34.805,28.731
/Users/lujintao/Downloads/Weixin Videos2026-05-04_154833_153.mp4,498,16.600,45,motorcycle,0.405,485.1 348.3 562.9 433.3,1,1.200,0,0,30.092,33.231
/Users/lujintao/Downloads/Weixin Videos2026-05-04_154833_153.mp4,499,16.633,46,motorcycle,0.442,1099.1 354.1 1142.8 402.9,0,,0,0,30.267,33.040
/Users/lujintao/Downloads/Weixin Videos2026-05-04_154833_153.mp4,499,16.633,45,motorcycle,0.412,484.5 346.6 563.0 432.7,1,1.200,0,0,30.267,33.040
/Users/lujintao/Downloads/Weixin Videos2026-05-04_154833_153.mp4,500,16.667,45,motorcycle,0.442,485.9 359.5 558.0 432.8,1,1.200,0,0,29.773,33.588
/Users/lujintao/Downloads/Weixin Videos2026-05-04_154833_153.mp4,500,16.667,46,motorcycle,0.402,1100.5 353.7 1144.3 401.8,0,,0,0,29.773,33.588
/Users/lujintao/Downloads/Weixin Videos2026-05-04_154833_153.mp4,501,16.700,45,motorcycle,0.441,485.7 362.2 555.0 432.4,1,1.200,0,0,30.221,33.090
/Users/lujintao/Downloads/Weixin Videos2026-05-04_154833_153.mp4,501,16.700,46,motorcycle,0.287,1100.9 350.7 1145.2 401.2,0,,0,0,30.221,33.090
/Users/lujintao/Downloads/Weixin Videos2026-05-04_154833_153.mp4,502,16.733,45,motorcycle,0.425,486.2 361.5 553.5 431.7,1,1.200,0,0,31.886,31.362
/Users/lujintao/Downloads/Weixin Videos2026-05-04_154833_153.mp4,503,16.767,45,motorcycle,0.385,484.9 345.8 560.6 431.6,1,1.200,0,0,29.904,33.440
/Users/lujintao/Downloads/Weixin Videos2026-05-04_154833_153.mp4,504,16.800,45,motorcycle,0.358,483.9 347.6 561.5 431.1,1,1.200,0,0,29.982,33.354
/Users/lujintao/Downloads/Weixin Videos2026-05-04_154833_153.mp4,504,16.800,46,motorcycle,0.330,1105.0 350.2 1148.7 397.4,0,,0,0,29.982,33.354
/Users/lujintao/Downloads/Weixin Videos2026-05-04_154833_153.mp4,505,16.833,46,motorcycle,0.358,1106.5 350.0 1150.0 396.9,0,,0,0,29.758,33.605
/Users/lujintao/Downloads/Weixin Videos2026-05-04_154833_153.mp4,505,16.833,45,motorcycle,0.282,483.3 344.8 563.9 430.9,1,1.200,0,0,29.758,33.605
/Users/lujintao/Downloads/Weixin Videos2026-05-04_154833_153.mp4,506,16.867,45,motorcycle,0.339,482.6 335.0 564.9 430.2,1,1.200,0,0,36.578,27.339
/Users/lujintao/Downloads/Weixin Videos2026-05-04_154833_153.mp4,506,16.867,46,motorcycle,0.294,1108.2 349.2 1151.5 396.0,0,,0,0,36.578,27.339
/Users/lujintao/Downloads/Weixin Videos2026-05-04_154833_153.mp4,507,16.900,45,motorcycle,0.325,483.4 340.6 562.8 429.9,1,1.200,0,0,29.646,33.731
/Users/lujintao/Downloads/Weixin Videos2026-05-04_154833_153.mp4,508,16.933,45,motorcycle,0.333,484.1 340.3 563.8 428.9,1,1.200,0,0,31.460,31.787
/Users/lujintao/Downloads/Weixin Videos2026-05-04_154833_153.mp4,508,16.933,46,motorcycle,0.273,1110.6 348.2 1153.8 395.6,0,,0,0,31.460,31.787
/Users/lujintao/Downloads/Weixin Videos2026-05-04_154833_153.mp4,509,16.967,47,motorcycle,0.431,1.8 433.8 340.2 712.9,0,,0,0,27.058,36.958
/Users/lujintao/Downloads/Weixin Videos2026-05-04_154833_153.mp4,509,16.967,46,motorcycle,0.367,1112.5 348.3 1154.5 395.0,0,,0,0,27.058,36.958
/Users/lujintao/Downloads/Weixin Videos2026-05-04_154833_153.mp4,509,16.967,45,motorcycle,0.357,482.2 335.8 565.0 429.3,1,1.200,0,0,27.058,36.958
/Users/lujintao/Downloads/Weixin Videos2026-05-04_154833_153.mp4,510,17.000,47,motorcycle,0.719,1.0 449.8 380.8 711.0,1,1.200,0,0,30.217,33.094
/Users/lujintao/Downloads/Weixin Videos2026-05-04_154833_153.mp4,510,17.000,45,motorcycle,0.405,482.5 333.3 565.6 429.9,1,1.200,0,0,30.217,33.094
/Users/lujintao/Downloads/Weixin Videos2026-05-04_154833_153.mp4,510,17.000,46,motorcycle,0.317,1112.3 348.1 1155.3 394.0,0,,0,0,30.217,33.094
/Users/lujintao/Downloads/Weixin Videos2026-05-04_154833_153.mp4,511,17.033,45,motorcycle,0.344,481.6 327.3 565.6 429.4,1,1.200,0,0,50.592,19.766
/Users/lujintao/Downloads/Weixin Videos2026-05-04_154833_153.mp4,511,17.033,46,motorcycle,0.291,1113.7 348.5 1155.8 393.1,0,,0,0,50.592,19.766
/Users/lujintao/Downloads/Weixin Videos2026-05-04_154833_153.mp4,511,17.033,47,motorcycle,0.250,10.8 455.7 428.6 711.7,1,1.200,0,0,50.592,19.766
/Users/lujintao/Downloads/Weixin Videos2026-05-04_154833_153.mp4,512,17.067,46,motorcycle,0.344,1114.5 348.9 1156.0 392.1,0,,0,0,26.815,37.293
/Users/lujintao/Downloads/Weixin Videos2026-05-04_154833_153.mp4,512,17.067,45,motorcycle,0.292,481.5 325.9 566.2 429.1,1,1.200,0,0,26.815,37.293
/Users/lujintao/Downloads/Weixin Videos2026-05-04_154833_153.mp4,513,17.100,47,motorcycle,0.449,207.2 460.1 515.0 689.6,1,1.200,0,0,28.839,34.675
/Users/lujintao/Downloads/Weixin Videos2026-05-04_154833_153.mp4,513,17.100,46,motorcycle,0.358,1115.4 348.7 1156.5 391.4,0,,0,0,28.839,34.675
/Users/lujintao/Downloads/Weixin Videos2026-05-04_154833_153.mp4,514,17.133,47,motorcycle,0.803,282.5 432.5 553.0 664.3,1,1.200,0,0,29.653,33.723
/Users/lujintao/Downloads/Weixin Videos2026-05-04_154833_153.mp4,514,17.133,46,motorcycle,0.356,1117.0 349.0 1156.5 390.8,0,,0,0,29.653,33.723
/Users/lujintao/Downloads/Weixin Videos2026-05-04_154833_153.mp4,515,17.167,47,motorcycle,0.838,344.5 416.4 586.4 644.2,1,1.200,0,0,30.209,33.103
/Users/lujintao/Downloads/Weixin Videos2026-05-04_154833_153.mp4,515,17.167,46,motorcycle,0.340,1116.9 348.5 1156.5 389.5,0,,0,0,30.209,33.103
/Users/lujintao/Downloads/Weixin Videos2026-05-04_154833_153.mp4,516,17.200,47,motorcycle,0.700,401.3 415.8 623.2 627.0,1,1.200,0,0,52.409,19.081
/Users/lujintao/Downloads/Weixin Videos2026-05-04_154833_153.mp4,517,17.233,47,motorcycle,0.725,449.4 415.7 649.5 611.5,1,1.200,0,0,30.269,33.038
/Users/lujintao/Downloads/Weixin Videos2026-05-04_154833_153.mp4,518,17.267,47,motorcycle,0.719,489.9 420.7 667.4 596.2,1,1.200,0,0,51.634,19.367
/Users/lujintao/Downloads/Weixin Videos2026-05-04_154833_153.mp4,519,17.300,47,motorcycle,0.626,527.4 414.5 694.1 583.7,1,1.200,0,0,30.125,33.195
/Users/lujintao/Downloads/Weixin Videos2026-05-04_154833_153.mp4,520,17.333,47,motorcycle,0.765,562.1 411.3 717.2 570.6,1,1.200,0,0,31.201,32.050
/Users/lujintao/Downloads/Weixin Videos2026-05-04_154833_153.mp4,520,17.333,48,motorcycle,0.324,484.1 337.9 566.2 428.8,2,1.200 1.061,1,0,31.201,32.050
/Users/lujintao/Downloads/Weixin Videos2026-05-04_154833_153.mp4,521,17.367,47,motorcycle,0.772,590.7 414.7 735.0 561.2,1,1.200,0,0,30.746,32.524
/Users/lujintao/Downloads/Weixin Videos2026-05-04_154833_153.mp4,521,17.367,48,motorcycle,0.385,485.2 339.8 566.5 427.9,2,1.200 1.060,1,1,30.746,32.524
/Users/lujintao/Downloads/Weixin Videos2026-05-04_154833_153.mp4,521,17.367,49,motorcycle,0.292,490.8 365.7 541.4 427.9,0,,0,0,30.746,32.524
/Users/lujintao/Downloads/Weixin Videos2026-05-04_154833_153.mp4,522,17.400,47,motorcycle,0.678,619.0 413.9 753.1 551.7,1,1.200,0,0,30.878,32.385
/Users/lujintao/Downloads/Weixin Videos2026-05-04_154833_153.mp4,522,17.400,46,motorcycle,0.408,1122.9 343.4 1158.7 384.3,0,,0,0,30.878,32.385
/Users/lujintao/Downloads/Weixin Videos2026-05-04_154833_153.mp4,522,17.400,48,motorcycle,0.406,485.2 338.1 566.1 427.8,2,1.200 1.063,1,1,30.878,32.385
/Users/lujintao/Downloads/Weixin Videos2026-05-04_154833_153.mp4,523,17.433,47,motorcycle,0.732,644.9 409.3 770.8 542.3,1,1.200,0,0,30.204,33.108
/Users/lujintao/Downloads/Weixin Videos2026-05-04_154833_153.mp4,523,17.433,48,motorcycle,0.389,485.8 338.4 564.0 427.0,2,1.200 1.060,1,1,30.204,33.108
/Users/lujintao/Downloads/Weixin Videos2026-05-04_154833_153.mp4,523,17.433,46,motorcycle,0.384,1123.3 343.1 1158.5 383.5,0,,0,0,30.204,33.108
/Users/lujintao/Downloads/Weixin Videos2026-05-04_154833_153.mp4,524,17.467,47,motorcycle,0.643,668.6 400.4 788.5 529.0,1,1.200,0,0,30.449,32.842
/Users/lujintao/Downloads/Weixin Videos2026-05-04_154833_153.mp4,524,17.467,49,motorcycle,0.384,491.2 365.8 543.3 427.6,0,,0,0,30.449,32.842
/Users/lujintao/Downloads/Weixin Videos2026-05-04_154833_153.mp4,524,17.467,48,motorcycle,0.347,485.6 337.3 566.2 427.6,1,1.058,0,1,30.449,32.842
/Users/lujintao/Downloads/Weixin Videos2026-05-04_154833_153.mp4,524,17.467,46,motorcycle,0.305,1124.2 345.2 1157.8 382.7,0,,0,0,30.449,32.842
/Users/lujintao/Downloads/Weixin Videos2026-05-04_154833_153.mp4,525,17.500,47,motorcycle,0.566,690.6 404.2 802.9 526.2,1,1.200,0,0,31.816,31.431
/Users/lujintao/Downloads/Weixin Videos2026-05-04_154833_153.mp4,525,17.500,49,motorcycle,0.401,491.0 365.2 543.3 427.2,0,,0,0,31.816,31.431
/Users/lujintao/Downloads/Weixin Videos2026-05-04_154833_153.mp4,525,17.500,46,motorcycle,0.321,1124.4 344.8 1158.2 382.7,0,,0,0,31.816,31.431
/Users/lujintao/Downloads/Weixin Videos2026-05-04_154833_153.mp4,525,17.500,48,motorcycle,0.253,485.7 338.4 569.3 425.0,2,1.200 1.058,1,1,31.816,31.431
/Users/lujintao/Downloads/Weixin Videos2026-05-04_154833_153.mp4,526,17.533,47,motorcycle,0.663,709.4 397.8 818.4 518.8,1,1.200,0,0,30.665,32.611
/Users/lujintao/Downloads/Weixin Videos2026-05-04_154833_153.mp4,526,17.533,48,motorcycle,0.389,484.9 334.0 564.8 427.2,2,1.200 1.057,1,1,30.665,32.611
/Users/lujintao/Downloads/Weixin Videos2026-05-04_154833_153.mp4,526,17.533,49,motorcycle,0.258,490.6 368.6 540.1 427.4,0,,0,0,30.665,32.611
/Users/lujintao/Downloads/Weixin Videos2026-05-04_154833_153.mp4,527,17.567,47,motorcycle,0.489,728.8 397.7 830.5 511.9,1,1.200,0,0,29.952,33.387
/Users/lujintao/Downloads/Weixin Videos2026-05-04_154833_153.mp4,527,17.567,49,motorcycle,0.390,491.4 360.4 542.6 427.4,0,,0,0,29.952,33.387
/Users/lujintao/Downloads/Weixin Videos2026-05-04_154833_153.mp4,527,17.567,48,motorcycle,0.344,483.5 332.0 566.1 427.4,1,1.200,0,1,29.952,33.387
/Users/lujintao/Downloads/Weixin Videos2026-05-04_154833_153.mp4,528,17.600,47,motorcycle,0.558,749.1 397.4 847.2 506.6,1,1.200,0,0,30.062,33.265
/Users/lujintao/Downloads/Weixin Videos2026-05-04_154833_153.mp4,528,17.600,48,motorcycle,0.404,483.5 331.3 565.8 426.7,1,1.200,0,1,30.062,33.265
/Users/lujintao/Downloads/Weixin Videos2026-05-04_154833_153.mp4,528,17.600,49,motorcycle,0.376,491.3 362.1 542.5 426.8,0,,0,0,30.062,33.265
/Users/lujintao/Downloads/Weixin Videos2026-05-04_154833_153.mp4,529,17.633,47,motorcycle,0.428,763.8 397.6 856.6 501.5,1,1.200,0,0,26.862,37.227
/Users/lujintao/Downloads/Weixin Videos2026-05-04_154833_153.mp4,529,17.633,48,motorcycle,0.382,483.6 331.9 565.8 426.8,1,1.200,0,1,26.862,37.227
/Users/lujintao/Downloads/Weixin Videos2026-05-04_154833_153.mp4,529,17.633,49,motorcycle,0.365,491.2 360.2 542.7 427.1,0,,0,0,26.862,37.227
/Users/lujintao/Downloads/Weixin Videos2026-05-04_154833_153.mp4,530,17.667,47,motorcycle,0.562,779.6 393.2 873.0 491.2,1,1.200,0,0,29.565,33.824
/Users/lujintao/Downloads/Weixin Videos2026-05-04_154833_153.mp4,530,17.667,48,motorcycle,0.393,484.2 333.8 565.4 426.4,1,1.200,0,0,29.565,33.824
/Users/lujintao/Downloads/Weixin Videos2026-05-04_154833_153.mp4,531,17.700,48,motorcycle,0.381,484.6 333.6 565.6 426.5,2,1.200 1.200,1,1,31.632,31.613
/Users/lujintao/Downloads/Weixin Videos2026-05-04_154833_153.mp4,531,17.700,49,motorcycle,0.376,491.2 361.3 542.9 426.8,0,,0,0,31.632,31.613
/Users/lujintao/Downloads/Weixin Videos2026-05-04_154833_153.mp4,531,17.700,47,motorcycle,0.369,794.4 392.9 884.7 487.2,1,1.200,0,0,31.632,31.613
/Users/lujintao/Downloads/Weixin Videos2026-05-04_154833_153.mp4,532,17.733,48,motorcycle,0.427,484.1 334.2 564.9 426.1,1,1.200,0,0,28.525,35.057
/Users/lujintao/Downloads/Weixin Videos2026-05-04_154833_153.mp4,532,17.733,49,motorcycle,0.381,491.0 361.6 542.8 426.0,1,1.200,0,0,28.525,35.057
/Users/lujintao/Downloads/Weixin Videos2026-05-04_154833_153.mp4,532,17.733,47,motorcycle,0.330,807.7 393.8 894.8 486.5,1,1.200,0,0,28.525,35.057
/Users/lujintao/Downloads/Weixin Videos2026-05-04_154833_153.mp4,533,17.767,47,motorcycle,0.604,819.2 386.5 906.7 481.2,1,1.200,0,0,28.424,35.181
/Users/lujintao/Downloads/Weixin Videos2026-05-04_154833_153.mp4,533,17.767,48,motorcycle,0.380,484.5 333.2 564.8 425.8,2,1.200 1.200,1,1,28.424,35.181
/Users/lujintao/Downloads/Weixin Videos2026-05-04_154833_153.mp4,534,17.800,47,motorcycle,0.552,831.0 384.0 916.4 477.4,1,1.200,0,0,28.577,34.994
/Users/lujintao/Downloads/Weixin Videos2026-05-04_154833_153.mp4,534,17.800,48,motorcycle,0.364,484.0 329.2 566.4 425.9,2,1.200 1.200,1,1,28.577,34.994
/Users/lujintao/Downloads/Weixin Videos2026-05-04_154833_153.mp4,535,17.833,47,motorcycle,0.477,843.9 378.8 926.2 475.1,1,1.200,0,0,29.339,34.084
/Users/lujintao/Downloads/Weixin Videos2026-05-04_154833_153.mp4,535,17.833,48,motorcycle,0.394,489.8 344.1 561.0 424.6,2,1.200 1.200,1,1,29.339,34.084
/Users/lujintao/Downloads/Weixin Videos2026-05-04_154833_153.mp4,536,17.867,47,motorcycle,0.505,854.0 378.3 936.0 471.3,1,1.200,0,0,31.114,32.140
/Users/lujintao/Downloads/Weixin Videos2026-05-04_154833_153.mp4,536,17.867,48,motorcycle,0.404,489.9 344.0 561.1 423.9,1,1.200,0,1,31.114,32.140
/Users/lujintao/Downloads/Weixin Videos2026-05-04_154833_153.mp4,537,17.900,47,motorcycle,0.450,862.5 378.5 945.5 467.6,1,1.200,0,0,30.017,33.314
/Users/lujintao/Downloads/Weixin Videos2026-05-04_154833_153.mp4,537,17.900,48,motorcycle,0.439,489.4 342.8 561.3 424.3,2,1.200 1.200,1,1,30.017,33.314
/Users/lujintao/Downloads/Weixin Videos2026-05-04_154833_153.mp4,538,17.933,47,motorcycle,0.493,873.5 373.6 952.1 464.7,2,1.200 1.200,1,0,29.336,34.088
/Users/lujintao/Downloads/Weixin Videos2026-05-04_154833_153.mp4,538,17.933,48,motorcycle,0.447,489.5 343.1 561.4 424.4,2,1.200 1.200,1,1,29.336,34.088
/Users/lujintao/Downloads/Weixin Videos2026-05-04_154833_153.mp4,539,17.967,47,motorcycle,0.503,882.1 374.5 958.5 462.8,1,1.200,0,0,30.135,33.184
/Users/lujintao/Downloads/Weixin Videos2026-05-04_154833_153.mp4,539,17.967,48,motorcycle,0.443,489.7 343.3 562.1 424.2,2,1.200 1.200,1,1,30.135,33.184
/Users/lujintao/Downloads/Weixin Videos2026-05-04_154833_153.mp4,540,18.000,47,motorcycle,0.495,891.7 379.9 967.6 458.0,1,1.200,0,0,32.419,30.846
/Users/lujintao/Downloads/Weixin Videos2026-05-04_154833_153.mp4,540,18.000,48,motorcycle,0.418,489.5 342.8 561.2 424.0,1,1.200,0,1,32.419,30.846
/Users/lujintao/Downloads/Weixin Videos2026-05-04_154833_153.mp4,541,18.033,47,motorcycle,0.533,899.2 382.9 974.0 455.6,1,1.200,0,0,31.138,32.115
/Users/lujintao/Downloads/Weixin Videos2026-05-04_154833_153.mp4,541,18.033,48,motorcycle,0.409,485.8 337.2 564.4 426.0,1,1.200,0,1,31.138,32.115
/Users/lujintao/Downloads/Weixin Videos2026-05-04_154833_153.mp4,542,18.067,48,motorcycle,0.444,485.5 336.9 564.9 425.8,1,1.200,0,1,29.646,33.732
/Users/lujintao/Downloads/Weixin Videos2026-05-04_154833_153.mp4,542,18.067,47,motorcycle,0.426,910.3 372.7 980.6 452.4,1,1.200,0,0,29.646,33.732
/Users/lujintao/Downloads/Weixin Videos2026-05-04_154833_153.mp4,543,18.100,47,motorcycle,0.476,918.6 372.8 988.0 449.4,1,1.200,0,0,26.284,38.046
/Users/lujintao/Downloads/Weixin Videos2026-05-04_154833_153.mp4,543,18.100,48,motorcycle,0.446,485.6 336.7 565.0 425.5,1,1.200,0,1,26.284,38.046
/Users/lujintao/Downloads/Weixin Videos2026-05-04_154833_153.mp4,544,18.133,47,motorcycle,0.576,926.1 371.0 992.9 447.9,1,1.200,0,0,26.661,37.507
/Users/lujintao/Downloads/Weixin Videos2026-05-04_154833_153.mp4,544,18.133,48,motorcycle,0.453,485.5 336.1 564.9 425.4,1,1.200,0,0,26.661,37.507
/Users/lujintao/Downloads/Weixin Videos2026-05-04_154833_153.mp4,544,18.133,50,motorcycle,0.255,490.6 368.1 540.0 425.3,0,,0,0,26.661,37.507
/Users/lujintao/Downloads/Weixin Videos2026-05-04_154833_153.mp4,545,18.167,47,motorcycle,0.486,931.3 370.3 1003.2 446.2,1,1.200,0,0,31.423,31.823
/Users/lujintao/Downloads/Weixin Videos2026-05-04_154833_153.mp4,545,18.167,48,motorcycle,0.460,485.5 335.9 565.0 425.5,1,1.200,0,0,31.423,31.823
/Users/lujintao/Downloads/Weixin Videos2026-05-04_154833_153.mp4,545,18.167,50,motorcycle,0.257,490.6 368.3 540.1 425.3,0,,0,0,31.423,31.823
/Users/lujintao/Downloads/Weixin Videos2026-05-04_154833_153.mp4,546,18.200,47,motorcycle,0.676,938.5 368.4 1007.5 443.9,1,1.200,0,0,28.851,34.661
/Users/lujintao/Downloads/Weixin Videos2026-05-04_154833_153.mp4,546,18.200,48,motorcycle,0.464,485.6 335.6 565.0 425.3,1,1.200,0,0,28.851,34.661
/Users/lujintao/Downloads/Weixin Videos2026-05-04_154833_153.mp4,546,18.200,50,motorcycle,0.265,490.8 368.4 541.0 425.3,0,,0,0,28.851,34.661
/Users/lujintao/Downloads/Weixin Videos2026-05-04_154833_153.mp4,547,18.233,47,motorcycle,0.526,944.8 369.5 1014.2 441.3,1,1.200,0,0,32.408,30.857
/Users/lujintao/Downloads/Weixin Videos2026-05-04_154833_153.mp4,547,18.233,48,motorcycle,0.449,485.8 338.5 564.1 425.7,1,1.200,0,0,32.408,30.857
/Users/lujintao/Downloads/Weixin Videos2026-05-04_154833_153.mp4,547,18.233,51,motorcycle,0.299,946.8 393.6 991.4 441.2,0,,0,0,32.408,30.857
/Users/lujintao/Downloads/Weixin Videos2026-05-04_154833_153.mp4,547,18.233,50,motorcycle,0.267,490.6 369.0 541.7 425.5,0,,0,0,32.408,30.857
/Users/lujintao/Downloads/Weixin Videos2026-05-04_154833_153.mp4,548,18.267,47,motorcycle,0.674,953.3 370.3 1017.9 438.6,1,1.200,0,0,34.421,29.052
/Users/lujintao/Downloads/Weixin Videos2026-05-04_154833_153.mp4,548,18.267,48,motorcycle,0.445,485.5 341.0 565.7 425.8,1,1.200,0,0,34.421,29.052
/Users/lujintao/Downloads/Weixin Videos2026-05-04_154833_153.mp4,548,18.267,50,motorcycle,0.252,490.4 369.8 542.8 425.2,0,,0,0,34.421,29.052
/Users/lujintao/Downloads/Weixin Videos2026-05-04_154833_153.mp4,549,18.300,47,motorcycle,0.701,957.6 368.1 1023.8 435.5,1,1.200,0,0,31.583,31.662
/Users/lujintao/Downloads/Weixin Videos2026-05-04_154833_153.mp4,549,18.300,48,motorcycle,0.423,485.6 340.8 565.5 425.6,2,1.200 1.060,1,0,31.583,31.662
/Users/lujintao/Downloads/Weixin Videos2026-05-04_154833_153.mp4,549,18.300,50,motorcycle,0.251,490.4 370.1 542.5 425.2,0,,0,0,31.583,31.662
/Users/lujintao/Downloads/Weixin Videos2026-05-04_154833_153.mp4,550,18.333,47,motorcycle,0.530,965.2 365.9 1029.8 433.4,0,,0,0,45.176,22.136
/Users/lujintao/Downloads/Weixin Videos2026-05-04_154833_153.mp4,550,18.333,48,motorcycle,0.425,485.4 339.5 565.8 425.2,2,1.200 1.061,1,1,45.176,22.136
/Users/lujintao/Downloads/Weixin Videos2026-05-04_154833_153.mp4,551,18.367,47,motorcycle,0.564,971.7 369.4 1035.2 432.1,1,1.200,0,0,29.207,34.238
/Users/lujintao/Downloads/Weixin Videos2026-05-04_154833_153.mp4,551,18.367,48,motorcycle,0.423,485.8 339.3 565.9 425.1,2,1.200 1.060,1,1,29.207,34.238
/Users/lujintao/Downloads/Weixin Videos2026-05-04_154833_153.mp4,552,18.400,47,motorcycle,0.497,977.7 366.1 1036.7 431.8,1,1.200,0,0,32.867,30.425
/Users/lujintao/Downloads/Weixin Videos2026-05-04_154833_153.mp4,552,18.400,48,motorcycle,0.426,486.0 340.5 565.5 425.0,2,1.200 1.064,1,1,32.867,30.425
/Users/lujintao/Downloads/Weixin Videos2026-05-04_154833_153.mp4,552,18.400,50,motorcycle,0.260,490.5 369.9 543.1 424.6,0,,0,0,32.867,30.425
/Users/lujintao/Downloads/Weixin Videos2026-05-04_154833_153.mp4,553,18.433,48,motorcycle,0.424,486.1 339.0 564.1 425.1,2,1.200 1.065,1,1,28.069,35.627
/Users/lujintao/Downloads/Weixin Videos2026-05-04_154833_153.mp4,553,18.433,47,motorcycle,0.323,979.6 336.6 1047.1 426.7,1,1.200,0,0,28.069,35.627
/Users/lujintao/Downloads/Weixin Videos2026-05-04_154833_153.mp4,553,18.433,50,motorcycle,0.265,490.5 370.0 543.1 424.5,0,,0,0,28.069,35.627
/Users/lujintao/Downloads/Weixin Videos2026-05-04_154833_153.mp4,554,18.467,47,motorcycle,0.474,987.0 340.0 1049.1 425.5,1,1.200,0,0,27.810,35.958
/Users/lujintao/Downloads/Weixin Videos2026-05-04_154833_153.mp4,554,18.467,48,motorcycle,0.437,485.7 336.7 565.9 425.0,2,1.200 1.058,1,1,27.810,35.958
/Users/lujintao/Downloads/Weixin Videos2026-05-04_154833_153.mp4,554,18.467,50,motorcycle,0.359,491.7 365.7 545.1 424.6,0,,0,0,27.810,35.958
/Users/lujintao/Downloads/Weixin Videos2026-05-04_154833_153.mp4,555,18.500,48,motorcycle,0.433,485.9 338.2 565.4 424.9,2,1.200 1.061,1,1,30.791,32.477
/Users/lujintao/Downloads/Weixin Videos2026-05-04_154833_153.mp4,555,18.500,50,motorcycle,0.250,490.7 369.9 544.1 424.4,0,,0,0,30.791,32.477
/Users/lujintao/Downloads/Weixin Videos2026-05-04_154833_153.mp4,556,18.533,47,motorcycle,0.447,1000.2 371.0 1056.8 423.4,1,1.200,0,0,38.734,25.817
/Users/lujintao/Downloads/Weixin Videos2026-05-04_154833_153.mp4,556,18.533,48,motorcycle,0.402,486.2 341.5 564.3 424.3,2,1.200 1.072,1,1,38.734,25.817
/Users/lujintao/Downloads/Weixin Videos2026-05-04_154833_153.mp4,556,18.533,50,motorcycle,0.276,490.7 370.0 544.0 423.8,0,,0,0,38.734,25.817
/Users/lujintao/Downloads/Weixin Videos2026-05-04_154833_153.mp4,557,18.567,48,motorcycle,0.392,486.1 341.3 564.4 424.4,1,1.200,0,1,31.818,31.429
/Users/lujintao/Downloads/Weixin Videos2026-05-04_154833_153.mp4,557,18.567,47,motorcycle,0.346,1005.1 372.9 1052.4 421.7,1,1.200,0,0,31.818,31.429
/Users/lujintao/Downloads/Weixin Videos2026-05-04_154833_153.mp4,557,18.567,50,motorcycle,0.269,490.7 370.0 542.9 423.8,0,,0,0,31.818,31.429
/Users/lujintao/Downloads/Weixin Videos2026-05-04_154833_153.mp4,558,18.600,48,motorcycle,0.415,486.2 340.0 565.1 424.5,2,1.200 1.068,1,1,29.954,33.384
/Users/lujintao/Downloads/Weixin Videos2026-05-04_154833_153.mp4,559,18.633,48,motorcycle,0.411,486.2 338.0 565.4 424.5,2,1.200 1.069,1,1,30.860,32.405
/Users/lujintao/Downloads/Weixin Videos2026-05-04_154833_153.mp4,559,18.633,47,motorcycle,0.254,1015.7 371.0 1054.1 419.7,1,1.200,0,0,30.860,32.405
/Users/lujintao/Downloads/Weixin Videos2026-05-04_154833_153.mp4,560,18.667,48,motorcycle,0.393,486.4 340.1 565.1 424.7,2,1.200 1.073,1,1,29.993,33.341
/Users/lujintao/Downloads/Weixin Videos2026-05-04_154833_153.mp4,560,18.667,50,motorcycle,0.265,490.9 368.4 544.7 423.7,0,,0,0,29.993,33.341
/Users/lujintao/Downloads/Weixin Videos2026-05-04_154833_153.mp4,561,18.700,48,motorcycle,0.381,486.0 338.6 565.4 424.4,2,1.200 1.071,1,1,52.304,19.119
/Users/lujintao/Downloads/Weixin Videos2026-05-04_154833_153.mp4,562,18.733,48,motorcycle,0.369,485.8 338.6 565.2 424.6,2,1.200 1.073,1,1,29.151,34.304
/Users/lujintao/Downloads/Weixin Videos2026-05-04_154833_153.mp4,563,18.767,48,motorcycle,0.393,486.0 337.8 566.0 424.7,2,1.200 1.073,1,1,28.153,35.520
/Users/lujintao/Downloads/Weixin Videos2026-05-04_154833_153.mp4,564,18.800,48,motorcycle,0.407,485.9 337.1 565.9 424.5,2,1.200 1.072,1,1,37.673,26.544
/Users/lujintao/Downloads/Weixin Videos2026-05-04_154833_153.mp4,565,18.833,48,motorcycle,0.411,485.8 337.0 566.3 424.6,2,1.200 1.069,1,1,30.390,32.906
/Users/lujintao/Downloads/Weixin Videos2026-05-04_154833_153.mp4,566,18.867,48,motorcycle,0.419,485.5 336.4 567.1 424.4,2,1.200 1.064,1,1,30.178,33.137
/Users/lujintao/Downloads/Weixin Videos2026-05-04_154833_153.mp4,567,18.900,48,motorcycle,0.428,485.8 344.0 565.3 424.0,2,1.200 1.078,1,1,29.882,33.465
/Users/lujintao/Downloads/Weixin Videos2026-05-04_154833_153.mp4,568,18.933,48,motorcycle,0.404,485.5 341.1 566.1 423.9,1,1.069,0,1,27.481,36.389
/Users/lujintao/Downloads/Weixin Videos2026-05-04_154833_153.mp4,569,18.967,48,motorcycle,0.411,485.5 345.5 565.7 423.6,1,1.073,0,1,29.179,34.272
/Users/lujintao/Downloads/Weixin Videos2026-05-04_154833_153.mp4,570,19.000,48,motorcycle,0.414,485.6 348.7 565.3 423.5,2,1.200 1.082,1,1,29.550,33.841
/Users/lujintao/Downloads/Weixin Videos2026-05-04_154833_153.mp4,571,19.033,48,motorcycle,0.404,485.5 348.2 565.2 423.4,2,1.200 1.081,1,1,31.786,31.461
/Users/lujintao/Downloads/Weixin Videos2026-05-04_154833_153.mp4,572,19.067,48,motorcycle,0.370,485.2 345.8 565.6 423.3,2,1.200 1.075,1,1,29.627,33.753
/Users/lujintao/Downloads/Weixin Videos2026-05-04_154833_153.mp4,573,19.100,48,motorcycle,0.409,484.8 345.4 565.5 423.4,2,1.200 1.075,1,1,33.872,29.523
/Users/lujintao/Downloads/Weixin Videos2026-05-04_154833_153.mp4,574,19.133,48,motorcycle,0.407,484.9 346.7 566.5 423.2,2,1.200 1.079,1,1,30.408,32.886
/Users/lujintao/Downloads/Weixin Videos2026-05-04_154833_153.mp4,575,19.167,48,motorcycle,0.377,485.0 348.0 566.5 423.2,2,1.200 1.083,1,1,29.459,33.945
/Users/lujintao/Downloads/Weixin Videos2026-05-04_154833_153.mp4,576,19.200,48,motorcycle,0.393,485.1 350.3 568.2 422.4,2,1.200 1.085,1,1,32.839,30.452
/Users/lujintao/Downloads/Weixin Videos2026-05-04_154833_153.mp4,577,19.233,48,motorcycle,0.399,485.1 345.9 567.0 422.8,2,1.200 1.078,1,1,30.250,33.058
/Users/lujintao/Downloads/Weixin Videos2026-05-04_154833_153.mp4,578,19.267,48,motorcycle,0.419,485.3 348.7 566.4 422.9,2,1.200 1.083,1,1,28.752,34.780
/Users/lujintao/Downloads/Weixin Videos2026-05-04_154833_153.mp4,579,19.300,48,motorcycle,0.425,485.0 343.8 567.0 422.9,2,1.200 1.073,1,1,29.108,34.355
/Users/lujintao/Downloads/Weixin Videos2026-05-04_154833_153.mp4,579,19.300,52,motorcycle,0.268,489.9 366.7 541.8 422.0,0,,0,0,29.108,34.355
/Users/lujintao/Downloads/Weixin Videos2026-05-04_154833_153.mp4,580,19.333,48,motorcycle,0.431,485.3 343.4 567.0 422.6,2,1.200 1.068,1,1,29.687,33.685
/Users/lujintao/Downloads/Weixin Videos2026-05-04_154833_153.mp4,580,19.333,52,motorcycle,0.280,490.3 366.7 543.0 421.8,0,,0,0,29.687,33.685
/Users/lujintao/Downloads/Weixin Videos2026-05-04_154833_153.mp4,581,19.367,48,motorcycle,0.420,485.6 342.5 566.8 422.5,2,1.200 1.068,1,1,30.426,32.867
/Users/lujintao/Downloads/Weixin Videos2026-05-04_154833_153.mp4,581,19.367,52,motorcycle,0.290,490.7 366.7 542.3 421.7,0,,0,0,30.426,32.867
/Users/lujintao/Downloads/Weixin Videos2026-05-04_154833_153.mp4,582,19.400,48,motorcycle,0.438,485.7 342.6 566.9 422.2,2,1.200 1.065,1,1,31.354,31.894
/Users/lujintao/Downloads/Weixin Videos2026-05-04_154833_153.mp4,583,19.433,48,motorcycle,0.435,485.6 343.3 566.7 422.3,2,1.200 1.066,1,1,31.251,31.999
/Users/lujintao/Downloads/Weixin Videos2026-05-04_154833_153.mp4,584,19.467,53,motorcycle,0.611,98.4 464.0 276.7 682.4,0,,0,0,28.700,34.843
/Users/lujintao/Downloads/Weixin Videos2026-05-04_154833_153.mp4,584,19.467,48,motorcycle,0.446,485.2 341.3 567.0 422.2,2,1.200 1.062,1,1,28.700,34.843
/Users/lujintao/Downloads/Weixin Videos2026-05-04_154833_153.mp4,584,19.467,52,motorcycle,0.280,491.0 366.0 544.4 421.3,0,,0,0,28.700,34.843
/Users/lujintao/Downloads/Weixin Videos2026-05-04_154833_153.mp4,585,19.500,53,motorcycle,0.566,0.0 337.1 337.0 706.2,0,,0,0,31.462,31.784
/Users/lujintao/Downloads/Weixin Videos2026-05-04_154833_153.mp4,585,19.500,48,motorcycle,0.466,485.6 340.6 567.7 422.6,2,1.200 1.061,1,1,31.462,31.784
/Users/lujintao/Downloads/Weixin Videos2026-05-04_154833_153.mp4,585,19.500,52,motorcycle,0.256,491.3 365.7 544.9 421.3,0,,0,0,31.462,31.784
/Users/lujintao/Downloads/Weixin Videos2026-05-04_154833_153.mp4,586,19.533,53,motorcycle,0.629,2.8 444.4 394.4 700.5,1,1.200,0,0,29.841,33.511
/Users/lujintao/Downloads/Weixin Videos2026-05-04_154833_153.mp4,586,19.533,48,motorcycle,0.480,489.1 341.8 564.6 420.3,3,1.200 1.200 1.075,1,1,29.841,33.511
/Users/lujintao/Downloads/Weixin Videos2026-05-04_154833_153.mp4,587,19.567,48,motorcycle,0.503,484.1 336.2 569.3 422.4,3,1.200 1.200 1.053,1,1,28.160,35.512
/Users/lujintao/Downloads/Weixin Videos2026-05-04_154833_153.mp4,587,19.567,53,motorcycle,0.402,158.7 437.5 445.4 656.9,1,1.200,0,0,28.160,35.512
/Users/lujintao/Downloads/Weixin Videos2026-05-04_154833_153.mp4,588,19.600,53,motorcycle,0.614,151.7 428.9 486.9 657.4,1,1.200,0,0,29.423,33.987
/Users/lujintao/Downloads/Weixin Videos2026-05-04_154833_153.mp4,588,19.600,48,motorcycle,0.481,484.5 336.5 569.5 422.7,2,1.200 1.055,1,1,29.423,33.987
/Users/lujintao/Downloads/Weixin Videos2026-05-04_154833_153.mp4,589,19.633,53,motorcycle,0.563,245.1 430.7 528.7 659.9,1,1.200,0,0,30.635,32.643
/Users/lujintao/Downloads/Weixin Videos2026-05-04_154833_153.mp4,589,19.633,48,motorcycle,0.420,483.5 337.2 571.4 422.3,2,1.200 1.056,1,1,30.635,32.643
/Users/lujintao/Downloads/Weixin Videos2026-05-04_154833_153.mp4,590,19.667,53,motorcycle,0.684,314.4 415.3 566.9 646.7,1,1.200,0,0,27.923,35.813
/Users/lujintao/Downloads/Weixin Videos2026-05-04_154833_153.mp4,591,19.700,53,motorcycle,0.794,361.7 410.0 598.3 628.8,1,1.200,0,0,28.869,34.639
/Users/lujintao/Downloads/Weixin Videos2026-05-04_154833_153.mp4,592,19.733,53,motorcycle,0.794,413.2 415.4 630.0 615.4,1,1.200,0,0,30.873,32.391
/Users/lujintao/Downloads/Weixin Videos2026-05-04_154833_153.mp4,593,19.767,53,motorcycle,0.715,462.6 412.9 656.5 597.1,1,1.200,0,0,30.301,33.002
/Users/lujintao/Downloads/Weixin Videos2026-05-04_154833_153.mp4,594,19.800,53,motorcycle,0.680,498.9 412.3 680.1 586.7,1,1.200,0,0,29.357,34.063
/Users/lujintao/Downloads/Weixin Videos2026-05-04_154833_153.mp4,595,19.833,53,motorcycle,0.626,530.8 410.5 705.4 574.9,1,1.200,0,0,39.823,25.111
/Users/lujintao/Downloads/Weixin Videos2026-05-04_154833_153.mp4,596,19.867,53,motorcycle,0.815,565.1 420.0 729.2 562.2,1,1.200,0,0,29.732,33.634
/Users/lujintao/Downloads/Weixin Videos2026-05-04_154833_153.mp4,596,19.867,48,motorcycle,0.299,486.3 352.4 568.2 419.6,2,1.200 1.113,1,1,29.732,33.634
/Users/lujintao/Downloads/Weixin Videos2026-05-04_154833_153.mp4,597,19.900,53,motorcycle,0.784,595.1 422.5 746.4 553.2,1,1.200,0,0,31.112,32.142
/Users/lujintao/Downloads/Weixin Videos2026-05-04_154833_153.mp4,597,19.900,48,motorcycle,0.378,487.2 347.1 570.0 419.4,2,1.200 1.103,1,1,31.112,32.142
/Users/lujintao/Downloads/Weixin Videos2026-05-04_154833_153.mp4,598,19.933,53,motorcycle,0.758,626.1 409.4 759.6 542.9,1,1.200,0,0,29.053,34.420
/Users/lujintao/Downloads/Weixin Videos2026-05-04_154833_153.mp4,598,19.933,48,motorcycle,0.389,487.7 342.9 570.1 419.3,2,1.200 1.101,1,1,29.053,34.420
/Users/lujintao/Downloads/Weixin Videos2026-05-04_154833_153.mp4,599,19.967,53,motorcycle,0.702,651.6 414.1 780.7 534.0,1,1.200,0,0,29.501,33.897
/Users/lujintao/Downloads/Weixin Videos2026-05-04_154833_153.mp4,599,19.967,48,motorcycle,0.329,487.1 342.9 569.8 419.6,2,1.200 1.095,1,1,29.501,33.897
/Users/lujintao/Downloads/Weixin Videos2026-05-04_154833_153.mp4,600,20.000,53,motorcycle,0.429,676.4 419.2 795.3 528.1,1,1.200,0,0,28.763,34.767
/Users/lujintao/Downloads/Weixin Videos2026-05-04_154833_153.mp4,601,20.033,53,motorcycle,0.566,698.0 407.5 813.9 520.5,1,1.200,0,0,29.743,33.621
/Users/lujintao/Downloads/Weixin Videos2026-05-04_154833_153.mp4,602,20.067,53,motorcycle,0.633,716.3 400.1 828.2 515.4,1,1.200,0,0,28.719,34.820
/Users/lujintao/Downloads/Weixin Videos2026-05-04_154833_153.mp4,602,20.067,48,motorcycle,0.283,486.0 339.2 567.0 419.9,2,1.200 1.069,1,1,28.719,34.820
/Users/lujintao/Downloads/Weixin Videos2026-05-04_154833_153.mp4,603,20.100,53,motorcycle,0.643,738.8 395.0 841.5 509.6,1,1.200,0,0,28.401,35.210
/Users/lujintao/Downloads/Weixin Videos2026-05-04_154833_153.mp4,603,20.100,48,motorcycle,0.324,485.1 335.5 567.0 420.1,2,1.200 1.062,1,1,28.401,35.210
/Users/lujintao/Downloads/Weixin Videos2026-05-04_154833_153.mp4,604,20.133,53,motorcycle,0.579,757.8 403.4 853.4 501.2,1,1.200,0,0,35.490,28.177
/Users/lujintao/Downloads/Weixin Videos2026-05-04_154833_153.mp4,604,20.133,48,motorcycle,0.395,483.9 332.2 566.9 420.2,1,1.200,0,1,35.490,28.177
/Users/lujintao/Downloads/Weixin Videos2026-05-04_154833_153.mp4,605,20.167,53,motorcycle,0.616,770.6 400.7 867.7 495.2,1,1.200,0,0,29.898,33.447
/Users/lujintao/Downloads/Weixin Videos2026-05-04_154833_153.mp4,605,20.167,48,motorcycle,0.346,484.3 340.0 563.6 420.5,2,1.200 1.153,1,1,29.898,33.447
/Users/lujintao/Downloads/Weixin Videos2026-05-04_154833_153.mp4,606,20.200,53,motorcycle,0.747,789.9 400.6 877.4 487.5,1,1.200,0,0,29.417,33.994
/Users/lujintao/Downloads/Weixin Videos2026-05-04_154833_153.mp4,606,20.200,48,motorcycle,0.515,482.6 326.1 570.8 421.1,2,1.200 1.108,1,1,29.417,33.994
/Users/lujintao/Downloads/Weixin Videos2026-05-04_154833_153.mp4,607,20.233,53,motorcycle,0.714,802.5 397.1 889.3 486.4,1,1.200,0,0,30.207,33.104
/Users/lujintao/Downloads/Weixin Videos2026-05-04_154833_153.mp4,607,20.233,48,motorcycle,0.488,480.5 330.2 568.7 420.0,1,1.200,0,1,30.207,33.104
/Users/lujintao/Downloads/Weixin Videos2026-05-04_154833_153.mp4,608,20.267,53,motorcycle,0.680,813.2 397.1 899.7 479.1,1,1.200,0,0,30.254,33.054
/Users/lujintao/Downloads/Weixin Videos2026-05-04_154833_153.mp4,608,20.267,48,motorcycle,0.432,484.7 345.4 565.1 419.2,1,1.200,0,1,30.254,33.054
/Users/lujintao/Downloads/Weixin Videos2026-05-04_154833_153.mp4,609,20.300,53,motorcycle,0.674,830.2 395.1 911.0 475.5,1,1.200,0,0,30.000,33.333
/Users/lujintao/Downloads/Weixin Videos2026-05-04_154833_153.mp4,609,20.300,48,motorcycle,0.438,486.2 349.9 565.5 419.5,1,1.200,0,1,30.000,33.333
/Users/lujintao/Downloads/Weixin Videos2026-05-04_154833_153.mp4,609,20.300,54,motorcycle,0.291,1135.0 332.2 1169.1 376.8,1,1.200,0,0,30.000,33.333
/Users/lujintao/Downloads/Weixin Videos2026-05-04_154833_153.mp4,610,20.333,53,motorcycle,0.545,840.1 390.0 920.8 472.8,1,1.200,0,0,27.988,35.729
/Users/lujintao/Downloads/Weixin Videos2026-05-04_154833_153.mp4,610,20.333,48,motorcycle,0.421,487.0 342.4 565.3 419.8,1,1.200,0,1,27.988,35.729
/Users/lujintao/Downloads/Weixin Videos2026-05-04_154833_153.mp4,611,20.367,53,motorcycle,0.535,851.6 382.7 929.5 468.9,1,1.200,0,0,31.188,32.064
/Users/lujintao/Downloads/Weixin Videos2026-05-04_154833_153.mp4,611,20.367,48,motorcycle,0.326,487.0 353.2 563.1 419.6,2,1.200 1.144,1,1,31.188,32.064
/Users/lujintao/Downloads/Weixin Videos2026-05-04_154833_153.mp4,612,20.400,53,motorcycle,0.544,865.2 387.8 938.0 465.1,1,1.200,0,0,29.364,34.056
/Users/lujintao/Downloads/Weixin Videos2026-05-04_154833_153.mp4,612,20.400,48,motorcycle,0.457,485.4 329.8 569.4 419.6,1,1.200,0,1,29.364,34.056
/Users/lujintao/Downloads/Weixin Videos2026-05-04_154833_153.mp4,613,20.433,53,motorcycle,0.570,873.6 383.6 946.3 461.6,1,1.200,0,0,38.781,25.786
/Users/lujintao/Downloads/Weixin Videos2026-05-04_154833_153.mp4,613,20.433,48,motorcycle,0.443,485.9 335.3 566.2 419.7,1,1.200,0,1,38.781,25.786
/Users/lujintao/Downloads/Weixin Videos2026-05-04_154833_153.mp4,614,20.467,53,motorcycle,0.486,882.5 385.2 954.7 457.5,1,1.200,0,0,28.687,34.859
/Users/lujintao/Downloads/Weixin Videos2026-05-04_154833_153.mp4,614,20.467,48,motorcycle,0.455,485.9 331.7 568.1 420.1,1,1.200,0,1,28.687,34.859
/Users/lujintao/Downloads/Weixin Videos2026-05-04_154833_153.mp4,615,20.500,53,motorcycle,0.562,893.9 384.7 961.6 452.6,1,1.200,0,0,29.909,33.435
/Users/lujintao/Downloads/Weixin Videos2026-05-04_154833_153.mp4,615,20.500,48,motorcycle,0.409,485.7 334.3 568.2 420.3,1,1.200,0,1,29.909,33.435
/Users/lujintao/Downloads/Weixin Videos2026-05-04_154833_153.mp4,616,20.533,53,motorcycle,0.612,903.8 384.3 968.7 450.3,1,1.200,0,0,31.336,31.912
/Users/lujintao/Downloads/Weixin Videos2026-05-04_154833_153.mp4,616,20.533,48,motorcycle,0.408,486.2 337.1 567.3 420.5,1,1.200,0,1,31.336,31.912
/Users/lujintao/Downloads/Weixin Videos2026-05-04_154833_153.mp4,617,20.567,53,motorcycle,0.591,910.7 384.1 975.3 448.4,1,1.200,0,0,28.714,34.826
/Users/lujintao/Downloads/Weixin Videos2026-05-04_154833_153.mp4,617,20.567,48,motorcycle,0.379,486.0 337.1 567.6 420.5,2,1.200 1.200,1,1,28.714,34.826
/Users/lujintao/Downloads/Weixin Videos2026-05-04_154833_153.mp4,618,20.600,53,motorcycle,0.561,920.7 385.2 984.9 445.8,1,1.200,0,0,32.307,30.953
/Users/lujintao/Downloads/Weixin Videos2026-05-04_154833_153.mp4,618,20.600,48,motorcycle,0.367,486.6 337.5 568.6 420.8,2,1.200 1.064,1,1,32.307,30.953
/Users/lujintao/Downloads/Weixin Videos2026-05-04_154833_153.mp4,619,20.633,53,motorcycle,0.618,928.6 383.1 988.6 444.5,1,1.200,0,0,30.705,32.568
/Users/lujintao/Downloads/Weixin Videos2026-05-04_154833_153.mp4,619,20.633,48,motorcycle,0.369,487.0 337.5 569.1 421.0,2,1.200 1.069,1,1,30.705,32.568
/Users/lujintao/Downloads/Weixin Videos2026-05-04_154833_153.mp4,620,20.667,53,motorcycle,0.571,935.7 382.9 997.4 442.7,1,1.200,0,0,31.547,31.699
/Users/lujintao/Downloads/Weixin Videos2026-05-04_154833_153.mp4,620,20.667,48,motorcycle,0.392,486.9 337.2 569.0 420.7,2,1.200 1.070,1,1,31.547,31.699
/Users/lujintao/Downloads/Weixin Videos2026-05-04_154833_153.mp4,621,20.700,53,motorcycle,0.660,942.3 378.7 1003.1 438.0,1,1.200,0,0,27.979,35.741
/Users/lujintao/Downloads/Weixin Videos2026-05-04_154833_153.mp4,621,20.700,48,motorcycle,0.472,486.4 337.1 568.1 420.2,2,1.200 1.071,1,1,27.979,35.741
/Users/lujintao/Downloads/Weixin Videos2026-05-04_154833_153.mp4,622,20.733,53,motorcycle,0.596,951.4 375.7 1010.5 435.4,1,1.200,0,0,30.454,32.837
/Users/lujintao/Downloads/Weixin Videos2026-05-04_154833_153.mp4,622,20.733,48,motorcycle,0.453,486.6 336.5 568.5 420.2,2,1.200 1.067,1,1,30.454,32.837
/Users/lujintao/Downloads/Weixin Videos2026-05-04_154833_153.mp4,623,20.767,53,motorcycle,0.588,958.4 378.4 1015.6 433.8,1,1.200,0,0,33.669,29.701
/Users/lujintao/Downloads/Weixin Videos2026-05-04_154833_153.mp4,623,20.767,48,motorcycle,0.489,486.3 335.3 569.3 420.2,2,1.200 1.065,1,1,33.669,29.701
/Users/lujintao/Downloads/Weixin Videos2026-05-04_154833_153.mp4,624,20.800,53,motorcycle,0.527,964.1 379.9 1019.9 432.4,1,1.200,0,0,31.534,31.712
/Users/lujintao/Downloads/Weixin Videos2026-05-04_154833_153.mp4,624,20.800,48,motorcycle,0.488,486.2 336.2 569.0 420.0,2,1.200 1.067,1,1,31.534,31.712
/Users/lujintao/Downloads/Weixin Videos2026-05-04_154833_153.mp4,625,20.833,53,motorcycle,0.535,972.1 373.1 1026.2 430.8,1,1.200,0,0,29.130,34.329
/Users/lujintao/Downloads/Weixin Videos2026-05-04_154833_153.mp4,625,20.833,48,motorcycle,0.505,485.7 334.2 569.6 419.8,2,1.200 1.066,1,1,29.130,34.329
/Users/lujintao/Downloads/Weixin Videos2026-05-04_154833_153.mp4,626,20.867,53,motorcycle,0.534,977.9 372.8 1030.2 429.1,1,1.200,0,0,27.391,36.508
/Users/lujintao/Downloads/Weixin Videos2026-05-04_154833_153.mp4,626,20.867,48,motorcycle,0.509,485.5 333.1 569.7 419.8,3,1.200 1.200 1.065,1,1,27.391,36.508
/Users/lujintao/Downloads/Weixin Videos2026-05-04_154833_153.mp4,627,20.900,48,motorcycle,0.499,486.1 333.8 569.1 419.7,2,1.200 1.067,1,1,28.430,35.173
/Users/lujintao/Downloads/Weixin Videos2026-05-04_154833_153.mp4,627,20.900,53,motorcycle,0.389,983.5 357.5 1038.3 427.5,0,,0,0,28.430,35.173
/Users/lujintao/Downloads/Weixin Videos2026-05-04_154833_153.mp4,628,20.933,48,motorcycle,0.487,485.6 332.8 568.9 419.4,2,1.200 1.064,1,1,30.827,32.439
/Users/lujintao/Downloads/Weixin Videos2026-05-04_154833_153.mp4,628,20.933,53,motorcycle,0.336,991.0 351.1 1045.5 425.3,0,,0,0,30.827,32.439
/Users/lujintao/Downloads/Weixin Videos2026-05-04_154833_153.mp4,629,20.967,48,motorcycle,0.471,485.5 333.7 568.7 419.2,2,1.200 1.062,1,1,45.641,21.910
/Users/lujintao/Downloads/Weixin Videos2026-05-04_154833_153.mp4,629,20.967,53,motorcycle,0.325,996.0 363.6 1051.1 422.8,1,1.200,0,0,45.641,21.910
/Users/lujintao/Downloads/Weixin Videos2026-05-04_154833_153.mp4,630,21.000,48,motorcycle,0.436,486.0 333.4 568.5 419.1,2,1.200 1.063,1,1,31.768,31.479
/Users/lujintao/Downloads/Weixin Videos2026-05-04_154833_153.mp4,631,21.033,48,motorcycle,0.464,485.9 332.7 569.1 419.1,2,1.200 1.062,1,1,36.814,27.164
/Users/lujintao/Downloads/Weixin Videos2026-05-04_154833_153.mp4,632,21.067,48,motorcycle,0.458,486.4 333.3 568.2 418.9,2,1.200 1.064,1,1,32.647,30.630
/Users/lujintao/Downloads/Weixin Videos2026-05-04_154833_153.mp4,633,21.100,48,motorcycle,0.482,486.2 333.0 569.3 419.1,2,1.200 1.061,1,1,29.406,34.007
/Users/lujintao/Downloads/Weixin Videos2026-05-04_154833_153.mp4,634,21.133,48,motorcycle,0.459,486.4 333.8 568.9 419.1,3,1.200 1.200 1.064,1,1,30.946,32.314
/Users/lujintao/Downloads/Weixin Videos2026-05-04_154833_153.mp4,635,21.167,48,motorcycle,0.443,486.6 333.6 569.1 419.0,2,1.200 1.065,1,1,32.571,30.702
/Users/lujintao/Downloads/Weixin Videos2026-05-04_154833_153.mp4,636,21.200,48,motorcycle,0.460,486.7 333.7 570.2 418.9,3,1.200 1.200 1.066,1,1,27.831,35.931
/Users/lujintao/Downloads/Weixin Videos2026-05-04_154833_153.mp4,637,21.233,48,motorcycle,0.463,486.7 334.0 570.3 418.9,3,1.200 1.200 1.069,1,1,30.386,32.909
/Users/lujintao/Downloads/Weixin Videos2026-05-04_154833_153.mp4,638,21.267,48,motorcycle,0.466,486.7 333.5 570.5 418.7,2,1.200 1.069,1,1,29.518,33.877
/Users/lujintao/Downloads/Weixin Videos2026-05-04_154833_153.mp4,639,21.300,48,motorcycle,0.455,486.2 333.2 570.3 418.7,2,1.200 1.070,1,1,27.315,36.610
/Users/lujintao/Downloads/Weixin Videos2026-05-04_154833_153.mp4,639,21.300,55,motorcycle,0.260,490.8 358.7 543.6 417.2,0,,0,0,27.315,36.610
/Users/lujintao/Downloads/Weixin Videos2026-05-04_154833_153.mp4,640,21.333,48,motorcycle,0.456,486.3 333.2 570.8 418.7,2,1.200 1.070,1,1,32.584,30.689
/Users/lujintao/Downloads/Weixin Videos2026-05-04_154833_153.mp4,641,21.367,48,motorcycle,0.463,486.4 332.4 570.6 417.6,2,1.200 1.073,1,1,53.581,18.663
/Users/lujintao/Downloads/Weixin Videos2026-05-04_154833_153.mp4,642,21.400,48,motorcycle,0.425,486.9 332.8 570.2 417.5,2,1.200 1.076,1,1,28.295,35.342
/Users/lujintao/Downloads/Weixin Videos2026-05-04_154833_153.mp4,643,21.433,48,motorcycle,0.431,487.1 333.2 569.5 417.6,2,1.200 1.079,1,1,30.852,32.413
/Users/lujintao/Downloads/Weixin Videos2026-05-04_154833_153.mp4,644,21.467,48,motorcycle,0.402,487.0 332.4 569.1 417.5,2,1.200 1.078,1,1,30.372,32.925
/Users/lujintao/Downloads/Weixin Videos2026-05-04_154833_153.mp4,645,21.500,48,motorcycle,0.407,487.0 331.2 569.0 417.8,2,1.200 1.074,1,1,32.623,30.653
/Users/lujintao/Downloads/Weixin Videos2026-05-04_154833_153.mp4,646,21.533,48,motorcycle,0.418,487.2 332.4 569.1 417.9,3,1.200 1.200 1.073,1,1,29.511,33.886
/Users/lujintao/Downloads/Weixin Videos2026-05-04_154833_153.mp4,647,21.567,48,motorcycle,0.386,487.5 333.5 570.3 417.7,2,1.200 1.076,1,1,30.784,32.484
/Users/lujintao/Downloads/Weixin Videos2026-05-04_154833_153.mp4,647,21.567,56,motorcycle,0.254,492.3 357.8 542.9 416.7,0,,0,0,30.784,32.484
/Users/lujintao/Downloads/Weixin Videos2026-05-04_154833_153.mp4,648,21.600,48,motorcycle,0.386,487.4 333.9 570.4 417.8,2,1.200 1.074,1,1,31.700,31.546
/Users/lujintao/Downloads/Weixin Videos2026-05-04_154833_153.mp4,648,21.600,56,motorcycle,0.251,492.3 357.5 543.6 416.7,1,1.200,0,0,31.700,31.546
/Users/lujintao/Downloads/Weixin Videos2026-05-04_154833_153.mp4,649,21.633,48,motorcycle,0.375,487.4 333.7 569.9 417.3,1,1.200,0,1,30.132,33.188
/Users/lujintao/Downloads/Weixin Videos2026-05-04_154833_153.mp4,650,21.667,48,motorcycle,0.342,487.3 333.8 570.0 417.1,2,1.200 1.074,1,1,27.704,36.096
/Users/lujintao/Downloads/Weixin Videos2026-05-04_154833_153.mp4,651,21.700,48,motorcycle,0.306,487.3 335.9 569.2 416.8,2,1.200 1.080,1,1,33.144,30.171
/Users/lujintao/Downloads/Weixin Videos2026-05-04_154833_153.mp4,652,21.733,48,motorcycle,0.308,487.1 335.3 568.7 417.0,2,1.200 1.075,1,1,29.277,34.156
/Users/lujintao/Downloads/Weixin Videos2026-05-04_154833_153.mp4,653,21.767,48,motorcycle,0.360,486.9 335.1 568.9 417.1,3,1.200 1.200 1.071,1,1,34.932,28.627
/Users/lujintao/Downloads/Weixin Videos2026-05-04_154833_153.mp4,654,21.800,48,motorcycle,0.436,486.6 334.2 570.0 417.3,3,1.200 1.200 1.073,1,1,31.209,32.042
/Users/lujintao/Downloads/Weixin Videos2026-05-04_154833_153.mp4,655,21.833,48,motorcycle,0.425,486.8 334.4 568.9 417.4,3,1.200 1.200 1.079,1,1,28.749,34.783
/Users/lujintao/Downloads/Weixin Videos2026-05-04_154833_153.mp4,656,21.867,48,motorcycle,0.389,486.9 335.6 568.4 417.1,3,1.200 1.200 1.082,1,1,31.257,31.993
/Users/lujintao/Downloads/Weixin Videos2026-05-04_154833_153.mp4,657,21.900,48,motorcycle,0.347,487.0 339.5 567.4 416.5,3,1.200 1.200 1.091,1,1,45.324,22.063
/Users/lujintao/Downloads/Weixin Videos2026-05-04_154833_153.mp4,658,21.933,48,motorcycle,0.331,487.2 343.3 566.4 416.6,2,1.200 1.103,1,1,31.651,31.594
/Users/lujintao/Downloads/Weixin Videos2026-05-04_154833_153.mp4,659,21.967,48,motorcycle,0.343,487.3 345.9 565.4 416.4,2,1.200 1.107,1,1,29.745,33.619
/Users/lujintao/Downloads/Weixin Videos2026-05-04_154833_153.mp4,660,22.000,48,motorcycle,0.370,487.1 343.5 566.3 416.4,2,1.200 1.097,1,1,27.983,35.735
/Users/lujintao/Downloads/Weixin Videos2026-05-04_154833_153.mp4,661,22.033,48,motorcycle,0.366,487.5 343.0 567.2 416.4,2,1.200 1.111,1,1,27.637,36.184
/Users/lujintao/Downloads/Weixin Videos2026-05-04_154833_153.mp4,662,22.067,48,motorcycle,0.391,487.2 341.5 567.7 416.4,2,1.200 1.100,1,1,29.236,34.204
/Users/lujintao/Downloads/Weixin Videos2026-05-04_154833_153.mp4,663,22.100,48,motorcycle,0.444,487.0 339.9 568.0 416.7,2,1.200 1.101,1,1,28.671,34.879
/Users/lujintao/Downloads/Weixin Videos2026-05-04_154833_153.mp4,664,22.133,48,motorcycle,0.459,486.8 339.8 567.9 416.7,2,1.200 1.098,1,1,28.039,35.664
/Users/lujintao/Downloads/Weixin Videos2026-05-04_154833_153.mp4,665,22.167,48,motorcycle,0.499,486.6 338.4 568.6 416.8,3,1.200 1.200 1.093,1,1,29.549,33.842
/Users/lujintao/Downloads/Weixin Videos2026-05-04_154833_153.mp4,666,22.200,48,motorcycle,0.449,486.7 335.1 568.0 417.0,3,1.200 1.200 1.090,1,1,30.892,32.370
/Users/lujintao/Downloads/Weixin Videos2026-05-04_154833_153.mp4,667,22.233,48,motorcycle,0.446,486.7 334.7 567.6 416.8,3,1.200 1.200 1.088,1,1,29.264,34.172
/Users/lujintao/Downloads/Weixin Videos2026-05-04_154833_153.mp4,668,22.267,48,motorcycle,0.445,487.0 333.9 568.1 417.0,3,1.200 1.200 1.087,1,1,29.320,34.106
/Users/lujintao/Downloads/Weixin Videos2026-05-04_154833_153.mp4,669,22.300,48,motorcycle,0.453,487.1 334.3 567.9 416.7,2,1.200 1.085,1,1,28.932,34.564
/Users/lujintao/Downloads/Weixin Videos2026-05-04_154833_153.mp4,670,22.333,48,motorcycle,0.432,486.8 332.8 567.6 416.6,2,1.200 1.082,1,1,27.981,35.739
/Users/lujintao/Downloads/Weixin Videos2026-05-04_154833_153.mp4,671,22.367,48,motorcycle,0.436,487.2 332.4 568.2 416.7,2,1.200 1.081,1,1,32.428,30.838
/Users/lujintao/Downloads/Weixin Videos2026-05-04_154833_153.mp4,672,22.400,48,motorcycle,0.448,487.4 333.0 567.5 416.7,2,1.200 1.082,1,1,30.472,32.817
/Users/lujintao/Downloads/Weixin Videos2026-05-04_154833_153.mp4,673,22.433,48,motorcycle,0.424,487.2 332.9 567.2 416.5,2,1.200 1.083,1,1,36.394,27.477
/Users/lujintao/Downloads/Weixin Videos2026-05-04_154833_153.mp4,674,22.467,48,motorcycle,0.464,486.5 333.8 567.4 416.3,2,1.200 1.081,1,1,31.255,31.994
/Users/lujintao/Downloads/Weixin Videos2026-05-04_154833_153.mp4,675,22.500,48,motorcycle,0.457,486.4 335.4 567.0 416.2,2,1.200 1.085,1,1,32.068,31.184
/Users/lujintao/Downloads/Weixin Videos2026-05-04_154833_153.mp4,676,22.533,48,motorcycle,0.441,487.1 337.3 567.5 415.9,2,1.200 1.091,1,1,30.407,32.887
/Users/lujintao/Downloads/Weixin Videos2026-05-04_154833_153.mp4,677,22.567,48,motorcycle,0.452,486.9 335.5 567.7 415.8,2,1.200 1.085,1,1,30.639,32.638
/Users/lujintao/Downloads/Weixin Videos2026-05-04_154833_153.mp4,678,22.600,48,motorcycle,0.440,486.6 332.7 567.7 415.8,2,1.200 1.080,1,1,49.338,20.268
/Users/lujintao/Downloads/Weixin Videos2026-05-04_154833_153.mp4,679,22.633,48,motorcycle,0.444,486.3 330.5 568.1 415.8,2,1.200 1.075,1,1,32.227,31.030
/Users/lujintao/Downloads/Weixin Videos2026-05-04_154833_153.mp4,680,22.667,48,motorcycle,0.460,486.8 333.5 567.4 415.9,2,1.200 1.079,1,1,32.432,30.833
/Users/lujintao/Downloads/Weixin Videos2026-05-04_154833_153.mp4,681,22.700,48,motorcycle,0.470,486.4 334.3 567.5 416.0,2,1.200 1.077,1,1,28.381,35.235
/Users/lujintao/Downloads/Weixin Videos2026-05-04_154833_153.mp4,682,22.733,48,motorcycle,0.431,487.1 333.8 566.1 415.8,2,1.200 1.079,1,1,30.451,32.840
/Users/lujintao/Downloads/Weixin Videos2026-05-04_154833_153.mp4,683,22.767,48,motorcycle,0.429,487.1 334.8 566.1 415.8,2,1.200 1.077,1,1,36.088,27.710
/Users/lujintao/Downloads/Weixin Videos2026-05-04_154833_153.mp4,684,22.800,48,motorcycle,0.420,487.3 334.2 566.0 415.6,2,1.200 1.080,1,1,33.104,30.208
/Users/lujintao/Downloads/Weixin Videos2026-05-04_154833_153.mp4,685,22.833,48,motorcycle,0.375,487.5 334.7 565.8 415.6,2,1.200 1.079,1,1,31.362,31.886
/Users/lujintao/Downloads/Weixin Videos2026-05-04_154833_153.mp4,686,22.867,48,motorcycle,0.416,487.0 332.4 566.2 415.4,2,1.200 1.075,1,1,28.328,35.300
/Users/lujintao/Downloads/Weixin Videos2026-05-04_154833_153.mp4,687,22.900,48,motorcycle,0.409,486.8 333.9 566.2 415.4,2,1.200 1.074,1,1,29.491,33.908
/Users/lujintao/Downloads/Weixin Videos2026-05-04_154833_153.mp4,688,22.933,48,motorcycle,0.438,486.8 336.7 566.2 415.2,2,1.200 1.080,1,1,30.041,33.288
/Users/lujintao/Downloads/Weixin Videos2026-05-04_154833_153.mp4,689,22.967,48,motorcycle,0.435,486.8 333.3 565.4 415.3,2,1.200 1.075,1,1,27.779,35.999
/Users/lujintao/Downloads/Weixin Videos2026-05-04_154833_153.mp4,690,23.000,48,motorcycle,0.464,486.9 336.0 564.9 415.2,2,1.200 1.083,1,1,29.945,33.394
/Users/lujintao/Downloads/Weixin Videos2026-05-04_154833_153.mp4,691,23.033,48,motorcycle,0.403,487.2 339.6 564.6 415.1,2,1.200 1.090,1,1,48.541,20.601
/Users/lujintao/Downloads/Weixin Videos2026-05-04_154833_153.mp4,692,23.067,48,motorcycle,0.436,487.1 341.2 564.7 414.7,1,1.200,0,1,36.486,27.408
/Users/lujintao/Downloads/Weixin Videos2026-05-04_154833_153.mp4,693,23.100,48,motorcycle,0.442,486.8 334.6 565.1 414.9,1,1.200,0,1,27.753,36.032
/Users/lujintao/Downloads/Weixin Videos2026-05-04_154833_153.mp4,694,23.133,48,motorcycle,0.447,488.6 339.9 566.0 414.6,2,1.200 1.090,1,1,29.550,33.841
/Users/lujintao/Downloads/Weixin Videos2026-05-04_154833_153.mp4,695,23.167,48,motorcycle,0.461,488.3 335.8 566.5 412.4,3,1.200 1.200 1.087,1,1,32.612,30.664
/Users/lujintao/Downloads/Weixin Videos2026-05-04_154833_153.mp4,696,23.200,48,motorcycle,0.468,488.9 341.5 565.3 414.5,2,1.200 1.093,1,1,30.126,33.194
/Users/lujintao/Downloads/Weixin Videos2026-05-04_154833_153.mp4,697,23.233,48,motorcycle,0.466,488.4 335.3 566.0 414.7,3,1.200 1.200 1.081,1,1,28.057,35.642
/Users/lujintao/Downloads/Weixin Videos2026-05-04_154833_153.mp4,698,23.267,48,motorcycle,0.421,486.2 322.8 565.7 412.9,1,1.200,0,1,32.490,30.779
/Users/lujintao/Downloads/Weixin Videos2026-05-04_154833_153.mp4,699,23.300,48,motorcycle,0.418,486.7 331.8 565.5 414.5,1,1.200,0,1,29.754,33.608
/Users/lujintao/Downloads/Weixin Videos2026-05-04_154833_153.mp4,700,23.333,48,motorcycle,0.402,487.8 332.8 565.9 414.5,1,1.200,0,1,29.162,34.291
/Users/lujintao/Downloads/Weixin Videos2026-05-04_154833_153.mp4,701,23.367,48,motorcycle,0.393,485.0 332.6 565.9 414.5,2,1.200 1.073,1,1,36.911,27.092
/Users/lujintao/Downloads/Weixin Videos2026-05-04_154833_153.mp4,702,23.400,48,motorcycle,0.417,485.2 334.1 566.1 414.1,2,1.200 1.075,1,1,28.712,34.829
/Users/lujintao/Downloads/Weixin Videos2026-05-04_154833_153.mp4,703,23.433,48,motorcycle,0.396,485.1 335.1 566.2 414.1,2,1.200 1.075,1,1,31.982,31.267
/Users/lujintao/Downloads/Weixin Videos2026-05-04_154833_153.mp4,704,23.467,48,motorcycle,0.363,485.1 331.7 566.5 414.3,2,1.200 1.067,1,1,27.410,36.483
/Users/lujintao/Downloads/Weixin Videos2026-05-04_154833_153.mp4,705,23.500,48,motorcycle,0.404,485.2 326.6 566.7 414.3,1,1.200,0,1,29.823,33.532
/Users/lujintao/Downloads/Weixin Videos2026-05-04_154833_153.mp4,706,23.533,48,motorcycle,0.423,485.4 331.1 565.9 414.2,2,1.200 1.069,1,1,30.729,32.543
/Users/lujintao/Downloads/Weixin Videos2026-05-04_154833_153.mp4,707,23.567,48,motorcycle,0.427,485.5 329.5 566.0 414.2,2,1.200 1.066,1,1,31.475,31.771
/Users/lujintao/Downloads/Weixin Videos2026-05-04_154833_153.mp4,708,23.600,48,motorcycle,0.373,486.3 331.9 565.7 414.0,2,1.200 1.075,1,1,31.191,32.061
/Users/lujintao/Downloads/Weixin Videos2026-05-04_154833_153.mp4,709,23.633,48,motorcycle,0.311,487.0 334.4 565.4 414.0,2,1.200 1.079,1,1,51.503,19.416
/Users/lujintao/Downloads/Weixin Videos2026-05-04_154833_153.mp4,710,23.667,48,motorcycle,0.413,486.6 333.0 565.6 414.2,2,1.200 1.073,1,1,60.632,16.493
/Users/lujintao/Downloads/Weixin Videos2026-05-04_154833_153.mp4,711,23.700,48,motorcycle,0.437,485.1 331.7 565.3 414.3,2,1.200 1.068,1,1,33.535,29.820
/Users/lujintao/Downloads/Weixin Videos2026-05-04_154833_153.mp4,712,23.733,48,motorcycle,0.385,486.1 331.6 564.9 414.0,1,1.200,0,1,32.739,30.544
/Users/lujintao/Downloads/Weixin Videos2026-05-04_154833_153.mp4,713,23.767,48,motorcycle,0.423,485.9 328.7 565.2 414.1,1,1.200,0,1,33.616,29.748
/Users/lujintao/Downloads/Weixin Videos2026-05-04_154833_153.mp4,714,23.800,48,motorcycle,0.391,486.1 329.4 565.0 414.0,1,1.200,0,1,30.525,32.760
/Users/lujintao/Downloads/Weixin Videos2026-05-04_154833_153.mp4,715,23.833,48,motorcycle,0.385,486.0 327.4 565.2 414.0,1,1.200,0,1,29.473,33.929
/Users/lujintao/Downloads/Weixin Videos2026-05-04_154833_153.mp4,716,23.867,48,motorcycle,0.423,484.6 317.4 565.6 412.8,1,1.200,0,1,30.536,32.748
/Users/lujintao/Downloads/Weixin Videos2026-05-04_154833_153.mp4,717,23.900,48,motorcycle,0.410,484.0 315.5 566.0 412.2,1,1.200,0,1,47.223,21.176
/Users/lujintao/Downloads/Weixin Videos2026-05-04_154833_153.mp4,718,23.933,48,motorcycle,0.367,483.5 314.3 565.8 411.9,1,1.200,0,1,29.707,33.662
/Users/lujintao/Downloads/Weixin Videos2026-05-04_154833_153.mp4,719,23.967,48,motorcycle,0.419,485.9 321.7 565.6 411.5,1,1.200,0,1,30.646,32.631
/Users/lujintao/Downloads/Weixin Videos2026-05-04_154833_153.mp4,720,24.000,48,motorcycle,0.390,484.8 317.8 565.9 411.6,1,1.200,0,1,27.399,36.498
/Users/lujintao/Downloads/Weixin Videos2026-05-04_154833_153.mp4,721,24.033,48,motorcycle,0.400,484.3 317.6 566.1 411.9,1,1.200,0,1,30.875,32.388
/Users/lujintao/Downloads/Weixin Videos2026-05-04_154833_153.mp4,722,24.067,48,motorcycle,0.358,484.3 317.0 566.2 411.6,1,1.200,0,1,28.178,35.488
/Users/lujintao/Downloads/Weixin Videos2026-05-04_154833_153.mp4,723,24.100,48,motorcycle,0.392,483.2 317.7 565.4 412.1,1,1.200,0,1,31.538,31.708
/Users/lujintao/Downloads/Weixin Videos2026-05-04_154833_153.mp4,724,24.133,48,motorcycle,0.421,484.3 317.3 566.0 411.5,1,1.200,0,1,27.865,35.887
/Users/lujintao/Downloads/Weixin Videos2026-05-04_154833_153.mp4,725,24.167,48,motorcycle,0.417,483.8 317.7 566.3 411.1,1,1.200,0,1,32.752,30.533
/Users/lujintao/Downloads/Weixin Videos2026-05-04_154833_153.mp4,726,24.200,48,motorcycle,0.414,484.9 318.7 566.2 410.9,1,1.200,0,1,31.758,31.488
/Users/lujintao/Downloads/Weixin Videos2026-05-04_154833_153.mp4,727,24.233,48,motorcycle,0.258,482.6 310.7 567.2 411.3,0,,0,1,33.677,29.694
/Users/lujintao/Downloads/Weixin Videos2026-05-04_154833_153.mp4,731,24.367,48,motorcycle,0.268,483.3 323.7 565.7 413.9,1,1.200,0,1,30.214,33.097
/Users/lujintao/Downloads/Weixin Videos2026-05-04_154833_153.mp4,734,24.467,48,motorcycle,0.407,482.6 332.6 566.5 413.8,2,1.200 1.200,1,1,27.978,35.743
/Users/lujintao/Downloads/Weixin Videos2026-05-04_154833_153.mp4,735,24.500,48,motorcycle,0.527,482.0 326.9 565.0 414.1,1,1.200,0,1,29.862,33.488
/Users/lujintao/Downloads/Weixin Videos2026-05-04_154833_153.mp4,736,24.533,48,motorcycle,0.512,482.5 328.6 566.3 414.1,1,1.200,0,1,31.346,31.902
/Users/lujintao/Downloads/Weixin Videos2026-05-04_154833_153.mp4,737,24.567,48,motorcycle,0.567,481.9 321.8 574.8 414.2,1,1.200,0,1,31.253,31.997
/Users/lujintao/Downloads/Weixin Videos2026-05-04_154833_153.mp4,738,24.600,48,motorcycle,0.528,481.1 317.5 576.2 414.2,1,1.200,0,1,29.001,34.482
/Users/lujintao/Downloads/Weixin Videos2026-05-04_154833_153.mp4,739,24.633,48,motorcycle,0.547,483.0 335.2 567.2 413.9,1,1.200,0,1,31.920,31.328
/Users/lujintao/Downloads/Weixin Videos2026-05-04_154833_153.mp4,740,24.667,48,motorcycle,0.585,482.9 328.0 567.1 411.5,1,1.200,0,1,30.591,32.689
/Users/lujintao/Downloads/Weixin Videos2026-05-04_154833_153.mp4,741,24.700,48,motorcycle,0.567,483.5 340.4 566.6 413.7,1,1.200,0,1,32.306,30.954
/Users/lujintao/Downloads/Weixin Videos2026-05-04_154833_153.mp4,742,24.733,48,motorcycle,0.522,482.8 345.5 567.1 413.7,1,1.200,0,1,31.770,31.476
/Users/lujintao/Downloads/Weixin Videos2026-05-04_154833_153.mp4,743,24.767,48,motorcycle,0.402,479.2 301.1 568.6 410.8,1,1.200,0,1,44.638,22.402
/Users/lujintao/Downloads/Weixin Videos2026-05-04_154833_153.mp4,744,24.800,48,motorcycle,0.396,479.9 300.9 567.6 412.3,1,1.200,0,1,30.708,32.564
/Users/lujintao/Downloads/Weixin Videos2026-05-04_154833_153.mp4,746,24.867,48,motorcycle,0.361,482.4 306.4 566.1 411.2,1,1.200,0,1,31.324,31.924
/Users/lujintao/Downloads/Weixin Videos2026-05-04_154833_153.mp4,748,24.933,48,motorcycle,0.271,485.0 322.8 565.3 413.7,0,,0,1,36.623,27.305
/Users/lujintao/Downloads/Weixin Videos2026-05-04_154833_153.mp4,749,24.967,48,motorcycle,0.361,486.2 341.7 565.1 413.6,1,1.200,0,1,30.315,32.987
/Users/lujintao/Downloads/Weixin Videos2026-05-04_154833_153.mp4,750,25.000,48,motorcycle,0.434,486.2 348.2 564.2 413.5,1,1.200,0,1,31.143,32.110
/Users/lujintao/Downloads/Weixin Videos2026-05-04_154833_153.mp4,751,25.033,48,motorcycle,0.445,486.0 342.1 564.8 413.7,1,1.200,0,1,29.970,33.367
/Users/lujintao/Downloads/Weixin Videos2026-05-04_154833_153.mp4,752,25.067,48,motorcycle,0.412,482.4 318.6 565.3 412.0,1,1.200,0,1,28.215,35.442
/Users/lujintao/Downloads/Weixin Videos2026-05-04_154833_153.mp4,753,25.100,48,motorcycle,0.413,483.9 329.4 565.6 413.8,1,1.200,0,1,30.576,32.706
/Users/lujintao/Downloads/Weixin Videos2026-05-04_154833_153.mp4,754,25.133,48,motorcycle,0.408,483.3 335.9 566.8 413.5,1,1.200,0,1,32.893,30.402
/Users/lujintao/Downloads/Weixin Videos2026-05-04_154833_153.mp4,755,25.167,48,motorcycle,0.445,482.6 327.6 566.6 413.6,1,1.200,0,1,29.941,33.399
/Users/lujintao/Downloads/Weixin Videos2026-05-04_154833_153.mp4,756,25.200,48,motorcycle,0.443,482.8 325.7 566.5 413.7,1,1.200,0,1,31.378,31.870
/Users/lujintao/Downloads/Weixin Videos2026-05-04_154833_153.mp4,757,25.233,48,motorcycle,0.402,481.0 314.5 567.3 411.6,1,1.200,0,1,29.592,33.793
/Users/lujintao/Downloads/Weixin Videos2026-05-04_154833_153.mp4,758,25.267,48,motorcycle,0.411,482.4 327.1 565.9 413.5,1,1.200,0,1,38.688,25.848
/Users/lujintao/Downloads/Weixin Videos2026-05-04_154833_153.mp4,759,25.300,48,motorcycle,0.452,483.1 329.1 565.5 413.6,1,1.200,0,1,32.224,31.033
/Users/lujintao/Downloads/Weixin Videos2026-05-04_154833_153.mp4,760,25.333,48,motorcycle,0.467,483.0 326.9 565.4 413.6,1,1.200,0,1,31.900,31.348
/Users/lujintao/Downloads/Weixin Videos2026-05-04_154833_153.mp4,761,25.367,48,motorcycle,0.470,483.0 327.6 565.7 413.4,1,1.200,0,1,31.355,31.892
/Users/lujintao/Downloads/Weixin Videos2026-05-04_154833_153.mp4,762,25.400,48,motorcycle,0.464,483.1 327.2 565.5 413.3,1,1.200,0,1,29.995,33.339
/Users/lujintao/Downloads/Weixin Videos2026-05-04_154833_153.mp4,763,25.433,48,motorcycle,0.472,481.6 321.2 566.3 411.5,1,1.200,0,1,31.107,32.147
/Users/lujintao/Downloads/Weixin Videos2026-05-04_154833_153.mp4,764,25.467,48,motorcycle,0.470,481.0 319.4 566.5 411.7,1,1.200,0,1,29.113,34.349
/Users/lujintao/Downloads/Weixin Videos2026-05-04_154833_153.mp4,765,25.500,48,motorcycle,0.480,481.0 318.3 566.3 411.8,1,1.200,0,1,33.248,30.077
/Users/lujintao/Downloads/Weixin Videos2026-05-04_154833_153.mp4,766,25.533,48,motorcycle,0.476,480.4 315.5 565.8 411.5,2,1.200 1.200,1,1,28.425,35.180
/Users/lujintao/Downloads/Weixin Videos2026-05-04_154833_153.mp4,767,25.567,48,motorcycle,0.481,480.8 315.4 565.7 411.5,2,1.200 1.200,1,1,39.161,25.535
/Users/lujintao/Downloads/Weixin Videos2026-05-04_154833_153.mp4,768,25.600,48,motorcycle,0.486,481.4 318.5 565.3 411.2,2,1.200 1.200,1,1,32.651,30.627
/Users/lujintao/Downloads/Weixin Videos2026-05-04_154833_153.mp4,769,25.633,48,motorcycle,0.480,481.2 317.7 565.3 410.9,1,1.200,0,1,32.356,30.906
/Users/lujintao/Downloads/Weixin Videos2026-05-04_154833_153.mp4,770,25.667,48,motorcycle,0.481,480.8 318.6 565.5 410.9,1,1.200,0,1,30.879,32.384
/Users/lujintao/Downloads/Weixin Videos2026-05-04_154833_153.mp4,771,25.700,48,motorcycle,0.464,481.0 318.8 565.6 410.8,1,1.200,0,1,30.231,33.079
/Users/lujintao/Downloads/Weixin Videos2026-05-04_154833_153.mp4,772,25.733,48,motorcycle,0.483,481.7 321.4 565.6 410.9,1,1.200,0,1,29.177,34.274
/Users/lujintao/Downloads/Weixin Videos2026-05-04_154833_153.mp4,773,25.767,48,motorcycle,0.516,482.3 323.1 565.4 410.6,1,1.200,0,1,30.964,32.295
/Users/lujintao/Downloads/Weixin Videos2026-05-04_154833_153.mp4,774,25.800,48,motorcycle,0.479,482.4 321.6 565.4 410.2,1,1.200,0,1,51.439,19.440
/Users/lujintao/Downloads/Weixin Videos2026-05-04_154833_153.mp4,775,25.833,48,motorcycle,0.496,481.8 321.3 565.3 410.2,1,1.200,0,1,36.856,27.132
/Users/lujintao/Downloads/Weixin Videos2026-05-04_154833_153.mp4,776,25.867,48,motorcycle,0.498,481.3 320.6 565.2 410.4,1,1.200,0,1,38.830,25.753
/Users/lujintao/Downloads/Weixin Videos2026-05-04_154833_153.mp4,777,25.900,48,motorcycle,0.504,480.6 319.8 564.9 410.5,1,1.200,0,1,33.265,30.062
/Users/lujintao/Downloads/Weixin Videos2026-05-04_154833_153.mp4,778,25.933,48,motorcycle,0.438,481.4 318.4 565.3 409.9,1,1.200,0,1,29.746,33.618
/Users/lujintao/Downloads/Weixin Videos2026-05-04_154833_153.mp4,779,25.967,48,motorcycle,0.328,481.2 316.6 565.9 409.6,1,1.200,0,1,35.789,27.941
/Users/lujintao/Downloads/Weixin Videos2026-05-04_154833_153.mp4,780,26.000,48,motorcycle,0.418,480.6 316.0 565.5 410.1,1,1.200,0,1,30.735,32.537
/Users/lujintao/Downloads/Weixin Videos2026-05-04_154833_153.mp4,780,26.000,57,motorcycle,0.273,485.4 349.3 543.5 412.2,0,,0,0,30.735,32.537
/Users/lujintao/Downloads/Weixin Videos2026-05-04_154833_153.mp4,781,26.033,48,motorcycle,0.357,480.3 316.1 565.3 410.0,1,1.200,0,1,30.599,32.681
/Users/lujintao/Downloads/Weixin Videos2026-05-04_154833_153.mp4,796,26.533,58,motorcycle,0.263,479.8 311.2 563.0 408.6,1,1.200,0,0,33.318,30.014
/Users/lujintao/Downloads/Weixin Videos2026-05-04_154833_153.mp4,797,26.567,58,motorcycle,0.296,478.9 308.7 563.0 409.0,1,1.200,0,0,30.507,32.779
/Users/lujintao/Downloads/Weixin Videos2026-05-04_154833_153.mp4,798,26.600,58,motorcycle,0.355,479.5 309.5 562.4 408.9,1,1.200,0,0,33.475,29.873
/Users/lujintao/Downloads/Weixin Videos2026-05-04_154833_153.mp4,799,26.633,58,motorcycle,0.421,479.7 309.9 561.8 408.9,0,,0,0,28.241,35.409
/Users/lujintao/Downloads/Weixin Videos2026-05-04_154833_153.mp4,799,26.633,59,motorcycle,0.313,485.5 351.9 548.7 412.0,1,1.200,0,0,28.241,35.409
/Users/lujintao/Downloads/Weixin Videos2026-05-04_154833_153.mp4,800,26.667,58,motorcycle,0.444,479.6 312.3 561.6 408.6,1,1.200,0,0,30.336,32.964
/Users/lujintao/Downloads/Weixin Videos2026-05-04_154833_153.mp4,800,26.667,59,motorcycle,0.303,485.3 353.4 549.3 412.1,0,,0,0,30.336,32.964
/Users/lujintao/Downloads/Weixin Videos2026-05-04_154833_153.mp4,801,26.700,58,motorcycle,0.428,479.5 310.3 561.6 408.7,1,1.200,0,0,28.866,34.643
/Users/lujintao/Downloads/Weixin Videos2026-05-04_154833_153.mp4,801,26.700,59,motorcycle,0.306,485.3 354.0 549.2 412.0,0,,0,0,28.866,34.643
/Users/lujintao/Downloads/Weixin Videos2026-05-04_154833_153.mp4,802,26.733,58,motorcycle,0.425,481.2 317.5 561.4 408.3,1,1.200,0,0,26.850,37.243
/Users/lujintao/Downloads/Weixin Videos2026-05-04_154833_153.mp4,802,26.733,59,motorcycle,0.279,486.3 357.6 546.9 411.8,0,,0,0,26.850,37.243
/Users/lujintao/Downloads/Weixin Videos2026-05-04_154833_153.mp4,803,26.767,58,motorcycle,0.435,481.0 316.9 561.4 408.3,1,1.200,0,0,30.056,33.272
/Users/lujintao/Downloads/Weixin Videos2026-05-04_154833_153.mp4,803,26.767,59,motorcycle,0.302,486.2 357.3 547.4 411.8,0,,0,0,30.056,33.272
/Users/lujintao/Downloads/Weixin Videos2026-05-04_154833_153.mp4,804,26.800,58,motorcycle,0.434,479.5 310.6 561.5 408.5,1,1.200,0,0,28.115,35.568
/Users/lujintao/Downloads/Weixin Videos2026-05-04_154833_153.mp4,804,26.800,59,motorcycle,0.311,485.0 356.7 548.7 411.8,0,,0,0,28.115,35.568
/Users/lujintao/Downloads/Weixin Videos2026-05-04_154833_153.mp4,805,26.833,58,motorcycle,0.443,479.4 310.0 561.6 408.8,1,1.200,0,0,30.675,32.600
/Users/lujintao/Downloads/Weixin Videos2026-05-04_154833_153.mp4,805,26.833,59,motorcycle,0.315,484.8 356.1 549.8 411.8,0,,0,0,30.675,32.600
/Users/lujintao/Downloads/Weixin Videos2026-05-04_154833_153.mp4,806,26.867,58,motorcycle,0.424,479.1 310.1 561.0 408.7,1,1.200,0,0,29.795,33.563
/Users/lujintao/Downloads/Weixin Videos2026-05-04_154833_153.mp4,806,26.867,59,motorcycle,0.329,484.7 355.1 549.7 411.8,0,,0,0,29.795,33.563
/Users/lujintao/Downloads/Weixin Videos2026-05-04_154833_153.mp4,807,26.900,58,motorcycle,0.425,478.7 310.8 560.9 408.9,1,1.200,0,0,29.421,33.989
/Users/lujintao/Downloads/Weixin Videos2026-05-04_154833_153.mp4,808,26.933,58,motorcycle,0.428,478.0 309.9 561.4 409.1,0,,0,0,32.849,30.442
/Users/lujintao/Downloads/Weixin Videos2026-05-04_154833_153.mp4,808,26.933,59,motorcycle,0.268,484.4 352.9 551.4 411.8,1,1.200,0,0,32.849,30.442
/Users/lujintao/Downloads/Weixin Videos2026-05-04_154833_153.mp4,809,26.967,58,motorcycle,0.427,477.6 310.1 561.0 409.0,1,1.200,0,0,31.507,31.739
/Users/lujintao/Downloads/Weixin Videos2026-05-04_154833_153.mp4,810,27.000,58,motorcycle,0.425,477.9 312.6 560.7 409.0,1,1.200,0,0,32.795,30.493
/Users/lujintao/Downloads/Weixin Videos2026-05-04_154833_153.mp4,811,27.033,58,motorcycle,0.435,477.9 313.2 560.8 409.0,1,1.200,0,0,29.262,34.174
/Users/lujintao/Downloads/Weixin Videos2026-05-04_154833_153.mp4,812,27.067,58,motorcycle,0.478,485.1 331.4 558.7 409.3,1,1.200,0,0,28.853,34.658
/Users/lujintao/Downloads/Weixin Videos2026-05-04_154833_153.mp4,813,27.100,58,motorcycle,0.458,484.5 331.1 558.7 409.2,1,1.200,0,0,29.471,33.931
/Users/lujintao/Downloads/Weixin Videos2026-05-04_154833_153.mp4,814,27.133,58,motorcycle,0.453,485.7 331.2 559.0 409.0,1,1.200,0,0,30.806,32.461
/Users/lujintao/Downloads/Weixin Videos2026-05-04_154833_153.mp4,815,27.167,58,motorcycle,0.453,485.6 331.1 558.8 409.0,1,1.200,0,0,30.983,32.276
/Users/lujintao/Downloads/Weixin Videos2026-05-04_154833_153.mp4,816,27.200,58,motorcycle,0.435,476.5 314.6 560.6 409.5,1,1.200,0,0,32.729,30.554
/Users/lujintao/Downloads/Weixin Videos2026-05-04_154833_153.mp4,817,27.233,58,motorcycle,0.431,476.5 314.0 560.7 409.5,1,1.200,0,0,30.228,33.081
/Users/lujintao/Downloads/Weixin Videos2026-05-04_154833_153.mp4,818,27.267,58,motorcycle,0.437,476.4 314.6 560.7 409.5,1,1.200,0,0,29.660,33.715
/Users/lujintao/Downloads/Weixin Videos2026-05-04_154833_153.mp4,819,27.300,58,motorcycle,0.447,476.5 317.0 560.5 409.4,1,1.200,0,0,32.633,30.644
/Users/lujintao/Downloads/Weixin Videos2026-05-04_154833_153.mp4,820,27.333,58,motorcycle,0.442,476.2 315.1 560.5 409.2,1,1.200,0,0,31.443,31.803
/Users/lujintao/Downloads/Weixin Videos2026-05-04_154833_153.mp4,821,27.367,58,motorcycle,0.436,476.2 313.8 560.5 409.2,1,1.200,0,0,29.789,33.570
/Users/lujintao/Downloads/Weixin Videos2026-05-04_154833_153.mp4,822,27.400,58,motorcycle,0.442,476.1 313.3 560.6 409.2,1,1.200,0,0,28.816,34.703
/Users/lujintao/Downloads/Weixin Videos2026-05-04_154833_153.mp4,823,27.433,58,motorcycle,0.442,476.2 314.6 560.6 409.3,1,1.200,0,0,28.447,35.153
/Users/lujintao/Downloads/Weixin Videos2026-05-04_154833_153.mp4,824,27.467,58,motorcycle,0.428,475.9 311.8 561.2 409.1,1,1.200,0,0,31.149,32.104
/Users/lujintao/Downloads/Weixin Videos2026-05-04_154833_153.mp4,825,27.500,58,motorcycle,0.437,476.0 313.7 561.2 409.1,1,1.200,0,0,39.214,25.501
/Users/lujintao/Downloads/Weixin Videos2026-05-04_154833_153.mp4,826,27.533,58,motorcycle,0.464,477.5 318.3 560.7 409.0,1,1.200,0,0,30.307,32.996
/Users/lujintao/Downloads/Weixin Videos2026-05-04_154833_153.mp4,826,27.533,60,motorcycle,0.260,485.4 356.2 551.0 411.7,0,,0,0,30.307,32.996
/Users/lujintao/Downloads/Weixin Videos2026-05-04_154833_153.mp4,827,27.567,58,motorcycle,0.459,477.3 318.1 560.8 409.0,1,1.200,0,0,33.503,29.848
/Users/lujintao/Downloads/Weixin Videos2026-05-04_154833_153.mp4,828,27.600,58,motorcycle,0.461,488.1 330.1 559.0 407.9,1,1.200,0,0,28.141,35.536
/Users/lujintao/Downloads/Weixin Videos2026-05-04_154833_153.mp4,829,27.633,58,motorcycle,0.458,488.3 330.1 559.0 408.0,1,1.200,0,0,29.989,33.346
/Users/lujintao/Downloads/Weixin Videos2026-05-04_154833_153.mp4,830,27.667,58,motorcycle,0.474,484.3 328.8 559.1 408.4,1,1.200,0,0,31.939,31.309
/Users/lujintao/Downloads/Weixin Videos2026-05-04_154833_153.mp4,831,27.700,58,motorcycle,0.478,483.8 328.8 558.9 408.8,1,1.200,0,0,30.851,32.414
/Users/lujintao/Downloads/Weixin Videos2026-05-04_154833_153.mp4,832,27.733,58,motorcycle,0.490,484.4 328.8 558.9 408.7,1,1.200,0,0,30.640,32.637
/Users/lujintao/Downloads/Weixin Videos2026-05-04_154833_153.mp4,833,27.767,58,motorcycle,0.484,476.6 315.6 560.9 409.2,1,1.200,0,0,30.015,33.317
/Users/lujintao/Downloads/Weixin Videos2026-05-04_154833_153.mp4,834,27.800,58,motorcycle,0.474,476.7 316.1 561.2 409.2,1,1.200,0,0,36.117,27.688
/Users/lujintao/Downloads/Weixin Videos2026-05-04_154833_153.mp4,835,27.833,58,motorcycle,0.470,476.5 314.6 561.3 409.3,1,1.200,0,0,29.349,34.073
/Users/lujintao/Downloads/Weixin Videos2026-05-04_154833_153.mp4,836,27.867,58,motorcycle,0.459,476.4 313.5 561.5 409.4,1,1.200,0,0,28.854,34.657
/Users/lujintao/Downloads/Weixin Videos2026-05-04_154833_153.mp4,837,27.900,58,motorcycle,0.465,476.3 313.6 561.6 409.5,1,1.200,0,0,53.098,18.833
/Users/lujintao/Downloads/Weixin Videos2026-05-04_154833_153.mp4,838,27.933,58,motorcycle,0.488,477.0 316.8 561.3 409.4,1,1.200,0,0,59.837,16.712
/Users/lujintao/Downloads/Weixin Videos2026-05-04_154833_153.mp4,839,27.967,58,motorcycle,0.487,476.8 316.4 561.4 409.4,1,1.200,0,0,31.093,32.161
/Users/lujintao/Downloads/Weixin Videos2026-05-04_154833_153.mp4,840,28.000,58,motorcycle,0.515,477.2 320.0 561.3 409.4,1,1.200,0,0,28.422,35.184
/Users/lujintao/Downloads/Weixin Videos2026-05-04_154833_153.mp4,841,28.033,58,motorcycle,0.512,477.3 320.1 561.3 409.3,1,1.200,0,0,32.697,30.584
/Users/lujintao/Downloads/Weixin Videos2026-05-04_154833_153.mp4,842,28.067,58,motorcycle,0.473,476.8 316.8 561.3 409.3,1,1.200,0,0,32.541,30.730
/Users/lujintao/Downloads/Weixin Videos2026-05-04_154833_153.mp4,843,28.100,58,motorcycle,0.493,477.0 317.2 561.3 409.1,1,1.200,0,0,32.648,30.630
/Users/lujintao/Downloads/Weixin Videos2026-05-04_154833_153.mp4,844,28.133,58,motorcycle,0.505,477.3 317.8 561.3 409.1,1,1.200,0,0,31.138,32.115
/Users/lujintao/Downloads/Weixin Videos2026-05-04_154833_153.mp4,845,28.167,58,motorcycle,0.505,477.3 318.2 561.3 409.1,1,1.200,0,0,46.482,21.514
/Users/lujintao/Downloads/Weixin Videos2026-05-04_154833_153.mp4,846,28.200,58,motorcycle,0.510,477.3 318.9 561.2 409.2,1,1.200,0,0,30.335,32.965
/Users/lujintao/Downloads/Weixin Videos2026-05-04_154833_153.mp4,847,28.233,58,motorcycle,0.506,477.3 317.9 560.9 409.2,1,1.200,0,0,30.634,32.644
/Users/lujintao/Downloads/Weixin Videos2026-05-04_154833_153.mp4,848,28.267,58,motorcycle,0.507,476.9 316.6 560.8 409.5,1,1.200,0,0,35.212,28.399
/Users/lujintao/Downloads/Weixin Videos2026-05-04_154833_153.mp4,849,28.300,58,motorcycle,0.509,481.9 329.8 558.7 410.1,1,1.200,0,0,43.977,22.739
/Users/lujintao/Downloads/Weixin Videos2026-05-04_154833_153.mp4,850,28.333,58,motorcycle,0.504,482.3 330.0 558.7 410.0,1,1.200,0,0,31.335,31.913
/Users/lujintao/Downloads/Weixin Videos2026-05-04_154833_153.mp4,851,28.367,58,motorcycle,0.515,482.3 330.8 558.3 409.6,1,1.200,0,0,30.044,33.285
/Users/lujintao/Downloads/Weixin Videos2026-05-04_154833_153.mp4,852,28.400,58,motorcycle,0.528,477.5 319.4 560.2 409.3,1,1.200,0,0,26.942,37.116
/Users/lujintao/Downloads/Weixin Videos2026-05-04_154833_153.mp4,853,28.433,58,motorcycle,0.525,477.1 319.8 560.1 409.4,1,1.200,0,0,31.832,31.415
/Users/lujintao/Downloads/Weixin Videos2026-05-04_154833_153.mp4,854,28.467,58,motorcycle,0.564,477.7 322.0 560.3 409.4,1,1.200,0,0,31.503,31.743
/Users/lujintao/Downloads/Weixin Videos2026-05-04_154833_153.mp4,855,28.500,58,motorcycle,0.559,477.8 321.4 560.3 409.0,1,1.200,0,0,30.015,33.317
/Users/lujintao/Downloads/Weixin Videos2026-05-04_154833_153.mp4,856,28.533,58,motorcycle,0.559,479.0 322.5 560.0 409.0,1,1.200,0,0,29.817,33.538
/Users/lujintao/Downloads/Weixin Videos2026-05-04_154833_153.mp4,857,28.567,58,motorcycle,0.588,479.2 324.3 559.9 409.2,1,1.200,0,0,30.515,32.771
/Users/lujintao/Downloads/Weixin Videos2026-05-04_154833_153.mp4,858,28.600,58,motorcycle,0.575,480.0 325.4 559.8 409.2,1,1.200,0,0,29.675,33.699
/Users/lujintao/Downloads/Weixin Videos2026-05-04_154833_153.mp4,859,28.633,58,motorcycle,0.572,479.9 326.3 559.7 409.3,1,1.200,0,0,31.052,32.204
/Users/lujintao/Downloads/Weixin Videos2026-05-04_154833_153.mp4,860,28.667,58,motorcycle,0.591,479.2 326.3 559.7 409.3,1,1.200,0,0,29.371,34.048
/Users/lujintao/Downloads/Weixin Videos2026-05-04_154833_153.mp4,861,28.700,58,motorcycle,0.591,479.4 329.0 560.2 409.1,1,1.200,0,0,28.350,35.273
/Users/lujintao/Downloads/Weixin Videos2026-05-04_154833_153.mp4,862,28.733,58,motorcycle,0.561,479.4 324.0 560.0 409.2,1,1.200,0,0,28.693,34.852
/Users/lujintao/Downloads/Weixin Videos2026-05-04_154833_153.mp4,863,28.767,58,motorcycle,0.558,479.0 323.0 559.9 409.2,1,1.200,0,0,37.700,26.525
/Users/lujintao/Downloads/Weixin Videos2026-05-04_154833_153.mp4,864,28.800,58,motorcycle,0.549,478.7 319.7 559.5 409.1,1,1.200,0,0,42.906,23.307
/Users/lujintao/Downloads/Weixin Videos2026-05-04_154833_153.mp4,865,28.833,58,motorcycle,0.548,478.4 315.9 559.5 409.1,1,1.200,0,0,30.969,32.290
/Users/lujintao/Downloads/Weixin Videos2026-05-04_154833_153.mp4,866,28.867,58,motorcycle,0.515,476.4 307.3 560.2 409.5,1,1.200,0,0,31.253,31.997
/Users/lujintao/Downloads/Weixin Videos2026-05-04_154833_153.mp4,867,28.900,58,motorcycle,0.495,476.2 306.2 560.5 409.8,1,1.200,0,0,30.370,32.927
/Users/lujintao/Downloads/Weixin Videos2026-05-04_154833_153.mp4,868,28.933,58,motorcycle,0.519,476.0 307.5 560.6 409.7,1,1.200,0,0,32.058,31.193
/Users/lujintao/Downloads/Weixin Videos2026-05-04_154833_153.mp4,869,28.967,58,motorcycle,0.528,476.2 311.5 559.8 409.5,2,1.200 1.200,1,0,30.550,32.734
/Users/lujintao/Downloads/Weixin Videos2026-05-04_154833_153.mp4,870,29.000,58,motorcycle,0.560,476.9 319.5 559.8 408.9,1,1.200,0,0,45.504,21.976
/Users/lujintao/Downloads/Weixin Videos2026-05-04_154833_153.mp4,871,29.033,58,motorcycle,0.526,475.6 314.9 559.5 409.4,1,1.200,0,0,34.160,29.274
/Users/lujintao/Downloads/Weixin Videos2026-05-04_154833_153.mp4,872,29.067,58,motorcycle,0.478,474.8 313.9 558.9 409.7,2,1.200 1.200,1,0,36.729,27.227
/Users/lujintao/Downloads/Weixin Videos2026-05-04_154833_153.mp4,873,29.100,58,motorcycle,0.465,475.2 312.4 559.3 410.0,1,1.200,0,0,31.646,31.599
/Users/lujintao/Downloads/Weixin Videos2026-05-04_154833_153.mp4,874,29.133,58,motorcycle,0.480,476.1 311.8 558.7 409.0,1,1.200,0,0,28.997,34.487
/Users/lujintao/Downloads/Weixin Videos2026-05-04_154833_153.mp4,875,29.167,58,motorcycle,0.518,476.8 317.4 558.3 408.9,1,1.200,0,0,29.841,33.511
/Users/lujintao/Downloads/Weixin Videos2026-05-04_154833_153.mp4,876,29.200,58,motorcycle,0.518,477.1 320.1 557.9 408.9,1,1.200,0,0,32.753,30.531
/Users/lujintao/Downloads/Weixin Videos2026-05-04_154833_153.mp4,877,29.233,58,motorcycle,0.531,476.9 317.7 558.1 408.9,1,1.200,0,0,29.606,33.777
/Users/lujintao/Downloads/Weixin Videos2026-05-04_154833_153.mp4,878,29.267,58,motorcycle,0.537,476.9 319.4 558.1 408.8,1,1.200,0,0,32.530,30.741
/Users/lujintao/Downloads/Weixin Videos2026-05-04_154833_153.mp4,879,29.300,58,motorcycle,0.560,476.9 320.8 558.3 408.8,1,1.200,0,0,31.225,32.026
/Users/lujintao/Downloads/Weixin Videos2026-05-04_154833_153.mp4,880,29.333,58,motorcycle,0.582,477.2 321.7 558.5 408.8,1,1.200,0,0,29.585,33.801
/Users/lujintao/Downloads/Weixin Videos2026-05-04_154833_153.mp4,881,29.367,58,motorcycle,0.603,477.3 323.6 558.7 408.8,1,1.200,0,0,35.722,27.994
/Users/lujintao/Downloads/Weixin Videos2026-05-04_154833_153.mp4,882,29.400,58,motorcycle,0.612,477.6 324.7 558.7 408.7,1,1.200,0,0,32.670,30.609
/Users/lujintao/Downloads/Weixin Videos2026-05-04_154833_153.mp4,883,29.433,58,motorcycle,0.597,477.2 324.5 558.4 408.5,1,1.200,0,0,29.386,34.030
/Users/lujintao/Downloads/Weixin Videos2026-05-04_154833_153.mp4,884,29.467,58,motorcycle,0.594,477.2 325.0 558.3 408.4,1,1.200,0,0,29.222,34.221
/Users/lujintao/Downloads/Weixin Videos2026-05-04_154833_153.mp4,885,29.500,58,motorcycle,0.577,476.7 322.9 558.5 408.3,1,1.200,0,0,30.498,32.789
/Users/lujintao/Downloads/Weixin Videos2026-05-04_154833_153.mp4,886,29.533,58,motorcycle,0.588,477.6 324.1 558.3 408.2,1,1.200,0,0,31.211,32.040
/Users/lujintao/Downloads/Weixin Videos2026-05-04_154833_153.mp4,887,29.567,58,motorcycle,0.571,477.3 323.5 558.3 408.2,1,1.200,0,0,30.238,33.071
/Users/lujintao/Downloads/Weixin Videos2026-05-04_154833_153.mp4,888,29.600,58,motorcycle,0.540,476.2 321.1 558.4 408.5,1,1.200,0,0,29.888,33.458
/Users/lujintao/Downloads/Weixin Videos2026-05-04_154833_153.mp4,889,29.633,58,motorcycle,0.549,476.1 321.6 558.2 408.4,1,1.200,0,0,35.468,28.194
/Users/lujintao/Downloads/Weixin Videos2026-05-04_154833_153.mp4,890,29.667,58,motorcycle,0.544,476.1 322.0 557.9 408.3,1,1.200,0,0,31.974,31.275
/Users/lujintao/Downloads/Weixin Videos2026-05-04_154833_153.mp4,891,29.700,58,motorcycle,0.549,476.2 322.2 558.0 408.2,1,1.200,0,0,38.413,26.033
/Users/lujintao/Downloads/Weixin Videos2026-05-04_154833_153.mp4,892,29.733,58,motorcycle,0.584,476.3 322.2 558.3 408.4,1,1.200,0,0,31.144,32.108
/Users/lujintao/Downloads/Weixin Videos2026-05-04_154833_153.mp4,893,29.767,58,motorcycle,0.580,476.3 322.9 558.2 408.4,1,1.200,0,0,28.915,34.584
/Users/lujintao/Downloads/Weixin Videos2026-05-04_154833_153.mp4,894,29.800,58,motorcycle,0.570,476.2 322.0 557.7 408.3,1,1.200,0,0,32.182,31.074
/Users/lujintao/Downloads/Weixin Videos2026-05-04_154833_153.mp4,895,29.833,58,motorcycle,0.557,476.3 322.8 557.4 408.1,1,1.200,0,0,29.966,33.371
/Users/lujintao/Downloads/Weixin Videos2026-05-04_154833_153.mp4,896,29.867,58,motorcycle,0.566,476.0 323.0 557.4 408.0,1,1.200,0,0,29.613,33.769
/Users/lujintao/Downloads/Weixin Videos2026-05-04_154833_153.mp4,897,29.900,58,motorcycle,0.583,475.9 323.3 557.6 408.0,1,1.200,0,0,29.948,33.392
/Users/lujintao/Downloads/Weixin Videos2026-05-04_154833_153.mp4,898,29.933,58,motorcycle,0.573,475.8 320.9 557.5 407.9,1,1.200,0,0,30.845,32.420
/Users/lujintao/Downloads/Weixin Videos2026-05-04_154833_153.mp4,899,29.967,58,motorcycle,0.572,475.5 319.7 557.5 407.9,1,1.200,0,0,29.201,34.246
/Users/lujintao/Downloads/Weixin Videos2026-05-04_154833_153.mp4,900,30.000,58,motorcycle,0.505,476.5 322.7 557.2 406.8,1,1.200,0,0,27.102,36.897
/Users/lujintao/Downloads/Weixin Videos2026-05-04_154833_153.mp4,901,30.033,58,motorcycle,0.506,476.3 321.5 557.2 406.8,1,1.200,0,0,30.769,32.500
/Users/lujintao/Downloads/Weixin Videos2026-05-04_154833_153.mp4,902,30.067,58,motorcycle,0.488,476.2 319.3 557.3 406.8,1,1.200,0,0,46.820,21.358
/Users/lujintao/Downloads/Weixin Videos2026-05-04_154833_153.mp4,903,30.100,58,motorcycle,0.485,476.0 318.8 557.2 406.8,1,1.200,0,0,31.302,31.946
/Users/lujintao/Downloads/Weixin Videos2026-05-04_154833_153.mp4,904,30.133,58,motorcycle,0.527,476.1 319.8 557.1 406.9,1,1.200,0,0,30.114,33.207
/Users/lujintao/Downloads/Weixin Videos2026-05-04_154833_153.mp4,905,30.167,58,motorcycle,0.528,475.8 318.2 557.3 407.0,1,1.200,0,0,28.715,34.825
/Users/lujintao/Downloads/Weixin Videos2026-05-04_154833_153.mp4,906,30.200,58,motorcycle,0.497,475.9 316.5 557.2 406.6,1,1.200,0,0,31.970,31.279
/Users/lujintao/Downloads/Weixin Videos2026-05-04_154833_153.mp4,907,30.233,58,motorcycle,0.494,475.5 315.6 557.1 406.9,1,1.200,0,0,32.523,30.748
/Users/lujintao/Downloads/Weixin Videos2026-05-04_154833_153.mp4,908,30.267,58,motorcycle,0.508,475.4 316.6 557.1 406.9,1,1.200,0,0,32.699,30.582
/Users/lujintao/Downloads/Weixin Videos2026-05-04_154833_153.mp4,909,30.300,58,motorcycle,0.519,475.8 319.0 557.2 406.8,1,1.200,0,0,28.726,34.812
/Users/lujintao/Downloads/Weixin Videos2026-05-04_154833_153.mp4,910,30.333,58,motorcycle,0.520,476.0 317.6 557.3 406.7,1,1.200,0,0,31.067,32.189
/Users/lujintao/Downloads/Weixin Videos2026-05-04_154833_153.mp4,911,30.367,58,motorcycle,0.521,475.9 318.0 557.3 406.8,1,1.200,0,0,27.958,35.768
/Users/lujintao/Downloads/Weixin Videos2026-05-04_154833_153.mp4,912,30.400,58,motorcycle,0.527,475.6 318.1 557.0 407.1,1,1.200,0,0,48.554,20.596
/Users/lujintao/Downloads/Weixin Videos2026-05-04_154833_153.mp4,913,30.433,58,motorcycle,0.532,475.6 317.8 557.4 407.2,1,1.200,0,0,30.836,32.430
/Users/lujintao/Downloads/Weixin Videos2026-05-04_154833_153.mp4,914,30.467,58,motorcycle,0.543,475.4 322.1 557.4 406.9,1,1.200,0,0,41.879,23.878
/Users/lujintao/Downloads/Weixin Videos2026-05-04_154833_153.mp4,915,30.500,58,motorcycle,0.544,475.3 322.2 557.4 406.9,1,1.200,0,0,28.841,34.673
/Users/lujintao/Downloads/Weixin Videos2026-05-04_154833_153.mp4,916,30.533,58,motorcycle,0.533,474.9 319.1 557.5 406.7,1,1.200,0,0,30.358,32.940
/Users/lujintao/Downloads/Weixin Videos2026-05-04_154833_153.mp4,917,30.567,58,motorcycle,0.538,474.9 318.4 557.7 406.8,1,1.200,0,0,28.835,34.680
/Users/lujintao/Downloads/Weixin Videos2026-05-04_154833_153.mp4,918,30.600,58,motorcycle,0.540,474.8 319.4 557.6 406.8,1,1.200,0,0,49.149,20.346
/Users/lujintao/Downloads/Weixin Videos2026-05-04_154833_153.mp4,919,30.633,58,motorcycle,0.541,474.7 318.2 557.9 406.9,1,1.200,0,0,29.800,33.557
/Users/lujintao/Downloads/Weixin Videos2026-05-04_154833_153.mp4,920,30.667,58,motorcycle,0.539,474.9 318.1 558.0 407.0,1,1.200,0,0,30.862,32.402
/Users/lujintao/Downloads/Weixin Videos2026-05-04_154833_153.mp4,921,30.700,58,motorcycle,0.526,474.8 318.3 558.1 407.1,1,1.200,0,0,31.161,32.091
/Users/lujintao/Downloads/Weixin Videos2026-05-04_154833_153.mp4,922,30.733,58,motorcycle,0.508,474.7 318.4 558.0 407.0,1,1.200,0,0,32.973,30.327
/Users/lujintao/Downloads/Weixin Videos2026-05-04_154833_153.mp4,923,30.767,58,motorcycle,0.479,474.4 319.1 558.0 407.2,1,1.200,0,0,38.382,26.054
/Users/lujintao/Downloads/Weixin Videos2026-05-04_154833_153.mp4,924,30.800,58,motorcycle,0.497,474.7 318.9 557.6 407.0,1,1.200,0,0,27.791,35.983
/Users/lujintao/Downloads/Weixin Videos2026-05-04_154833_153.mp4,925,30.833,58,motorcycle,0.506,474.8 315.9 557.5 406.8,1,1.200,0,0,30.052,33.276
/Users/lujintao/Downloads/Weixin Videos2026-05-04_154833_153.mp4,926,30.867,58,motorcycle,0.493,475.0 316.8 557.1 406.7,1,1.200,0,0,31.252,31.998
/Users/lujintao/Downloads/Weixin Videos2026-05-04_154833_153.mp4,927,30.900,58,motorcycle,0.474,474.9 317.4 557.0 406.4,1,1.200,0,0,30.670,32.606
/Users/lujintao/Downloads/Weixin Videos2026-05-04_154833_153.mp4,928,30.933,58,motorcycle,0.457,475.2 316.0 557.5 406.4,1,1.200,0,0,29.449,33.957
/Users/lujintao/Downloads/Weixin Videos2026-05-04_154833_153.mp4,929,30.967,58,motorcycle,0.479,475.1 314.2 557.7 406.5,1,1.200,0,0,28.928,34.569
/Users/lujintao/Downloads/Weixin Videos2026-05-04_154833_153.mp4,930,31.000,58,motorcycle,0.486,475.0 314.0 557.8 406.5,1,1.200,0,0,32.042,31.209
/Users/lujintao/Downloads/Weixin Videos2026-05-04_154833_153.mp4,931,31.033,58,motorcycle,0.476,475.3 313.4 557.8 406.5,1,1.200,0,0,31.247,32.003
/Users/lujintao/Downloads/Weixin Videos2026-05-04_154833_153.mp4,932,31.067,58,motorcycle,0.452,474.4 309.3 558.3 406.6,1,1.200,0,0,31.148,32.104
/Users/lujintao/Downloads/Weixin Videos2026-05-04_154833_153.mp4,933,31.100,58,motorcycle,0.448,474.3 309.7 558.3 406.5,1,1.200,0,0,34.184,29.253
/Users/lujintao/Downloads/Weixin Videos2026-05-04_154833_153.mp4,934,31.133,58,motorcycle,0.427,474.5 310.5 558.0 406.5,1,1.200,0,0,45.648,21.907
/Users/lujintao/Downloads/Weixin Videos2026-05-04_154833_153.mp4,935,31.167,58,motorcycle,0.441,474.7 311.4 558.1 406.8,1,1.200,0,0,31.151,32.102
/Users/lujintao/Downloads/Weixin Videos2026-05-04_154833_153.mp4,936,31.200,58,motorcycle,0.472,475.7 313.9 557.7 406.4,1,1.200,0,0,30.283,33.022
/Users/lujintao/Downloads/Weixin Videos2026-05-04_154833_153.mp4,937,31.233,58,motorcycle,0.407,474.5 307.0 558.6 406.6,1,1.200,0,0,31.261,31.989
/Users/lujintao/Downloads/Weixin Videos2026-05-04_154833_153.mp4,938,31.267,58,motorcycle,0.421,474.9 307.2 558.6 405.9,1,1.200,0,0,30.821,32.445
/Users/lujintao/Downloads/Weixin Videos2026-05-04_154833_153.mp4,939,31.300,58,motorcycle,0.450,475.4 310.0 558.9 405.7,1,1.200,0,0,32.915,30.381
/Users/lujintao/Downloads/Weixin Videos2026-05-04_154833_153.mp4,940,31.333,58,motorcycle,0.454,476.6 309.8 558.7 405.8,1,1.200,0,0,43.242,23.126
/Users/lujintao/Downloads/Weixin Videos2026-05-04_154833_153.mp4,941,31.367,58,motorcycle,0.384,476.1 309.2 559.8 405.2,1,1.200,0,0,30.263,33.043
/Users/lujintao/Downloads/Weixin Videos2026-05-04_154833_153.mp4,942,31.400,58,motorcycle,0.441,476.6 311.3 560.0 405.1,1,1.200,0,0,38.801,25.773
/Users/lujintao/Downloads/Weixin Videos2026-05-04_154833_153.mp4,943,31.433,58,motorcycle,0.422,477.2 311.0 560.3 405.3,1,1.200,0,0,31.804,31.443
/Users/lujintao/Downloads/Weixin Videos2026-05-04_154833_153.mp4,944,31.467,58,motorcycle,0.421,476.5 309.8 561.1 405.3,1,1.200,0,0,29.058,34.414
/Users/lujintao/Downloads/Weixin Videos2026-05-04_154833_153.mp4,945,31.500,58,motorcycle,0.437,477.2 312.0 561.4 405.2,1,1.200,0,0,32.726,30.557
/Users/lujintao/Downloads/Weixin Videos2026-05-04_154833_153.mp4,946,31.533,58,motorcycle,0.503,482.0 327.2 558.2 405.0,1,1.200,0,0,33.446,29.899
/Users/lujintao/Downloads/Weixin Videos2026-05-04_154833_153.mp4,947,31.567,58,motorcycle,0.426,483.3 325.7 558.3 404.2,1,1.200,0,0,29.952,33.386
/Users/lujintao/Downloads/Weixin Videos2026-05-04_154833_153.mp4,948,31.600,58,motorcycle,0.389,478.6 310.2 562.8 404.7,1,1.200,0,0,32.034,31.216
/Users/lujintao/Downloads/Weixin Videos2026-05-04_154833_153.mp4,948,31.600,61,motorcycle,0.314,483.8 353.2 546.6 406.9,0,,0,0,32.034,31.216
/Users/lujintao/Downloads/Weixin Videos2026-05-04_154833_153.mp4,949,31.633,58,motorcycle,0.275,483.8 331.1 558.1 404.6,0,,0,0,31.623,31.622
/Users/lujintao/Downloads/Weixin Videos2026-05-04_154833_153.mp4,950,31.667,58,motorcycle,0.313,479.4 308.6 563.6 405.1,1,1.200,0,0,54.265,18.428
/Users/lujintao/Downloads/Weixin Videos2026-05-04_154833_153.mp4,950,31.667,61,motorcycle,0.295,484.0 348.8 549.7 407.1,0,,0,0,54.265,18.428
/Users/lujintao/Downloads/Weixin Videos2026-05-04_154833_153.mp4,951,31.700,61,motorcycle,0.358,484.7 337.4 558.9 405.7,1,1.200,0,0,33.415,29.927
/Users/lujintao/Downloads/Weixin Videos2026-05-04_154833_153.mp4,952,31.733,61,motorcycle,0.400,484.6 334.7 557.7 404.7,2,1.200 1.200,1,0,30.959,32.301
/Users/lujintao/Downloads/Weixin Videos2026-05-04_154833_153.mp4,953,31.767,61,motorcycle,0.456,484.9 328.9 558.6 404.2,2,1.200 1.200,1,1,29.216,34.228
/Users/lujintao/Downloads/Weixin Videos2026-05-04_154833_153.mp4,954,31.800,61,motorcycle,0.400,486.2 325.0 558.9 404.1,2,1.200 1.200,1,1,31.869,31.378
/Users/lujintao/Downloads/Weixin Videos2026-05-04_154833_153.mp4,955,31.833,58,motorcycle,0.406,482.6 307.8 565.7 404.9,2,1.200 1.200,1,0,31.321,31.928
/Users/lujintao/Downloads/Weixin Videos2026-05-04_154833_153.mp4,956,31.867,58,motorcycle,0.371,482.3 303.8 566.2 405.1,2,1.200 1.200,1,1,31.808,31.439
/Users/lujintao/Downloads/Weixin Videos2026-05-04_154833_153.mp4,957,31.900,58,motorcycle,0.364,482.6 299.8 569.4 404.9,1,1.200,0,0,31.814,31.432
/Users/lujintao/Downloads/Weixin Videos2026-05-04_154833_153.mp4,957,31.900,61,motorcycle,0.288,490.0 348.9 544.7 405.3,0,,0,1,31.814,31.432
/Users/lujintao/Downloads/Weixin Videos2026-05-04_154833_153.mp4,958,31.933,61,motorcycle,0.368,490.5 329.7 558.4 403.5,1,1.200,0,0,31.359,31.889
/Users/lujintao/Downloads/Weixin Videos2026-05-04_154833_153.mp4,959,31.967,61,motorcycle,0.501,490.3 329.9 559.6 403.6,1,1.200,0,0,32.243,31.015
/Users/lujintao/Downloads/Weixin Videos2026-05-04_154833_153.mp4,960,32.000,61,motorcycle,0.570,490.0 325.5 559.7 403.4,1,1.200,0,0,29.406,34.007
/Users/lujintao/Downloads/Weixin Videos2026-05-04_154833_153.mp4,961,32.033,61,motorcycle,0.586,489.7 326.3 561.0 403.2,1,1.200,0,0,29.922,33.420
/Users/lujintao/Downloads/Weixin Videos2026-05-04_154833_153.mp4,962,32.067,61,motorcycle,0.632,489.4 326.0 562.5 403.1,2,1.200 1.103,1,0,32.318,30.942
/Users/lujintao/Downloads/Weixin Videos2026-05-04_154833_153.mp4,963,32.100,61,motorcycle,0.585,489.6 326.9 563.1 402.6,2,1.200 1.108,1,1,29.718,33.650
/Users/lujintao/Downloads/Weixin Videos2026-05-04_154833_153.mp4,964,32.133,61,motorcycle,0.572,490.2 327.4 562.5 402.7,2,1.200 1.118,1,1,29.277,34.157
/Users/lujintao/Downloads/Weixin Videos2026-05-04_154833_153.mp4,965,32.167,61,motorcycle,0.598,491.3 326.0 564.0 402.1,2,1.200 1.116,1,1,30.225,33.085
/Users/lujintao/Downloads/Weixin Videos2026-05-04_154833_153.mp4,966,32.200,61,motorcycle,0.563,491.5 327.0 562.6 402.0,2,1.200 1.124,1,1,48.805,20.490
/Users/lujintao/Downloads/Weixin Videos2026-05-04_154833_153.mp4,967,32.233,61,motorcycle,0.559,491.4 331.2 561.1 401.7,2,1.200 1.140,1,1,32.590,30.684
/Users/lujintao/Downloads/Weixin Videos2026-05-04_154833_153.mp4,968,32.267,61,motorcycle,0.483,491.9 332.8 559.3 401.9,2,1.200 1.140,1,1,32.818,30.472
/Users/lujintao/Downloads/Weixin Videos2026-05-04_154833_153.mp4,969,32.300,61,motorcycle,0.493,492.6 329.6 559.4 401.7,2,1.200 1.136,1,1,29.464,33.940
/Users/lujintao/Downloads/Weixin Videos2026-05-04_154833_153.mp4,970,32.333,61,motorcycle,0.471,492.7 330.1 559.5 401.7,2,1.200 1.129,1,1,29.097,34.368
/Users/lujintao/Downloads/Weixin Videos2026-05-04_154833_153.mp4,971,32.367,61,motorcycle,0.462,492.6 332.0 558.7 401.7,2,1.200 1.120,1,1,36.408,27.466
/Users/lujintao/Downloads/Weixin Videos2026-05-04_154833_153.mp4,972,32.400,61,motorcycle,0.481,492.8 329.6 560.0 401.7,2,1.200 1.135,1,1,32.532,30.739
/Users/lujintao/Downloads/Weixin Videos2026-05-04_154833_153.mp4,973,32.433,61,motorcycle,0.482,493.1 330.3 559.5 401.4,2,1.200 1.133,1,1,41.692,23.985
/Users/lujintao/Downloads/Weixin Videos2026-05-04_154833_153.mp4,974,32.467,61,motorcycle,0.508,492.8 328.9 559.7 401.3,2,1.200 1.137,1,1,33.806,29.580
/Users/lujintao/Downloads/Weixin Videos2026-05-04_154833_153.mp4,975,32.500,61,motorcycle,0.484,492.5 326.2 558.9 401.2,2,1.200 1.107,1,1,29.396,34.019
/Users/lujintao/Downloads/Weixin Videos2026-05-04_154833_153.mp4,976,32.533,61,motorcycle,0.486,492.5 326.2 559.0 401.1,2,1.200 1.110,1,1,30.559,32.724
/Users/lujintao/Downloads/Weixin Videos2026-05-04_154833_153.mp4,977,32.567,61,motorcycle,0.464,492.2 325.3 558.8 401.0,2,1.200 1.100,1,1,31.995,31.255
/Users/lujintao/Downloads/Weixin Videos2026-05-04_154833_153.mp4,978,32.600,61,motorcycle,0.457,492.1 325.0 558.8 401.0,2,1.200 1.099,1,1,30.610,32.669
/Users/lujintao/Downloads/Weixin Videos2026-05-04_154833_153.mp4,979,32.633,61,motorcycle,0.499,492.1 324.3 559.6 400.6,2,1.200 1.115,1,1,31.679,31.567
/Users/lujintao/Downloads/Weixin Videos2026-05-04_154833_153.mp4,980,32.667,61,motorcycle,0.511,492.2 323.4 560.4 400.5,2,1.200 1.118,1,1,56.327,17.753
/Users/lujintao/Downloads/Weixin Videos2026-05-04_154833_153.mp4,981,32.700,61,motorcycle,0.512,491.8 324.1 560.7 400.5,2,1.200 1.112,1,1,31.558,31.688
/Users/lujintao/Downloads/Weixin Videos2026-05-04_154833_153.mp4,982,32.733,61,motorcycle,0.503,492.0 324.7 560.4 400.5,2,1.200 1.114,1,1,30.882,32.382
/Users/lujintao/Downloads/Weixin Videos2026-05-04_154833_153.mp4,983,32.767,61,motorcycle,0.517,492.0 323.5 559.4 400.3,2,1.200 1.093,1,1,47.495,21.055
/Users/lujintao/Downloads/Weixin Videos2026-05-04_154833_153.mp4,984,32.800,61,motorcycle,0.521,492.2 323.6 559.8 400.3,2,1.200 1.102,1,1,31.905,31.343
/Users/lujintao/Downloads/Weixin Videos2026-05-04_154833_153.mp4,985,32.833,61,motorcycle,0.534,492.5 323.3 559.5 400.4,1,1.200,0,1,34.793,28.741
/Users/lujintao/Downloads/Weixin Videos2026-05-04_154833_153.mp4,986,32.867,61,motorcycle,0.543,492.5 322.0 559.3 400.2,1,1.200,0,1,30.935,32.325
/Users/lujintao/Downloads/Weixin Videos2026-05-04_154833_153.mp4,987,32.900,61,motorcycle,0.528,492.4 321.8 560.0 400.1,2,1.200 1.091,1,1,26.631,37.550
/Users/lujintao/Downloads/Weixin Videos2026-05-04_154833_153.mp4,988,32.933,61,motorcycle,0.535,492.3 322.9 559.9 400.1,2,1.200 1.094,1,1,38.250,26.144
/Users/lujintao/Downloads/Weixin Videos2026-05-04_154833_153.mp4,989,32.967,61,motorcycle,0.509,492.7 322.9 559.2 400.2,1,1.200,0,1,32.192,31.063
/Users/lujintao/Downloads/Weixin Videos2026-05-04_154833_153.mp4,990,33.000,61,motorcycle,0.525,492.6 323.2 560.2 400.1,2,1.200 1.105,1,1,31.374,31.873
/Users/lujintao/Downloads/Weixin Videos2026-05-04_154833_153.mp4,991,33.033,61,motorcycle,0.521,492.5 322.9 560.1 400.1,1,1.200,0,1,32.740,30.544
/Users/lujintao/Downloads/Weixin Videos2026-05-04_154833_153.mp4,992,33.067,61,motorcycle,0.518,492.7 323.9 560.0 399.9,1,1.200,0,1,54.962,18.194
/Users/lujintao/Downloads/Weixin Videos2026-05-04_154833_153.mp4,993,33.100,61,motorcycle,0.522,492.9 324.4 560.0 399.9,1,1.200,0,1,30.484,32.804
/Users/lujintao/Downloads/Weixin Videos2026-05-04_154833_153.mp4,994,33.133,61,motorcycle,0.497,493.0 327.6 559.7 399.9,2,1.200 1.089,1,1,30.438,32.854
/Users/lujintao/Downloads/Weixin Videos2026-05-04_154833_153.mp4,995,33.167,61,motorcycle,0.499,492.9 329.2 559.0 399.9,2,1.200 1.076,1,1,32.010,31.240
/Users/lujintao/Downloads/Weixin Videos2026-05-04_154833_153.mp4,996,33.200,61,motorcycle,0.484,493.2 330.1 558.5 400.0,1,1.062,0,1,37.825,26.437
/Users/lujintao/Downloads/Weixin Videos2026-05-04_154833_153.mp4,996,33.200,62,motorcycle,0.263,484.0 289.8 576.8 399.0,1,1.200,0,0,37.825,26.437
/Users/lujintao/Downloads/Weixin Videos2026-05-04_154833_153.mp4,997,33.233,61,motorcycle,0.476,493.3 332.1 557.9 400.0,0,,0,1,31.327,31.921
/Users/lujintao/Downloads/Weixin Videos2026-05-04_154833_153.mp4,997,33.233,62,motorcycle,0.266,483.8 289.7 576.5 399.1,1,1.200,0,0,31.327,31.921
/Users/lujintao/Downloads/Weixin Videos2026-05-04_154833_153.mp4,998,33.267,61,motorcycle,0.518,493.5 339.5 554.2 399.6,1,1.200,0,1,46.778,21.378
/Users/lujintao/Downloads/Weixin Videos2026-05-04_154833_153.mp4,999,33.300,61,motorcycle,0.524,493.4 339.8 553.8 399.6,1,1.200,0,1,33.858,29.535
/Users/lujintao/Downloads/Weixin Videos2026-05-04_154833_153.mp4,1000,33.333,61,motorcycle,0.547,493.4 339.1 554.0 399.2,0,,0,1,30.032,33.298
/Users/lujintao/Downloads/Weixin Videos2026-05-04_154833_153.mp4,1000,33.333,62,motorcycle,0.267,484.1 290.2 575.9 398.4,1,1.200,0,0,30.032,33.298
/Users/lujintao/Downloads/Weixin Videos2026-05-04_154833_153.mp4,1001,33.367,61,motorcycle,0.527,493.5 339.4 553.8 399.2,0,,0,1,32.155,31.099
/Users/lujintao/Downloads/Weixin Videos2026-05-04_154833_153.mp4,1001,33.367,62,motorcycle,0.302,483.6 289.7 576.2 400.6,1,1.200,0,0,32.155,31.099
/Users/lujintao/Downloads/Weixin Videos2026-05-04_154833_153.mp4,1002,33.400,61,motorcycle,0.556,493.5 341.1 554.5 399.1,1,1.200,0,1,33.635,29.731
/Users/lujintao/Downloads/Weixin Videos2026-05-04_154833_153.mp4,1003,33.433,61,motorcycle,0.525,493.3 339.1 554.5 399.1,0,,0,1,31.744,31.502
/Users/lujintao/Downloads/Weixin Videos2026-05-04_154833_153.mp4,1003,33.433,62,motorcycle,0.334,489.1 298.7 573.4 399.3,2,1.200 1.055,1,0,31.744,31.502
/Users/lujintao/Downloads/Weixin Videos2026-05-04_154833_153.mp4,1004,33.467,61,motorcycle,0.510,493.7 335.2 555.4 399.1,0,,0,1,31.943,31.306
/Users/lujintao/Downloads/Weixin Videos2026-05-04_154833_153.mp4,1004,33.467,62,motorcycle,0.327,483.3 289.0 576.7 401.5,1,1.200,0,0,31.943,31.306
/Users/lujintao/Downloads/Weixin Videos2026-05-04_154833_153.mp4,1005,33.500,61,motorcycle,0.536,493.6 336.9 555.6 399.1,0,,0,1,30.881,32.382
/Users/lujintao/Downloads/Weixin Videos2026-05-04_154833_153.mp4,1005,33.500,62,motorcycle,0.343,488.6 294.3 573.2 399.1,0,,0,0,30.881,32.382
/Users/lujintao/Downloads/Weixin Videos2026-05-04_154833_153.mp4,1006,33.533,61,motorcycle,0.528,493.6 334.9 556.9 399.3,0,,0,1,28.682,34.865
/Users/lujintao/Downloads/Weixin Videos2026-05-04_154833_153.mp4,1006,33.533,62,motorcycle,0.250,484.0 289.5 575.5 399.0,1,1.200,0,0,28.682,34.865
/Users/lujintao/Downloads/Weixin Videos2026-05-04_154833_153.mp4,1007,33.567,61,motorcycle,0.534,493.9 336.0 556.5 399.3,0,,0,1,33.463,29.884
/Users/lujintao/Downloads/Weixin Videos2026-05-04_154833_153.mp4,1007,33.567,62,motorcycle,0.262,484.7 289.8 575.9 398.7,1,1.200,0,0,33.463,29.884
/Users/lujintao/Downloads/Weixin Videos2026-05-04_154833_153.mp4,1008,33.600,61,motorcycle,0.501,494.0 335.2 556.2 399.2,0,,0,1,34.770,28.761
/Users/lujintao/Downloads/Weixin Videos2026-05-04_154833_153.mp4,1008,33.600,62,motorcycle,0.319,484.7 289.3 575.9 400.1,0,,0,0,34.770,28.761
/Users/lujintao/Downloads/Weixin Videos2026-05-04_154833_153.mp4,1009,33.633,61,motorcycle,0.511,494.0 331.7 556.5 399.1,0,,0,1,31.242,32.008
/Users/lujintao/Downloads/Weixin Videos2026-05-04_154833_153.mp4,1009,33.633,62,motorcycle,0.252,486.1 289.2 576.0 397.2,1,1.200,0,0,31.242,32.008
/Users/lujintao/Downloads/Weixin Videos2026-05-04_154833_153.mp4,1010,33.667,61,motorcycle,0.485,494.0 331.5 557.8 399.1,0,,0,1,32.252,31.005
/Users/lujintao/Downloads/Weixin Videos2026-05-04_154833_153.mp4,1010,33.667,62,motorcycle,0.278,487.0 292.9 573.4 394.5,1,1.200,0,0,32.252,31.005
/Users/lujintao/Downloads/Weixin Videos2026-05-04_154833_153.mp4,1011,33.700,61,motorcycle,0.498,493.6 327.2 561.9 399.5,1,1.200,0,1,31.872,31.375
/Users/lujintao/Downloads/Weixin Videos2026-05-04_154833_153.mp4,1012,33.733,61,motorcycle,0.492,493.4 326.4 561.9 399.2,2,1.200 1.200,1,1,29.938,33.402
/Users/lujintao/Downloads/Weixin Videos2026-05-04_154833_153.mp4,1013,33.767,61,motorcycle,0.510,493.1 324.4 561.7 399.3,0,,0,1,31.977,31.272
/Users/lujintao/Downloads/Weixin Videos2026-05-04_154833_153.mp4,1014,33.800,61,motorcycle,0.498,492.0 314.6 565.9 398.4,0,,0,1,31.643,31.603
/Users/lujintao/Downloads/Weixin Videos2026-05-04_154833_153.mp4,1015,33.833,61,motorcycle,0.472,492.3 319.6 564.7 398.3,2,1.200 1.200,1,1,31.229,32.022
/Users/lujintao/Downloads/Weixin Videos2026-05-04_154833_153.mp4,1016,33.867,61,motorcycle,0.480,492.1 318.7 565.0 398.3,3,1.200 1.200 1.085,1,1,29.706,33.664
/Users/lujintao/Downloads/Weixin Videos2026-05-04_154833_153.mp4,1017,33.900,61,motorcycle,0.480,492.1 319.7 565.2 398.3,2,1.200 1.200,1,1,39.533,25.295
/Users/lujintao/Downloads/Weixin Videos2026-05-04_154833_153.mp4,1018,33.933,61,motorcycle,0.473,491.9 319.7 565.0 398.2,2,1.200 1.200,1,1,32.519,30.751
/Users/lujintao/Downloads/Weixin Videos2026-05-04_154833_153.mp4,1019,33.967,61,motorcycle,0.513,491.9 317.4 565.1 398.2,1,1.200,0,1,30.505,32.782
/Users/lujintao/Downloads/Weixin Videos2026-05-04_154833_153.mp4,1020,34.000,61,motorcycle,0.501,492.0 316.5 565.1 398.3,1,1.200,0,1,26.573,37.632
/Users/lujintao/Downloads/Weixin Videos2026-05-04_154833_153.mp4,1021,34.033,61,motorcycle,0.471,494.0 331.2 556.5 398.5,0,,0,1,45.711,21.876
/Users/lujintao/Downloads/Weixin Videos2026-05-04_154833_153.mp4,1022,34.067,61,motorcycle,0.462,493.9 333.2 555.5 398.5,0,,0,1,32.583,30.691
/Users/lujintao/Downloads/Weixin Videos2026-05-04_154833_153.mp4,1022,34.067,63,motorcycle,0.350,487.4 293.3 573.0 397.3,0,,0,0,32.583,30.691
/Users/lujintao/Downloads/Weixin Videos2026-05-04_154833_153.mp4,1023,34.100,63,motorcycle,0.439,487.2 292.9 572.1 399.9,0,,0,0,34.975,28.592
/Users/lujintao/Downloads/Weixin Videos2026-05-04_154833_153.mp4,1023,34.100,61,motorcycle,0.405,494.1 333.2 554.7 398.5,0,,0,1,34.975,28.592
/Users/lujintao/Downloads/Weixin Videos2026-05-04_154833_153.mp4,1024,34.133,63,motorcycle,0.469,486.6 291.4 573.2 399.5,0,,0,0,30.258,33.050
/Users/lujintao/Downloads/Weixin Videos2026-05-04_154833_153.mp4,1024,34.133,61,motorcycle,0.376,494.2 334.4 553.6 398.3,0,,0,1,30.258,33.050
/Users/lujintao/Downloads/Weixin Videos2026-05-04_154833_153.mp4,1025,34.167,63,motorcycle,0.470,486.5 290.8 572.6 399.6,0,,0,0,31.491,31.755
/Users/lujintao/Downloads/Weixin Videos2026-05-04_154833_153.mp4,1025,34.167,61,motorcycle,0.391,494.1 333.2 554.2 398.3,0,,0,1,31.491,31.755
/Users/lujintao/Downloads/Weixin Videos2026-05-04_154833_153.mp4,1026,34.200,63,motorcycle,0.525,486.0 289.6 573.1 399.4,0,,0,0,39.342,25.418
/Users/lujintao/Downloads/Weixin Videos2026-05-04_154833_153.mp4,1026,34.200,61,motorcycle,0.358,494.2 332.6 553.7 398.2,0,,0,0,39.342,25.418
/Users/lujintao/Downloads/Weixin Videos2026-05-04_154833_153.mp4,1027,34.233,63,motorcycle,0.548,485.8 290.8 573.2 399.2,0,,0,0,30.970,32.289
/Users/lujintao/Downloads/Weixin Videos2026-05-04_154833_153.mp4,1027,34.233,61,motorcycle,0.332,494.2 334.8 552.7 398.2,0,,0,0,30.970,32.289
/Users/lujintao/Downloads/Weixin Videos2026-05-04_154833_153.mp4,1028,34.267,63,motorcycle,0.578,485.5 290.8 573.7 399.1,0,,0,0,34.909,28.646
/Users/lujintao/Downloads/Weixin Videos2026-05-04_154833_153.mp4,1028,34.267,61,motorcycle,0.313,494.3 333.6 553.8 398.1,0,,0,0,34.909,28.646
/Users/lujintao/Downloads/Weixin Videos2026-05-04_154833_153.mp4,1029,34.300,63,motorcycle,0.611,485.0 290.3 573.8 399.0,0,,0,0,31.914,31.334
/Users/lujintao/Downloads/Weixin Videos2026-05-04_154833_153.mp4,1029,34.300,61,motorcycle,0.255,494.0 334.1 553.9 398.1,0,,0,0,31.914,31.334
/Users/lujintao/Downloads/Weixin Videos2026-05-04_154833_153.mp4,1030,34.333,63,motorcycle,0.563,486.1 290.2 573.0 399.2,0,,0,0,39.627,25.236
/Users/lujintao/Downloads/Weixin Videos2026-05-04_154833_153.mp4,1030,34.333,61,motorcycle,0.337,494.6 333.6 553.9 398.1,0,,0,0,39.627,25.236
/Users/lujintao/Downloads/Weixin Videos2026-05-04_154833_153.mp4,1031,34.367,63,motorcycle,0.552,486.1 290.5 573.2 399.3,0,,0,0,37.778,26.470
/Users/lujintao/Downloads/Weixin Videos2026-05-04_154833_153.mp4,1031,34.367,61,motorcycle,0.318,494.8 333.2 553.4 398.1,0,,0,0,37.778,26.470
/Users/lujintao/Downloads/Weixin Videos2026-05-04_154833_153.mp4,1032,34.400,63,motorcycle,0.554,486.2 290.5 573.4 399.4,0,,0,0,29.510,33.887
/Users/lujintao/Downloads/Weixin Videos2026-05-04_154833_153.mp4,1032,34.400,61,motorcycle,0.296,494.8 332.5 554.4 398.1,0,,0,0,29.510,33.887
/Users/lujintao/Downloads/Weixin Videos2026-05-04_154833_153.mp4,1033,34.433,63,motorcycle,0.526,487.6 293.2 572.8 399.7,0,,0,0,30.226,33.084
/Users/lujintao/Downloads/Weixin Videos2026-05-04_154833_153.mp4,1034,34.467,63,motorcycle,0.596,486.0 290.1 573.8 399.3,0,,0,0,36.492,27.404
/Users/lujintao/Downloads/Weixin Videos2026-05-04_154833_153.mp4,1034,34.467,61,motorcycle,0.259,494.1 332.4 555.5 398.1,0,,0,0,36.492,27.404
/Users/lujintao/Downloads/Weixin Videos2026-05-04_154833_153.mp4,1035,34.500,63,motorcycle,0.598,488.2 294.0 573.5 399.8,0,,0,0,37.767,26.478
/Users/lujintao/Downloads/Weixin Videos2026-05-04_154833_153.mp4,1036,34.533,63,motorcycle,0.580,488.4 294.7 573.5 399.8,0,,0,0,32.572,30.702
/Users/lujintao/Downloads/Weixin Videos2026-05-04_154833_153.mp4,1037,34.567,63,motorcycle,0.546,488.2 295.5 574.2 399.9,0,,0,0,32.475,30.793
/Users/lujintao/Downloads/Weixin Videos2026-05-04_154833_153.mp4,1038,34.600,63,motorcycle,0.586,489.5 300.6 574.1 399.8,0,,0,0,30.932,32.329
/Users/lujintao/Downloads/Weixin Videos2026-05-04_154833_153.mp4,1039,34.633,63,motorcycle,0.531,488.7 298.7 573.9 399.7,0,,0,0,27.738,36.052
/Users/lujintao/Downloads/Weixin Videos2026-05-04_154833_153.mp4,1040,34.667,63,motorcycle,0.561,488.2 299.0 574.6 399.5,0,,0,0,32.862,30.430
/Users/lujintao/Downloads/Weixin Videos2026-05-04_154833_153.mp4,1041,34.700,63,motorcycle,0.568,487.3 296.7 574.0 399.5,0,,0,0,29.657,33.719
/Users/lujintao/Downloads/Weixin Videos2026-05-04_154833_153.mp4,1042,34.733,63,motorcycle,0.572,487.3 298.1 573.2 399.2,0,,0,0,33.828,29.561
/Users/lujintao/Downloads/Weixin Videos2026-05-04_154833_153.mp4,1043,34.767,63,motorcycle,0.538,488.9 300.6 572.8 399.2,0,,0,0,31.649,31.596
/Users/lujintao/Downloads/Weixin Videos2026-05-04_154833_153.mp4,1044,34.800,63,motorcycle,0.543,487.2 297.3 572.5 399.1,0,,0,0,38.026,26.298
/Users/lujintao/Downloads/Weixin Videos2026-05-04_154833_153.mp4,1045,34.833,63,motorcycle,0.479,488.0 295.4 571.5 399.0,0,,0,0,32.022,31.229
/Users/lujintao/Downloads/Weixin Videos2026-05-04_154833_153.mp4,1046,34.867,63,motorcycle,0.451,487.4 292.4 572.8 398.8,0,,0,0,52.341,19.105
/Users/lujintao/Downloads/Weixin Videos2026-05-04_154833_153.mp4,1047,34.900,63,motorcycle,0.498,487.4 291.5 571.8 399.1,0,,0,0,29.013,34.467
/Users/lujintao/Downloads/Weixin Videos2026-05-04_154833_153.mp4,1048,34.933,63,motorcycle,0.508,487.2 292.2 573.2 399.0,0,,0,0,30.498,32.789
/Users/lujintao/Downloads/Weixin Videos2026-05-04_154833_153.mp4,1049,34.967,63,motorcycle,0.486,488.1 293.1 573.7 399.0,0,,0,0,31.484,31.762
/Users/lujintao/Downloads/Weixin Videos2026-05-04_154833_153.mp4,1049,34.967,64,motorcycle,0.426,493.5 333.5 556.8 397.6,0,,0,0,31.484,31.762
/Users/lujintao/Downloads/Weixin Videos2026-05-04_154833_153.mp4,1050,35.000,63,motorcycle,0.479,488.6 292.0 574.8 398.3,0,,0,0,33.936,29.468
/Users/lujintao/Downloads/Weixin Videos2026-05-04_154833_153.mp4,1050,35.000,64,motorcycle,0.407,494.0 334.0 557.2 397.6,0,,0,0,33.936,29.468
/Users/lujintao/Downloads/Weixin Videos2026-05-04_154833_153.mp4,1051,35.033,63,motorcycle,0.455,488.6 289.3 575.0 398.5,0,,0,0,35.096,28.493
/Users/lujintao/Downloads/Weixin Videos2026-05-04_154833_153.mp4,1051,35.033,64,motorcycle,0.420,494.6 332.7 556.9 397.7,0,,0,0,35.096,28.493
/Users/lujintao/Downloads/Weixin Videos2026-05-04_154833_153.mp4,1052,35.067,64,motorcycle,0.445,494.7 333.3 556.7 397.6,0,,0,0,33.233,30.090
/Users/lujintao/Downloads/Weixin Videos2026-05-04_154833_153.mp4,1052,35.067,63,motorcycle,0.436,489.2 293.7 573.6 399.1,0,,0,0,33.233,30.090
/Users/lujintao/Downloads/Weixin Videos2026-05-04_154833_153.mp4,1053,35.100,63,motorcycle,0.449,488.5 291.1 574.1 399.0,0,,0,0,34.035,29.382
/Users/lujintao/Downloads/Weixin Videos2026-05-04_154833_153.mp4,1053,35.100,64,motorcycle,0.407,494.6 334.6 557.1 397.6,0,,0,0,34.035,29.382
/Users/lujintao/Downloads/Weixin Videos2026-05-04_154833_153.mp4,1054,35.133,63,motorcycle,0.441,489.0 291.2 574.3 399.0,0,,0,0,29.984,33.351
/Users/lujintao/Downloads/Weixin Videos2026-05-04_154833_153.mp4,1054,35.133,64,motorcycle,0.408,495.0 334.4 556.6 397.7,0,,0,0,29.984,33.351
/Users/lujintao/Downloads/Weixin Videos2026-05-04_154833_153.mp4,1055,35.167,64,motorcycle,0.409,495.1 336.0 556.2 397.5,0,,0,0,33.919,29.482
/Users/lujintao/Downloads/Weixin Videos2026-05-04_154833_153.mp4,1055,35.167,63,motorcycle,0.390,488.8 289.8 574.6 398.6,0,,0,0,33.919,29.482
/Users/lujintao/Downloads/Weixin Videos2026-05-04_154833_153.mp4,1056,35.200,63,motorcycle,0.380,488.1 287.4 575.0 398.4,0,,0,0,32.059,31.192
/Users/lujintao/Downloads/Weixin Videos2026-05-04_154833_153.mp4,1056,35.200,64,motorcycle,0.376,495.4 336.4 556.1 397.4,0,,0,0,32.059,31.192
/Users/lujintao/Downloads/Weixin Videos2026-05-04_154833_153.mp4,1057,35.233,64,motorcycle,0.454,495.1 334.8 558.4 397.4,1,1.054,0,0,31.375,31.872
/Users/lujintao/Downloads/Weixin Videos2026-05-04_154833_153.mp4,1057,35.233,63,motorcycle,0.275,489.5 295.4 575.0 393.8,1,1.200,0,0,31.375,31.872
/Users/lujintao/Downloads/Weixin Videos2026-05-04_154833_153.mp4,1058,35.267,63,motorcycle,0.474,491.8 299.5 573.5 398.8,1,1.200,0,0,31.062,32.193
/Users/lujintao/Downloads/Weixin Videos2026-05-04_154833_153.mp4,1058,35.267,64,motorcycle,0.282,495.0 339.7 553.2 397.2,0,,0,0,31.062,32.193
/Users/lujintao/Downloads/Weixin Videos2026-05-04_154833_153.mp4,1059,35.300,64,motorcycle,0.495,494.5 327.7 563.2 398.0,2,1.200 1.117,1,0,30.379,32.917
/Users/lujintao/Downloads/Weixin Videos2026-05-04_154833_153.mp4,1060,35.333,64,motorcycle,0.502,494.7 327.1 562.5 398.0,2,1.200 1.116,1,1,33.335,29.998
/Users/lujintao/Downloads/Weixin Videos2026-05-04_154833_153.mp4,1061,35.367,64,motorcycle,0.500,495.5 332.6 559.0 397.3,2,1.200 1.066,1,1,34.176,29.260
/Users/lujintao/Downloads/Weixin Videos2026-05-04_154833_153.mp4,1062,35.400,64,motorcycle,0.503,494.7 326.9 562.3 398.0,2,1.200 1.115,1,1,33.518,29.835
/Users/lujintao/Downloads/Weixin Videos2026-05-04_154833_153.mp4,1063,35.433,64,motorcycle,0.511,495.2 332.9 558.5 397.3,2,1.200 1.051,1,1,32.104,31.149
/Users/lujintao/Downloads/Weixin Videos2026-05-04_154833_153.mp4,1064,35.467,64,motorcycle,0.505,495.4 332.9 558.6 397.3,2,1.200 1.053,1,1,29.841,33.511
/Users/lujintao/Downloads/Weixin Videos2026-05-04_154833_153.mp4,1065,35.500,64,motorcycle,0.501,494.5 326.6 562.6 398.0,2,1.200 1.112,1,1,32.123,31.130
/Users/lujintao/Downloads/Weixin Videos2026-05-04_154833_153.mp4,1066,35.533,64,motorcycle,0.528,493.5 319.7 565.4 397.4,2,1.200 1.093,1,1,34.590,28.910
/Users/lujintao/Downloads/Weixin Videos2026-05-04_154833_153.mp4,1067,35.567,64,motorcycle,0.536,493.4 319.2 564.8 397.4,2,1.200 1.093,1,1,29.600,33.784
/Users/lujintao/Downloads/Weixin Videos2026-05-04_154833_153.mp4,1068,35.600,64,motorcycle,0.532,494.1 319.6 564.2 397.4,2,1.200 1.095,1,1,30.982,32.277
/Users/lujintao/Downloads/Weixin Videos2026-05-04_154833_153.mp4,1069,35.633,64,motorcycle,0.517,494.1 319.4 564.1 397.4,2,1.200 1.096,1,1,32.883,30.411
/Users/lujintao/Downloads/Weixin Videos2026-05-04_154833_153.mp4,1070,35.667,64,motorcycle,0.527,494.4 320.9 564.1 397.4,2,1.200 1.100,1,1,29.976,33.360
/Users/lujintao/Downloads/Weixin Videos2026-05-04_154833_153.mp4,1071,35.700,64,motorcycle,0.535,494.2 319.1 564.6 397.3,2,1.200 1.095,1,1,30.704,32.569
/Users/lujintao/Downloads/Weixin Videos2026-05-04_154833_153.mp4,1072,35.733,64,motorcycle,0.513,494.6 320.4 564.1 397.2,2,1.200 1.099,1,1,29.817,33.538
/Users/lujintao/Downloads/Weixin Videos2026-05-04_154833_153.mp4,1073,35.767,64,motorcycle,0.501,494.7 320.8 564.0 397.2,2,1.200 1.100,1,1,32.229,31.028
/Users/lujintao/Downloads/Weixin Videos2026-05-04_154833_153.mp4,1074,35.800,64,motorcycle,0.419,495.9 332.0 556.7 397.4,0,,0,1,32.170,31.085
/Users/lujintao/Downloads/Weixin Videos2026-05-04_154833_153.mp4,1074,35.800,65,motorcycle,0.261,487.6 285.2 573.9 393.6,1,1.200,0,0,32.170,31.085
/Users/lujintao/Downloads/Weixin Videos2026-05-04_154833_153.mp4,1075,35.833,65,motorcycle,0.450,491.2 296.0 574.0 398.8,1,1.200,0,0,31.424,31.823
/Users/lujintao/Downloads/Weixin Videos2026-05-04_154833_153.mp4,1076,35.867,65,motorcycle,0.431,491.2 295.9 573.9 398.6,1,1.200,0,0,33.007,30.297
/Users/lujintao/Downloads/Weixin Videos2026-05-04_154833_153.mp4,1077,35.900,65,motorcycle,0.413,489.0 290.4 573.9 398.5,0,,0,0,33.031,30.275
/Users/lujintao/Downloads/Weixin Videos2026-05-04_154833_153.mp4,1077,35.900,64,motorcycle,0.369,495.8 331.7 557.2 397.3,0,,0,1,33.031,30.275
/Users/lujintao/Downloads/Weixin Videos2026-05-04_154833_153.mp4,1078,35.933,64,motorcycle,0.376,496.4 332.5 556.6 397.3,0,,0,1,31.565,31.680
/Users/lujintao/Downloads/Weixin Videos2026-05-04_154833_153.mp4,1078,35.933,65,motorcycle,0.349,489.6 291.3 573.4 398.4,0,,0,0,31.565,31.680
/Users/lujintao/Downloads/Weixin Videos2026-05-04_154833_153.mp4,1079,35.967,65,motorcycle,0.390,488.9 290.2 573.6 398.4,0,,0,0,31.333,31.915
/Users/lujintao/Downloads/Weixin Videos2026-05-04_154833_153.mp4,1079,35.967,64,motorcycle,0.349,496.3 332.6 556.3 397.3,0,,0,1,31.333,31.915
/Users/lujintao/Downloads/Weixin Videos2026-05-04_154833_153.mp4,1080,36.000,65,motorcycle,0.437,488.4 290.6 573.9 398.4,0,,0,0,30.626,32.652
/Users/lujintao/Downloads/Weixin Videos2026-05-04_154833_153.mp4,1080,36.000,64,motorcycle,0.351,495.7 332.3 556.9 397.3,1,1.200,0,1,30.626,32.652
/Users/lujintao/Downloads/Weixin Videos2026-05-04_154833_153.mp4,1081,36.033,65,motorcycle,0.415,487.5 288.3 574.0 398.4,0,,0,0,31.234,32.017
/Users/lujintao/Downloads/Weixin Videos2026-05-04_154833_153.mp4,1081,36.033,64,motorcycle,0.333,495.6 333.0 556.1 397.4,0,,0,1,31.234,32.017
/Users/lujintao/Downloads/Weixin Videos2026-05-04_154833_153.mp4,1082,36.067,65,motorcycle,0.383,487.7 287.7 573.8 398.4,0,,0,0,30.155,33.162
/Users/lujintao/Downloads/Weixin Videos2026-05-04_154833_153.mp4,1082,36.067,64,motorcycle,0.336,495.7 333.6 556.5 397.4,0,,0,1,30.155,33.162
/Users/lujintao/Downloads/Weixin Videos2026-05-04_154833_153.mp4,1083,36.100,65,motorcycle,0.391,488.1 288.9 573.8 398.4,0,,0,0,29.134,34.324
/Users/lujintao/Downloads/Weixin Videos2026-05-04_154833_153.mp4,1083,36.100,64,motorcycle,0.342,495.7 333.5 556.3 397.3,1,1.200,0,1,29.134,34.324
/Users/lujintao/Downloads/Weixin Videos2026-05-04_154833_153.mp4,1084,36.133,65,motorcycle,0.417,487.6 288.1 573.9 398.4,0,,0,0,31.579,31.666
/Users/lujintao/Downloads/Weixin Videos2026-05-04_154833_153.mp4,1084,36.133,64,motorcycle,0.351,495.5 333.7 556.6 397.3,0,,0,1,31.579,31.666
/Users/lujintao/Downloads/Weixin Videos2026-05-04_154833_153.mp4,1085,36.167,65,motorcycle,0.375,487.9 287.2 573.9 398.2,0,,0,0,41.643,24.013
/Users/lujintao/Downloads/Weixin Videos2026-05-04_154833_153.mp4,1085,36.167,64,motorcycle,0.337,495.6 334.0 556.2 397.3,0,,0,1,41.643,24.013
/Users/lujintao/Downloads/Weixin Videos2026-05-04_154833_153.mp4,1086,36.200,65,motorcycle,0.358,487.3 286.9 574.5 398.3,0,,0,0,33.747,29.632
/Users/lujintao/Downloads/Weixin Videos2026-05-04_154833_153.mp4,1086,36.200,64,motorcycle,0.314,496.0 334.6 556.1 397.3,0,,0,1,33.747,29.632
/Users/lujintao/Downloads/Weixin Videos2026-05-04_154833_153.mp4,1087,36.233,65,motorcycle,0.338,487.5 286.6 574.3 398.2,0,,0,0,31.223,32.028
/Users/lujintao/Downloads/Weixin Videos2026-05-04_154833_153.mp4,1087,36.233,64,motorcycle,0.317,495.9 335.1 556.5 397.3,0,,0,1,31.223,32.028
/Users/lujintao/Downloads/Weixin Videos2026-05-04_154833_153.mp4,1088,36.267,65,motorcycle,0.339,488.1 288.2 574.2 398.1,0,,0,0,40.210,24.869
/Users/lujintao/Downloads/Weixin Videos2026-05-04_154833_153.mp4,1088,36.267,64,motorcycle,0.323,495.8 335.7 556.6 397.1,0,,0,1,40.210,24.869
/Users/lujintao/Downloads/Weixin Videos2026-05-04_154833_153.mp4,1089,36.300,65,motorcycle,0.340,486.7 285.0 574.9 397.8,0,,0,0,34.307,29.148
/Users/lujintao/Downloads/Weixin Videos2026-05-04_154833_153.mp4,1089,36.300,64,motorcycle,0.281,495.9 335.9 555.9 397.1,0,,0,0,34.307,29.148
/Users/lujintao/Downloads/Weixin Videos2026-05-04_154833_153.mp4,1090,36.333,64,motorcycle,0.321,496.1 332.8 558.6 397.4,0,,0,0,32.505,30.765
/Users/lujintao/Downloads/Weixin Videos2026-05-04_154833_153.mp4,1090,36.333,65,motorcycle,0.284,487.8 287.2 574.3 397.8,0,,0,0,32.505,30.765
/Users/lujintao/Downloads/Weixin Videos2026-05-04_154833_153.mp4,1091,36.367,64,motorcycle,0.322,496.2 332.7 558.4 397.4,0,,0,0,29.995,33.339
/Users/lujintao/Downloads/Weixin Videos2026-05-04_154833_153.mp4,1091,36.367,65,motorcycle,0.275,488.2 288.3 574.3 397.7,0,,0,0,29.995,33.339
/Users/lujintao/Downloads/Weixin Videos2026-05-04_154833_153.mp4,1092,36.400,64,motorcycle,0.345,496.8 335.6 554.9 396.7,0,,0,0,32.099,31.154
/Users/lujintao/Downloads/Weixin Videos2026-05-04_154833_153.mp4,1092,36.400,65,motorcycle,0.284,488.6 289.4 574.2 397.5,0,,0,0,32.099,31.154
/Users/lujintao/Downloads/Weixin Videos2026-05-04_154833_153.mp4,1093,36.433,64,motorcycle,0.430,496.8 335.9 555.9 396.7,0,,0,0,30.411,32.883
/Users/lujintao/Downloads/Weixin Videos2026-05-04_154833_153.mp4,1093,36.433,65,motorcycle,0.330,491.4 294.9 575.6 396.1,1,1.200,0,0,30.411,32.883
/Users/lujintao/Downloads/Weixin Videos2026-05-04_154833_153.mp4,1094,36.467,64,motorcycle,0.444,496.0 330.1 557.3 396.8,0,,0,0,56.395,17.732
/Users/lujintao/Downloads/Weixin Videos2026-05-04_154833_153.mp4,1094,36.467,65,motorcycle,0.264,484.6 286.2 576.6 396.3,1,1.200,0,0,56.395,17.732
/Users/lujintao/Downloads/Weixin Videos2026-05-04_154833_153.mp4,1095,36.500,64,motorcycle,0.472,495.4 328.2 560.2 397.5,1,1.200,0,0,32.492,30.777
/Users/lujintao/Downloads/Weixin Videos2026-05-04_154833_153.mp4,1096,36.533,64,motorcycle,0.410,495.1 329.0 559.8 397.3,0,,0,0,30.749,32.522
/Users/lujintao/Downloads/Weixin Videos2026-05-04_154833_153.mp4,1096,36.533,65,motorcycle,0.252,488.8 288.8 575.9 391.2,1,1.200,0,0,30.749,32.522
/Users/lujintao/Downloads/Weixin Videos2026-05-04_154833_153.mp4,1097,36.567,64,motorcycle,0.416,495.1 329.5 559.8 397.3,0,,0,0,32.330,30.931
/Users/lujintao/Downloads/Weixin Videos2026-05-04_154833_153.mp4,1097,36.567,65,motorcycle,0.262,488.7 288.5 575.8 391.6,0,,0,0,32.330,30.931
/Users/lujintao/Downloads/Weixin Videos2026-05-04_154833_153.mp4,1098,36.600,64,motorcycle,0.402,495.2 330.8 559.5 397.3,0,,0,0,29.796,33.562
/Users/lujintao/Downloads/Weixin Videos2026-05-04_154833_153.mp4,1098,36.600,65,motorcycle,0.256,488.1 285.2 575.6 391.6,0,,0,0,29.796,33.562
/Users/lujintao/Downloads/Weixin Videos2026-05-04_154833_153.mp4,1099,36.633,64,motorcycle,0.399,495.2 331.4 559.6 397.3,0,,0,0,32.319,30.942
/Users/lujintao/Downloads/Weixin Videos2026-05-04_154833_153.mp4,1099,36.633,65,motorcycle,0.356,489.0 287.5 575.5 396.2,0,,0,0,32.319,30.942
/Users/lujintao/Downloads/Weixin Videos2026-05-04_154833_153.mp4,1100,36.667,65,motorcycle,0.443,487.3 283.8 576.0 396.6,0,,0,0,29.856,33.494
/Users/lujintao/Downloads/Weixin Videos2026-05-04_154833_153.mp4,1100,36.667,64,motorcycle,0.330,496.0 330.0 557.3 396.9,0,,0,0,29.856,33.494
/Users/lujintao/Downloads/Weixin Videos2026-05-04_154833_153.mp4,1101,36.700,65,motorcycle,0.380,486.3 285.4 576.2 397.5,0,,0,0,28.587,34.981
/Users/lujintao/Downloads/Weixin Videos2026-05-04_154833_153.mp4,1102,36.733,64,motorcycle,0.274,496.8 336.8 556.8 397.1,0,,0,0,31.982,31.268
/Users/lujintao/Downloads/Weixin Videos2026-05-04_154833_153.mp4,1103,36.767,64,motorcycle,0.276,496.8 336.8 558.2 397.2,0,,0,0,38.702,25.838
/Users/lujintao/Downloads/Weixin Videos2026-05-04_154833_153.mp4,1103,36.767,65,motorcycle,0.264,487.6 286.2 576.1 396.8,0,,0,0,38.702,25.838
/Users/lujintao/Downloads/Weixin Videos2026-05-04_154833_153.mp4,1104,36.800,65,motorcycle,0.358,487.6 288.2 576.1 397.4,0,,0,0,33.067,30.242
/Users/lujintao/Downloads/Weixin Videos2026-05-04_154833_153.mp4,1104,36.800,64,motorcycle,0.265,497.0 337.8 556.0 396.9,0,,0,0,33.067,30.242
/Users/lujintao/Downloads/Weixin Videos2026-05-04_154833_153.mp4,1105,36.833,65,motorcycle,0.351,487.3 286.8 576.4 397.4,0,,0,0,31.411,31.836
/Users/lujintao/Downloads/Weixin Videos2026-05-04_154833_153.mp4,1106,36.867,65,motorcycle,0.394,487.4 288.9 576.3 397.6,0,,0,0,33.350,29.985
/Users/lujintao/Downloads/Weixin Videos2026-05-04_154833_153.mp4,1107,36.900,65,motorcycle,0.437,488.4 292.2 575.9 397.7,0,,0,0,29.990,33.345
/Users/lujintao/Downloads/Weixin Videos2026-05-04_154833_153.mp4,1107,36.900,64,motorcycle,0.285,496.9 332.4 558.1 396.8,0,,0,0,29.990,33.345
/Users/lujintao/Downloads/Weixin Videos2026-05-04_154833_153.mp4,1108,36.933,65,motorcycle,0.353,488.5 293.7 576.2 397.7,0,,0,0,30.717,32.555
/Users/lujintao/Downloads/Weixin Videos2026-05-04_154833_153.mp4,1108,36.933,64,motorcycle,0.262,497.1 332.9 557.9 396.8,0,,0,0,30.717,32.555
/Users/lujintao/Downloads/Weixin Videos2026-05-04_154833_153.mp4,1109,36.967,65,motorcycle,0.320,489.6 294.8 576.1 398.1,0,,0,0,33.590,29.770
/Users/lujintao/Downloads/Weixin Videos2026-05-04_154833_153.mp4,1109,36.967,64,motorcycle,0.276,496.9 332.9 558.0 396.8,0,,0,0,33.590,29.770
/Users/lujintao/Downloads/Weixin Videos2026-05-04_154833_153.mp4,1110,37.000,65,motorcycle,0.401,490.0 298.9 576.3 398.0,0,,0,0,32.885,30.409
/Users/lujintao/Downloads/Weixin Videos2026-05-04_154833_153.mp4,1111,37.033,65,motorcycle,0.282,493.2 305.4 575.4 398.4,1,1.200,0,0,30.433,32.859
/Users/lujintao/Downloads/Weixin Videos2026-05-04_154833_153.mp4,1112,37.067,65,motorcycle,0.369,494.1 309.1 575.3 398.3,1,1.200,0,0,32.688,30.592
/Users/lujintao/Downloads/Weixin Videos2026-05-04_154833_153.mp4,1113,37.100,65,motorcycle,0.455,488.4 302.6 575.8 398.5,1,1.200,0,0,30.027,33.303
/Users/lujintao/Downloads/Weixin Videos2026-05-04_154833_153.mp4,1114,37.133,65,motorcycle,0.415,491.0 305.5 575.4 398.5,1,1.200,0,0,36.526,27.378
/Users/lujintao/Downloads/Weixin Videos2026-05-04_154833_153.mp4,1115,37.167,65,motorcycle,0.444,492.3 308.4 575.8 398.3,1,1.200,0,0,34.088,29.336
/Users/lujintao/Downloads/Weixin Videos2026-05-04_154833_153.mp4,1116,37.200,65,motorcycle,0.383,490.8 304.8 575.5 398.5,1,1.200,0,0,33.909,29.491
/Users/lujintao/Downloads/Weixin Videos2026-05-04_154833_153.mp4,1117,37.233,65,motorcycle,0.305,496.2 333.3 561.6 397.1,1,1.200,0,0,34.590,28.910
/Users/lujintao/Downloads/Weixin Videos2026-05-04_154833_153.mp4,1118,37.267,65,motorcycle,0.353,496.3 334.3 560.7 397.1,1,1.193,0,0,31.492,31.754
/Users/lujintao/Downloads/Weixin Videos2026-05-04_154833_153.mp4,1119,37.300,65,motorcycle,0.416,492.0 303.9 576.5 397.9,2,1.200 1.126,1,0,33.787,29.598
/Users/lujintao/Downloads/Weixin Videos2026-05-04_154833_153.mp4,1120,37.333,65,motorcycle,0.411,495.9 335.0 561.2 397.2,1,1.200,0,0,29.498,33.900
/Users/lujintao/Downloads/Weixin Videos2026-05-04_154833_153.mp4,1121,37.367,65,motorcycle,0.506,495.8 330.1 562.4 397.6,0,,0,0,31.656,31.590
/Users/lujintao/Downloads/Weixin Videos2026-05-04_154833_153.mp4,1121,37.367,66,motorcycle,0.260,493.7 299.2 591.6 388.7,1,1.200,0,0,31.656,31.590
/Users/lujintao/Downloads/Weixin Videos2026-05-04_154833_153.mp4,1122,37.400,65,motorcycle,0.494,496.3 330.6 563.4 397.8,1,1.200,0,0,33.234,30.089
/Users/lujintao/Downloads/Weixin Videos2026-05-04_154833_153.mp4,1123,37.433,65,motorcycle,0.467,496.9 330.6 563.3 397.8,1,1.200,0,0,35.402,28.247
/Users/lujintao/Downloads/Weixin Videos2026-05-04_154833_153.mp4,1124,37.467,65,motorcycle,0.441,496.7 333.3 562.3 397.7,0,,0,0,33.001,30.302
/Users/lujintao/Downloads/Weixin Videos2026-05-04_154833_153.mp4,1125,37.500,65,motorcycle,0.386,495.6 319.5 568.5 398.1,0,,0,0,27.476,36.395
/Users/lujintao/Downloads/Weixin Videos2026-05-04_154833_153.mp4,1126,37.533,65,motorcycle,0.441,496.8 335.1 561.9 397.7,0,,0,0,35.217,28.395
/Users/lujintao/Downloads/Weixin Videos2026-05-04_154833_153.mp4,1127,37.567,65,motorcycle,0.475,496.9 333.6 562.4 397.8,0,,0,0,32.011,31.239
/Users/lujintao/Downloads/Weixin Videos2026-05-04_154833_153.mp4,1128,37.600,65,motorcycle,0.368,497.4 338.2 558.8 397.1,1,1.200,0,0,32.219,31.037
/Users/lujintao/Downloads/Weixin Videos2026-05-04_154833_153.mp4,1129,37.633,65,motorcycle,0.357,497.5 336.1 559.2 397.1,1,1.200,0,0,33.494,29.856
/Users/lujintao/Downloads/Weixin Videos2026-05-04_154833_153.mp4,1130,37.667,65,motorcycle,0.351,497.7 333.7 560.7 397.4,1,1.200,0,0,32.392,30.872
/Users/lujintao/Downloads/Weixin Videos2026-05-04_154833_153.mp4,1131,37.700,65,motorcycle,0.365,497.3 334.2 561.1 397.5,1,1.200,0,0,33.371,29.966
/Users/lujintao/Downloads/Weixin Videos2026-05-04_154833_153.mp4,1132,37.733,65,motorcycle,0.360,497.5 332.1 561.6 397.4,1,1.200,0,0,33.169,30.148
/Users/lujintao/Downloads/Weixin Videos2026-05-04_154833_153.mp4,1133,37.767,65,motorcycle,0.366,497.3 330.2 562.2 397.4,1,1.200,0,0,50.403,19.840
/Users/lujintao/Downloads/Weixin Videos2026-05-04_154833_153.mp4,1134,37.800,65,motorcycle,0.412,492.6 302.4 575.1 398.8,1,1.200,0,0,33.730,29.647
/Users/lujintao/Downloads/Weixin Videos2026-05-04_154833_153.mp4,1135,37.833,65,motorcycle,0.399,493.3 305.3 574.9 398.7,1,1.200,0,0,28.417,35.191
/Users/lujintao/Downloads/Weixin Videos2026-05-04_154833_153.mp4,1136,37.867,65,motorcycle,0.352,497.2 331.2 561.8 397.4,2,1.200 1.125,1,0,30.149,33.169
/Users/lujintao/Downloads/Weixin Videos2026-05-04_154833_153.mp4,1137,37.900,65,motorcycle,0.391,494.7 304.5 574.1 398.7,1,1.200,0,0,33.044,30.263
/Users/lujintao/Downloads/Weixin Videos2026-05-04_154833_153.mp4,1138,37.933,65,motorcycle,0.360,495.9 305.8 574.0 398.1,2,1.200 1.075,1,0,32.885,30.409
/Users/lujintao/Downloads/Weixin Videos2026-05-04_154833_153.mp4,1139,37.967,65,motorcycle,0.417,495.4 304.6 574.5 397.8,2,1.200 1.070,1,1,36.352,27.509
/Users/lujintao/Downloads/Weixin Videos2026-05-04_154833_153.mp4,1140,38.000,65,motorcycle,0.421,494.8 303.8 574.4 398.0,2,1.200 1.063,1,1,31.653,31.592
/Users/lujintao/Downloads/Weixin Videos2026-05-04_154833_153.mp4,1141,38.033,65,motorcycle,0.365,492.0 307.1 575.3 396.6,2,1.200 1.063,1,1,30.639,32.638
/Users/lujintao/Downloads/Weixin Videos2026-05-04_154833_153.mp4,1142,38.067,65,motorcycle,0.426,491.7 306.6 574.3 398.2,2,1.200 1.059,1,1,32.226,31.031
/Users/lujintao/Downloads/Weixin Videos2026-05-04_154833_153.mp4,1143,38.100,65,motorcycle,0.429,491.0 304.7 574.2 396.8,1,1.200,0,1,33.751,29.629
/Users/lujintao/Downloads/Weixin Videos2026-05-04_154833_153.mp4,1144,38.133,65,motorcycle,0.421,490.6 299.0 573.3 397.7,1,1.200,0,1,29.683,33.690
/Users/lujintao/Downloads/Weixin Videos2026-05-04_154833_153.mp4,1145,38.167,65,motorcycle,0.407,491.5 301.7 569.5 397.5,0,,0,1,30.081,33.244
/Users/lujintao/Downloads/Weixin Videos2026-05-04_154833_153.mp4,1146,38.200,65,motorcycle,0.443,492.9 301.3 570.7 397.6,0,,0,0,31.975,31.274
/Users/lujintao/Downloads/Weixin Videos2026-05-04_154833_153.mp4,1147,38.233,65,motorcycle,0.432,492.8 297.8 570.4 397.0,1,1.200,0,0,31.555,31.690
/Users/lujintao/Downloads/Weixin Videos2026-05-04_154833_153.mp4,1148,38.267,65,motorcycle,0.452,496.4 325.6 563.1 397.1,1,1.200,0,0,34.146,29.286
/Users/lujintao/Downloads/Weixin Videos2026-05-04_154833_153.mp4,1149,38.300,65,motorcycle,0.449,496.4 328.0 562.7 397.0,1,1.200,0,0,34.873,28.675
/Users/lujintao/Downloads/Weixin Videos2026-05-04_154833_153.mp4,1150,38.333,65,motorcycle,0.408,495.8 329.7 562.4 396.7,1,1.200,0,0,34.814,28.724
/Users/lujintao/Downloads/Weixin Videos2026-05-04_154833_153.mp4,1151,38.367,65,motorcycle,0.403,496.0 328.0 561.7 396.7,1,1.200,0,0,33.862,29.532
/Users/lujintao/Downloads/Weixin Videos2026-05-04_154833_153.mp4,1152,38.400,65,motorcycle,0.406,496.0 327.9 562.3 396.7,1,1.200,0,0,31.228,32.023
/Users/lujintao/Downloads/Weixin Videos2026-05-04_154833_153.mp4,1153,38.433,65,motorcycle,0.420,496.2 327.7 562.2 396.5,1,1.200,0,0,29.520,33.875
/Users/lujintao/Downloads/Weixin Videos2026-05-04_154833_153.mp4,1154,38.467,65,motorcycle,0.416,496.4 326.5 562.1 396.5,1,1.200,0,0,33.593,29.768
/Users/lujintao/Downloads/Weixin Videos2026-05-04_154833_153.mp4,1155,38.500,65,motorcycle,0.402,497.1 325.3 561.4 396.5,1,1.200,0,0,31.660,31.586
/Users/lujintao/Downloads/Weixin Videos2026-05-04_154833_153.mp4,1156,38.533,65,motorcycle,0.386,498.0 327.3 560.8 396.2,1,1.200,0,0,39.973,25.017
/Users/lujintao/Downloads/Weixin Videos2026-05-04_154833_153.mp4,1157,38.567,65,motorcycle,0.385,498.3 327.6 560.3 396.2,1,1.200,0,0,30.221,33.090
/Users/lujintao/Downloads/Weixin Videos2026-05-04_154833_153.mp4,1158,38.600,65,motorcycle,0.411,497.9 327.9 560.5 396.2,1,1.200,0,0,50.178,19.929
/Users/lujintao/Downloads/Weixin Videos2026-05-04_154833_153.mp4,1159,38.633,65,motorcycle,0.419,497.7 328.4 560.3 396.1,1,1.200,0,0,32.662,30.617
/Users/lujintao/Downloads/Weixin Videos2026-05-04_154833_153.mp4,1160,38.667,65,motorcycle,0.387,497.3 328.1 560.9 396.1,1,1.200,0,0,27.697,36.105
/Users/lujintao/Downloads/Weixin Videos2026-05-04_154833_153.mp4,1161,38.700,65,motorcycle,0.376,497.4 328.4 560.6 396.1,1,1.200,0,0,33.353,29.982
/Users/lujintao/Downloads/Weixin Videos2026-05-04_154833_153.mp4,1162,38.733,65,motorcycle,0.421,497.8 329.8 559.7 396.0,0,,0,0,34.948,28.614
/Users/lujintao/Downloads/Weixin Videos2026-05-04_154833_153.mp4,1163,38.767,65,motorcycle,0.442,498.0 331.4 559.8 396.1,0,,0,0,29.571,33.817
/Users/lujintao/Downloads/Weixin Videos2026-05-04_154833_153.mp4,1164,38.800,65,motorcycle,0.435,498.0 331.6 559.7 395.9,0,,0,0,40.348,24.785
/Users/lujintao/Downloads/Weixin Videos2026-05-04_154833_153.mp4,1164,38.800,67,motorcycle,0.290,488.5 287.6 578.4 387.5,0,,0,0,40.348,24.785
/Users/lujintao/Downloads/Weixin Videos2026-05-04_154833_153.mp4,1165,38.833,65,motorcycle,0.427,497.9 331.2 559.9 395.9,0,,0,0,31.138,32.115
/Users/lujintao/Downloads/Weixin Videos2026-05-04_154833_153.mp4,1165,38.833,67,motorcycle,0.276,489.3 288.2 579.0 388.5,0,,0,0,31.138,32.115
/Users/lujintao/Downloads/Weixin Videos2026-05-04_154833_153.mp4,1166,38.867,65,motorcycle,0.425,498.0 330.7 560.5 395.9,0,,0,0,32.892,30.403
/Users/lujintao/Downloads/Weixin Videos2026-05-04_154833_153.mp4,1166,38.867,67,motorcycle,0.303,490.6 286.6 579.8 391.2,1,1.200,0,0,32.892,30.403
/Users/lujintao/Downloads/Weixin Videos2026-05-04_154833_153.mp4,1167,38.900,65,motorcycle,0.417,497.9 330.1 560.2 395.9,0,,0,0,32.654,30.624
/Users/lujintao/Downloads/Weixin Videos2026-05-04_154833_153.mp4,1167,38.900,67,motorcycle,0.262,490.0 290.6 583.5 391.2,0,,0,0,32.654,30.624
/Users/lujintao/Downloads/Weixin Videos2026-05-04_154833_153.mp4,1168,38.933,67,motorcycle,0.412,495.9 305.7 576.9 396.5,0,,0,0,32.263,30.995
/Users/lujintao/Downloads/Weixin Videos2026-05-04_154833_153.mp4,1169,38.967,65,motorcycle,0.420,498.4 330.4 559.5 396.0,0,,0,0,41.883,23.876
/Users/lujintao/Downloads/Weixin Videos2026-05-04_154833_153.mp4,1170,39.000,67,motorcycle,0.436,493.8 300.8 576.9 396.4,0,,0,0,34.331,29.128
/Users/lujintao/Downloads/Weixin Videos2026-05-04_154833_153.mp4,1171,39.033,67,motorcycle,0.418,492.9 299.7 576.5 396.4,0,,0,0,32.286,30.973
/Users/lujintao/Downloads/Weixin Videos2026-05-04_154833_153.mp4,1172,39.067,65,motorcycle,0.399,498.2 330.5 559.5 395.9,1,1.199,0,0,35.297,28.331
/Users/lujintao/Downloads/Weixin Videos2026-05-04_154833_153.mp4,1173,39.100,67,motorcycle,0.386,492.2 297.6 575.5 396.2,1,1.200,0,0,42.801,23.364
/Users/lujintao/Downloads/Weixin Videos2026-05-04_154833_153.mp4,1174,39.133,67,motorcycle,0.370,491.0 295.0 575.8 395.9,0,,0,0,31.735,31.511
/Users/lujintao/Downloads/Weixin Videos2026-05-04_154833_153.mp4,1174,39.133,65,motorcycle,0.351,497.8 332.4 558.0 395.5,1,1.200,0,0,31.735,31.511
/Users/lujintao/Downloads/Weixin Videos2026-05-04_154833_153.mp4,1175,39.167,67,motorcycle,0.400,492.9 296.1 576.1 395.9,1,1.200,0,0,36.374,27.492
/Users/lujintao/Downloads/Weixin Videos2026-05-04_154833_153.mp4,1176,39.200,67,motorcycle,0.395,493.6 296.8 575.9 395.9,1,1.200,0,0,32.792,30.495
/Users/lujintao/Downloads/Weixin Videos2026-05-04_154833_153.mp4,1177,39.233,67,motorcycle,0.429,493.3 297.3 575.7 396.1,1,1.200,0,0,34.142,29.289
/Users/lujintao/Downloads/Weixin Videos2026-05-04_154833_153.mp4,1178,39.267,67,motorcycle,0.460,493.1 297.3 575.6 396.3,1,1.200,0,0,32.872,30.421
/Users/lujintao/Downloads/Weixin Videos2026-05-04_154833_153.mp4,1179,39.300,67,motorcycle,0.462,494.7 302.8 575.5 395.9,1,1.200,0,0,32.575,30.698
/Users/lujintao/Downloads/Weixin Videos2026-05-04_154833_153.mp4,1180,39.333,67,motorcycle,0.438,495.4 303.4 575.5 395.7,1,1.200,0,0,30.596,32.684
/Users/lujintao/Downloads/Weixin Videos2026-05-04_154833_153.mp4,1181,39.367,65,motorcycle,0.391,497.0 332.1 555.4 395.1,2,1.200 1.199,1,0,31.656,31.589
/Users/lujintao/Downloads/Weixin Videos2026-05-04_154833_153.mp4,1182,39.400,65,motorcycle,0.381,496.3 330.3 555.9 395.3,1,1.200,0,0,39.258,25.472
/Users/lujintao/Downloads/Weixin Videos2026-05-04_154833_153.mp4,1183,39.433,65,motorcycle,0.381,497.2 329.2 556.7 395.5,1,1.200,0,0,31.543,31.703
/Users/lujintao/Downloads/Weixin Videos2026-05-04_154833_153.mp4,1184,39.467,65,motorcycle,0.382,496.8 329.0 556.7 395.2,1,1.200,0,0,32.071,31.181
/Users/lujintao/Downloads/Weixin Videos2026-05-04_154833_153.mp4,1185,39.500,65,motorcycle,0.373,496.9 328.5 557.1 395.3,1,1.200,0,0,31.811,31.435
/Users/lujintao/Downloads/Weixin Videos2026-05-04_154833_153.mp4,1186,39.533,65,motorcycle,0.393,497.6 329.3 557.3 395.2,1,1.200,0,0,34.262,29.187
/Users/lujintao/Downloads/Weixin Videos2026-05-04_154833_153.mp4,1187,39.567,65,motorcycle,0.401,498.3 329.4 555.9 395.1,2,1.200 1.197,1,0,36.599,27.323
/Users/lujintao/Downloads/Weixin Videos2026-05-04_154833_153.mp4,1188,39.600,65,motorcycle,0.406,498.0 328.0 556.7 395.2,2,1.200 1.200,1,1,31.105,32.149
/Users/lujintao/Downloads/Weixin Videos2026-05-04_154833_153.mp4,1189,39.633,65,motorcycle,0.421,498.2 329.1 557.6 395.2,1,1.200,0,0,35.564,28.118
/Users/lujintao/Downloads/Weixin Videos2026-05-04_154833_153.mp4,1190,39.667,65,motorcycle,0.433,498.4 329.7 557.0 395.0,1,1.200,0,0,47.174,21.198
/Users/lujintao/Downloads/Weixin Videos2026-05-04_154833_153.mp4,1191,39.700,65,motorcycle,0.425,498.2 328.2 557.2 394.9,1,1.200,0,0,30.100,33.223
/Users/lujintao/Downloads/Weixin Videos2026-05-04_154833_153.mp4,1192,39.733,65,motorcycle,0.422,498.4 327.6 555.8 394.8,1,1.200,0,0,30.965,32.295
/Users/lujintao/Downloads/Weixin Videos2026-05-04_154833_153.mp4,1193,39.767,65,motorcycle,0.420,498.4 328.0 555.8 394.8,1,1.200,0,0,32.702,30.579
/Users/lujintao/Downloads/Weixin Videos2026-05-04_154833_153.mp4,1194,39.800,65,motorcycle,0.401,498.3 328.4 556.0 394.8,1,1.200,0,0,34.801,28.734
/Users/lujintao/Downloads/Weixin Videos2026-05-04_154833_153.mp4,1195,39.833,65,motorcycle,0.397,498.4 328.1 555.6 394.9,1,1.199,0,0,29.037,34.439
/Users/lujintao/Downloads/Weixin Videos2026-05-04_154833_153.mp4,1196,39.867,65,motorcycle,0.382,499.0 328.0 555.2 395.0,1,1.195,0,0,29.312,34.116
/Users/lujintao/Downloads/Weixin Videos2026-05-04_154833_153.mp4,1197,39.900,65,motorcycle,0.355,492.2 297.8 576.5 395.4,1,1.200,0,0,34.623,28.883
/Users/lujintao/Downloads/Weixin Videos2026-05-04_154833_153.mp4,1198,39.933,65,motorcycle,0.363,499.1 326.7 556.2 394.8,1,1.199,0,0,30.797,32.470
/Users/lujintao/Downloads/Weixin Videos2026-05-04_154833_153.mp4,1199,39.967,65,motorcycle,0.376,499.6 327.4 555.5 394.3,1,1.196,0,0,35.506,28.164
/Users/lujintao/Downloads/Weixin Videos2026-05-04_154833_153.mp4,1200,40.000,65,motorcycle,0.351,497.5 330.9 560.5 394.1,2,1.200 1.065,1,0,30.911,32.351
/Users/lujintao/Downloads/Weixin Videos2026-05-04_154833_153.mp4,1201,40.033,65,motorcycle,0.369,497.6 330.1 560.3 394.2,2,1.200 1.054,1,1,36.084,27.713
/Users/lujintao/Downloads/Weixin Videos2026-05-04_154833_153.mp4,1202,40.067,65,motorcycle,0.389,495.9 303.7 575.4 394.7,2,1.200 1.072,1,1,39.710,25.183
/Users/lujintao/Downloads/Weixin Videos2026-05-04_154833_153.mp4,1203,40.100,65,motorcycle,0.380,495.9 303.8 575.4 394.8,2,1.200 1.073,1,1,32.926,30.371
/Users/lujintao/Downloads/Weixin Videos2026-05-04_154833_153.mp4,1204,40.133,65,motorcycle,0.377,497.9 331.4 559.8 394.3,1,1.200,0,1,32.599,30.676
/Users/lujintao/Downloads/Weixin Videos2026-05-04_154833_153.mp4,1205,40.167,65,motorcycle,0.335,498.2 332.2 559.0 394.2,1,1.200,0,1,34.934,28.626
/Users/lujintao/Downloads/Weixin Videos2026-05-04_154833_153.mp4,1206,40.200,65,motorcycle,0.343,498.3 331.6 558.7 394.3,1,1.200,0,0,30.941,32.319
/Users/lujintao/Downloads/Weixin Videos2026-05-04_154833_153.mp4,1207,40.233,65,motorcycle,0.346,498.3 332.3 558.6 394.3,1,1.200,0,0,32.301,30.959
/Users/lujintao/Downloads/Weixin Videos2026-05-04_154833_153.mp4,1208,40.267,65,motorcycle,0.378,497.6 328.5 559.6 394.4,1,1.200,0,0,33.278,30.050
/Users/lujintao/Downloads/Weixin Videos2026-05-04_154833_153.mp4,1209,40.300,65,motorcycle,0.419,495.3 302.1 575.9 395.2,2,1.200 1.069,1,0,31.016,32.242
/Users/lujintao/Downloads/Weixin Videos2026-05-04_154833_153.mp4,1210,40.333,65,motorcycle,0.407,497.9 327.9 560.4 394.6,2,1.200 1.052,1,1,30.369,32.928
/Users/lujintao/Downloads/Weixin Videos2026-05-04_154833_153.mp4,1211,40.367,65,motorcycle,0.410,495.9 304.3 576.2 395.2,2,1.200 1.073,1,1,30.745,32.526
/Users/lujintao/Downloads/Weixin Videos2026-05-04_154833_153.mp4,1212,40.400,65,motorcycle,0.432,495.5 301.9 576.7 394.8,2,1.200 1.068,1,1,33.432,29.912
/Users/lujintao/Downloads/Weixin Videos2026-05-04_154833_153.mp4,1213,40.433,65,motorcycle,0.456,494.8 300.8 576.6 394.8,2,1.200 1.065,1,1,33.640,29.727
/Users/lujintao/Downloads/Weixin Videos2026-05-04_154833_153.mp4,1214,40.467,65,motorcycle,0.405,494.7 301.7 576.0 395.0,2,1.200 1.062,1,1,34.386,29.082
/Users/lujintao/Downloads/Weixin Videos2026-05-04_154833_153.mp4,1215,40.500,65,motorcycle,0.414,494.4 300.4 576.3 395.0,1,1.200,0,1,33.680,29.691
/Users/lujintao/Downloads/Weixin Videos2026-05-04_154833_153.mp4,1216,40.533,65,motorcycle,0.396,493.7 297.9 576.5 395.1,1,1.200,0,1,33.575,29.784
/Users/lujintao/Downloads/Weixin Videos2026-05-04_154833_153.mp4,1217,40.567,65,motorcycle,0.384,494.9 300.0 576.1 394.9,1,1.200,0,1,31.916,31.332
/Users/lujintao/Downloads/Weixin Videos2026-05-04_154833_153.mp4,1218,40.600,65,motorcycle,0.374,497.5 327.8 560.5 394.0,1,1.200,0,1,33.635,29.731
/Users/lujintao/Downloads/Weixin Videos2026-05-04_154833_153.mp4,1219,40.633,68,motorcycle,0.352,493.5 296.9 576.3 394.9,0,,0,0,32.288,30.971
/Users/lujintao/Downloads/Weixin Videos2026-05-04_154833_153.mp4,1219,40.633,65,motorcycle,0.255,498.0 333.3 557.6 393.8,1,1.200,0,0,32.288,30.971
/Users/lujintao/Downloads/Weixin Videos2026-05-04_154833_153.mp4,1220,40.667,68,motorcycle,0.343,491.9 294.5 576.3 394.9,0,,0,0,32.867,30.426
/Users/lujintao/Downloads/Weixin Videos2026-05-04_154833_153.mp4,1220,40.667,65,motorcycle,0.263,497.4 331.9 557.6 393.9,1,1.200,0,0,32.867,30.426
/Users/lujintao/Downloads/Weixin Videos2026-05-04_154833_153.mp4,1221,40.700,68,motorcycle,0.372,491.9 294.1 576.4 394.9,1,1.200,0,0,37.407,26.733
/Users/lujintao/Downloads/Weixin Videos2026-05-04_154833_153.mp4,1222,40.733,68,motorcycle,0.355,494.0 297.6 576.2 394.8,1,1.200,0,0,48.666,20.548
/Users/lujintao/Downloads/Weixin Videos2026-05-04_154833_153.mp4,1223,40.767,65,motorcycle,0.335,497.5 326.3 560.7 393.6,1,1.200,0,0,31.669,31.577
/Users/lujintao/Downloads/Weixin Videos2026-05-04_154833_153.mp4,1224,40.800,65,motorcycle,0.345,497.5 326.9 561.2 393.7,1,1.200,0,0,31.762,31.484
/Users/lujintao/Downloads/Weixin Videos2026-05-04_154833_153.mp4,1225,40.833,68,motorcycle,0.336,494.9 301.6 576.2 394.5,1,1.200,0,0,33.954,29.452
/Users/lujintao/Downloads/Weixin Videos2026-05-04_154833_153.mp4,1226,40.867,68,motorcycle,0.367,494.5 300.0 576.5 394.6,1,1.200,0,0,32.587,30.687
/Users/lujintao/Downloads/Weixin Videos2026-05-04_154833_153.mp4,1227,40.900,68,motorcycle,0.361,494.6 299.2 576.5 394.4,1,1.200,0,0,31.620,31.625
/Users/lujintao/Downloads/Weixin Videos2026-05-04_154833_153.mp4,1228,40.933,68,motorcycle,0.284,496.6 304.2 576.2 394.3,1,1.200,0,0,31.855,31.392
/Users/lujintao/Downloads/Weixin Videos2026-05-04_154833_153.mp4,1229,40.967,68,motorcycle,0.275,496.0 301.8 576.7 394.1,1,1.200,0,0,40.983,24.401
/Users/lujintao/Downloads/Weixin Videos2026-05-04_154833_153.mp4,1230,41.000,68,motorcycle,0.301,487.1 285.6 578.3 391.1,0,,0,0,33.710,29.665
/Users/lujintao/Downloads/Weixin Videos2026-05-04_154833_153.mp4,1230,41.000,65,motorcycle,0.298,498.3 329.0 562.0 393.1,1,1.200,0,0,33.710,29.665
/Users/lujintao/Downloads/Weixin Videos2026-05-04_154833_153.mp4,1231,41.033,68,motorcycle,0.306,487.1 285.1 577.7 391.4,0,,0,0,32.415,30.850
/Users/lujintao/Downloads/Weixin Videos2026-05-04_154833_153.mp4,1231,41.033,65,motorcycle,0.303,498.3 330.7 561.9 393.1,1,1.200,0,0,32.415,30.850
/Users/lujintao/Downloads/Weixin Videos2026-05-04_154833_153.mp4,1232,41.067,65,motorcycle,0.334,497.8 320.0 565.5 392.4,1,1.200,0,0,29.786,33.573
/Users/lujintao/Downloads/Weixin Videos2026-05-04_154833_153.mp4,1233,41.100,65,motorcycle,0.322,497.9 321.5 564.4 392.4,1,1.200,0,0,29.288,34.143
/Users/lujintao/Downloads/Weixin Videos2026-05-04_154833_153.mp4,1234,41.133,65,motorcycle,0.262,498.6 329.6 561.0 392.6,1,1.200,0,0,31.505,31.741
/Users/lujintao/Downloads/Weixin Videos2026-05-04_154833_153.mp4,1235,41.167,65,motorcycle,0.266,497.9 331.4 560.8 392.6,1,1.200,0,0,32.302,30.958
/Users/lujintao/Downloads/Weixin Videos2026-05-04_154833_153.mp4,1236,41.200,65,motorcycle,0.308,497.9 330.6 560.2 392.6,1,1.200,0,0,48.884,20.457
/Users/lujintao/Downloads/Weixin Videos2026-05-04_154833_153.mp4,1237,41.233,68,motorcycle,0.308,486.4 285.5 582.2 387.5,0,,0,0,35.256,28.364
/Users/lujintao/Downloads/Weixin Videos2026-05-04_154833_153.mp4,1237,41.233,65,motorcycle,0.303,497.9 330.2 560.1 392.6,1,1.200,0,0,35.256,28.364
/Users/lujintao/Downloads/Weixin Videos2026-05-04_154833_153.mp4,1238,41.267,68,motorcycle,0.403,487.3 288.6 583.9 387.4,0,,0,0,36.586,27.333
/Users/lujintao/Downloads/Weixin Videos2026-05-04_154833_153.mp4,1238,41.267,65,motorcycle,0.314,498.0 329.8 560.9 392.7,1,1.200,0,0,36.586,27.333
/Users/lujintao/Downloads/Weixin Videos2026-05-04_154833_153.mp4,1239,41.300,69,motorcycle,0.440,0.3 438.8 144.8 662.7,0,,0,0,32.462,30.805
/Users/lujintao/Downloads/Weixin Videos2026-05-04_154833_153.mp4,1239,41.300,68,motorcycle,0.401,487.5 287.5 584.6 387.5,0,,0,0,32.462,30.805
/Users/lujintao/Downloads/Weixin Videos2026-05-04_154833_153.mp4,1239,41.300,65,motorcycle,0.309,497.8 328.9 559.7 392.7,1,1.200,0,0,32.462,30.805
/Users/lujintao/Downloads/Weixin Videos2026-05-04_154833_153.mp4,1240,41.333,69,motorcycle,0.537,0.4 305.0 230.4 650.2,0,,0,0,32.314,30.947
/Users/lujintao/Downloads/Weixin Videos2026-05-04_154833_153.mp4,1240,41.333,68,motorcycle,0.387,492.2 301.7 578.7 393.2,1,1.200,0,0,32.314,30.947
/Users/lujintao/Downloads/Weixin Videos2026-05-04_154833_153.mp4,1241,41.367,69,motorcycle,0.508,0.6 296.4 298.0 652.8,0,,0,0,30.957,32.302
/Users/lujintao/Downloads/Weixin Videos2026-05-04_154833_153.mp4,1241,41.367,68,motorcycle,0.400,487.0 289.5 585.7 388.6,0,,0,0,30.957,32.302
/Users/lujintao/Downloads/Weixin Videos2026-05-04_154833_153.mp4,1241,41.367,65,motorcycle,0.294,498.1 330.5 558.4 392.7,1,1.200,0,0,30.957,32.302
/Users/lujintao/Downloads/Weixin Videos2026-05-04_154833_153.mp4,1242,41.400,69,motorcycle,0.490,1.1 273.5 360.4 620.6,0,,0,0,33.307,30.024
/Users/lujintao/Downloads/Weixin Videos2026-05-04_154833_153.mp4,1242,41.400,68,motorcycle,0.446,486.9 287.0 584.0 389.2,0,,0,0,33.307,30.024
/Users/lujintao/Downloads/Weixin Videos2026-05-04_154833_153.mp4,1242,41.400,65,motorcycle,0.286,498.1 329.4 559.4 392.7,1,1.200,0,0,33.307,30.024
/Users/lujintao/Downloads/Weixin Videos2026-05-04_154833_153.mp4,1243,41.433,68,motorcycle,0.512,486.2 284.3 583.5 388.4,0,,0,0,34.968,28.598
/Users/lujintao/Downloads/Weixin Videos2026-05-04_154833_153.mp4,1243,41.433,69,motorcycle,0.474,2.2 295.5 415.9 626.3,1,1.072,0,0,34.968,28.598
/Users/lujintao/Downloads/Weixin Videos2026-05-04_154833_153.mp4,1243,41.433,65,motorcycle,0.281,498.4 328.3 560.2 392.8,1,1.200,0,0,34.968,28.598
/Users/lujintao/Downloads/Weixin Videos2026-05-04_154833_153.mp4,1244,41.467,68,motorcycle,0.582,484.6 280.7 581.9 389.5,0,,0,0,33.022,30.283
/Users/lujintao/Downloads/Weixin Videos2026-05-04_154833_153.mp4,1244,41.467,69,motorcycle,0.517,71.4 301.1 465.6 609.0,1,1.200,0,0,33.022,30.283
/Users/lujintao/Downloads/Weixin Videos2026-05-04_154833_153.mp4,1244,41.467,65,motorcycle,0.252,498.2 325.4 560.1 392.9,1,1.200,0,0,33.022,30.283
/Users/lujintao/Downloads/Weixin Videos2026-05-04_154833_153.mp4,1245,41.500,69,motorcycle,0.488,160.1 314.5 506.1 586.5,1,1.152,0,0,32.117,31.136
/Users/lujintao/Downloads/Weixin Videos2026-05-04_154833_153.mp4,1245,41.500,68,motorcycle,0.354,487.4 285.0 578.2 393.3,0,,0,0,32.117,31.136
/Users/lujintao/Downloads/Weixin Videos2026-05-04_154833_153.mp4,1246,41.533,69,motorcycle,0.446,236.3 355.1 542.0 572.3,1,1.200,0,0,41.732,23.962
/Users/lujintao/Downloads/Weixin Videos2026-05-04_154833_153.mp4,1247,41.567,69,motorcycle,0.471,294.5 355.3 577.4 560.6,1,1.200,0,0,35.019,28.556
/Users/lujintao/Downloads/Weixin Videos2026-05-04_154833_153.mp4,1248,41.600,69,motorcycle,0.761,335.0 340.2 608.6 546.6,1,1.200,0,0,36.190,27.632
/Users/lujintao/Downloads/Weixin Videos2026-05-04_154833_153.mp4,1249,41.633,69,motorcycle,0.713,388.3 320.0 643.5 531.4,1,1.200,0,0,31.074,32.181
/Users/lujintao/Downloads/Weixin Videos2026-05-04_154833_153.mp4,1250,41.667,69,motorcycle,0.514,438.5 325.9 673.8 520.0,1,1.200,0,0,34.220,29.223
/Users/lujintao/Downloads/Weixin Videos2026-05-04_154833_153.mp4,1251,41.700,69,motorcycle,0.662,485.0 338.0 700.7 510.7,1,1.200,0,0,32.577,30.697
/Users/lujintao/Downloads/Weixin Videos2026-05-04_154833_153.mp4,1252,41.733,69,motorcycle,0.668,519.1 337.4 723.7 501.4,1,1.200,0,0,42.933,23.292
/Users/lujintao/Downloads/Weixin Videos2026-05-04_154833_153.mp4,1253,41.767,69,motorcycle,0.691,574.9 347.1 752.7 492.1,1,1.200,0,0,30.516,32.770
/Users/lujintao/Downloads/Weixin Videos2026-05-04_154833_153.mp4,1253,41.767,70,motorcycle,0.366,497.6 318.7 558.0 393.3,0,,0,0,30.516,32.770
/Users/lujintao/Downloads/Weixin Videos2026-05-04_154833_153.mp4,1254,41.800,69,motorcycle,0.758,591.9 334.6 769.7 487.9,1,1.200,0,0,55.669,17.963
/Users/lujintao/Downloads/Weixin Videos2026-05-04_154833_153.mp4,1254,41.800,70,motorcycle,0.444,490.2 299.5 577.4 393.3,1,1.200,0,0,55.669,17.963
/Users/lujintao/Downloads/Weixin Videos2026-05-04_154833_153.mp4,1255,41.833,69,motorcycle,0.572,621.7 336.9 791.8 477.3,1,1.200,0,0,30.729,32.543
/Users/lujintao/Downloads/Weixin Videos2026-05-04_154833_153.mp4,1255,41.833,70,motorcycle,0.487,490.6 299.7 577.3 392.9,1,1.200,0,0,30.729,32.543
/Users/lujintao/Downloads/Weixin Videos2026-05-04_154833_153.mp4,1256,41.867,69,motorcycle,0.685,653.6 337.1 818.7 472.8,1,1.200,0,0,33.002,30.301
/Users/lujintao/Downloads/Weixin Videos2026-05-04_154833_153.mp4,1256,41.867,70,motorcycle,0.555,494.1 302.7 577.8 388.8,1,1.200,0,0,33.002,30.301
/Users/lujintao/Downloads/Weixin Videos2026-05-04_154833_153.mp4,1257,41.900,69,motorcycle,0.634,677.4 335.6 826.0 469.2,1,1.200,0,0,33.509,29.843
/Users/lujintao/Downloads/Weixin Videos2026-05-04_154833_153.mp4,1257,41.900,70,motorcycle,0.561,494.0 301.6 577.9 389.0,1,1.200,0,0,33.509,29.843
/Users/lujintao/Downloads/Weixin Videos2026-05-04_154833_153.mp4,1258,41.933,69,motorcycle,0.577,698.6 336.2 844.2 464.5,1,1.200,0,0,56.678,17.643
/Users/lujintao/Downloads/Weixin Videos2026-05-04_154833_153.mp4,1258,41.933,70,motorcycle,0.552,494.3 302.8 577.8 389.1,1,1.200,0,0,56.678,17.643
/Users/lujintao/Downloads/Weixin Videos2026-05-04_154833_153.mp4,1259,41.967,70,motorcycle,0.609,493.5 303.0 578.1 389.6,1,1.200,0,0,31.535,31.710
/Users/lujintao/Downloads/Weixin Videos2026-05-04_154833_153.mp4,1259,41.967,69,motorcycle,0.584,721.2 326.1 862.3 459.6,1,1.200,0,0,31.535,31.710
/Users/lujintao/Downloads/Weixin Videos2026-05-04_154833_153.mp4,1260,42.000,70,motorcycle,0.558,493.9 302.5 577.9 389.3,1,1.200,0,0,33.546,29.810
/Users/lujintao/Downloads/Weixin Videos2026-05-04_154833_153.mp4,1260,42.000,69,motorcycle,0.533,743.2 323.8 877.3 451.6,1,1.200,0,0,33.546,29.810
/Users/lujintao/Downloads/Weixin Videos2026-05-04_154833_153.mp4,1261,42.033,69,motorcycle,0.587,761.8 331.6 887.4 452.3,1,1.200,0,0,30.496,32.791
/Users/lujintao/Downloads/Weixin Videos2026-05-04_154833_153.mp4,1261,42.033,70,motorcycle,0.485,493.0 301.1 578.7 393.1,1,1.200,0,0,30.496,32.791
/Users/lujintao/Downloads/Weixin Videos2026-05-04_154833_153.mp4,1262,42.067,69,motorcycle,0.571,786.4 334.4 910.3 448.7,1,1.200,0,0,32.967,30.333
/Users/lujintao/Downloads/Weixin Videos2026-05-04_154833_153.mp4,1262,42.067,70,motorcycle,0.263,492.1 297.3 578.6 393.2,1,1.200,0,0,32.967,30.333
/Users/lujintao/Downloads/Weixin Videos2026-05-04_154833_153.mp4,1263,42.100,69,motorcycle,0.605,804.7 335.4 915.6 444.1,1,1.200,0,0,30.941,32.320
/Users/lujintao/Downloads/Weixin Videos2026-05-04_154833_153.mp4,1263,42.100,70,motorcycle,0.324,491.4 297.2 578.8 393.4,1,1.200,0,0,30.941,32.320
/Users/lujintao/Downloads/Weixin Videos2026-05-04_154833_153.mp4,1264,42.133,69,motorcycle,0.507,818.6 329.5 930.8 434.9,1,1.200,0,0,32.460,30.807
/Users/lujintao/Downloads/Weixin Videos2026-05-04_154833_153.mp4,1264,42.133,70,motorcycle,0.437,492.9 302.4 578.9 393.6,1,1.200,0,0,32.460,30.807
/Users/lujintao/Downloads/Weixin Videos2026-05-04_154833_153.mp4,1265,42.167,69,motorcycle,0.521,834.9 336.6 942.8 437.6,1,1.200,0,0,32.115,31.138
/Users/lujintao/Downloads/Weixin Videos2026-05-04_154833_153.mp4,1265,42.167,70,motorcycle,0.449,496.0 303.9 578.8 393.8,1,1.200,0,0,32.115,31.138
/Users/lujintao/Downloads/Weixin Videos2026-05-04_154833_153.mp4,1266,42.200,69,motorcycle,0.601,851.1 336.9 955.1 435.5,1,1.200,0,0,30.875,32.389
/Users/lujintao/Downloads/Weixin Videos2026-05-04_154833_153.mp4,1266,42.200,70,motorcycle,0.536,495.8 303.5 579.1 393.5,1,1.200,0,0,30.875,32.389
/Users/lujintao/Downloads/Weixin Videos2026-05-04_154833_153.mp4,1267,42.233,69,motorcycle,0.572,862.0 334.2 967.1 432.8,1,1.200,0,0,31.391,31.856
/Users/lujintao/Downloads/Weixin Videos2026-05-04_154833_153.mp4,1267,42.233,70,motorcycle,0.544,497.1 305.8 579.0 393.3,1,1.200,0,0,31.391,31.856
/Users/lujintao/Downloads/Weixin Videos2026-05-04_154833_153.mp4,1268,42.267,69,motorcycle,0.595,879.1 335.6 976.6 430.4,1,1.200,0,0,34.997,28.574
/Users/lujintao/Downloads/Weixin Videos2026-05-04_154833_153.mp4,1268,42.267,70,motorcycle,0.501,497.5 305.4 578.6 393.9,1,1.200,0,0,34.997,28.574
/Users/lujintao/Downloads/Weixin Videos2026-05-04_154833_153.mp4,1269,42.300,69,motorcycle,0.512,890.7 339.3 988.0 427.5,1,1.200,0,0,48.737,20.518
/Users/lujintao/Downloads/Weixin Videos2026-05-04_154833_153.mp4,1269,42.300,70,motorcycle,0.491,496.6 300.3 578.8 393.8,0,,0,0,48.737,20.518
/Users/lujintao/Downloads/Weixin Videos2026-05-04_154833_153.mp4,1270,42.333,69,motorcycle,0.535,899.9 334.6 999.6 423.9,1,1.200,0,0,35.629,28.067
/Users/lujintao/Downloads/Weixin Videos2026-05-04_154833_153.mp4,1270,42.333,70,motorcycle,0.288,496.4 301.3 578.8 393.5,0,,0,0,35.629,28.067
/Users/lujintao/Downloads/Weixin Videos2026-05-04_154833_153.mp4,1271,42.367,69,motorcycle,0.564,914.3 332.2 1010.4 421.2,1,1.200,0,0,28.017,35.693
/Users/lujintao/Downloads/Weixin Videos2026-05-04_154833_153.mp4,1271,42.367,70,motorcycle,0.336,495.4 290.4 578.7 393.6,0,,0,0,28.017,35.693
/Users/lujintao/Downloads/Weixin Videos2026-05-04_154833_153.mp4,1272,42.400,69,motorcycle,0.633,924.5 332.9 1019.4 421.5,1,1.200,0,0,30.416,32.878
/Users/lujintao/Downloads/Weixin Videos2026-05-04_154833_153.mp4,1272,42.400,70,motorcycle,0.310,494.6 288.3 577.1 394.1,0,,0,0,30.416,32.878
/Users/lujintao/Downloads/Weixin Videos2026-05-04_154833_153.mp4,1273,42.433,69,motorcycle,0.518,940.5 343.1 1028.7 418.5,1,1.200,0,0,34.799,28.737
/Users/lujintao/Downloads/Weixin Videos2026-05-04_154833_153.mp4,1273,42.433,70,motorcycle,0.293,495.6 296.1 577.3 393.8,1,1.200,0,0,34.799,28.737
/Users/lujintao/Downloads/Weixin Videos2026-05-04_154833_153.mp4,1274,42.467,69,motorcycle,0.546,947.7 331.6 1038.9 416.2,1,1.200,0,0,35.182,28.424
/Users/lujintao/Downloads/Weixin Videos2026-05-04_154833_153.mp4,1274,42.467,70,motorcycle,0.260,497.9 301.1 575.5 393.4,0,,0,0,35.182,28.424
/Users/lujintao/Downloads/Weixin Videos2026-05-04_154833_153.mp4,1275,42.500,69,motorcycle,0.675,958.6 330.9 1047.4 417.8,1,1.200,0,0,36.749,27.211
/Users/lujintao/Downloads/Weixin Videos2026-05-04_154833_153.mp4,1275,42.500,70,motorcycle,0.376,497.5 301.9 575.0 394.0,0,,0,0,36.749,27.211
/Users/lujintao/Downloads/Weixin Videos2026-05-04_154833_153.mp4,1276,42.533,69,motorcycle,0.557,969.5 334.0 1058.8 416.1,1,1.200,0,0,32.476,30.792
/Users/lujintao/Downloads/Weixin Videos2026-05-04_154833_153.mp4,1276,42.533,70,motorcycle,0.340,498.5 303.2 574.0 393.9,1,1.200,0,0,32.476,30.792
/Users/lujintao/Downloads/Weixin Videos2026-05-04_154833_153.mp4,1277,42.567,69,motorcycle,0.491,984.5 349.1 1069.5 414.8,1,1.200,0,0,33.302,30.028
/Users/lujintao/Downloads/Weixin Videos2026-05-04_154833_153.mp4,1277,42.567,70,motorcycle,0.379,497.8 305.8 575.9 393.6,2,1.200 1.121,1,0,33.302,30.028
/Users/lujintao/Downloads/Weixin Videos2026-05-04_154833_153.mp4,1278,42.600,69,motorcycle,0.469,991.3 327.8 1078.7 410.7,1,1.200,0,0,31.550,31.696
/Users/lujintao/Downloads/Weixin Videos2026-05-04_154833_153.mp4,1278,42.600,70,motorcycle,0.428,496.2 301.1 578.1 394.2,1,1.200,0,0,31.550,31.696
/Users/lujintao/Downloads/Weixin Videos2026-05-04_154833_153.mp4,1279,42.633,69,motorcycle,0.450,1000.5 327.4 1085.6 411.0,1,1.200,0,0,32.374,30.889
/Users/lujintao/Downloads/Weixin Videos2026-05-04_154833_153.mp4,1279,42.633,70,motorcycle,0.383,495.7 296.6 579.6 393.9,1,1.200,0,0,32.374,30.889
/Users/lujintao/Downloads/Weixin Videos2026-05-04_154833_153.mp4,1280,42.667,69,motorcycle,0.381,1010.5 331.3 1085.6 409.9,0,,0,0,28.309,35.324
/Users/lujintao/Downloads/Weixin Videos2026-05-04_154833_153.mp4,1280,42.667,70,motorcycle,0.308,499.1 327.8 562.3 392.3,1,1.200,0,0,28.309,35.324
/Users/lujintao/Downloads/Weixin Videos2026-05-04_154833_153.mp4,1281,42.700,70,motorcycle,0.307,499.0 327.8 562.8 392.3,0,,0,0,29.885,33.461
/Users/lujintao/Downloads/Weixin Videos2026-05-04_154833_153.mp4,1282,42.733,70,motorcycle,0.355,494.8 303.8 577.1 393.5,1,1.200,0,0,30.600,32.679
/Users/lujintao/Downloads/Weixin Videos2026-05-04_154833_153.mp4,1283,42.767,70,motorcycle,0.304,493.2 298.4 576.9 393.0,1,1.200,0,0,35.744,27.977
/Users/lujintao/Downloads/Weixin Videos2026-05-04_154833_153.mp4,1284,42.800,70,motorcycle,0.355,494.0 304.6 577.6 393.6,1,1.200,0,0,38.809,25.767
/Users/lujintao/Downloads/Weixin Videos2026-05-04_154833_153.mp4,1285,42.833,70,motorcycle,0.305,493.9 304.9 576.2 393.4,1,1.200,0,0,33.792,29.593
/Users/lujintao/Downloads/Weixin Videos2026-05-04_154833_153.mp4,1285,42.833,69,motorcycle,0.265,1055.3 319.8 1143.4 400.8,0,,0,0,33.792,29.593
/Users/lujintao/Downloads/Weixin Videos2026-05-04_154833_153.mp4,1286,42.867,70,motorcycle,0.314,493.2 303.1 576.8 393.2,1,1.200,0,0,46.490,21.510
/Users/lujintao/Downloads/Weixin Videos2026-05-04_154833_153.mp4,1287,42.900,70,motorcycle,0.327,492.0 297.8 577.5 393.0,1,1.200,0,0,30.307,32.995
/Users/lujintao/Downloads/Weixin Videos2026-05-04_154833_153.mp4,1288,42.933,70,motorcycle,0.302,491.2 296.6 577.7 392.9,1,1.200,0,0,35.854,27.891
/Users/lujintao/Downloads/Weixin Videos2026-05-04_154833_153.mp4,1289,42.967,70,motorcycle,0.281,491.7 296.9 577.9 393.2,1,1.200,0,0,35.290,28.337
/Users/lujintao/Downloads/Weixin Videos2026-05-04_154833_153.mp4,1290,43.000,70,motorcycle,0.334,492.0 296.7 577.9 393.1,1,1.200,0,0,33.425,29.917
/Users/lujintao/Downloads/Weixin Videos2026-05-04_154833_153.mp4,1291,43.033,69,motorcycle,0.468,1115.5 326.9 1197.5 399.3,0,,0,0,31.387,31.860
/Users/lujintao/Downloads/Weixin Videos2026-05-04_154833_153.mp4,1291,43.033,70,motorcycle,0.336,492.2 299.4 578.1 393.0,1,1.200,0,0,31.387,31.860
/Users/lujintao/Downloads/Weixin Videos2026-05-04_154833_153.mp4,1292,43.067,70,motorcycle,0.359,492.5 302.5 578.5 392.4,1,1.200,0,0,33.229,30.094
/Users/lujintao/Downloads/Weixin Videos2026-05-04_154833_153.mp4,1292,43.067,69,motorcycle,0.314,1125.2 327.5 1205.1 399.4,0,,0,0,33.229,30.094
/Users/lujintao/Downloads/Weixin Videos2026-05-04_154833_153.mp4,1293,43.100,69,motorcycle,0.334,1134.3 318.4 1216.3 399.0,1,1.200,0,0,37.412,26.729
/Users/lujintao/Downloads/Weixin Videos2026-05-04_154833_153.mp4,1294,43.133,69,motorcycle,0.408,1144.2 331.6 1222.7 398.7,0,,0,0,33.916,29.485
/Users/lujintao/Downloads/Weixin Videos2026-05-04_154833_153.mp4,1294,43.133,70,motorcycle,0.283,499.6 325.8 559.2 392.1,1,1.200,0,0,33.916,29.485
/Users/lujintao/Downloads/Weixin Videos2026-05-04_154833_153.mp4,1295,43.167,69,motorcycle,0.333,1152.6 328.8 1233.3 398.5,0,,0,0,31.980,31.269
/Users/lujintao/Downloads/Weixin Videos2026-05-04_154833_153.mp4,1295,43.167,70,motorcycle,0.301,492.3 303.2 578.6 392.1,1,1.200,0,0,31.980,31.269
/Users/lujintao/Downloads/Weixin Videos2026-05-04_154833_153.mp4,1296,43.200,69,motorcycle,0.428,1160.8 326.4 1244.9 399.7,0,,0,0,27.628,36.195
/Users/lujintao/Downloads/Weixin Videos2026-05-04_154833_153.mp4,1296,43.200,70,motorcycle,0.325,492.3 302.2 578.6 391.9,1,1.200,0,0,27.628,36.195
/Users/lujintao/Downloads/Weixin Videos2026-05-04_154833_153.mp4,1297,43.233,69,motorcycle,0.469,1169.0 320.2 1251.6 398.5,0,,0,0,55.796,17.923
/Users/lujintao/Downloads/Weixin Videos2026-05-04_154833_153.mp4,1297,43.233,70,motorcycle,0.352,492.3 300.8 578.8 392.2,1,1.200,0,0,55.796,17.923
/Users/lujintao/Downloads/Weixin Videos2026-05-04_154833_153.mp4,1298,43.267,69,motorcycle,0.313,1179.6 324.3 1260.6 398.7,0,,0,0,27.364,36.545
/Users/lujintao/Downloads/Weixin Videos2026-05-04_154833_153.mp4,1300,43.333,70,motorcycle,0.259,489.9 285.0 579.3 392.7,1,1.200,0,0,35.922,27.838
/Users/lujintao/Downloads/Weixin Videos2026-05-04_154833_153.mp4,1301,43.367,70,motorcycle,0.332,487.2 281.2 582.9 387.2,1,1.200,0,0,40.553,24.659
/Users/lujintao/Downloads/Weixin Videos2026-05-04_154833_153.mp4,1303,43.433,70,motorcycle,0.341,490.3 284.4 579.6 392.1,0,,0,0,32.233,31.024
/Users/lujintao/Downloads/Weixin Videos2026-05-04_154833_153.mp4,1304,43.467,70,motorcycle,0.295,489.6 283.1 580.4 391.7,0,,0,0,35.567,28.116
/Users/lujintao/Downloads/Weixin Videos2026-05-04_154833_153.mp4,1305,43.500,70,motorcycle,0.310,490.4 287.6 580.0 392.1,0,,0,0,29.499,33.899
/Users/lujintao/Downloads/Weixin Videos2026-05-04_154833_153.mp4,1306,43.533,70,motorcycle,0.299,492.9 294.0 579.7 392.8,0,,0,0,35.992,27.784
/Users/lujintao/Downloads/Weixin Videos2026-05-04_154833_153.mp4,1306,43.533,71,motorcycle,0.256,501.2 330.2 556.4 392.6,0,,0,0,35.992,27.784
/Users/lujintao/Downloads/Weixin Videos2026-05-04_154833_153.mp4,1307,43.567,70,motorcycle,0.306,493.4 297.5 580.1 392.1,0,,0,0,31.823,31.424
/Users/lujintao/Downloads/Weixin Videos2026-05-04_154833_153.mp4,1307,43.567,71,motorcycle,0.264,500.9 328.6 556.7 392.5,0,,0,0,31.823,31.424
/Users/lujintao/Downloads/Weixin Videos2026-05-04_154833_153.mp4,1310,43.667,70,motorcycle,0.306,495.5 303.3 578.8 393.5,1,1.200,0,0,43.580,22.946
/Users/lujintao/Downloads/Weixin Videos2026-05-04_154833_153.mp4,1311,43.700,70,motorcycle,0.398,495.6 303.0 578.8 393.5,1,1.200,0,0,34.176,29.260
/Users/lujintao/Downloads/Weixin Videos2026-05-04_154833_153.mp4,1313,43.767,70,motorcycle,0.374,497.2 302.9 579.1 393.6,1,1.200,0,0,28.631,34.927
/Users/lujintao/Downloads/Weixin Videos2026-05-04_154833_153.mp4,1314,43.800,70,motorcycle,0.305,500.5 308.5 576.8 393.5,1,1.200,0,0,31.000,32.258
/Users/lujintao/Downloads/Weixin Videos2026-05-04_154833_153.mp4,1330,44.333,72,motorcycle,0.266,500.8 321.2 561.5 391.9,1,1.181,0,0,32.335,30.926
/Users/lujintao/Downloads/Weixin Videos2026-05-04_154833_153.mp4,1331,44.367,72,motorcycle,0.341,501.5 326.9 560.3 392.0,0,,0,0,35.411,28.240
/Users/lujintao/Downloads/Weixin Videos2026-05-04_154833_153.mp4,1332,44.400,72,motorcycle,0.340,501.4 328.4 561.0 392.0,0,,0,0,32.929,30.369
/Users/lujintao/Downloads/Weixin Videos2026-05-04_154833_153.mp4,1333,44.433,72,motorcycle,0.340,501.4 323.2 558.8 392.0,0,,0,0,32.682,30.598
/Users/lujintao/Downloads/Weixin Videos2026-05-04_154833_153.mp4,1334,44.467,72,motorcycle,0.362,501.3 322.7 558.9 392.1,0,,0,0,29.631,33.748
/Users/lujintao/Downloads/Weixin Videos2026-05-04_154833_153.mp4,1335,44.500,72,motorcycle,0.302,501.1 320.0 559.4 392.0,0,,0,0,36.763,27.201
/Users/lujintao/Downloads/Weixin Videos2026-05-04_154833_153.mp4,1336,44.533,72,motorcycle,0.308,501.6 324.3 560.3 392.0,1,1.170,0,0,34.099,29.326
/Users/lujintao/Downloads/Weixin Videos2026-05-04_154833_153.mp4,1337,44.567,72,motorcycle,0.323,501.5 327.5 561.1 392.0,2,1.185 1.133,1,0,31.292,31.957
/Users/lujintao/Downloads/Weixin Videos2026-05-04_154833_153.mp4,1338,44.600,72,motorcycle,0.370,501.2 325.1 560.7 392.0,1,1.189,0,0,31.920,31.328
/Users/lujintao/Downloads/Weixin Videos2026-05-04_154833_153.mp4,1339,44.633,72,motorcycle,0.416,501.4 325.5 561.1 392.1,0,,0,0,29.130,34.329
/Users/lujintao/Downloads/Weixin Videos2026-05-04_154833_153.mp4,1339,44.633,73,motorcycle,0.250,494.0 283.7 579.9 387.6,1,1.200,0,0,29.130,34.329
/Users/lujintao/Downloads/Weixin Videos2026-05-04_154833_153.mp4,1340,44.667,72,motorcycle,0.403,501.1 322.5 562.1 392.0,0,,0,0,35.714,28.000
/Users/lujintao/Downloads/Weixin Videos2026-05-04_154833_153.mp4,1340,44.667,73,motorcycle,0.282,494.4 278.7 580.3 387.5,1,1.200,0,0,35.714,28.000
/Users/lujintao/Downloads/Weixin Videos2026-05-04_154833_153.mp4,1341,44.700,73,motorcycle,0.412,495.3 301.6 580.6 391.5,1,1.200,0,0,32.568,30.705
/Users/lujintao/Downloads/Weixin Videos2026-05-04_154833_153.mp4,1341,44.700,72,motorcycle,0.271,501.9 332.7 560.5 392.2,0,,0,0,32.568,30.705
/Users/lujintao/Downloads/Weixin Videos2026-05-04_154833_153.mp4,1342,44.733,73,motorcycle,0.438,495.9 301.4 581.0 392.2,1,1.200,0,0,33.106,30.206
/Users/lujintao/Downloads/Weixin Videos2026-05-04_154833_153.mp4,1343,44.767,72,motorcycle,0.359,502.8 333.1 560.8 392.0,2,1.194 1.105,1,0,35.577,28.108
/Users/lujintao/Downloads/Weixin Videos2026-05-04_154833_153.mp4,1344,44.800,73,motorcycle,0.347,499.0 314.9 576.2 393.0,2,1.200 1.152,1,0,37.501,26.666
/Users/lujintao/Downloads/Weixin Videos2026-05-04_154833_153.mp4,1345,44.833,72,motorcycle,0.329,503.2 333.4 560.6 392.0,1,1.194,0,0,32.382,30.882
/Users/lujintao/Downloads/Weixin Videos2026-05-04_154833_153.mp4,1346,44.867,72,motorcycle,0.304,502.7 332.4 560.7 392.0,1,1.197,0,0,35.425,28.229
/Users/lujintao/Downloads/Weixin Videos2026-05-04_154833_153.mp4,1347,44.900,72,motorcycle,0.278,503.0 332.5 560.2 392.0,1,1.178,0,0,38.154,26.210
/Users/lujintao/Downloads/Weixin Videos2026-05-04_154833_153.mp4,1348,44.933,73,motorcycle,0.321,496.2 298.5 578.3 393.1,1,1.200,0,0,31.574,31.672
/Users/lujintao/Downloads/Weixin Videos2026-05-04_154833_153.mp4,1349,44.967,73,motorcycle,0.344,496.9 300.9 578.4 393.0,1,1.200,0,0,36.002,27.777
/Users/lujintao/Downloads/Weixin Videos2026-05-04_154833_153.mp4,1350,45.000,73,motorcycle,0.376,497.1 301.5 578.5 392.9,1,1.200,0,0,38.263,26.135
/Users/lujintao/Downloads/Weixin Videos2026-05-04_154833_153.mp4,1351,45.033,73,motorcycle,0.417,497.0 300.7 578.6 392.7,1,1.200,0,0,31.525,31.721
/Users/lujintao/Downloads/Weixin Videos2026-05-04_154833_153.mp4,1351,45.033,74,motorcycle,0.272,10.6 419.9 396.3 657.3,1,1.200,0,0,31.525,31.721
/Users/lujintao/Downloads/Weixin Videos2026-05-04_154833_153.mp4,1352,45.067,74,motorcycle,0.536,0.3 421.9 434.3 654.4,1,1.200,0,0,35.325,28.309
/Users/lujintao/Downloads/Weixin Videos2026-05-04_154833_153.mp4,1352,45.067,73,motorcycle,0.385,497.0 300.8 578.5 392.9,1,1.200,0,0,35.325,28.309
/Users/lujintao/Downloads/Weixin Videos2026-05-04_154833_153.mp4,1353,45.100,72,motorcycle,0.314,502.8 326.9 562.2 392.0,1,1.200,0,0,30.478,32.811
/Users/lujintao/Downloads/Weixin Videos2026-05-04_154833_153.mp4,1353,45.100,74,motorcycle,0.284,3.9 414.3 470.8 661.2,1,1.200,0,0,30.478,32.811
/Users/lujintao/Downloads/Weixin Videos2026-05-04_154833_153.mp4,1354,45.133,74,motorcycle,0.468,113.3 355.6 504.3 671.4,2,1.200 1.088,1,0,32.042,31.209
/Users/lujintao/Downloads/Weixin Videos2026-05-04_154833_153.mp4,1355,45.167,75,motorcycle,0.295,0.2 378.6 73.3 492.2,0,,0,0,34.671,28.843
/Users/lujintao/Downloads/Weixin Videos2026-05-04_154833_153.mp4,1355,45.167,74,motorcycle,0.264,161.6 408.7 532.7 661.3,1,1.200,0,0,34.671,28.843
/Users/lujintao/Downloads/Weixin Videos2026-05-04_154833_153.mp4,1356,45.200,74,motorcycle,0.643,167.0 393.0 560.3 658.6,1,1.200,0,0,42.445,23.560
/Users/lujintao/Downloads/Weixin Videos2026-05-04_154833_153.mp4,1356,45.200,75,motorcycle,0.306,0.1 364.9 92.1 490.9,0,,0,0,42.445,23.560
/Users/lujintao/Downloads/Weixin Videos2026-05-04_154833_153.mp4,1357,45.233,74,motorcycle,0.812,230.1 362.8 587.9 635.6,1,1.196,0,0,35.993,27.783
/Users/lujintao/Downloads/Weixin Videos2026-05-04_154833_153.mp4,1357,45.233,75,motorcycle,0.427,0.1 341.0 112.4 487.3,0,,0,0,35.993,27.783
/Users/lujintao/Downloads/Weixin Videos2026-05-04_154833_153.mp4,1358,45.267,74,motorcycle,0.799,288.4 378.2 610.3 620.1,2,1.199 1.158,1,0,42.626,23.460
/Users/lujintao/Downloads/Weixin Videos2026-05-04_154833_153.mp4,1359,45.300,74,motorcycle,0.821,335.3 409.4 635.1 602.6,1,1.200,0,0,33.705,29.670
/Users/lujintao/Downloads/Weixin Videos2026-05-04_154833_153.mp4,1360,45.333,74,motorcycle,0.600,389.5 387.8 655.4 590.2,1,1.200,0,0,33.041,30.265
/Users/lujintao/Downloads/Weixin Videos2026-05-04_154833_153.mp4,1361,45.367,74,motorcycle,0.711,424.8 387.1 676.8 580.2,1,1.200,0,0,30.855,32.410
/Users/lujintao/Downloads/Weixin Videos2026-05-04_154833_153.mp4,1362,45.400,74,motorcycle,0.596,461.2 383.5 693.9 565.9,1,1.200,0,0,36.742,27.217
/Users/lujintao/Downloads/Weixin Videos2026-05-04_154833_153.mp4,1363,45.433,74,motorcycle,0.656,491.4 339.3 714.6 557.3,1,1.200,0,0,32.894,30.401
/Users/lujintao/Downloads/Weixin Videos2026-05-04_154833_153.mp4,1364,45.467,74,motorcycle,0.583,526.1 366.5 729.4 549.0,1,1.200,0,0,63.146,15.836
/Users/lujintao/Downloads/Weixin Videos2026-05-04_154833_153.mp4,1364,45.467,76,motorcycle,0.471,493.1 283.1 581.6 392.4,0,,0,0,63.146,15.836
/Users/lujintao/Downloads/Weixin Videos2026-05-04_154833_153.mp4,1364,45.467,77,motorcycle,0.292,501.5 318.6 555.2 392.0,0,,0,0,63.146,15.836
/Users/lujintao/Downloads/Weixin Videos2026-05-04_154833_153.mp4,1365,45.500,74,motorcycle,0.733,551.8 357.0 753.3 540.9,1,1.200,0,0,32.849,30.443
/Users/lujintao/Downloads/Weixin Videos2026-05-04_154833_153.mp4,1365,45.500,76,motorcycle,0.348,492.5 278.6 578.6 392.2,1,1.200,0,0,32.849,30.443
/Users/lujintao/Downloads/Weixin Videos2026-05-04_154833_153.mp4,1366,45.533,74,motorcycle,0.747,579.6 348.2 766.4 533.1,1,1.200,0,0,32.674,30.605
/Users/lujintao/Downloads/Weixin Videos2026-05-04_154833_153.mp4,1366,45.533,78,motorcycle,0.506,0.4 257.6 236.7 460.7,0,,0,0,32.674,30.605
/Users/lujintao/Downloads/Weixin Videos2026-05-04_154833_153.mp4,1366,45.533,76,motorcycle,0.494,492.9 278.2 579.9 391.8,0,,0,0,32.674,30.605
/Users/lujintao/Downloads/Weixin Videos2026-05-04_154833_153.mp4,1367,45.567,74,motorcycle,0.620,603.6 345.5 781.0 524.8,1,1.200,0,0,32.303,30.957
/Users/lujintao/Downloads/Weixin Videos2026-05-04_154833_153.mp4,1367,45.567,76,motorcycle,0.571,491.4 276.8 581.5 392.2,1,1.200,0,0,32.303,30.957
/Users/lujintao/Downloads/Weixin Videos2026-05-04_154833_153.mp4,1367,45.567,78,motorcycle,0.426,1.3 269.4 242.7 456.1,1,1.176,0,0,32.303,30.957
/Users/lujintao/Downloads/Weixin Videos2026-05-04_154833_153.mp4,1367,45.567,77,motorcycle,0.262,502.4 313.4 561.8 392.1,0,,0,0,32.303,30.957
/Users/lujintao/Downloads/Weixin Videos2026-05-04_154833_153.mp4,1368,45.600,74,motorcycle,0.574,624.1 350.2 793.4 517.8,1,1.200,0,0,32.074,31.178
/Users/lujintao/Downloads/Weixin Videos2026-05-04_154833_153.mp4,1368,45.600,78,motorcycle,0.511,0.5 274.7 249.5 488.2,1,1.150,0,0,32.074,31.178
/Users/lujintao/Downloads/Weixin Videos2026-05-04_154833_153.mp4,1368,45.600,76,motorcycle,0.449,491.0 277.9 580.9 392.6,1,1.200,0,0,32.074,31.178
/Users/lujintao/Downloads/Weixin Videos2026-05-04_154833_153.mp4,1368,45.600,77,motorcycle,0.306,502.4 315.3 560.8 392.1,0,,0,0,32.074,31.178
/Users/lujintao/Downloads/Weixin Videos2026-05-04_154833_153.mp4,1369,45.633,74,motorcycle,0.691,647.9 374.6 808.6 512.9,1,1.200,0,0,35.212,28.400
/Users/lujintao/Downloads/Weixin Videos2026-05-04_154833_153.mp4,1369,45.633,76,motorcycle,0.480,494.4 284.3 580.2 392.6,1,1.200,0,0,35.212,28.400
/Users/lujintao/Downloads/Weixin Videos2026-05-04_154833_153.mp4,1369,45.633,78,motorcycle,0.411,3.4 278.2 258.2 478.1,1,1.126,0,0,35.212,28.400
/Users/lujintao/Downloads/Weixin Videos2026-05-04_154833_153.mp4,1370,45.667,74,motorcycle,0.726,670.8 374.4 821.0 507.9,1,1.200,0,0,35.867,27.881
/Users/lujintao/Downloads/Weixin Videos2026-05-04_154833_153.mp4,1370,45.667,76,motorcycle,0.517,494.7 285.3 580.6 392.7,1,1.200,0,0,35.867,27.881
/Users/lujintao/Downloads/Weixin Videos2026-05-04_154833_153.mp4,1370,45.667,78,motorcycle,0.352,0.0 283.8 267.7 487.1,1,1.117,0,0,35.867,27.881
/Users/lujintao/Downloads/Weixin Videos2026-05-04_154833_153.mp4,1371,45.700,74,motorcycle,0.728,688.1 374.0 836.2 501.0,1,1.200,0,0,37.799,26.455
/Users/lujintao/Downloads/Weixin Videos2026-05-04_154833_153.mp4,1371,45.700,76,motorcycle,0.538,495.3 287.4 580.7 392.6,1,1.200,0,0,37.799,26.455
/Users/lujintao/Downloads/Weixin Videos2026-05-04_154833_153.mp4,1371,45.700,78,motorcycle,0.288,1.4 307.2 273.1 451.6,1,1.150,0,0,37.799,26.455
/Users/lujintao/Downloads/Weixin Videos2026-05-04_154833_153.mp4,1372,45.733,74,motorcycle,0.708,707.6 370.1 846.7 495.4,1,1.200,0,0,32.068,31.184
/Users/lujintao/Downloads/Weixin Videos2026-05-04_154833_153.mp4,1372,45.733,76,motorcycle,0.547,496.4 292.7 580.7 392.7,1,1.200,0,0,32.068,31.184
/Users/lujintao/Downloads/Weixin Videos2026-05-04_154833_153.mp4,1372,45.733,78,motorcycle,0.526,0.8 299.4 280.4 479.7,1,1.093,0,0,32.068,31.184
/Users/lujintao/Downloads/Weixin Videos2026-05-04_154833_153.mp4,1373,45.767,78,motorcycle,0.571,24.5 299.6 288.3 481.1,1,1.110,0,0,30.236,33.073
/Users/lujintao/Downloads/Weixin Videos2026-05-04_154833_153.mp4,1373,45.767,76,motorcycle,0.512,495.8 290.2 580.5 392.8,1,1.200,0,0,30.236,33.073
/Users/lujintao/Downloads/Weixin Videos2026-05-04_154833_153.mp4,1373,45.767,74,motorcycle,0.453,722.4 368.0 860.6 487.9,1,1.200,0,0,30.236,33.073
/Users/lujintao/Downloads/Weixin Videos2026-05-04_154833_153.mp4,1374,45.800,76,motorcycle,0.524,495.1 289.0 580.4 392.7,1,1.200,0,0,36.196,27.627
/Users/lujintao/Downloads/Weixin Videos2026-05-04_154833_153.mp4,1374,45.800,74,motorcycle,0.506,739.3 371.7 866.7 485.3,1,1.200,0,0,36.196,27.627
/Users/lujintao/Downloads/Weixin Videos2026-05-04_154833_153.mp4,1374,45.800,78,motorcycle,0.291,4.4 290.7 293.4 474.8,1,1.087,0,0,36.196,27.627
/Users/lujintao/Downloads/Weixin Videos2026-05-04_154833_153.mp4,1375,45.833,74,motorcycle,0.625,754.6 368.4 880.3 482.2,1,1.200,0,0,32.115,31.138
/Users/lujintao/Downloads/Weixin Videos2026-05-04_154833_153.mp4,1375,45.833,76,motorcycle,0.552,494.8 288.0 580.6 392.8,1,1.200,0,0,32.115,31.138
/Users/lujintao/Downloads/Weixin Videos2026-05-04_154833_153.mp4,1376,45.867,78,motorcycle,0.486,61.5 311.9 305.8 476.5,1,1.126,0,0,34.795,28.740
/Users/lujintao/Downloads/Weixin Videos2026-05-04_154833_153.mp4,1376,45.867,76,motorcycle,0.461,495.3 291.8 580.5 392.9,1,1.200,0,0,34.795,28.740
/Users/lujintao/Downloads/Weixin Videos2026-05-04_154833_153.mp4,1376,45.867,74,motorcycle,0.458,771.1 368.1 887.9 476.1,1,1.200,0,0,34.795,28.740
/Users/lujintao/Downloads/Weixin Videos2026-05-04_154833_153.mp4,1376,45.867,79,motorcycle,0.258,502.3 325.3 553.8 392.2,0,,0,0,34.795,28.740
/Users/lujintao/Downloads/Weixin Videos2026-05-04_154833_153.mp4,1377,45.900,76,motorcycle,0.411,495.2 291.7 580.3 393.0,1,1.200,0,0,35.940,27.824
/Users/lujintao/Downloads/Weixin Videos2026-05-04_154833_153.mp4,1377,45.900,74,motorcycle,0.408,782.8 350.2 904.7 470.4,1,1.200,0,0,35.940,27.824
/Users/lujintao/Downloads/Weixin Videos2026-05-04_154833_153.mp4,1377,45.900,78,motorcycle,0.324,85.1 279.3 308.4 470.1,1,1.117,0,0,35.940,27.824
/Users/lujintao/Downloads/Weixin Videos2026-05-04_154833_153.mp4,1378,45.933,76,motorcycle,0.491,495.0 289.2 580.6 393.2,1,1.200,0,0,31.516,31.730
/Users/lujintao/Downloads/Weixin Videos2026-05-04_154833_153.mp4,1378,45.933,78,motorcycle,0.341,87.7 294.2 314.9 470.6,1,1.200,0,0,31.516,31.730
/Users/lujintao/Downloads/Weixin Videos2026-05-04_154833_153.mp4,1379,45.967,76,motorcycle,0.472,496.1 292.3 580.0 393.0,1,1.200,0,0,32.768,30.518
/Users/lujintao/Downloads/Weixin Videos2026-05-04_154833_153.mp4,1379,45.967,78,motorcycle,0.419,108.0 270.4 318.6 450.3,1,1.118,0,0,32.768,30.518
/Users/lujintao/Downloads/Weixin Videos2026-05-04_154833_153.mp4,1379,45.967,74,motorcycle,0.313,809.4 337.5 922.4 463.8,1,1.200,0,0,32.768,30.518
/Users/lujintao/Downloads/Weixin Videos2026-05-04_154833_153.mp4,1380,46.000,74,motorcycle,0.517,818.4 323.5 936.4 461.6,1,1.200,0,0,32.552,30.720
/Users/lujintao/Downloads/Weixin Videos2026-05-04_154833_153.mp4,1380,46.000,78,motorcycle,0.503,104.4 272.7 323.2 466.7,0,,0,0,32.552,30.720
/Users/lujintao/Downloads/Weixin Videos2026-05-04_154833_153.mp4,1380,46.000,76,motorcycle,0.487,495.2 289.9 580.4 393.1,1,1.200,0,0,32.552,30.720
/Users/lujintao/Downloads/Weixin Videos2026-05-04_154833_153.mp4,1381,46.033,74,motorcycle,0.532,827.3 338.5 943.1 453.6,1,1.200,0,0,31.201,32.050
/Users/lujintao/Downloads/Weixin Videos2026-05-04_154833_153.mp4,1381,46.033,76,motorcycle,0.480,494.3 287.4 580.4 393.0,1,1.200,0,0,31.201,32.050
/Users/lujintao/Downloads/Weixin Videos2026-05-04_154833_153.mp4,1381,46.033,78,motorcycle,0.386,131.1 274.4 328.4 450.7,1,1.137,0,0,31.201,32.050
/Users/lujintao/Downloads/Weixin Videos2026-05-04_154833_153.mp4,1382,46.067,74,motorcycle,0.507,844.0 360.0 943.1 452.9,1,1.200,0,0,47.100,21.231
/Users/lujintao/Downloads/Weixin Videos2026-05-04_154833_153.mp4,1382,46.067,78,motorcycle,0.409,154.8 302.5 332.2 437.0,1,1.200,0,0,47.100,21.231
/Users/lujintao/Downloads/Weixin Videos2026-05-04_154833_153.mp4,1382,46.067,76,motorcycle,0.365,495.5 296.5 579.6 393.0,1,1.200,0,0,47.100,21.231
/Users/lujintao/Downloads/Weixin Videos2026-05-04_154833_153.mp4,1383,46.100,78,motorcycle,0.414,167.4 291.0 337.3 429.8,2,1.200 1.200,1,0,44.284,22.582
/Users/lujintao/Downloads/Weixin Videos2026-05-04_154833_153.mp4,1383,46.100,76,motorcycle,0.387,495.6 295.8 579.5 393.1,1,1.200,0,0,44.284,22.582
/Users/lujintao/Downloads/Weixin Videos2026-05-04_154833_153.mp4,1383,46.100,74,motorcycle,0.254,852.6 346.6 951.3 451.6,1,1.200,0,0,44.284,22.582
/Users/lujintao/Downloads/Weixin Videos2026-05-04_154833_153.mp4,1384,46.133,78,motorcycle,0.588,170.5 299.9 342.2 432.4,1,1.200,0,0,32.299,30.961
/Users/lujintao/Downloads/Weixin Videos2026-05-04_154833_153.mp4,1384,46.133,76,motorcycle,0.497,496.6 298.2 579.2 393.3,1,1.200,0,0,32.299,30.961
/Users/lujintao/Downloads/Weixin Videos2026-05-04_154833_153.mp4,1384,46.133,74,motorcycle,0.341,865.9 338.5 959.4 447.5,1,1.200,0,0,32.299,30.961
/Users/lujintao/Downloads/Weixin Videos2026-05-04_154833_153.mp4,1384,46.133,80,motorcycle,0.261,503.3 330.5 556.8 392.3,0,,0,0,32.299,30.961
/Users/lujintao/Downloads/Weixin Videos2026-05-04_154833_153.mp4,1385,46.167,78,motorcycle,0.609,153.8 288.9 345.4 453.3,1,1.200,0,0,34.716,28.805
/Users/lujintao/Downloads/Weixin Videos2026-05-04_154833_153.mp4,1385,46.167,76,motorcycle,0.490,496.0 296.2 579.4 393.3,1,1.200,0,0,34.716,28.805
/Users/lujintao/Downloads/Weixin Videos2026-05-04_154833_153.mp4,1385,46.167,74,motorcycle,0.256,871.0 308.8 981.7 443.9,1,1.200,0,0,34.716,28.805
/Users/lujintao/Downloads/Weixin Videos2026-05-04_154833_153.mp4,1386,46.200,78,motorcycle,0.569,166.8 294.3 348.8 436.3,1,1.170,0,0,32.079,31.173
/Users/lujintao/Downloads/Weixin Videos2026-05-04_154833_153.mp4,1386,46.200,74,motorcycle,0.516,880.6 321.6 985.6 441.0,1,1.200,0,0,32.079,31.173
/Users/lujintao/Downloads/Weixin Videos2026-05-04_154833_153.mp4,1386,46.200,76,motorcycle,0.452,496.3 296.7 579.2 393.4,1,1.200,0,0,32.079,31.173
/Users/lujintao/Downloads/Weixin Videos2026-05-04_154833_153.mp4,1387,46.233,74,motorcycle,0.612,889.0 323.0 990.7 438.7,1,1.200,0,0,36.861,27.129
/Users/lujintao/Downloads/Weixin Videos2026-05-04_154833_153.mp4,1387,46.233,78,motorcycle,0.587,158.6 292.9 351.5 446.0,1,1.130,0,0,36.861,27.129
/Users/lujintao/Downloads/Weixin Videos2026-05-04_154833_153.mp4,1387,46.233,76,motorcycle,0.420,497.2 300.5 578.9 393.3,1,1.200,0,0,36.861,27.129
/Users/lujintao/Downloads/Weixin Videos2026-05-04_154833_153.mp4,1388,46.267,74,motorcycle,0.684,897.2 325.0 997.0 435.9,1,1.200,0,0,37.853,26.418
/Users/lujintao/Downloads/Weixin Videos2026-05-04_154833_153.mp4,1388,46.267,78,motorcycle,0.634,165.9 280.3 354.0 440.4,1,1.191,0,0,37.853,26.418
/Users/lujintao/Downloads/Weixin Videos2026-05-04_154833_153.mp4,1388,46.267,76,motorcycle,0.439,497.3 299.6 578.8 393.2,1,1.200,0,0,37.853,26.418
/Users/lujintao/Downloads/Weixin Videos2026-05-04_154833_153.mp4,1389,46.300,78,motorcycle,0.598,172.6 297.8 356.2 447.4,1,1.200,0,0,48.488,20.624
/Users/lujintao/Downloads/Weixin Videos2026-05-04_154833_153.mp4,1389,46.300,74,motorcycle,0.595,907.3 331.7 1001.4 433.5,1,1.200,0,0,48.488,20.624
/Users/lujintao/Downloads/Weixin Videos2026-05-04_154833_153.mp4,1389,46.300,76,motorcycle,0.448,497.1 299.6 578.9 393.2,1,1.200,0,0,48.488,20.624
/Users/lujintao/Downloads/Weixin Videos2026-05-04_154833_153.mp4,1390,46.333,78,motorcycle,0.694,169.3 314.0 358.6 452.1,1,1.198,0,0,35.334,28.301
/Users/lujintao/Downloads/Weixin Videos2026-05-04_154833_153.mp4,1390,46.333,74,motorcycle,0.517,917.4 329.8 1005.4 432.3,1,1.200,0,0,35.334,28.301
/Users/lujintao/Downloads/Weixin Videos2026-05-04_154833_153.mp4,1390,46.333,76,motorcycle,0.467,497.4 298.8 578.7 393.2,1,1.200,0,0,35.334,28.301
/Users/lujintao/Downloads/Weixin Videos2026-05-04_154833_153.mp4,1391,46.367,78,motorcycle,0.583,173.8 312.0 361.6 450.9,2,1.200 1.141,1,0,46.854,21.343
/Users/lujintao/Downloads/Weixin Videos2026-05-04_154833_153.mp4,1391,46.367,76,motorcycle,0.462,496.9 297.0 578.7 393.2,1,1.200,0,0,46.854,21.343
/Users/lujintao/Downloads/Weixin Videos2026-05-04_154833_153.mp4,1391,46.367,74,motorcycle,0.454,920.9 316.1 1021.0 430.5,1,1.200,0,0,46.854,21.343
/Users/lujintao/Downloads/Weixin Videos2026-05-04_154833_153.mp4,1392,46.400,78,motorcycle,0.598,178.7 290.4 363.0 450.2,1,1.200,0,0,36.760,27.204
/Users/lujintao/Downloads/Weixin Videos2026-05-04_154833_153.mp4,1392,46.400,74,motorcycle,0.463,931.2 320.9 1020.0 429.9,1,1.200,0,0,36.760,27.204
/Users/lujintao/Downloads/Weixin Videos2026-05-04_154833_153.mp4,1392,46.400,76,motorcycle,0.459,496.5 296.4 578.7 393.3,1,1.200,0,0,36.760,27.204
/Users/lujintao/Downloads/Weixin Videos2026-05-04_154833_153.mp4,1392,46.400,81,motorcycle,0.260,503.5 329.5 556.6 392.4,0,,0,0,36.760,27.204
/Users/lujintao/Downloads/Weixin Videos2026-05-04_154833_153.mp4,1393,46.433,78,motorcycle,0.637,182.9 297.0 365.2 450.4,1,1.200,0,0,31.272,31.978
/Users/lujintao/Downloads/Weixin Videos2026-05-04_154833_153.mp4,1393,46.433,76,motorcycle,0.456,496.2 295.1 578.6 393.4,1,1.200,0,0,31.272,31.978
/Users/lujintao/Downloads/Weixin Videos2026-05-04_154833_153.mp4,1393,46.433,74,motorcycle,0.390,937.1 315.0 1027.9 426.3,1,1.200,0,0,31.272,31.978
/Users/lujintao/Downloads/Weixin Videos2026-05-04_154833_153.mp4,1393,46.433,82,motorcycle,0.318,0.1 378.5 109.6 534.3,0,,0,0,31.272,31.978
/Users/lujintao/Downloads/Weixin Videos2026-05-04_154833_153.mp4,1393,46.433,81,motorcycle,0.268,503.3 328.8 557.0 392.4,0,,0,0,31.272,31.978
/Users/lujintao/Downloads/Weixin Videos2026-05-04_154833_153.mp4,1394,46.467,78,motorcycle,0.623,180.3 282.9 369.0 449.7,1,1.200,0,0,33.706,29.668
/Users/lujintao/Downloads/Weixin Videos2026-05-04_154833_153.mp4,1394,46.467,82,motorcycle,0.603,0.2 373.4 131.8 529.1,0,,0,0,33.706,29.668
/Users/lujintao/Downloads/Weixin Videos2026-05-04_154833_153.mp4,1394,46.467,76,motorcycle,0.432,495.3 294.0 578.8 393.4,1,1.200,0,0,33.706,29.668
/Users/lujintao/Downloads/Weixin Videos2026-05-04_154833_153.mp4,1395,46.500,82,motorcycle,0.718,0.1 324.5 153.6 524.2,0,,0,0,30.578,32.703
/Users/lujintao/Downloads/Weixin Videos2026-05-04_154833_153.mp4,1395,46.500,78,motorcycle,0.698,180.6 284.8 370.9 449.3,1,1.200,0,0,30.578,32.703
/Users/lujintao/Downloads/Weixin Videos2026-05-04_154833_153.mp4,1395,46.500,76,motorcycle,0.444,494.1 290.6 579.2 393.4,1,1.200,0,0,30.578,32.703
/Users/lujintao/Downloads/Weixin Videos2026-05-04_154833_153.mp4,1395,46.500,74,motorcycle,0.328,954.2 321.2 1030.9 422.8,1,1.200,0,0,30.578,32.703
/Users/lujintao/Downloads/Weixin Videos2026-05-04_154833_153.mp4,1396,46.533,82,motorcycle,0.618,0.1 302.2 176.0 524.0,0,,0,0,35.285,28.341
/Users/lujintao/Downloads/Weixin Videos2026-05-04_154833_153.mp4,1396,46.533,78,motorcycle,0.609,180.4 275.2 371.9 448.4,1,1.181,0,0,35.285,28.341
/Users/lujintao/Downloads/Weixin Videos2026-05-04_154833_153.mp4,1396,46.533,76,motorcycle,0.415,493.4 290.1 579.5 393.2,1,1.200,0,0,35.285,28.341
/Users/lujintao/Downloads/Weixin Videos2026-05-04_154833_153.mp4,1397,46.567,82,motorcycle,0.703,0.2 296.0 191.3 521.9,0,,0,0,33.212,30.110
/Users/lujintao/Downloads/Weixin Videos2026-05-04_154833_153.mp4,1397,46.567,78,motorcycle,0.657,186.1 302.5 374.1 446.6,1,1.200,0,0,33.212,30.110
/Users/lujintao/Downloads/Weixin Videos2026-05-04_154833_153.mp4,1397,46.567,76,motorcycle,0.452,494.3 291.9 579.5 393.2,1,1.200,0,0,33.212,30.110
/Users/lujintao/Downloads/Weixin Videos2026-05-04_154833_153.mp4,1398,46.600,82,motorcycle,0.715,0.1 300.2 208.0 515.2,0,,0,0,29.948,33.391
/Users/lujintao/Downloads/Weixin Videos2026-05-04_154833_153.mp4,1398,46.600,78,motorcycle,0.707,192.1 305.2 375.6 446.2,1,1.200,0,0,29.948,33.391
/Users/lujintao/Downloads/Weixin Videos2026-05-04_154833_153.mp4,1398,46.600,76,motorcycle,0.425,494.3 293.7 578.9 393.2,1,1.200,0,0,29.948,33.391
/Users/lujintao/Downloads/Weixin Videos2026-05-04_154833_153.mp4,1399,46.633,78,motorcycle,0.752,188.7 304.6 376.9 440.3,1,1.200,0,0,32.824,30.465
/Users/lujintao/Downloads/Weixin Videos2026-05-04_154833_153.mp4,1399,46.633,82,motorcycle,0.652,0.3 299.0 225.3 518.6,0,,0,0,32.824,30.465
/Users/lujintao/Downloads/Weixin Videos2026-05-04_154833_153.mp4,1399,46.633,76,motorcycle,0.420,494.8 296.3 578.7 393.2,1,1.200,0,0,32.824,30.465
/Users/lujintao/Downloads/Weixin Videos2026-05-04_154833_153.mp4,1400,46.667,78,motorcycle,0.743,192.9 295.7 378.2 436.6,0,,0,0,36.535,27.371
/Users/lujintao/Downloads/Weixin Videos2026-05-04_154833_153.mp4,1400,46.667,82,motorcycle,0.559,0.3 288.8 238.0 519.9,1,1.200,0,0,36.535,27.371
/Users/lujintao/Downloads/Weixin Videos2026-05-04_154833_153.mp4,1400,46.667,76,motorcycle,0.380,494.2 296.3 578.5 393.2,1,1.200,0,0,36.535,27.371
/Users/lujintao/Downloads/Weixin Videos2026-05-04_154833_153.mp4,1400,46.667,74,motorcycle,0.324,985.0 342.0 1037.9 414.5,0,,0,0,36.535,27.371
/Users/lujintao/Downloads/Weixin Videos2026-05-04_154833_153.mp4,1401,46.700,82,motorcycle,0.696,0.3 264.1 254.2 517.1,0,,0,0,31.934,31.314
/Users/lujintao/Downloads/Weixin Videos2026-05-04_154833_153.mp4,1401,46.700,78,motorcycle,0.640,207.9 298.3 379.9 431.1,1,1.200,0,0,31.934,31.314
/Users/lujintao/Downloads/Weixin Videos2026-05-04_154833_153.mp4,1401,46.700,74,motorcycle,0.321,989.9 345.3 1041.0 411.0,1,1.170,0,0,31.934,31.314
/Users/lujintao/Downloads/Weixin Videos2026-05-04_154833_153.mp4,1401,46.700,76,motorcycle,0.279,494.5 300.8 578.0 393.0,1,1.200,0,0,31.934,31.314
/Users/lujintao/Downloads/Weixin Videos2026-05-04_154833_153.mp4,1402,46.733,82,motorcycle,0.732,0.2 303.5 271.7 510.3,1,1.200,0,0,32.687,30.593
/Users/lujintao/Downloads/Weixin Videos2026-05-04_154833_153.mp4,1402,46.733,78,motorcycle,0.651,240.0 322.8 381.3 420.0,1,1.200,0,0,32.687,30.593
/Users/lujintao/Downloads/Weixin Videos2026-05-04_154833_153.mp4,1402,46.733,76,motorcycle,0.447,495.0 299.9 578.7 393.1,1,1.200,0,0,32.687,30.593
/Users/lujintao/Downloads/Weixin Videos2026-05-04_154833_153.mp4,1403,46.767,78,motorcycle,0.689,242.6 320.3 381.8 418.6,1,1.200,0,0,33.728,29.649
/Users/lujintao/Downloads/Weixin Videos2026-05-04_154833_153.mp4,1403,46.767,82,motorcycle,0.601,0.3 288.9 282.4 498.2,1,1.200,0,0,33.728,29.649
/Users/lujintao/Downloads/Weixin Videos2026-05-04_154833_153.mp4,1403,46.767,76,motorcycle,0.465,495.9 303.8 578.7 393.2,1,1.200,0,0,33.728,29.649
/Users/lujintao/Downloads/Weixin Videos2026-05-04_154833_153.mp4,1404,46.800,82,motorcycle,0.578,0.0 298.5 294.7 486.4,1,1.200,0,0,34.645,28.864
/Users/lujintao/Downloads/Weixin Videos2026-05-04_154833_153.mp4,1404,46.800,78,motorcycle,0.552,246.6 316.0 382.1 417.7,2,1.200 1.200,1,0,34.645,28.864
/Users/lujintao/Downloads/Weixin Videos2026-05-04_154833_153.mp4,1404,46.800,76,motorcycle,0.508,496.3 304.4 578.6 393.3,1,1.200,0,0,34.645,28.864
/Users/lujintao/Downloads/Weixin Videos2026-05-04_154833_153.mp4,1405,46.833,82,motorcycle,0.596,0.0 289.6 305.3 492.9,1,1.200,0,0,35.445,28.213
/Users/lujintao/Downloads/Weixin Videos2026-05-04_154833_153.mp4,1405,46.833,78,motorcycle,0.554,248.5 311.3 383.1 417.8,1,1.200,0,0,35.445,28.213
/Users/lujintao/Downloads/Weixin Videos2026-05-04_154833_153.mp4,1405,46.833,76,motorcycle,0.503,498.2 306.4 578.3 393.5,1,1.200,0,0,35.445,28.213
/Users/lujintao/Downloads/Weixin Videos2026-05-04_154833_153.mp4,1406,46.867,82,motorcycle,0.656,0.8 306.4 320.7 521.7,1,1.200,0,0,36.246,27.589
/Users/lujintao/Downloads/Weixin Videos2026-05-04_154833_153.mp4,1406,46.867,76,motorcycle,0.483,498.3 307.2 577.9 393.6,1,1.200,0,0,36.246,27.589
/Users/lujintao/Downloads/Weixin Videos2026-05-04_154833_153.mp4,1406,46.867,78,motorcycle,0.374,249.1 282.8 382.4 416.5,2,1.200 1.200,1,0,36.246,27.589
/Users/lujintao/Downloads/Weixin Videos2026-05-04_154833_153.mp4,1406,46.867,74,motorcycle,0.357,1016.0 346.6 1064.5 404.4,0,,0,0,36.246,27.589
/Users/lujintao/Downloads/Weixin Videos2026-05-04_154833_153.mp4,1407,46.900,82,motorcycle,0.513,11.2 342.9 330.7 509.0,1,1.200,0,0,31.515,31.731
/Users/lujintao/Downloads/Weixin Videos2026-05-04_154833_153.mp4,1407,46.900,74,motorcycle,0.318,1021.7 349.2 1066.4 403.5,0,,0,0,31.515,31.731
/Users/lujintao/Downloads/Weixin Videos2026-05-04_154833_153.mp4,1407,46.900,76,motorcycle,0.309,496.0 304.2 577.1 393.5,1,1.200,0,0,31.515,31.731
/Users/lujintao/Downloads/Weixin Videos2026-05-04_154833_153.mp4,1407,46.900,78,motorcycle,0.260,253.6 297.8 382.3 416.3,2,1.200 1.181,1,1,31.515,31.731
/Users/lujintao/Downloads/Weixin Videos2026-05-04_154833_153.mp4,1408,46.933,82,motorcycle,0.571,11.4 322.1 347.2 512.8,2,1.200 1.119,1,0,34.940,28.620
/Users/lujintao/Downloads/Weixin Videos2026-05-04_154833_153.mp4,1408,46.933,76,motorcycle,0.351,496.5 306.9 576.8 393.6,1,1.200,0,0,34.940,28.620
/Users/lujintao/Downloads/Weixin Videos2026-05-04_154833_153.mp4,1409,46.967,82,motorcycle,0.613,1.2 308.3 357.6 508.5,2,1.200 1.151,1,1,43.303,23.093
/Users/lujintao/Downloads/Weixin Videos2026-05-04_154833_153.mp4,1409,46.967,76,motorcycle,0.399,495.9 306.8 577.6 393.5,1,1.200,0,0,43.303,23.093
/Users/lujintao/Downloads/Weixin Videos2026-05-04_154833_153.mp4,1410,47.000,82,motorcycle,0.551,16.2 293.0 378.5 508.1,2,1.183 1.142,1,1,30.069,33.256
/Users/lujintao/Downloads/Weixin Videos2026-05-04_154833_153.mp4,1410,47.000,76,motorcycle,0.332,495.3 308.1 577.1 393.4,1,1.200,0,0,30.069,33.256
/Users/lujintao/Downloads/Weixin Videos2026-05-04_154833_153.mp4,1411,47.033,82,motorcycle,0.569,46.1 289.8 383.4 504.9,2,1.188 1.134,1,1,34.071,29.351
/Users/lujintao/Downloads/Weixin Videos2026-05-04_154833_153.mp4,1411,47.033,76,motorcycle,0.363,494.1 309.9 577.6 393.1,1,1.200,0,0,34.071,29.351
/Users/lujintao/Downloads/Weixin Videos2026-05-04_154833_153.mp4,1412,47.067,82,motorcycle,0.422,62.3 296.8 383.6 496.7,2,1.200 1.142,1,1,33.891,29.506
/Users/lujintao/Downloads/Weixin Videos2026-05-04_154833_153.mp4,1412,47.067,76,motorcycle,0.381,495.1 311.3 578.3 392.8,1,1.200,0,0,33.891,29.506
/Users/lujintao/Downloads/Weixin Videos2026-05-04_154833_153.mp4,1413,47.100,82,motorcycle,0.547,89.0 287.6 389.8 501.8,1,1.200,0,1,38.241,26.150
/Users/lujintao/Downloads/Weixin Videos2026-05-04_154833_153.mp4,1413,47.100,76,motorcycle,0.442,495.7 307.3 578.5 393.1,1,1.200,0,0,38.241,26.150
/Users/lujintao/Downloads/Weixin Videos2026-05-04_154833_153.mp4,1414,47.133,82,motorcycle,0.492,107.0 282.3 398.2 471.1,1,1.200,0,1,49.338,20.268
/Users/lujintao/Downloads/Weixin Videos2026-05-04_154833_153.mp4,1414,47.133,76,motorcycle,0.442,496.5 308.2 581.3 392.5,2,1.200 1.200,1,0,49.338,20.268
/Users/lujintao/Downloads/Weixin Videos2026-05-04_154833_153.mp4,1415,47.167,82,motorcycle,0.777,121.3 281.3 407.5 489.9,1,1.197,0,1,35.460,28.201
/Users/lujintao/Downloads/Weixin Videos2026-05-04_154833_153.mp4,1415,47.167,76,motorcycle,0.402,492.2 292.4 581.1 392.7,1,1.200,0,0,35.460,28.201
/Users/lujintao/Downloads/Weixin Videos2026-05-04_154833_153.mp4,1416,47.200,82,motorcycle,0.737,145.2 281.2 413.0 485.6,1,1.200,0,0,32.379,30.884
/Users/lujintao/Downloads/Weixin Videos2026-05-04_154833_153.mp4,1416,47.200,76,motorcycle,0.411,493.2 283.2 579.1 392.8,0,,0,0,32.379,30.884
/Users/lujintao/Downloads/Weixin Videos2026-05-04_154833_153.mp4,1417,47.233,82,motorcycle,0.690,156.8 268.4 420.5 479.2,1,1.200,0,0,33.430,29.913
/Users/lujintao/Downloads/Weixin Videos2026-05-04_154833_153.mp4,1417,47.233,76,motorcycle,0.380,494.6 281.3 578.6 392.5,0,,0,0,33.430,29.913
/Users/lujintao/Downloads/Weixin Videos2026-05-04_154833_153.mp4,1418,47.267,82,motorcycle,0.748,170.2 271.9 426.6 479.7,1,1.200,0,0,34.116,29.311
/Users/lujintao/Downloads/Weixin Videos2026-05-04_154833_153.mp4,1418,47.267,76,motorcycle,0.369,493.1 285.2 580.2 392.0,0,,0,0,34.116,29.311
/Users/lujintao/Downloads/Weixin Videos2026-05-04_154833_153.mp4,1419,47.300,82,motorcycle,0.700,177.9 278.2 432.6 466.7,1,1.200,0,0,32.748,30.536
/Users/lujintao/Downloads/Weixin Videos2026-05-04_154833_153.mp4,1419,47.300,76,motorcycle,0.346,490.3 284.8 579.1 392.8,0,,0,0,32.748,30.536
/Users/lujintao/Downloads/Weixin Videos2026-05-04_154833_153.mp4,1419,47.300,83,motorcycle,0.293,502.3 321.3 562.3 392.8,0,,0,0,32.748,30.536
/Users/lujintao/Downloads/Weixin Videos2026-05-04_154833_153.mp4,1420,47.333,82,motorcycle,0.794,190.8 290.8 440.0 472.5,1,1.200,0,0,33.141,30.174
/Users/lujintao/Downloads/Weixin Videos2026-05-04_154833_153.mp4,1420,47.333,76,motorcycle,0.348,490.2 287.0 578.6 392.8,0,,0,0,33.141,30.174
/Users/lujintao/Downloads/Weixin Videos2026-05-04_154833_153.mp4,1421,47.367,82,motorcycle,0.802,200.1 291.5 445.4 475.8,1,1.200,0,0,37.891,26.391
/Users/lujintao/Downloads/Weixin Videos2026-05-04_154833_153.mp4,1421,47.367,76,motorcycle,0.308,488.9 281.1 580.3 391.0,0,,0,0,37.891,26.391
/Users/lujintao/Downloads/Weixin Videos2026-05-04_154833_153.mp4,1421,47.367,83,motorcycle,0.281,501.7 319.3 562.9 393.1,0,,0,0,37.891,26.391
/Users/lujintao/Downloads/Weixin Videos2026-05-04_154833_153.mp4,1422,47.400,82,motorcycle,0.772,213.8 297.3 449.5 472.4,1,1.200,0,0,34.401,29.068
/Users/lujintao/Downloads/Weixin Videos2026-05-04_154833_153.mp4,1423,47.433,82,motorcycle,0.785,212.1 297.9 454.3 472.5,1,1.200,0,0,34.965,28.600
/Users/lujintao/Downloads/Weixin Videos2026-05-04_154833_153.mp4,1424,47.467,82,motorcycle,0.714,210.2 313.8 460.0 463.9,1,1.200,0,0,37.701,26.524
/Users/lujintao/Downloads/Weixin Videos2026-05-04_154833_153.mp4,1425,47.500,82,motorcycle,0.557,279.6 338.5 464.8 465.2,1,1.200,0,0,38.317,26.098
/Users/lujintao/Downloads/Weixin Videos2026-05-04_154833_153.mp4,1426,47.533,82,motorcycle,0.451,217.9 321.7 471.3 466.3,2,1.200 1.053,1,0,34.229,29.215
/Users/lujintao/Downloads/Weixin Videos2026-05-04_154833_153.mp4,1427,47.567,82,motorcycle,0.400,293.6 332.9 474.4 463.8,2,1.200 1.110,1,1,35.145,28.454
/Users/lujintao/Downloads/Weixin Videos2026-05-04_154833_153.mp4,1428,47.600,82,motorcycle,0.346,232.1 327.6 478.5 455.9,2,1.200 1.091,1,1,40.722,24.557
/Users/lujintao/Downloads/Weixin Videos2026-05-04_154833_153.mp4,1429,47.633,82,motorcycle,0.456,313.0 337.9 480.8 461.5,1,1.200,0,1,33.305,30.025
/Users/lujintao/Downloads/Weixin Videos2026-05-04_154833_153.mp4,1430,47.667,82,motorcycle,0.434,315.4 330.0 484.8 453.6,1,1.200,0,0,33.340,29.994
/Users/lujintao/Downloads/Weixin Videos2026-05-04_154833_153.mp4,1430,47.667,84,motorcycle,0.311,210.6 320.7 350.7 441.4,1,1.200,0,0,33.340,29.994
/Users/lujintao/Downloads/Weixin Videos2026-05-04_154833_153.mp4,1432,47.733,84,motorcycle,0.421,208.6 325.3 368.5 441.6,1,1.191,0,0,33.424,29.919
/Users/lujintao/Downloads/Weixin Videos2026-05-04_154833_153.mp4,1432,47.733,82,motorcycle,0.287,329.4 325.3 494.3 447.9,1,1.200,0,0,33.424,29.919
/Users/lujintao/Downloads/Weixin Videos2026-05-04_154833_153.mp4,1433,47.767,84,motorcycle,0.487,211.9 326.4 371.1 439.8,1,1.200,0,0,47.745,20.944
/Users/lujintao/Downloads/Weixin Videos2026-05-04_154833_153.mp4,1433,47.767,82,motorcycle,0.457,338.3 343.5 494.1 457.8,1,1.200,0,0,47.745,20.944
/Users/lujintao/Downloads/Weixin Videos2026-05-04_154833_153.mp4,1434,47.800,82,motorcycle,0.456,346.1 323.0 497.6 451.5,1,1.200,0,0,35.811,27.924
/Users/lujintao/Downloads/Weixin Videos2026-05-04_154833_153.mp4,1434,47.800,84,motorcycle,0.362,206.7 331.3 389.5 440.1,1,1.200,0,0,35.811,27.924
/Users/lujintao/Downloads/Weixin Videos2026-05-04_154833_153.mp4,1435,47.833,82,motorcycle,0.668,350.5 317.1 499.3 451.8,1,1.200,0,0,58.515,17.090
/Users/lujintao/Downloads/Weixin Videos2026-05-04_154833_153.mp4,1435,47.833,84,motorcycle,0.290,206.9 332.1 377.7 439.7,1,1.200,0,0,58.515,17.090
/Users/lujintao/Downloads/Weixin Videos2026-05-04_154833_153.mp4,1436,47.867,82,motorcycle,0.695,356.6 334.2 501.7 450.0,1,1.200,0,0,39.297,25.448
/Users/lujintao/Downloads/Weixin Videos2026-05-04_154833_153.mp4,1436,47.867,84,motorcycle,0.257,208.2 332.8 380.8 440.7,1,1.200,0,0,39.297,25.448
/Users/lujintao/Downloads/Weixin Videos2026-05-04_154833_153.mp4,1437,47.900,82,motorcycle,0.606,358.6 334.1 505.3 449.7,1,1.200,0,0,35.545,28.133
/Users/lujintao/Downloads/Weixin Videos2026-05-04_154833_153.mp4,1438,47.933,82,motorcycle,0.369,358.8 328.2 506.8 448.9,1,1.200,0,0,32.129,31.124
/Users/lujintao/Downloads/Weixin Videos2026-05-04_154833_153.mp4,1438,47.933,84,motorcycle,0.285,209.3 328.9 384.8 441.0,1,1.190,0,0,32.129,31.124
/Users/lujintao/Downloads/Weixin Videos2026-05-04_154833_153.mp4,1439,47.967,82,motorcycle,0.265,359.6 330.1 509.1 448.5,1,1.200,0,0,34.584,28.915
/Users/lujintao/Downloads/Weixin Videos2026-05-04_154833_153.mp4,1441,48.033,82,motorcycle,0.500,368.3 325.6 511.1 446.0,1,1.200,0,0,35.150,28.450
/Users/lujintao/Downloads/Weixin Videos2026-05-04_154833_153.mp4,1441,48.033,84,motorcycle,0.368,206.3 330.4 389.0 439.3,1,1.200,0,0,35.150,28.450
/Users/lujintao/Downloads/Weixin Videos2026-05-04_154833_153.mp4,1442,48.067,82,motorcycle,0.474,373.8 327.5 512.9 445.8,1,1.200,0,0,34.326,29.132
/Users/lujintao/Downloads/Weixin Videos2026-05-04_154833_153.mp4,1442,48.067,84,motorcycle,0.380,206.3 325.6 387.2 439.8,1,1.200,0,0,34.326,29.132
/Users/lujintao/Downloads/Weixin Videos2026-05-04_154833_153.mp4,1443,48.100,82,motorcycle,0.656,375.2 330.3 515.3 445.8,1,1.200,0,0,35.568,28.115
/Users/lujintao/Downloads/Weixin Videos2026-05-04_154833_153.mp4,1443,48.100,84,motorcycle,0.494,208.8 324.4 388.5 439.7,2,1.200 1.177,1,0,35.568,28.115
/Users/lujintao/Downloads/Weixin Videos2026-05-04_154833_153.mp4,1444,48.133,82,motorcycle,0.651,377.4 331.7 517.4 446.0,1,1.200,0,0,32.383,30.880
/Users/lujintao/Downloads/Weixin Videos2026-05-04_154833_153.mp4,1444,48.133,84,motorcycle,0.518,209.5 322.0 392.1 439.7,1,1.198,0,0,32.383,30.880
/Users/lujintao/Downloads/Weixin Videos2026-05-04_154833_153.mp4,1445,48.167,82,motorcycle,0.632,377.3 329.5 517.0 444.6,1,1.200,0,0,31.832,31.415
/Users/lujintao/Downloads/Weixin Videos2026-05-04_154833_153.mp4,1445,48.167,84,motorcycle,0.587,208.6 327.0 393.5 439.8,1,1.200,0,0,31.832,31.415
/Users/lujintao/Downloads/Weixin Videos2026-05-04_154833_153.mp4,1446,48.200,82,motorcycle,0.634,378.8 329.8 518.9 445.7,1,1.200,0,0,44.144,22.653
/Users/lujintao/Downloads/Weixin Videos2026-05-04_154833_153.mp4,1446,48.200,84,motorcycle,0.581,209.3 326.8 391.3 439.9,1,1.200,0,0,44.144,22.653
/Users/lujintao/Downloads/Weixin Videos2026-05-04_154833_153.mp4,1446,48.200,85,motorcycle,0.305,513.5 329.4 558.8 393.8,1,1.160,0,0,44.144,22.653
/Users/lujintao/Downloads/Weixin Videos2026-05-04_154833_153.mp4,1447,48.233,82,motorcycle,0.614,380.3 329.2 521.5 445.4,1,1.200,0,0,31.807,31.439
/Users/lujintao/Downloads/Weixin Videos2026-05-04_154833_153.mp4,1447,48.233,84,motorcycle,0.514,210.8 326.4 388.2 439.5,1,1.200,0,0,31.807,31.439
/Users/lujintao/Downloads/Weixin Videos2026-05-04_154833_153.mp4,1447,48.233,85,motorcycle,0.288,513.4 330.7 559.1 393.2,1,1.165,0,0,31.807,31.439
/Users/lujintao/Downloads/Weixin Videos2026-05-04_154833_153.mp4,1448,48.267,82,motorcycle,0.604,379.3 328.8 523.8 445.3,1,1.200,0,0,35.984,27.790
/Users/lujintao/Downloads/Weixin Videos2026-05-04_154833_153.mp4,1448,48.267,84,motorcycle,0.584,210.0 324.0 389.1 440.3,1,1.200,0,0,35.984,27.790
/Users/lujintao/Downloads/Weixin Videos2026-05-04_154833_153.mp4,1449,48.300,84,motorcycle,0.668,209.9 325.1 389.0 440.7,1,1.200,0,0,31.907,31.341
/Users/lujintao/Downloads/Weixin Videos2026-05-04_154833_153.mp4,1449,48.300,82,motorcycle,0.558,382.9 327.7 527.0 445.4,1,1.200,0,0,31.907,31.341
/Users/lujintao/Downloads/Weixin Videos2026-05-04_154833_153.mp4,1450,48.333,84,motorcycle,0.604,209.3 321.7 388.6 440.3,1,1.200,0,0,34.054,29.365
/Users/lujintao/Downloads/Weixin Videos2026-05-04_154833_153.mp4,1450,48.333,82,motorcycle,0.490,381.8 326.2 527.6 444.7,1,1.200,0,0,34.054,29.365
/Users/lujintao/Downloads/Weixin Videos2026-05-04_154833_153.mp4,1451,48.367,84,motorcycle,0.626,211.1 327.4 389.5 440.3,1,1.200,0,0,30.287,33.017
/Users/lujintao/Downloads/Weixin Videos2026-05-04_154833_153.mp4,1451,48.367,82,motorcycle,0.412,382.0 324.9 527.9 444.0,1,1.200,0,0,30.287,33.017
/Users/lujintao/Downloads/Weixin Videos2026-05-04_154833_153.mp4,1452,48.400,84,motorcycle,0.575,210.9 321.6 387.8 439.4,2,1.200 1.167,1,0,37.269,26.832
/Users/lujintao/Downloads/Weixin Videos2026-05-04_154833_153.mp4,1452,48.400,82,motorcycle,0.434,380.4 325.0 529.3 444.1,1,1.200,0,0,37.269,26.832
/Users/lujintao/Downloads/Weixin Videos2026-05-04_154833_153.mp4,1453,48.433,84,motorcycle,0.532,210.5 322.4 386.9 437.7,1,1.200,0,0,50.909,19.643
/Users/lujintao/Downloads/Weixin Videos2026-05-04_154833_153.mp4,1453,48.433,82,motorcycle,0.432,376.7 322.5 527.0 441.8,1,1.200,0,0,50.909,19.643
/Users/lujintao/Downloads/Weixin Videos2026-05-04_154833_153.mp4,1454,48.467,84,motorcycle,0.515,212.3 325.9 386.5 438.2,1,1.200,0,0,30.171,33.144
/Users/lujintao/Downloads/Weixin Videos2026-05-04_154833_153.mp4,1454,48.467,82,motorcycle,0.349,385.3 323.8 529.8 443.5,1,1.200,0,0,30.171,33.144
/Users/lujintao/Downloads/Weixin Videos2026-05-04_154833_153.mp4,1455,48.500,84,motorcycle,0.542,212.5 323.3 386.3 438.7,1,1.200,0,0,33.401,29.940
/Users/lujintao/Downloads/Weixin Videos2026-05-04_154833_153.mp4,1455,48.500,82,motorcycle,0.360,389.1 327.1 529.1 443.6,1,1.200,0,0,33.401,29.940
/Users/lujintao/Downloads/Weixin Videos2026-05-04_154833_153.mp4,1456,48.533,84,motorcycle,0.623,210.9 312.1 389.2 438.0,1,1.200,0,0,58.628,17.057
/Users/lujintao/Downloads/Weixin Videos2026-05-04_154833_153.mp4,1456,48.533,82,motorcycle,0.378,388.5 325.6 530.0 444.0,1,1.200,0,0,58.628,17.057
/Users/lujintao/Downloads/Weixin Videos2026-05-04_154833_153.mp4,1457,48.567,84,motorcycle,0.617,211.0 309.5 388.0 438.7,1,1.200,0,0,57.934,17.261
/Users/lujintao/Downloads/Weixin Videos2026-05-04_154833_153.mp4,1457,48.567,82,motorcycle,0.418,388.4 325.8 531.1 444.2,1,1.200,0,0,57.934,17.261
/Users/lujintao/Downloads/Weixin Videos2026-05-04_154833_153.mp4,1458,48.600,84,motorcycle,0.581,212.1 312.6 386.4 440.1,1,1.200,0,0,43.236,23.129
/Users/lujintao/Downloads/Weixin Videos2026-05-04_154833_153.mp4,1458,48.600,82,motorcycle,0.438,386.5 320.4 531.0 444.5,1,1.200,0,0,43.236,23.129
/Users/lujintao/Downloads/Weixin Videos2026-05-04_154833_153.mp4,1459,48.633,84,motorcycle,0.551,211.1 312.2 386.9 440.2,1,1.200,0,0,33.006,30.298
/Users/lujintao/Downloads/Weixin Videos2026-05-04_154833_153.mp4,1459,48.633,82,motorcycle,0.463,384.7 325.5 531.2 445.0,1,1.200,0,0,33.006,30.298
/Users/lujintao/Downloads/Weixin Videos2026-05-04_154833_153.mp4,1460,48.667,84,motorcycle,0.588,212.2 308.7 389.4 440.7,1,1.200,0,0,35.477,28.187
/Users/lujintao/Downloads/Weixin Videos2026-05-04_154833_153.mp4,1460,48.667,82,motorcycle,0.562,385.1 330.7 530.3 445.1,1,1.200,0,0,35.477,28.187
/Users/lujintao/Downloads/Weixin Videos2026-05-04_154833_153.mp4,1461,48.700,84,motorcycle,0.593,212.6 308.5 390.6 440.9,1,1.200,0,0,30.749,32.521
/Users/lujintao/Downloads/Weixin Videos2026-05-04_154833_153.mp4,1461,48.700,82,motorcycle,0.575,384.6 330.2 529.5 444.8,1,1.200,0,0,30.749,32.521
/Users/lujintao/Downloads/Weixin Videos2026-05-04_154833_153.mp4,1462,48.733,84,motorcycle,0.600,213.0 311.0 390.3 440.9,1,1.200,0,0,33.802,29.584
/Users/lujintao/Downloads/Weixin Videos2026-05-04_154833_153.mp4,1462,48.733,82,motorcycle,0.586,383.7 330.8 523.6 444.6,1,1.200,0,0,33.802,29.584
/Users/lujintao/Downloads/Weixin Videos2026-05-04_154833_153.mp4,1463,48.767,84,motorcycle,0.588,213.2 308.8 388.1 440.9,1,1.200,0,0,33.004,30.300
/Users/lujintao/Downloads/Weixin Videos2026-05-04_154833_153.mp4,1463,48.767,82,motorcycle,0.498,381.2 327.6 529.1 444.9,1,1.200,0,0,33.004,30.300
/Users/lujintao/Downloads/Weixin Videos2026-05-04_154833_153.mp4,1464,48.800,84,motorcycle,0.576,214.0 310.0 388.4 441.2,1,1.200,0,0,39.822,25.112
/Users/lujintao/Downloads/Weixin Videos2026-05-04_154833_153.mp4,1464,48.800,82,motorcycle,0.482,379.8 330.3 530.0 445.1,1,1.200,0,0,39.822,25.112
/Users/lujintao/Downloads/Weixin Videos2026-05-04_154833_153.mp4,1465,48.833,84,motorcycle,0.558,214.6 315.4 386.0 441.3,1,1.200,0,0,36.118,27.687
/Users/lujintao/Downloads/Weixin Videos2026-05-04_154833_153.mp4,1465,48.833,82,motorcycle,0.467,377.9 330.0 529.0 445.5,1,1.200,0,0,36.118,27.687
/Users/lujintao/Downloads/Weixin Videos2026-05-04_154833_153.mp4,1466,48.867,84,motorcycle,0.589,214.7 315.0 386.4 441.5,1,1.200,0,0,35.364,28.277
/Users/lujintao/Downloads/Weixin Videos2026-05-04_154833_153.mp4,1466,48.867,82,motorcycle,0.536,378.3 329.8 527.0 445.0,1,1.200,0,0,35.364,28.277
/Users/lujintao/Downloads/Weixin Videos2026-05-04_154833_153.mp4,1467,48.900,84,motorcycle,0.558,215.4 316.6 386.6 441.2,1,1.200,0,0,34.661,28.851
/Users/lujintao/Downloads/Weixin Videos2026-05-04_154833_153.mp4,1467,48.900,82,motorcycle,0.508,378.2 329.0 526.2 444.6,1,1.200,0,0,34.661,28.851
/Users/lujintao/Downloads/Weixin Videos2026-05-04_154833_153.mp4,1468,48.933,82,motorcycle,0.562,380.5 329.3 524.9 445.5,1,1.200,0,0,33.940,29.463
/Users/lujintao/Downloads/Weixin Videos2026-05-04_154833_153.mp4,1468,48.933,84,motorcycle,0.561,216.0 312.5 386.6 441.6,1,1.200,0,0,33.940,29.463
/Users/lujintao/Downloads/Weixin Videos2026-05-04_154833_153.mp4,1468,48.933,86,motorcycle,0.260,505.9 332.7 558.8 393.8,1,1.121,0,0,33.940,29.463
/Users/lujintao/Downloads/Weixin Videos2026-05-04_154833_153.mp4,1469,48.967,82,motorcycle,0.564,380.8 326.8 522.7 445.6,1,1.200,0,0,35.370,28.273
/Users/lujintao/Downloads/Weixin Videos2026-05-04_154833_153.mp4,1469,48.967,84,motorcycle,0.534,217.2 315.9 386.9 441.1,1,1.200,0,0,35.370,28.273
/Users/lujintao/Downloads/Weixin Videos2026-05-04_154833_153.mp4,1469,48.967,86,motorcycle,0.262,504.2 333.9 558.2 393.8,0,,0,0,35.370,28.273
/Users/lujintao/Downloads/Weixin Videos2026-05-04_154833_153.mp4,1470,49.000,82,motorcycle,0.544,379.3 324.8 523.4 445.7,1,1.200,0,0,33.188,30.131
/Users/lujintao/Downloads/Weixin Videos2026-05-04_154833_153.mp4,1470,49.000,84,motorcycle,0.528,216.4 318.9 387.8 441.4,1,1.200,0,0,33.188,30.131
/Users/lujintao/Downloads/Weixin Videos2026-05-04_154833_153.mp4,1471,49.033,82,motorcycle,0.544,379.3 324.3 522.8 446.0,1,1.200,0,0,30.825,32.442
/Users/lujintao/Downloads/Weixin Videos2026-05-04_154833_153.mp4,1471,49.033,84,motorcycle,0.543,216.0 317.1 392.2 441.6,1,1.200,0,0,30.825,32.442
/Users/lujintao/Downloads/Weixin Videos2026-05-04_154833_153.mp4,1472,49.067,82,motorcycle,0.567,378.8 323.2 521.3 446.1,1,1.200,0,0,53.334,18.750
/Users/lujintao/Downloads/Weixin Videos2026-05-04_154833_153.mp4,1472,49.067,84,motorcycle,0.524,216.7 312.7 388.9 440.3,1,1.200,0,0,53.334,18.750
/Users/lujintao/Downloads/Weixin Videos2026-05-04_154833_153.mp4,1473,49.100,82,motorcycle,0.527,378.2 322.1 522.6 446.2,1,1.200,0,0,28.990,34.495
/Users/lujintao/Downloads/Weixin Videos2026-05-04_154833_153.mp4,1473,49.100,84,motorcycle,0.499,216.7 318.4 387.0 440.0,1,1.200,0,0,28.990,34.495
/Users/lujintao/Downloads/Weixin Videos2026-05-04_154833_153.mp4,1474,49.133,84,motorcycle,0.495,216.3 319.4 387.5 440.0,1,1.200,0,0,34.672,28.842
/Users/lujintao/Downloads/Weixin Videos2026-05-04_154833_153.mp4,1474,49.133,82,motorcycle,0.450,377.5 321.4 524.1 446.1,1,1.200,0,0,34.672,28.842
/Users/lujintao/Downloads/Weixin Videos2026-05-04_154833_153.mp4,1475,49.167,84,motorcycle,0.478,216.8 324.2 385.1 439.4,1,1.200,0,0,30.247,33.062
/Users/lujintao/Downloads/Weixin Videos2026-05-04_154833_153.mp4,1475,49.167,82,motorcycle,0.429,378.0 324.0 520.5 445.8,1,1.200,0,0,30.247,33.062
/Users/lujintao/Downloads/Weixin Videos2026-05-04_154833_153.mp4,1476,49.200,84,motorcycle,0.465,216.5 325.3 385.3 439.2,1,1.200,0,0,35.710,28.003
/Users/lujintao/Downloads/Weixin Videos2026-05-04_154833_153.mp4,1476,49.200,82,motorcycle,0.343,377.7 324.8 518.4 445.6,1,1.200,0,0,35.710,28.003
/Users/lujintao/Downloads/Weixin Videos2026-05-04_154833_153.mp4,1477,49.233,84,motorcycle,0.503,216.3 321.7 385.9 439.2,1,1.200,0,0,37.895,26.389
/Users/lujintao/Downloads/Weixin Videos2026-05-04_154833_153.mp4,1477,49.233,82,motorcycle,0.442,378.3 325.2 517.9 445.7,1,1.200,0,0,37.895,26.389
/Users/lujintao/Downloads/Weixin Videos2026-05-04_154833_153.mp4,1478,49.267,84,motorcycle,0.496,216.0 320.2 386.0 439.3,1,1.200,0,0,41.263,24.235
/Users/lujintao/Downloads/Weixin Videos2026-05-04_154833_153.mp4,1478,49.267,82,motorcycle,0.469,377.9 325.4 518.9 445.8,1,1.200,0,0,41.263,24.235
/Users/lujintao/Downloads/Weixin Videos2026-05-04_154833_153.mp4,1479,49.300,84,motorcycle,0.517,215.4 321.7 385.2 440.0,2,1.200 1.166,1,0,34.503,28.983
/Users/lujintao/Downloads/Weixin Videos2026-05-04_154833_153.mp4,1479,49.300,82,motorcycle,0.515,377.7 327.1 517.8 446.0,1,1.200,0,0,34.503,28.983
/Users/lujintao/Downloads/Weixin Videos2026-05-04_154833_153.mp4,1480,49.333,84,motorcycle,0.506,215.9 320.5 385.4 440.1,1,1.200,0,0,29.546,33.846
/Users/lujintao/Downloads/Weixin Videos2026-05-04_154833_153.mp4,1480,49.333,82,motorcycle,0.506,377.9 326.9 517.6 446.0,1,1.200,0,0,29.546,33.846
/Users/lujintao/Downloads/Weixin Videos2026-05-04_154833_153.mp4,1481,49.367,82,motorcycle,0.573,378.2 327.2 517.3 446.0,1,1.200,0,0,40.812,24.503
/Users/lujintao/Downloads/Weixin Videos2026-05-04_154833_153.mp4,1481,49.367,84,motorcycle,0.500,216.3 318.8 384.2 439.6,1,1.200,0,0,40.812,24.503
/Users/lujintao/Downloads/Weixin Videos2026-05-04_154833_153.mp4,1482,49.400,82,motorcycle,0.576,378.0 328.9 517.4 445.9,1,1.200,0,0,31.601,31.645
/Users/lujintao/Downloads/Weixin Videos2026-05-04_154833_153.mp4,1482,49.400,84,motorcycle,0.502,216.4 320.3 383.6 439.3,1,1.200,0,0,31.601,31.645
/Users/lujintao/Downloads/Weixin Videos2026-05-04_154833_153.mp4,1483,49.433,82,motorcycle,0.561,377.7 328.2 516.9 445.8,1,1.200,0,0,38.477,25.990
/Users/lujintao/Downloads/Weixin Videos2026-05-04_154833_153.mp4,1483,49.433,84,motorcycle,0.537,215.9 322.4 386.0 441.0,1,1.200,0,0,38.477,25.990
/Users/lujintao/Downloads/Weixin Videos2026-05-04_154833_153.mp4,1484,49.467,84,motorcycle,0.537,215.5 322.1 385.5 440.7,1,1.200,0,0,34.748,28.779
/Users/lujintao/Downloads/Weixin Videos2026-05-04_154833_153.mp4,1484,49.467,82,motorcycle,0.521,377.5 326.6 516.7 445.7,1,1.200,0,0,34.748,28.779
/Users/lujintao/Downloads/Weixin Videos2026-05-04_154833_153.mp4,1485,49.500,84,motorcycle,0.575,215.4 323.2 386.1 441.5,1,1.200,0,0,32.222,31.035
/Users/lujintao/Downloads/Weixin Videos2026-05-04_154833_153.mp4,1485,49.500,82,motorcycle,0.569,377.6 326.7 516.7 446.0,1,1.200,0,0,32.222,31.035
/Users/lujintao/Downloads/Weixin Videos2026-05-04_154833_153.mp4,1486,49.533,84,motorcycle,0.585,215.6 324.7 386.3 441.7,1,1.200,0,0,38.344,26.080
/Users/lujintao/Downloads/Weixin Videos2026-05-04_154833_153.mp4,1486,49.533,82,motorcycle,0.558,377.4 326.6 516.2 445.9,1,1.200,0,0,38.344,26.080
/Users/lujintao/Downloads/Weixin Videos2026-05-04_154833_153.mp4,1487,49.567,82,motorcycle,0.601,376.7 326.2 516.1 446.0,1,1.200,0,0,31.784,31.463
/Users/lujintao/Downloads/Weixin Videos2026-05-04_154833_153.mp4,1487,49.567,84,motorcycle,0.578,215.5 321.7 385.8 443.3,1,1.200,0,0,31.784,31.463
/Users/lujintao/Downloads/Weixin Videos2026-05-04_154833_153.mp4,1488,49.600,82,motorcycle,0.593,376.6 326.2 515.5 445.9,1,1.200,0,0,34.982,28.586
/Users/lujintao/Downloads/Weixin Videos2026-05-04_154833_153.mp4,1488,49.600,84,motorcycle,0.574,214.8 321.7 384.4 443.1,1,1.200,0,0,34.982,28.586
/Users/lujintao/Downloads/Weixin Videos2026-05-04_154833_153.mp4,1489,49.633,82,motorcycle,0.631,376.3 328.1 516.4 446.4,1,1.200,0,0,34.706,28.813
/Users/lujintao/Downloads/Weixin Videos2026-05-04_154833_153.mp4,1489,49.633,84,motorcycle,0.598,212.8 320.2 384.5 444.3,1,1.200,0,0,34.706,28.813
/Users/lujintao/Downloads/Weixin Videos2026-05-04_154833_153.mp4,1490,49.667,82,motorcycle,0.627,376.4 328.3 516.5 446.3,1,1.200,0,0,34.305,29.150
/Users/lujintao/Downloads/Weixin Videos2026-05-04_154833_153.mp4,1490,49.667,84,motorcycle,0.591,212.7 321.7 384.3 444.5,1,1.200,0,0,34.305,29.150
/Users/lujintao/Downloads/Weixin Videos2026-05-04_154833_153.mp4,1491,49.700,82,motorcycle,0.654,376.1 330.0 516.6 446.5,1,1.200,0,0,36.198,27.626
/Users/lujintao/Downloads/Weixin Videos2026-05-04_154833_153.mp4,1491,49.700,84,motorcycle,0.598,211.0 320.3 383.2 444.4,1,1.200,0,0,36.198,27.626
/Users/lujintao/Downloads/Weixin Videos2026-05-04_154833_153.mp4,1492,49.733,82,motorcycle,0.643,376.2 330.4 516.1 446.5,1,1.200,0,0,33.944,29.460
/Users/lujintao/Downloads/Weixin Videos2026-05-04_154833_153.mp4,1492,49.733,84,motorcycle,0.590,211.8 320.7 382.9 444.3,1,1.200,0,0,33.944,29.460
/Users/lujintao/Downloads/Weixin Videos2026-05-04_154833_153.mp4,1493,49.767,82,motorcycle,0.665,376.0 330.0 516.4 446.5,1,1.200,0,0,33.150,30.166
/Users/lujintao/Downloads/Weixin Videos2026-05-04_154833_153.mp4,1493,49.767,84,motorcycle,0.593,211.9 321.8 382.1 444.0,1,1.200,0,0,33.150,30.166
/Users/lujintao/Downloads/Weixin Videos2026-05-04_154833_153.mp4,1494,49.800,82,motorcycle,0.658,375.9 330.2 516.8 446.4,1,1.200,0,0,31.908,31.340
/Users/lujintao/Downloads/Weixin Videos2026-05-04_154833_153.mp4,1494,49.800,84,motorcycle,0.577,212.8 321.8 381.8 444.0,2,1.200 1.165,1,0,31.908,31.340
/Users/lujintao/Downloads/Weixin Videos2026-05-04_154833_153.mp4,1495,49.833,82,motorcycle,0.642,375.0 329.8 516.9 446.4,1,1.200,0,0,35.542,28.135
/Users/lujintao/Downloads/Weixin Videos2026-05-04_154833_153.mp4,1495,49.833,84,motorcycle,0.581,210.4 320.7 381.5 443.9,2,1.200 1.160,1,1,35.542,28.135
/Users/lujintao/Downloads/Weixin Videos2026-05-04_154833_153.mp4,1496,49.867,82,motorcycle,0.654,374.9 329.9 517.0 446.4,1,1.200,0,0,32.990,30.312
/Users/lujintao/Downloads/Weixin Videos2026-05-04_154833_153.mp4,1496,49.867,84,motorcycle,0.586,209.1 321.0 380.9 444.0,2,1.200 1.160,1,1,32.990,30.312
/Users/lujintao/Downloads/Weixin Videos2026-05-04_154833_153.mp4,1497,49.900,82,motorcycle,0.664,374.6 329.8 517.1 446.2,1,1.200,0,0,35.141,28.457
/Users/lujintao/Downloads/Weixin Videos2026-05-04_154833_153.mp4,1497,49.900,84,motorcycle,0.632,207.2 321.6 380.9 444.0,2,1.200 1.147,1,1,35.141,28.457
/Users/lujintao/Downloads/Weixin Videos2026-05-04_154833_153.mp4,1497,49.900,87,motorcycle,0.258,500.4 325.7 554.1 394.7,1,1.170,0,0,35.141,28.457
/Users/lujintao/Downloads/Weixin Videos2026-05-04_154833_153.mp4,1498,49.933,82,motorcycle,0.650,374.7 329.2 516.8 446.1,1,1.200,0,0,33.336,29.997
/Users/lujintao/Downloads/Weixin Videos2026-05-04_154833_153.mp4,1498,49.933,84,motorcycle,0.631,207.1 321.9 380.9 443.9,2,1.200 1.149,1,1,33.336,29.997
/Users/lujintao/Downloads/Weixin Videos2026-05-04_154833_153.mp4,1498,49.933,87,motorcycle,0.272,500.2 326.8 553.7 395.0,1,1.167,0,0,33.336,29.997
/Users/lujintao/Downloads/Weixin Videos2026-05-04_154833_153.mp4,1499,49.967,82,motorcycle,0.667,373.9 330.0 516.8 446.3,1,1.200,0,0,33.651,29.717
/Users/lujintao/Downloads/Weixin Videos2026-05-04_154833_153.mp4,1499,49.967,84,motorcycle,0.600,205.9 322.2 379.6 443.5,2,1.200 1.152,1,1,33.651,29.717
/Users/lujintao/Downloads/Weixin Videos2026-05-04_154833_153.mp4,1499,49.967,87,motorcycle,0.264,500.0 325.8 551.9 395.1,1,1.160,0,0,33.651,29.717
/Users/lujintao/Downloads/Weixin Videos2026-05-04_154833_153.mp4,1500,50.000,82,motorcycle,0.680,371.5 329.6 517.7 447.4,1,1.200,0,0,36.016,27.765
/Users/lujintao/Downloads/Weixin Videos2026-05-04_154833_153.mp4,1500,50.000,84,motorcycle,0.662,211.4 325.5 379.1 443.5,1,1.200,0,1,36.016,27.765
/Users/lujintao/Downloads/Weixin Videos2026-05-04_154833_153.mp4,1500,50.000,87,motorcycle,0.254,500.1 319.5 551.8 394.6,1,1.155,0,0,36.016,27.765
/Users/lujintao/Downloads/Weixin Videos2026-05-04_154833_153.mp4,1501,50.033,82,motorcycle,0.682,371.9 329.5 517.7 447.4,1,1.200,0,0,36.847,27.139
/Users/lujintao/Downloads/Weixin Videos2026-05-04_154833_153.mp4,1501,50.033,84,motorcycle,0.674,211.5 326.3 379.2 443.7,1,1.200,0,1,36.847,27.139
/Users/lujintao/Downloads/Weixin Videos2026-05-04_154833_153.mp4,1501,50.033,87,motorcycle,0.254,500.3 319.7 551.3 394.6,1,1.151,0,0,36.847,27.139
/Users/lujintao/Downloads/Weixin Videos2026-05-04_154833_153.mp4,1502,50.067,84,motorcycle,0.656,210.2 326.2 378.9 443.8,1,1.200,0,1,27.796,35.977
/Users/lujintao/Downloads/Weixin Videos2026-05-04_154833_153.mp4,1502,50.067,82,motorcycle,0.652,372.2 329.7 517.4 447.0,1,1.200,0,0,27.796,35.977
/Users/lujintao/Downloads/Weixin Videos2026-05-04_154833_153.mp4,1503,50.100,84,motorcycle,0.657,210.7 328.0 379.1 443.9,1,1.200,0,1,32.562,30.711
/Users/lujintao/Downloads/Weixin Videos2026-05-04_154833_153.mp4,1503,50.100,82,motorcycle,0.654,373.2 329.4 517.5 447.0,1,1.200,0,0,32.562,30.711
/Users/lujintao/Downloads/Weixin Videos2026-05-04_154833_153.mp4,1504,50.133,84,motorcycle,0.682,212.1 328.8 379.5 444.3,1,1.200,0,0,35.079,28.507
/Users/lujintao/Downloads/Weixin Videos2026-05-04_154833_153.mp4,1504,50.133,82,motorcycle,0.657,373.4 329.2 517.8 447.1,1,1.200,0,0,35.079,28.507
/Users/lujintao/Downloads/Weixin Videos2026-05-04_154833_153.mp4,1505,50.167,84,motorcycle,0.669,209.9 328.4 379.4 444.3,1,1.200,0,0,32.726,30.556
/Users/lujintao/Downloads/Weixin Videos2026-05-04_154833_153.mp4,1505,50.167,82,motorcycle,0.635,373.9 329.4 517.5 447.2,1,1.200,0,0,32.726,30.556
/Users/lujintao/Downloads/Weixin Videos2026-05-04_154833_153.mp4,1506,50.200,82,motorcycle,0.683,373.7 329.8 517.1 447.6,1,1.200,0,0,30.659,32.617
/Users/lujintao/Downloads/Weixin Videos2026-05-04_154833_153.mp4,1506,50.200,84,motorcycle,0.654,208.6 329.4 379.2 443.9,1,1.200,0,0,30.659,32.617
/Users/lujintao/Downloads/Weixin Videos2026-05-04_154833_153.mp4,1507,50.233,82,motorcycle,0.656,374.0 329.2 517.0 447.3,1,1.200,0,0,32.847,30.444
/Users/lujintao/Downloads/Weixin Videos2026-05-04_154833_153.mp4,1507,50.233,84,motorcycle,0.618,212.7 330.2 378.5 443.4,1,1.200,0,0,32.847,30.444
/Users/lujintao/Downloads/Weixin Videos2026-05-04_154833_153.mp4,1508,50.267,82,motorcycle,0.636,373.4 329.8 516.6 447.5,1,1.200,0,0,35.070,28.515
/Users/lujintao/Downloads/Weixin Videos2026-05-04_154833_153.mp4,1508,50.267,84,motorcycle,0.593,211.3 331.0 378.0 443.2,1,1.200,0,0,35.070,28.515
/Users/lujintao/Downloads/Weixin Videos2026-05-04_154833_153.mp4,1509,50.300,82,motorcycle,0.663,373.8 329.4 516.6 447.4,1,1.200,0,0,29.115,34.347
/Users/lujintao/Downloads/Weixin Videos2026-05-04_154833_153.mp4,1509,50.300,84,motorcycle,0.659,210.9 328.0 377.7 443.8,1,1.200,0,0,29.115,34.347
/Users/lujintao/Downloads/Weixin Videos2026-05-04_154833_153.mp4,1510,50.333,84,motorcycle,0.682,210.3 330.3 377.6 444.0,1,1.200,0,0,31.241,32.009
/Users/lujintao/Downloads/Weixin Videos2026-05-04_154833_153.mp4,1510,50.333,82,motorcycle,0.660,373.8 329.1 516.8 447.3,1,1.200,0,0,31.241,32.009
/Users/lujintao/Downloads/Weixin Videos2026-05-04_154833_153.mp4,1511,50.367,84,motorcycle,0.682,209.2 330.7 377.7 443.8,1,1.200,0,0,40.643,24.605
/Users/lujintao/Downloads/Weixin Videos2026-05-04_154833_153.mp4,1511,50.367,82,motorcycle,0.631,373.9 329.0 516.4 447.4,1,1.200,0,0,40.643,24.605
/Users/lujintao/Downloads/Weixin Videos2026-05-04_154833_153.mp4,1512,50.400,84,motorcycle,0.689,207.8 329.2 377.3 444.0,1,1.200,0,0,31.012,32.246
/Users/lujintao/Downloads/Weixin Videos2026-05-04_154833_153.mp4,1512,50.400,82,motorcycle,0.658,373.6 328.3 516.4 447.4,1,1.200,0,0,31.012,32.246
/Users/lujintao/Downloads/Weixin Videos2026-05-04_154833_153.mp4,1513,50.433,84,motorcycle,0.676,205.1 328.9 377.1 444.1,1,1.200,0,0,34.387,29.081
/Users/lujintao/Downloads/Weixin Videos2026-05-04_154833_153.mp4,1513,50.433,82,motorcycle,0.662,373.6 328.3 516.4 447.4,1,1.200,0,0,34.387,29.081
/Users/lujintao/Downloads/Weixin Videos2026-05-04_154833_153.mp4,1514,50.467,82,motorcycle,0.705,373.3 326.5 516.3 447.7,1,1.200,0,0,29.514,33.882
/Users/lujintao/Downloads/Weixin Videos2026-05-04_154833_153.mp4,1514,50.467,84,motorcycle,0.675,206.8 330.4 376.6 444.6,1,1.200,0,0,29.514,33.882
/Users/lujintao/Downloads/Weixin Videos2026-05-04_154833_153.mp4,1515,50.500,82,motorcycle,0.701,374.3 325.8 516.2 447.6,1,1.200,0,0,34.181,29.256
/Users/lujintao/Downloads/Weixin Videos2026-05-04_154833_153.mp4,1515,50.500,84,motorcycle,0.676,207.1 329.9 376.3 444.4,1,1.200,0,0,34.181,29.256
/Users/lujintao/Downloads/Weixin Videos2026-05-04_154833_153.mp4,1516,50.533,84,motorcycle,0.705,200.9 323.7 376.2 444.7,1,1.200,0,0,35.360,28.281
/Users/lujintao/Downloads/Weixin Videos2026-05-04_154833_153.mp4,1516,50.533,82,motorcycle,0.669,373.7 324.8 515.4 447.3,1,1.200,0,0,35.360,28.281
/Users/lujintao/Downloads/Weixin Videos2026-05-04_154833_153.mp4,1517,50.567,84,motorcycle,0.660,205.5 320.1 376.2 443.5,1,1.200,0,0,33.941,29.463
/Users/lujintao/Downloads/Weixin Videos2026-05-04_154833_153.mp4,1517,50.567,82,motorcycle,0.639,373.0 324.4 515.4 447.3,1,1.200,0,0,33.941,29.463
/Users/lujintao/Downloads/Weixin Videos2026-05-04_154833_153.mp4,1518,50.600,84,motorcycle,0.738,204.5 313.1 377.0 444.8,1,1.200,0,0,33.514,29.838
/Users/lujintao/Downloads/Weixin Videos2026-05-04_154833_153.mp4,1518,50.600,82,motorcycle,0.619,373.0 328.6 515.6 447.3,1,1.200,0,0,33.514,29.838
/Users/lujintao/Downloads/Weixin Videos2026-05-04_154833_153.mp4,1519,50.633,84,motorcycle,0.684,206.7 325.7 376.5 444.6,1,1.200,0,0,36.539,27.368
/Users/lujintao/Downloads/Weixin Videos2026-05-04_154833_153.mp4,1519,50.633,82,motorcycle,0.651,373.1 327.5 515.8 447.4,1,1.200,0,0,36.539,27.368
/Users/lujintao/Downloads/Weixin Videos2026-05-04_154833_153.mp4,1519,50.633,88,motorcycle,0.271,504.2 320.4 551.0 394.8,1,1.148,0,0,36.539,27.368
/Users/lujintao/Downloads/Weixin Videos2026-05-04_154833_153.mp4,1520,50.667,84,motorcycle,0.707,205.4 325.8 377.0 444.5,1,1.200,0,0,40.156,24.903
/Users/lujintao/Downloads/Weixin Videos2026-05-04_154833_153.mp4,1520,50.667,82,motorcycle,0.617,372.8 326.7 515.9 447.6,1,1.200,0,0,40.156,24.903
/Users/lujintao/Downloads/Weixin Videos2026-05-04_154833_153.mp4,1520,50.667,88,motorcycle,0.257,502.1 318.7 552.0 394.6,1,1.156,0,0,40.156,24.903
/Users/lujintao/Downloads/Weixin Videos2026-05-04_154833_153.mp4,1521,50.700,84,motorcycle,0.712,205.8 324.9 377.9 444.9,1,1.200,0,0,34.684,28.832
/Users/lujintao/Downloads/Weixin Videos2026-05-04_154833_153.mp4,1521,50.700,82,motorcycle,0.660,374.6 327.7 515.9 447.8,1,1.200,0,0,34.684,28.832
/Users/lujintao/Downloads/Weixin Videos2026-05-04_154833_153.mp4,1521,50.700,88,motorcycle,0.275,502.1 318.3 551.2 394.7,1,1.151,0,0,34.684,28.832
/Users/lujintao/Downloads/Weixin Videos2026-05-04_154833_153.mp4,1522,50.733,84,motorcycle,0.688,205.9 331.9 376.4 444.8,1,1.200,0,0,33.973,29.435
/Users/lujintao/Downloads/Weixin Videos2026-05-04_154833_153.mp4,1522,50.733,82,motorcycle,0.621,371.5 327.2 515.5 447.9,1,1.200,0,0,33.973,29.435
/Users/lujintao/Downloads/Weixin Videos2026-05-04_154833_153.mp4,1522,50.733,88,motorcycle,0.297,504.6 322.1 554.9 394.7,1,1.174,0,0,33.973,29.435
/Users/lujintao/Downloads/Weixin Videos2026-05-04_154833_153.mp4,1523,50.767,84,motorcycle,0.691,206.2 332.9 373.8 445.0,1,1.200,0,0,27.940,35.791
/Users/lujintao/Downloads/Weixin Videos2026-05-04_154833_153.mp4,1523,50.767,82,motorcycle,0.607,370.9 326.8 514.8 447.0,1,1.200,0,0,27.940,35.791
/Users/lujintao/Downloads/Weixin Videos2026-05-04_154833_153.mp4,1523,50.767,88,motorcycle,0.335,503.4 322.2 560.8 394.8,1,1.200,0,0,27.940,35.791
/Users/lujintao/Downloads/Weixin Videos2026-05-04_154833_153.mp4,1524,50.800,84,motorcycle,0.720,203.0 333.3 374.6 444.7,1,1.200,0,0,30.606,32.674
/Users/lujintao/Downloads/Weixin Videos2026-05-04_154833_153.mp4,1524,50.800,82,motorcycle,0.598,370.4 323.1 515.2 447.6,1,1.200,0,0,30.606,32.674
/Users/lujintao/Downloads/Weixin Videos2026-05-04_154833_153.mp4,1524,50.800,88,motorcycle,0.345,504.0 321.8 559.0 394.8,0,,0,0,30.606,32.674
/Users/lujintao/Downloads/Weixin Videos2026-05-04_154833_153.mp4,1524,50.800,89,motorcycle,0.275,527.1 313.4 571.3 389.8,2,1.200 1.160,1,0,30.606,32.674
/Users/lujintao/Downloads/Weixin Videos2026-05-04_154833_153.mp4,1525,50.833,84,motorcycle,0.742,205.5 326.1 376.6 445.1,1,1.200,0,0,34.720,28.802
/Users/lujintao/Downloads/Weixin Videos2026-05-04_154833_153.mp4,1525,50.833,82,motorcycle,0.616,374.2 326.0 515.7 447.5,1,1.200,0,0,34.720,28.802
/Users/lujintao/Downloads/Weixin Videos2026-05-04_154833_153.mp4,1525,50.833,88,motorcycle,0.354,501.8 319.8 562.3 394.8,2,1.200 1.079,1,0,34.720,28.802
/Users/lujintao/Downloads/Weixin Videos2026-05-04_154833_153.mp4,1526,50.867,84,motorcycle,0.717,205.8 329.2 376.4 445.1,1,1.200,0,0,38.349,26.076
/Users/lujintao/Downloads/Weixin Videos2026-05-04_154833_153.mp4,1526,50.867,82,motorcycle,0.552,374.5 319.3 515.9 447.1,1,1.200,0,0,38.349,26.076
/Users/lujintao/Downloads/Weixin Videos2026-05-04_154833_153.mp4,1526,50.867,88,motorcycle,0.345,501.2 318.6 561.7 394.8,2,1.200 1.063,1,1,38.349,26.076
/Users/lujintao/Downloads/Weixin Videos2026-05-04_154833_153.mp4,1527,50.900,84,motorcycle,0.716,205.8 327.6 376.9 445.0,1,1.200,0,0,32.543,30.728
/Users/lujintao/Downloads/Weixin Videos2026-05-04_154833_153.mp4,1527,50.900,82,motorcycle,0.531,374.0 308.6 516.1 447.4,1,1.200,0,0,32.543,30.728
/Users/lujintao/Downloads/Weixin Videos2026-05-04_154833_153.mp4,1527,50.900,88,motorcycle,0.299,503.0 318.7 557.1 394.7,1,1.194,0,0,32.543,30.728
/Users/lujintao/Downloads/Weixin Videos2026-05-04_154833_153.mp4,1528,50.933,84,motorcycle,0.713,207.7 328.0 374.9 444.8,1,1.200,0,0,29.503,33.895
/Users/lujintao/Downloads/Weixin Videos2026-05-04_154833_153.mp4,1528,50.933,82,motorcycle,0.591,371.0 323.7 515.4 447.3,1,1.200,0,0,29.503,33.895
/Users/lujintao/Downloads/Weixin Videos2026-05-04_154833_153.mp4,1528,50.933,88,motorcycle,0.305,503.5 323.7 553.1 394.7,0,,0,0,29.503,33.895
/Users/lujintao/Downloads/Weixin Videos2026-05-04_154833_153.mp4,1529,50.967,84,motorcycle,0.712,207.1 327.2 375.1 444.7,1,1.200,0,0,40.488,24.699
/Users/lujintao/Downloads/Weixin Videos2026-05-04_154833_153.mp4,1529,50.967,82,motorcycle,0.578,368.0 320.9 514.7 447.3,1,1.200,0,0,40.488,24.699
/Users/lujintao/Downloads/Weixin Videos2026-05-04_154833_153.mp4,1529,50.967,88,motorcycle,0.266,503.8 326.4 553.7 394.4,1,1.128,0,0,40.488,24.699
/Users/lujintao/Downloads/Weixin Videos2026-05-04_154833_153.mp4,1530,51.000,84,motorcycle,0.707,207.0 327.0 375.2 444.5,1,1.200,0,0,36.348,27.512
/Users/lujintao/Downloads/Weixin Videos2026-05-04_154833_153.mp4,1530,51.000,82,motorcycle,0.576,362.2 328.6 515.0 447.7,1,1.200,0,0,36.348,27.512
/Users/lujintao/Downloads/Weixin Videos2026-05-04_154833_153.mp4,1531,51.033,84,motorcycle,0.728,206.6 325.0 376.4 444.7,1,1.200,0,0,36.409,27.465
/Users/lujintao/Downloads/Weixin Videos2026-05-04_154833_153.mp4,1531,51.033,82,motorcycle,0.540,372.1 315.8 515.4 447.3,1,1.200,0,0,36.409,27.465
/Users/lujintao/Downloads/Weixin Videos2026-05-04_154833_153.mp4,1532,51.067,84,motorcycle,0.722,206.6 324.8 376.8 444.7,1,1.200,0,0,31.958,31.291
/Users/lujintao/Downloads/Weixin Videos2026-05-04_154833_153.mp4,1532,51.067,82,motorcycle,0.456,373.0 307.9 515.1 447.1,1,1.200,0,0,31.958,31.291
/Users/lujintao/Downloads/Weixin Videos2026-05-04_154833_153.mp4,1533,51.100,84,motorcycle,0.721,206.8 325.0 376.3 444.5,1,1.200,0,0,32.873,30.420
/Users/lujintao/Downloads/Weixin Videos2026-05-04_154833_153.mp4,1533,51.100,82,motorcycle,0.560,371.3 323.4 516.5 446.9,1,1.200,0,0,32.873,30.420
/Users/lujintao/Downloads/Weixin Videos2026-05-04_154833_153.mp4,1534,51.133,84,motorcycle,0.724,207.1 325.7 376.3 444.5,1,1.200,0,0,36.485,27.408
/Users/lujintao/Downloads/Weixin Videos2026-05-04_154833_153.mp4,1534,51.133,82,motorcycle,0.562,371.3 326.7 515.7 446.8,1,1.200,0,0,36.485,27.408
/Users/lujintao/Downloads/Weixin Videos2026-05-04_154833_153.mp4,1534,51.133,88,motorcycle,0.251,502.5 323.0 558.7 393.9,0,,0,0,36.485,27.408
/Users/lujintao/Downloads/Weixin Videos2026-05-04_154833_153.mp4,1535,51.167,84,motorcycle,0.728,208.0 324.0 376.4 444.4,1,1.200,0,0,30.058,33.269
/Users/lujintao/Downloads/Weixin Videos2026-05-04_154833_153.mp4,1535,51.167,82,motorcycle,0.608,370.7 327.5 515.7 447.1,1,1.200,0,0,30.058,33.269
/Users/lujintao/Downloads/Weixin Videos2026-05-04_154833_153.mp4,1536,51.200,84,motorcycle,0.722,207.7 323.0 376.7 444.3,1,1.200,0,0,35.992,27.784
/Users/lujintao/Downloads/Weixin Videos2026-05-04_154833_153.mp4,1536,51.200,82,motorcycle,0.621,370.6 329.2 515.5 447.5,1,1.200,0,0,35.992,27.784
/Users/lujintao/Downloads/Weixin Videos2026-05-04_154833_153.mp4,1537,51.233,84,motorcycle,0.723,207.8 323.3 376.1 444.2,1,1.200,0,0,33.120,30.193
/Users/lujintao/Downloads/Weixin Videos2026-05-04_154833_153.mp4,1537,51.233,82,motorcycle,0.617,370.2 329.4 515.5 447.5,1,1.200,0,0,33.120,30.193
/Users/lujintao/Downloads/Weixin Videos2026-05-04_154833_153.mp4,1538,51.267,84,motorcycle,0.711,207.5 323.9 376.0 443.9,1,1.200,0,0,35.427,28.227
/Users/lujintao/Downloads/Weixin Videos2026-05-04_154833_153.mp4,1538,51.267,82,motorcycle,0.596,369.4 329.7 515.4 447.6,1,1.200,0,0,35.427,28.227
/Users/lujintao/Downloads/Weixin Videos2026-05-04_154833_153.mp4,1539,51.300,84,motorcycle,0.712,207.3 324.2 376.0 443.8,1,1.200,0,0,31.553,31.693
/Users/lujintao/Downloads/Weixin Videos2026-05-04_154833_153.mp4,1539,51.300,82,motorcycle,0.551,369.1 331.0 515.1 447.6,1,1.200,0,0,31.553,31.693
/Users/lujintao/Downloads/Weixin Videos2026-05-04_154833_153.mp4,1540,51.333,84,motorcycle,0.716,207.3 324.9 375.9 443.8,1,1.200,0,0,29.821,33.533
/Users/lujintao/Downloads/Weixin Videos2026-05-04_154833_153.mp4,1540,51.333,82,motorcycle,0.557,369.4 330.9 515.5 447.5,1,1.200,0,0,29.821,33.533
/Users/lujintao/Downloads/Weixin Videos2026-05-04_154833_153.mp4,1541,51.367,84,motorcycle,0.715,207.2 324.3 375.9 443.8,1,1.200,0,0,31.189,32.063
/Users/lujintao/Downloads/Weixin Videos2026-05-04_154833_153.mp4,1541,51.367,82,motorcycle,0.589,369.5 330.4 515.6 447.4,1,1.200,0,0,31.189,32.063
/Users/lujintao/Downloads/Weixin Videos2026-05-04_154833_153.mp4,1542,51.400,84,motorcycle,0.712,207.0 324.9 375.9 444.1,1,1.200,0,0,35.551,28.128
/Users/lujintao/Downloads/Weixin Videos2026-05-04_154833_153.mp4,1542,51.400,82,motorcycle,0.597,369.7 330.6 514.6 447.6,1,1.200,0,0,35.551,28.128
/Users/lujintao/Downloads/Weixin Videos2026-05-04_154833_153.mp4,1543,51.433,84,motorcycle,0.713,207.2 325.3 375.8 444.0,1,1.200,0,0,30.029,33.301
/Users/lujintao/Downloads/Weixin Videos2026-05-04_154833_153.mp4,1543,51.433,82,motorcycle,0.593,369.9 330.7 514.6 447.7,1,1.200,0,0,30.029,33.301
/Users/lujintao/Downloads/Weixin Videos2026-05-04_154833_153.mp4,1544,51.467,84,motorcycle,0.706,207.6 324.2 376.0 443.9,1,1.200,0,0,36.053,27.737
/Users/lujintao/Downloads/Weixin Videos2026-05-04_154833_153.mp4,1544,51.467,82,motorcycle,0.546,369.3 331.5 514.8 448.0,1,1.200,0,0,36.053,27.737
/Users/lujintao/Downloads/Weixin Videos2026-05-04_154833_153.mp4,1545,51.500,84,motorcycle,0.709,207.7 324.4 376.1 444.1,1,1.200,0,0,31.699,31.546
/Users/lujintao/Downloads/Weixin Videos2026-05-04_154833_153.mp4,1545,51.500,82,motorcycle,0.566,369.9 330.6 514.7 447.7,1,1.200,0,0,31.699,31.546
/Users/lujintao/Downloads/Weixin Videos2026-05-04_154833_153.mp4,1546,51.533,84,motorcycle,0.707,207.7 324.2 375.7 444.2,1,1.200,0,0,30.631,32.647
/Users/lujintao/Downloads/Weixin Videos2026-05-04_154833_153.mp4,1546,51.533,82,motorcycle,0.555,370.4 330.7 514.8 447.7,1,1.200,0,0,30.631,32.647
/Users/lujintao/Downloads/Weixin Videos2026-05-04_154833_153.mp4,1546,51.533,90,motorcycle,0.254,504.0 325.5 556.8 394.0,1,1.190,0,0,30.631,32.647
/Users/lujintao/Downloads/Weixin Videos2026-05-04_154833_153.mp4,1547,51.567,84,motorcycle,0.706,207.2 323.9 375.7 444.3,1,1.200,0,0,30.659,32.617
/Users/lujintao/Downloads/Weixin Videos2026-05-04_154833_153.mp4,1547,51.567,82,motorcycle,0.556,369.5 331.2 515.0 447.8,1,1.200,0,0,30.659,32.617
/Users/lujintao/Downloads/Weixin Videos2026-05-04_154833_153.mp4,1548,51.600,84,motorcycle,0.702,207.1 322.8 375.9 444.1,1,1.200,0,0,30.792,32.476
/Users/lujintao/Downloads/Weixin Videos2026-05-04_154833_153.mp4,1548,51.600,82,motorcycle,0.533,369.2 331.0 514.8 447.6,1,1.200,0,0,30.792,32.476
/Users/lujintao/Downloads/Weixin Videos2026-05-04_154833_153.mp4,1549,51.633,84,motorcycle,0.706,207.4 322.4 375.7 444.2,1,1.200,0,0,35.017,28.558
/Users/lujintao/Downloads/Weixin Videos2026-05-04_154833_153.mp4,1549,51.633,82,motorcycle,0.576,368.9 331.1 515.0 448.0,1,1.200,0,0,35.017,28.558
/Users/lujintao/Downloads/Weixin Videos2026-05-04_154833_153.mp4,1550,51.667,84,motorcycle,0.690,207.7 323.1 375.8 444.1,1,1.200,0,0,48.682,20.542
/Users/lujintao/Downloads/Weixin Videos2026-05-04_154833_153.mp4,1550,51.667,82,motorcycle,0.545,368.7 330.8 514.7 447.7,1,1.200,0,0,48.682,20.542
/Users/lujintao/Downloads/Weixin Videos2026-05-04_154833_153.mp4,1551,51.700,84,motorcycle,0.668,208.2 323.7 375.8 443.8,1,1.200,0,0,30.311,32.991
/Users/lujintao/Downloads/Weixin Videos2026-05-04_154833_153.mp4,1551,51.700,82,motorcycle,0.482,365.5 331.5 514.7 448.4,1,1.200,0,0,30.311,32.991
/Users/lujintao/Downloads/Weixin Videos2026-05-04_154833_153.mp4,1552,51.733,84,motorcycle,0.637,208.6 325.2 376.2 444.1,1,1.200,0,0,31.508,31.738
/Users/lujintao/Downloads/Weixin Videos2026-05-04_154833_153.mp4,1552,51.733,82,motorcycle,0.409,365.8 331.1 514.2 448.6,1,1.200,0,0,31.508,31.738
/Users/lujintao/Downloads/Weixin Videos2026-05-04_154833_153.mp4,1553,51.767,84,motorcycle,0.645,208.3 325.1 376.4 444.3,1,1.200,0,0,31.961,31.288
/Users/lujintao/Downloads/Weixin Videos2026-05-04_154833_153.mp4,1553,51.767,82,motorcycle,0.418,366.2 330.7 514.4 448.4,1,1.200,0,0,31.961,31.288
/Users/lujintao/Downloads/Weixin Videos2026-05-04_154833_153.mp4,1554,51.800,84,motorcycle,0.648,207.5 325.2 376.9 444.1,1,1.200,0,0,30.888,32.375
/Users/lujintao/Downloads/Weixin Videos2026-05-04_154833_153.mp4,1554,51.800,82,motorcycle,0.378,367.0 331.2 513.5 448.4,1,1.200,0,0,30.888,32.375
/Users/lujintao/Downloads/Weixin Videos2026-05-04_154833_153.mp4,1555,51.833,84,motorcycle,0.643,207.6 325.6 377.4 444.0,1,1.200,0,0,34.799,28.736
/Users/lujintao/Downloads/Weixin Videos2026-05-04_154833_153.mp4,1555,51.833,82,motorcycle,0.322,367.6 331.5 513.4 448.4,1,1.200,0,0,34.799,28.736
/Users/lujintao/Downloads/Weixin Videos2026-05-04_154833_153.mp4,1556,51.867,84,motorcycle,0.619,208.4 327.1 377.5 444.4,1,1.200,0,0,30.661,32.615
/Users/lujintao/Downloads/Weixin Videos2026-05-04_154833_153.mp4,1556,51.867,82,motorcycle,0.322,367.6 331.0 513.4 448.4,1,1.200,0,0,30.661,32.615
/Users/lujintao/Downloads/Weixin Videos2026-05-04_154833_153.mp4,1557,51.900,84,motorcycle,0.616,207.9 325.0 377.4 444.5,1,1.200,0,0,31.787,31.460
/Users/lujintao/Downloads/Weixin Videos2026-05-04_154833_153.mp4,1557,51.900,82,motorcycle,0.339,366.9 330.7 513.1 448.5,1,1.200,0,0,31.787,31.460
/Users/lujintao/Downloads/Weixin Videos2026-05-04_154833_153.mp4,1558,51.933,84,motorcycle,0.606,207.4 324.3 377.7 444.5,1,1.200,0,0,33.694,29.679
/Users/lujintao/Downloads/Weixin Videos2026-05-04_154833_153.mp4,1558,51.933,82,motorcycle,0.385,366.4 331.8 513.1 448.3,1,1.200,0,0,33.694,29.679
/Users/lujintao/Downloads/Weixin Videos2026-05-04_154833_153.mp4,1559,51.967,84,motorcycle,0.594,206.5 323.4 376.9 444.7,1,1.200,0,0,39.878,25.076
/Users/lujintao/Downloads/Weixin Videos2026-05-04_154833_153.mp4,1559,51.967,82,motorcycle,0.337,365.3 332.4 512.4 448.2,1,1.200,0,0,39.878,25.076
/Users/lujintao/Downloads/Weixin Videos2026-05-04_154833_153.mp4,1560,52.000,84,motorcycle,0.592,207.1 323.2 377.7 444.9,1,1.200,0,0,27.952,35.776
/Users/lujintao/Downloads/Weixin Videos2026-05-04_154833_153.mp4,1560,52.000,82,motorcycle,0.323,364.0 331.5 511.5 448.3,1,1.200,0,0,27.952,35.776
/Users/lujintao/Downloads/Weixin Videos2026-05-04_154833_153.mp4,1561,52.033,84,motorcycle,0.608,208.7 323.7 376.7 445.6,1,1.200,0,0,54.117,18.479
/Users/lujintao/Downloads/Weixin Videos2026-05-04_154833_153.mp4,1561,52.033,82,motorcycle,0.290,362.0 329.9 510.7 448.9,1,1.200,0,0,54.117,18.479
/Users/lujintao/Downloads/Weixin Videos2026-05-04_154833_153.mp4,1562,52.067,84,motorcycle,0.583,208.9 323.0 376.7 445.4,1,1.200,0,0,30.987,32.271
/Users/lujintao/Downloads/Weixin Videos2026-05-04_154833_153.mp4,1562,52.067,82,motorcycle,0.293,361.4 329.5 510.0 449.0,1,1.200,0,0,30.987,32.271
/Users/lujintao/Downloads/Weixin Videos2026-05-04_154833_153.mp4,1563,52.100,84,motorcycle,0.582,210.2 324.5 377.5 445.3,1,1.200,0,0,31.159,32.094
/Users/lujintao/Downloads/Weixin Videos2026-05-04_154833_153.mp4,1563,52.100,82,motorcycle,0.343,361.1 328.5 509.5 449.2,1,1.200,0,0,31.159,32.094
/Users/lujintao/Downloads/Weixin Videos2026-05-04_154833_153.mp4,1564,52.133,84,motorcycle,0.595,209.6 324.1 378.3 445.8,1,1.200,0,0,32.414,30.851
/Users/lujintao/Downloads/Weixin Videos2026-05-04_154833_153.mp4,1564,52.133,82,motorcycle,0.349,361.0 328.1 509.2 449.2,1,1.200,0,0,32.414,30.851
/Users/lujintao/Downloads/Weixin Videos2026-05-04_154833_153.mp4,1565,52.167,84,motorcycle,0.608,208.1 320.1 377.7 445.6,1,1.200,0,0,27.877,35.872
/Users/lujintao/Downloads/Weixin Videos2026-05-04_154833_153.mp4,1565,52.167,82,motorcycle,0.384,361.1 327.1 508.6 449.0,1,1.200,0,0,27.877,35.872
/Users/lujintao/Downloads/Weixin Videos2026-05-04_154833_153.mp4,1566,52.200,84,motorcycle,0.618,207.7 318.3 377.5 445.5,1,1.200,0,0,31.905,31.343
/Users/lujintao/Downloads/Weixin Videos2026-05-04_154833_153.mp4,1566,52.200,82,motorcycle,0.397,361.4 327.6 508.8 449.1,1,1.200,0,0,31.905,31.343
/Users/lujintao/Downloads/Weixin Videos2026-05-04_154833_153.mp4,1567,52.233,84,motorcycle,0.602,207.4 317.1 376.4 445.1,1,1.200,0,0,40.936,24.429
/Users/lujintao/Downloads/Weixin Videos2026-05-04_154833_153.mp4,1567,52.233,82,motorcycle,0.365,359.3 327.2 508.9 449.2,1,1.200,0,0,40.936,24.429
/Users/lujintao/Downloads/Weixin Videos2026-05-04_154833_153.mp4,1568,52.267,84,motorcycle,0.610,206.7 314.6 376.2 445.2,1,1.200,0,0,32.885,30.409
/Users/lujintao/Downloads/Weixin Videos2026-05-04_154833_153.mp4,1568,52.267,82,motorcycle,0.341,359.8 325.9 508.4 449.1,1,1.200,0,0,32.885,30.409
/Users/lujintao/Downloads/Weixin Videos2026-05-04_154833_153.mp4,1569,52.300,84,motorcycle,0.608,205.8 307.7 375.2 444.9,1,1.200,0,0,33.571,29.787
/Users/lujintao/Downloads/Weixin Videos2026-05-04_154833_153.mp4,1569,52.300,82,motorcycle,0.384,358.8 326.0 508.7 449.2,1,1.200,0,0,33.571,29.787
/Users/lujintao/Downloads/Weixin Videos2026-05-04_154833_153.mp4,1570,52.333,84,motorcycle,0.600,205.6 311.0 375.0 444.9,1,1.200,0,0,30.449,32.841
/Users/lujintao/Downloads/Weixin Videos2026-05-04_154833_153.mp4,1570,52.333,82,motorcycle,0.365,358.8 325.5 508.1 449.4,2,1.200 1.176,1,0,30.449,32.841
/Users/lujintao/Downloads/Weixin Videos2026-05-04_154833_153.mp4,1571,52.367,84,motorcycle,0.580,205.3 307.6 373.6 444.7,1,1.200,0,0,42.073,23.768
/Users/lujintao/Downloads/Weixin Videos2026-05-04_154833_153.mp4,1571,52.367,82,motorcycle,0.333,357.8 324.6 508.3 449.2,1,1.200,0,0,42.073,23.768
/Users/lujintao/Downloads/Weixin Videos2026-05-04_154833_153.mp4,1572,52.400,84,motorcycle,0.584,204.1 309.6 373.3 444.9,1,1.200,0,0,36.139,27.671
/Users/lujintao/Downloads/Weixin Videos2026-05-04_154833_153.mp4,1572,52.400,82,motorcycle,0.358,357.4 325.4 508.7 449.1,1,1.200,0,0,36.139,27.671
/Users/lujintao/Downloads/Weixin Videos2026-05-04_154833_153.mp4,1573,52.433,84,motorcycle,0.605,202.9 313.7 373.0 444.8,1,1.200,0,0,37.377,26.755
/Users/lujintao/Downloads/Weixin Videos2026-05-04_154833_153.mp4,1573,52.433,82,motorcycle,0.406,357.2 326.5 509.2 449.0,1,1.200,0,0,37.377,26.755
/Users/lujintao/Downloads/Weixin Videos2026-05-04_154833_153.mp4,1574,52.467,84,motorcycle,0.599,202.9 316.6 373.1 444.5,1,1.200,0,0,60.681,16.480
/Users/lujintao/Downloads/Weixin Videos2026-05-04_154833_153.mp4,1574,52.467,82,motorcycle,0.422,357.3 325.6 509.5 449.0,1,1.200,0,0,60.681,16.480
/Users/lujintao/Downloads/Weixin Videos2026-05-04_154833_153.mp4,1575,52.500,84,motorcycle,0.579,204.3 322.5 372.2 444.2,1,1.200,0,0,42.514,23.522
/Users/lujintao/Downloads/Weixin Videos2026-05-04_154833_153.mp4,1575,52.500,82,motorcycle,0.393,356.9 327.3 509.7 448.9,1,1.200,0,0,42.514,23.522
/Users/lujintao/Downloads/Weixin Videos2026-05-04_154833_153.mp4,1576,52.533,84,motorcycle,0.568,203.8 323.3 371.5 444.2,1,1.200,0,0,31.606,31.639
/Users/lujintao/Downloads/Weixin Videos2026-05-04_154833_153.mp4,1576,52.533,82,motorcycle,0.396,356.5 323.3 509.9 448.2,1,1.200,0,0,31.606,31.639
/Users/lujintao/Downloads/Weixin Videos2026-05-04_154833_153.mp4,1577,52.567,84,motorcycle,0.582,201.7 324.7 371.2 444.5,1,1.200,0,0,36.501,27.397
/Users/lujintao/Downloads/Weixin Videos2026-05-04_154833_153.mp4,1577,52.567,82,motorcycle,0.464,358.2 327.7 511.0 449.9,1,1.200,0,0,36.501,27.397
/Users/lujintao/Downloads/Weixin Videos2026-05-04_154833_153.mp4,1577,52.567,91,motorcycle,0.259,504.6 326.8 557.6 393.3,1,1.200,0,0,36.501,27.397
/Users/lujintao/Downloads/Weixin Videos2026-05-04_154833_153.mp4,1578,52.600,84,motorcycle,0.563,202.6 323.6 370.9 444.6,1,1.200,0,0,31.014,32.244
/Users/lujintao/Downloads/Weixin Videos2026-05-04_154833_153.mp4,1578,52.600,82,motorcycle,0.457,358.1 328.1 510.8 449.9,1,1.200,0,0,31.014,32.244
/Users/lujintao/Downloads/Weixin Videos2026-05-04_154833_153.mp4,1578,52.600,91,motorcycle,0.256,504.4 325.1 558.3 393.3,1,1.200,0,0,31.014,32.244
/Users/lujintao/Downloads/Weixin Videos2026-05-04_154833_153.mp4,1579,52.633,84,motorcycle,0.575,202.4 324.2 371.4 445.0,1,1.200,0,0,31.825,31.422
/Users/lujintao/Downloads/Weixin Videos2026-05-04_154833_153.mp4,1579,52.633,82,motorcycle,0.481,358.9 328.6 510.2 449.9,1,1.200,0,0,31.825,31.422
/Users/lujintao/Downloads/Weixin Videos2026-05-04_154833_153.mp4,1580,52.667,84,motorcycle,0.575,203.3 319.9 371.4 445.1,1,1.200,0,0,35.013,28.561
/Users/lujintao/Downloads/Weixin Videos2026-05-04_154833_153.mp4,1580,52.667,82,motorcycle,0.494,360.0 329.0 510.5 450.1,1,1.200,0,0,35.013,28.561
/Users/lujintao/Downloads/Weixin Videos2026-05-04_154833_153.mp4,1581,52.700,84,motorcycle,0.609,201.3 317.9 372.4 445.2,1,1.200,0,0,35.193,28.415
/Users/lujintao/Downloads/Weixin Videos2026-05-04_154833_153.mp4,1581,52.700,82,motorcycle,0.512,360.4 330.0 510.9 450.2,1,1.200,0,0,35.193,28.415
/Users/lujintao/Downloads/Weixin Videos2026-05-04_154833_153.mp4,1581,52.700,91,motorcycle,0.290,503.1 324.2 559.9 393.6,2,1.200 1.059,1,0,35.193,28.415
/Users/lujintao/Downloads/Weixin Videos2026-05-04_154833_153.mp4,1582,52.733,84,motorcycle,0.617,201.5 317.9 372.8 445.4,1,1.200,0,0,29.921,33.421
/Users/lujintao/Downloads/Weixin Videos2026-05-04_154833_153.mp4,1582,52.733,82,motorcycle,0.517,359.7 331.1 510.8 450.2,1,1.200,0,0,29.921,33.421
/Users/lujintao/Downloads/Weixin Videos2026-05-04_154833_153.mp4,1583,52.767,84,motorcycle,0.634,202.4 316.9 373.3 445.8,1,1.200,0,0,33.089,30.221
/Users/lujintao/Downloads/Weixin Videos2026-05-04_154833_153.mp4,1583,52.767,82,motorcycle,0.499,358.7 332.0 510.2 450.3,1,1.200,0,0,33.089,30.221
/Users/lujintao/Downloads/Weixin Videos2026-05-04_154833_153.mp4,1584,52.800,84,motorcycle,0.627,203.1 318.7 372.8 445.9,1,1.200,0,0,39.943,25.036
/Users/lujintao/Downloads/Weixin Videos2026-05-04_154833_153.mp4,1584,52.800,82,motorcycle,0.460,358.2 330.7 509.6 450.2,1,1.200,0,0,39.943,25.036
/Users/lujintao/Downloads/Weixin Videos2026-05-04_154833_153.mp4,1584,52.800,92,motorcycle,0.377,0.3 472.6 178.0 689.2,0,,0,0,39.943,25.036
/Users/lujintao/Downloads/Weixin Videos2026-05-04_154833_153.mp4,1585,52.833,84,motorcycle,0.645,202.7 316.6 372.6 446.4,1,1.200,0,0,47.459,21.071
/Users/lujintao/Downloads/Weixin Videos2026-05-04_154833_153.mp4,1585,52.833,82,motorcycle,0.501,357.8 331.8 509.7 450.4,1,1.200,0,0,47.459,21.071
/Users/lujintao/Downloads/Weixin Videos2026-05-04_154833_153.mp4,1585,52.833,92,motorcycle,0.376,0.2 426.7 226.4 680.7,0,,0,0,47.459,21.071
/Users/lujintao/Downloads/Weixin Videos2026-05-04_154833_153.mp4,1586,52.867,84,motorcycle,0.643,203.6 321.2 373.2 446.4,1,1.200,0,0,33.179,30.140
/Users/lujintao/Downloads/Weixin Videos2026-05-04_154833_153.mp4,1586,52.867,82,motorcycle,0.488,357.8 332.2 510.0 450.5,1,1.200,0,0,33.179,30.140
/Users/lujintao/Downloads/Weixin Videos2026-05-04_154833_153.mp4,1587,52.900,84,motorcycle,0.652,205.0 324.3 373.3 447.0,1,1.200,0,0,49.503,20.201
/Users/lujintao/Downloads/Weixin Videos2026-05-04_154833_153.mp4,1587,52.900,92,motorcycle,0.561,0.4 345.9 309.4 686.6,0,,0,0,49.503,20.201
/Users/lujintao/Downloads/Weixin Videos2026-05-04_154833_153.mp4,1587,52.900,82,motorcycle,0.457,358.0 332.0 510.1 450.2,1,1.200,0,0,49.503,20.201
/Users/lujintao/Downloads/Weixin Videos2026-05-04_154833_153.mp4,1588,52.933,92,motorcycle,0.578,0.8 325.1 347.5 682.6,0,,0,0,36.127,27.680
/Users/lujintao/Downloads/Weixin Videos2026-05-04_154833_153.mp4,1588,52.933,84,motorcycle,0.562,211.1 324.1 373.1 445.1,1,1.200,0,0,36.127,27.680
/Users/lujintao/Downloads/Weixin Videos2026-05-04_154833_153.mp4,1588,52.933,82,motorcycle,0.416,358.2 332.1 509.6 450.4,1,1.200,0,0,36.127,27.680
/Users/lujintao/Downloads/Weixin Videos2026-05-04_154833_153.mp4,1589,52.967,92,motorcycle,0.586,0.5 360.6 384.5 668.2,1,1.200,0,0,33.491,29.858
/Users/lujintao/Downloads/Weixin Videos2026-05-04_154833_153.mp4,1589,52.967,82,motorcycle,0.437,359.0 332.0 509.5 450.7,1,1.200,0,0,33.491,29.858
/Users/lujintao/Downloads/Weixin Videos2026-05-04_154833_153.mp4,1589,52.967,84,motorcycle,0.405,237.9 325.7 376.7 427.2,2,1.200 1.200,1,0,33.491,29.858
/Users/lujintao/Downloads/Weixin Videos2026-05-04_154833_153.mp4,1590,53.000,92,motorcycle,0.611,0.9 350.6 415.7 681.0,1,1.200,0,0,33.123,30.190
/Users/lujintao/Downloads/Weixin Videos2026-05-04_154833_153.mp4,1590,53.000,82,motorcycle,0.457,358.5 331.9 510.2 449.9,1,1.200,0,0,33.123,30.190
/Users/lujintao/Downloads/Weixin Videos2026-05-04_154833_153.mp4,1590,53.000,84,motorcycle,0.262,243.2 324.0 375.9 425.0,1,1.200,0,0,33.123,30.190
/Users/lujintao/Downloads/Weixin Videos2026-05-04_154833_153.mp4,1591,53.033,92,motorcycle,0.465,5.1 355.0 444.3 686.8,1,1.200,0,0,43.084,23.210
/Users/lujintao/Downloads/Weixin Videos2026-05-04_154833_153.mp4,1592,53.067,92,motorcycle,0.528,79.5 391.4 471.1 642.4,2,1.200 1.053,1,0,33.224,30.099
/Users/lujintao/Downloads/Weixin Videos2026-05-04_154833_153.mp4,1593,53.100,92,motorcycle,0.746,143.2 354.7 496.5 642.6,1,1.200,0,0,33.014,30.291
/Users/lujintao/Downloads/Weixin Videos2026-05-04_154833_153.mp4,1594,53.133,92,motorcycle,0.709,108.0 378.7 518.6 627.7,1,1.200,0,0,34.306,29.149
/Users/lujintao/Downloads/Weixin Videos2026-05-04_154833_153.mp4,1595,53.167,92,motorcycle,0.586,208.6 395.1 546.8 615.3,2,1.200 1.183,1,0,33.233,30.091
/Users/lujintao/Downloads/Weixin Videos2026-05-04_154833_153.mp4,1596,53.200,92,motorcycle,0.496,254.7 361.9 566.8 600.8,1,1.200,0,0,33.927,29.475
/Users/lujintao/Downloads/Weixin Videos2026-05-04_154833_153.mp4,1597,53.233,92,motorcycle,0.648,269.6 336.8 582.9 587.4,1,1.200,0,0,37.558,26.626
/Users/lujintao/Downloads/Weixin Videos2026-05-04_154833_153.mp4,1597,53.233,84,motorcycle,0.362,205.3 348.7 346.0 449.8,1,1.198,0,0,37.558,26.626
/Users/lujintao/Downloads/Weixin Videos2026-05-04_154833_153.mp4,1598,53.267,92,motorcycle,0.548,323.4 369.1 599.5 560.8,1,1.200,0,0,33.237,30.087
/Users/lujintao/Downloads/Weixin Videos2026-05-04_154833_153.mp4,1598,53.267,84,motorcycle,0.372,205.4 339.9 358.5 449.7,1,1.200,0,0,33.237,30.087
/Users/lujintao/Downloads/Weixin Videos2026-05-04_154833_153.mp4,1599,53.300,92,motorcycle,0.475,383.9 331.9 618.1 545.5,1,1.200,0,0,31.471,31.775
/Users/lujintao/Downloads/Weixin Videos2026-05-04_154833_153.mp4,1599,53.300,84,motorcycle,0.457,204.6 324.2 379.1 450.0,1,1.200,0,0,31.471,31.775
/Users/lujintao/Downloads/Weixin Videos2026-05-04_154833_153.mp4,1600,53.333,84,motorcycle,0.495,206.5 325.1 377.8 448.5,1,1.200,0,0,31.156,32.096
/Users/lujintao/Downloads/Weixin Videos2026-05-04_154833_153.mp4,1600,53.333,92,motorcycle,0.416,371.8 334.5 638.9 521.9,2,1.200 1.054,1,0,31.156,32.096
/Users/lujintao/Downloads/Weixin Videos2026-05-04_154833_153.mp4,1601,53.367,84,motorcycle,0.508,205.5 328.5 376.8 448.7,1,1.200,0,0,32.888,30.406
/Users/lujintao/Downloads/Weixin Videos2026-05-04_154833_153.mp4,1601,53.367,92,motorcycle,0.365,426.3 323.5 652.0 538.5,2,1.200 1.064,1,1,32.888,30.406
/Users/lujintao/Downloads/Weixin Videos2026-05-04_154833_153.mp4,1602,53.400,92,motorcycle,0.694,449.6 336.4 664.4 537.3,2,1.200 1.066,1,1,35.829,27.911
/Users/lujintao/Downloads/Weixin Videos2026-05-04_154833_153.mp4,1602,53.400,84,motorcycle,0.517,203.2 325.3 377.1 448.8,1,1.200,0,0,35.829,27.911
/Users/lujintao/Downloads/Weixin Videos2026-05-04_154833_153.mp4,1603,53.433,84,motorcycle,0.500,202.2 329.8 376.1 449.1,1,1.200,0,0,34.521,28.968
/Users/lujintao/Downloads/Weixin Videos2026-05-04_154833_153.mp4,1603,53.433,92,motorcycle,0.432,487.0 342.1 678.7 527.1,2,1.200 1.176,1,1,34.521,28.968
/Users/lujintao/Downloads/Weixin Videos2026-05-04_154833_153.mp4,1604,53.467,92,motorcycle,0.686,503.3 348.2 694.8 518.9,1,1.200,0,1,39.616,25.242
/Users/lujintao/Downloads/Weixin Videos2026-05-04_154833_153.mp4,1604,53.467,84,motorcycle,0.505,197.5 335.6 374.4 448.4,1,1.200,0,0,39.616,25.242
/Users/lujintao/Downloads/Weixin Videos2026-05-04_154833_153.mp4,1605,53.500,92,motorcycle,0.651,526.8 356.6 708.0 510.2,1,1.200,0,1,34.677,28.837
/Users/lujintao/Downloads/Weixin Videos2026-05-04_154833_153.mp4,1605,53.500,84,motorcycle,0.514,196.0 338.4 375.9 447.3,1,1.200,0,0,34.677,28.837
/Users/lujintao/Downloads/Weixin Videos2026-05-04_154833_153.mp4,1606,53.533,92,motorcycle,0.601,549.9 338.5 723.5 505.1,2,1.200 1.068,1,1,49.495,20.204
/Users/lujintao/Downloads/Weixin Videos2026-05-04_154833_153.mp4,1606,53.533,84,motorcycle,0.546,195.9 336.4 376.3 447.8,1,1.200,0,0,49.495,20.204
/Users/lujintao/Downloads/Weixin Videos2026-05-04_154833_153.mp4,1607,53.567,92,motorcycle,0.623,566.8 332.5 735.1 502.0,1,1.200,0,1,35.913,27.845
/Users/lujintao/Downloads/Weixin Videos2026-05-04_154833_153.mp4,1607,53.567,84,motorcycle,0.552,196.0 335.0 375.8 447.6,1,1.200,0,0,35.913,27.845
/Users/lujintao/Downloads/Weixin Videos2026-05-04_154833_153.mp4,1608,53.600,92,motorcycle,0.714,589.6 349.2 748.9 498.4,1,1.200,0,0,31.024,32.233
/Users/lujintao/Downloads/Weixin Videos2026-05-04_154833_153.mp4,1608,53.600,84,motorcycle,0.605,195.0 331.5 373.2 448.0,1,1.200,0,0,31.024,32.233
/Users/lujintao/Downloads/Weixin Videos2026-05-04_154833_153.mp4,1608,53.600,93,motorcycle,0.428,357.7 336.1 508.8 453.0,1,1.200,0,0,31.024,32.233
/Users/lujintao/Downloads/Weixin Videos2026-05-04_154833_153.mp4,1609,53.633,92,motorcycle,0.815,608.2 361.0 757.9 491.0,1,1.200,0,0,35.405,28.244
/Users/lujintao/Downloads/Weixin Videos2026-05-04_154833_153.mp4,1609,53.633,84,motorcycle,0.605,194.8 327.4 372.6 448.5,1,1.200,0,0,35.405,28.244
/Users/lujintao/Downloads/Weixin Videos2026-05-04_154833_153.mp4,1609,53.633,93,motorcycle,0.443,357.4 332.9 508.6 453.4,1,1.200,0,0,35.405,28.244
/Users/lujintao/Downloads/Weixin Videos2026-05-04_154833_153.mp4,1610,53.667,92,motorcycle,0.724,624.2 350.3 771.0 487.9,1,1.200,0,0,34.840,28.703
/Users/lujintao/Downloads/Weixin Videos2026-05-04_154833_153.mp4,1610,53.667,84,motorcycle,0.620,193.5 327.2 372.0 448.7,1,1.200,0,0,34.840,28.703
/Users/lujintao/Downloads/Weixin Videos2026-05-04_154833_153.mp4,1610,53.667,93,motorcycle,0.478,355.1 331.4 510.8 453.0,1,1.200,0,0,34.840,28.703
/Users/lujintao/Downloads/Weixin Videos2026-05-04_154833_153.mp4,1611,53.700,84,motorcycle,0.617,193.2 328.7 371.7 449.0,1,1.200,0,0,33.046,30.261
/Users/lujintao/Downloads/Weixin Videos2026-05-04_154833_153.mp4,1611,53.700,92,motorcycle,0.583,644.0 358.5 784.0 482.4,2,1.200 1.200,1,0,33.046,30.261
/Users/lujintao/Downloads/Weixin Videos2026-05-04_154833_153.mp4,1611,53.700,93,motorcycle,0.483,353.5 327.2 511.0 452.8,1,1.200,0,0,33.046,30.261
/Users/lujintao/Downloads/Weixin Videos2026-05-04_154833_153.mp4,1612,53.733,92,motorcycle,0.646,657.1 344.1 793.7 475.6,1,1.200,0,0,34.484,28.999
/Users/lujintao/Downloads/Weixin Videos2026-05-04_154833_153.mp4,1612,53.733,84,motorcycle,0.626,192.5 330.2 371.5 448.4,1,1.200,0,0,34.484,28.999
/Users/lujintao/Downloads/Weixin Videos2026-05-04_154833_153.mp4,1612,53.733,93,motorcycle,0.498,353.7 323.7 511.2 452.3,1,1.200,0,0,34.484,28.999
/Users/lujintao/Downloads/Weixin Videos2026-05-04_154833_153.mp4,1613,53.767,92,motorcycle,0.703,673.3 342.8 803.7 474.3,1,1.200,0,0,35.535,28.141
/Users/lujintao/Downloads/Weixin Videos2026-05-04_154833_153.mp4,1613,53.767,84,motorcycle,0.607,192.5 332.0 370.9 448.5,1,1.200,0,0,35.535,28.141
/Users/lujintao/Downloads/Weixin Videos2026-05-04_154833_153.mp4,1613,53.767,93,motorcycle,0.484,353.3 323.7 510.8 452.1,1,1.200,0,0,35.535,28.141
/Users/lujintao/Downloads/Weixin Videos2026-05-04_154833_153.mp4,1614,53.800,92,motorcycle,0.712,684.9 342.4 813.4 470.6,1,1.200,0,0,47.093,21.235
/Users/lujintao/Downloads/Weixin Videos2026-05-04_154833_153.mp4,1614,53.800,84,motorcycle,0.601,192.2 326.0 368.2 448.9,1,1.200,0,0,47.093,21.235
/Users/lujintao/Downloads/Weixin Videos2026-05-04_154833_153.mp4,1614,53.800,93,motorcycle,0.549,354.0 326.3 508.3 452.5,1,1.200,0,0,47.093,21.235
/Users/lujintao/Downloads/Weixin Videos2026-05-04_154833_153.mp4,1615,53.833,92,motorcycle,0.590,696.6 340.0 824.2 467.9,1,1.200,0,0,30.967,32.292
/Users/lujintao/Downloads/Weixin Videos2026-05-04_154833_153.mp4,1615,53.833,84,motorcycle,0.587,192.0 329.3 369.4 448.6,1,1.200,0,0,30.967,32.292
/Users/lujintao/Downloads/Weixin Videos2026-05-04_154833_153.mp4,1615,53.833,93,motorcycle,0.507,354.1 327.2 510.1 452.4,1,1.200,0,0,30.967,32.292
/Users/lujintao/Downloads/Weixin Videos2026-05-04_154833_153.mp4,1616,53.867,84,motorcycle,0.621,191.4 330.1 370.7 448.3,1,1.200,0,0,34.452,29.026
/Users/lujintao/Downloads/Weixin Videos2026-05-04_154833_153.mp4,1616,53.867,92,motorcycle,0.555,712.2 344.2 831.9 465.0,1,1.200,0,0,34.452,29.026
/Users/lujintao/Downloads/Weixin Videos2026-05-04_154833_153.mp4,1616,53.867,93,motorcycle,0.493,354.8 330.1 509.3 452.0,1,1.200,0,0,34.452,29.026
/Users/lujintao/Downloads/Weixin Videos2026-05-04_154833_153.mp4,1617,53.900,92,motorcycle,0.673,722.4 350.1 846.0 459.6,1,1.200,0,0,37.127,26.935
/Users/lujintao/Downloads/Weixin Videos2026-05-04_154833_153.mp4,1617,53.900,84,motorcycle,0.611,191.4 331.2 369.7 448.2,1,1.200,0,0,37.127,26.935
/Users/lujintao/Downloads/Weixin Videos2026-05-04_154833_153.mp4,1617,53.900,93,motorcycle,0.457,355.9 331.1 506.5 452.0,1,1.200,0,0,37.127,26.935
/Users/lujintao/Downloads/Weixin Videos2026-05-04_154833_153.mp4,1618,53.933,92,motorcycle,0.765,733.0 342.7 848.3 457.5,1,1.200,0,0,33.327,30.005
/Users/lujintao/Downloads/Weixin Videos2026-05-04_154833_153.mp4,1618,53.933,84,motorcycle,0.594,191.1 333.6 369.4 448.7,2,1.200 1.052,1,0,33.327,30.005
/Users/lujintao/Downloads/Weixin Videos2026-05-04_154833_153.mp4,1618,53.933,93,motorcycle,0.473,355.8 331.2 506.2 451.9,1,1.200,0,0,33.327,30.005
/Users/lujintao/Downloads/Weixin Videos2026-05-04_154833_153.mp4,1619,53.967,92,motorcycle,0.696,744.5 338.1 858.1 454.5,1,1.200,0,0,47.693,20.967
/Users/lujintao/Downloads/Weixin Videos2026-05-04_154833_153.mp4,1619,53.967,84,motorcycle,0.580,190.8 333.6 369.1 448.8,2,1.200 1.050,1,1,47.693,20.967
/Users/lujintao/Downloads/Weixin Videos2026-05-04_154833_153.mp4,1619,53.967,93,motorcycle,0.440,356.6 331.9 505.7 451.8,1,1.200,0,0,47.693,20.967
/Users/lujintao/Downloads/Weixin Videos2026-05-04_154833_153.mp4,1619,53.967,94,motorcycle,0.251,503.1 324.1 557.3 396.8,2,1.200 1.063,1,0,47.693,20.967
/Users/lujintao/Downloads/Weixin Videos2026-05-04_154833_153.mp4,1620,54.000,92,motorcycle,0.585,756.4 340.8 866.8 451.1,1,1.200,0,0,30.829,32.437
/Users/lujintao/Downloads/Weixin Videos2026-05-04_154833_153.mp4,1620,54.000,84,motorcycle,0.533,190.4 333.8 368.3 448.7,2,1.200 1.055,1,1,30.829,32.437
/Users/lujintao/Downloads/Weixin Videos2026-05-04_154833_153.mp4,1620,54.000,93,motorcycle,0.514,356.1 332.6 507.9 452.2,1,1.200,0,0,30.829,32.437
/Users/lujintao/Downloads/Weixin Videos2026-05-04_154833_153.mp4,1620,54.000,94,motorcycle,0.262,503.0 325.3 558.8 396.4,2,1.200 1.103,1,1,30.829,32.437
/Users/lujintao/Downloads/Weixin Videos2026-05-04_154833_153.mp4,1621,54.033,92,motorcycle,0.731,764.4 340.6 873.9 450.8,1,1.200,0,0,41.357,24.180
/Users/lujintao/Downloads/Weixin Videos2026-05-04_154833_153.mp4,1621,54.033,84,motorcycle,0.556,190.2 329.7 367.6 449.2,1,1.200,0,1,41.357,24.180
/Users/lujintao/Downloads/Weixin Videos2026-05-04_154833_153.mp4,1621,54.033,93,motorcycle,0.544,354.3 332.8 506.2 452.4,1,1.200,0,0,41.357,24.180
/Users/lujintao/Downloads/Weixin Videos2026-05-04_154833_153.mp4,1621,54.033,94,motorcycle,0.271,503.3 321.8 560.0 396.6,1,1.200,0,0,41.357,24.180
/Users/lujintao/Downloads/Weixin Videos2026-05-04_154833_153.mp4,1622,54.067,92,motorcycle,0.650,774.0 343.2 879.2 446.4,1,1.200,0,0,33.340,29.994
/Users/lujintao/Downloads/Weixin Videos2026-05-04_154833_153.mp4,1622,54.067,93,motorcycle,0.609,354.6 335.2 506.8 452.4,1,1.200,0,0,33.340,29.994
/Users/lujintao/Downloads/Weixin Videos2026-05-04_154833_153.mp4,1622,54.067,84,motorcycle,0.550,188.8 329.6 367.4 448.3,1,1.200,0,0,33.340,29.994
/Users/lujintao/Downloads/Weixin Videos2026-05-04_154833_153.mp4,1623,54.100,92,motorcycle,0.652,784.9 339.1 891.3 445.9,1,1.200,0,0,36.979,27.042
/Users/lujintao/Downloads/Weixin Videos2026-05-04_154833_153.mp4,1623,54.100,93,motorcycle,0.602,353.5 332.0 505.2 451.8,1,1.200,0,0,36.979,27.042
/Users/lujintao/Downloads/Weixin Videos2026-05-04_154833_153.mp4,1623,54.100,84,motorcycle,0.551,188.5 327.1 367.7 448.4,1,1.200,0,0,36.979,27.042
/Users/lujintao/Downloads/Weixin Videos2026-05-04_154833_153.mp4,1624,54.133,92,motorcycle,0.676,792.7 343.5 895.8 442.8,1,1.200,0,0,34.377,29.090
/Users/lujintao/Downloads/Weixin Videos2026-05-04_154833_153.mp4,1624,54.133,93,motorcycle,0.596,353.6 332.8 503.9 451.5,1,1.200,0,0,34.377,29.090
/Users/lujintao/Downloads/Weixin Videos2026-05-04_154833_153.mp4,1624,54.133,84,motorcycle,0.578,188.5 327.5 370.1 448.1,1,1.200,0,0,34.377,29.090
/Users/lujintao/Downloads/Weixin Videos2026-05-04_154833_153.mp4,1625,54.167,93,motorcycle,0.626,351.9 333.4 506.1 452.1,1,1.200,0,0,37.803,26.453
/Users/lujintao/Downloads/Weixin Videos2026-05-04_154833_153.mp4,1625,54.167,84,motorcycle,0.576,188.2 330.1 370.4 448.0,1,1.200,0,0,37.803,26.453
/Users/lujintao/Downloads/Weixin Videos2026-05-04_154833_153.mp4,1625,54.167,92,motorcycle,0.575,802.5 341.3 905.4 439.4,1,1.200,0,0,37.803,26.453
/Users/lujintao/Downloads/Weixin Videos2026-05-04_154833_153.mp4,1626,54.200,92,motorcycle,0.641,808.8 340.4 910.5 437.3,1,1.200,0,0,32.470,30.797
/Users/lujintao/Downloads/Weixin Videos2026-05-04_154833_153.mp4,1626,54.200,93,motorcycle,0.608,351.3 333.6 505.5 451.9,1,1.200,0,0,32.470,30.797
/Users/lujintao/Downloads/Weixin Videos2026-05-04_154833_153.mp4,1626,54.200,84,motorcycle,0.544,187.4 331.6 369.2 448.4,1,1.200,0,0,32.470,30.797
/Users/lujintao/Downloads/Weixin Videos2026-05-04_154833_153.mp4,1627,54.233,92,motorcycle,0.609,818.4 335.3 918.8 436.5,1,1.200,0,0,42.985,23.264
/Users/lujintao/Downloads/Weixin Videos2026-05-04_154833_153.mp4,1627,54.233,93,motorcycle,0.586,350.9 333.7 504.7 451.8,1,1.200,0,0,42.985,23.264
/Users/lujintao/Downloads/Weixin Videos2026-05-04_154833_153.mp4,1627,54.233,84,motorcycle,0.509,187.0 330.7 367.8 449.4,1,1.200,0,0,42.985,23.264
/Users/lujintao/Downloads/Weixin Videos2026-05-04_154833_153.mp4,1628,54.267,92,motorcycle,0.632,825.1 340.3 925.0 435.3,1,1.200,0,0,33.922,29.479
/Users/lujintao/Downloads/Weixin Videos2026-05-04_154833_153.mp4,1628,54.267,93,motorcycle,0.562,352.0 333.2 504.0 451.8,1,1.200,0,0,33.922,29.479
/Users/lujintao/Downloads/Weixin Videos2026-05-04_154833_153.mp4,1628,54.267,84,motorcycle,0.556,182.8 329.7 369.8 450.0,1,1.200,0,0,33.922,29.479
/Users/lujintao/Downloads/Weixin Videos2026-05-04_154833_153.mp4,1629,54.300,92,motorcycle,0.551,834.4 337.4 931.4 433.7,1,1.200,0,0,29.882,33.465
/Users/lujintao/Downloads/Weixin Videos2026-05-04_154833_153.mp4,1629,54.300,93,motorcycle,0.543,352.0 332.0 503.5 451.7,1,1.200,0,0,29.882,33.465
/Users/lujintao/Downloads/Weixin Videos2026-05-04_154833_153.mp4,1629,54.300,84,motorcycle,0.524,182.6 326.9 368.0 450.4,1,1.193,0,0,29.882,33.465
/Users/lujintao/Downloads/Weixin Videos2026-05-04_154833_153.mp4,1630,54.333,92,motorcycle,0.602,842.0 335.9 942.1 430.7,1,1.200,0,0,35.516,28.156
/Users/lujintao/Downloads/Weixin Videos2026-05-04_154833_153.mp4,1630,54.333,84,motorcycle,0.509,184.9 316.1 368.3 450.6,1,1.200,0,0,35.516,28.156
/Users/lujintao/Downloads/Weixin Videos2026-05-04_154833_153.mp4,1630,54.333,93,motorcycle,0.490,352.9 331.1 504.1 451.7,1,1.200,0,0,35.516,28.156
/Users/lujintao/Downloads/Weixin Videos2026-05-04_154833_153.mp4,1631,54.367,84,motorcycle,0.519,184.4 313.6 369.8 450.7,1,1.200,0,0,36.340,27.518
/Users/lujintao/Downloads/Weixin Videos2026-05-04_154833_153.mp4,1631,54.367,93,motorcycle,0.494,354.0 329.8 503.7 451.8,1,1.200,0,0,36.340,27.518
/Users/lujintao/Downloads/Weixin Videos2026-05-04_154833_153.mp4,1631,54.367,92,motorcycle,0.429,851.8 335.9 952.4 429.0,1,1.200,0,0,36.340,27.518
/Users/lujintao/Downloads/Weixin Videos2026-05-04_154833_153.mp4,1632,54.400,92,motorcycle,0.644,857.5 333.3 954.5 428.0,1,1.200,0,0,36.263,27.576
/Users/lujintao/Downloads/Weixin Videos2026-05-04_154833_153.mp4,1632,54.400,84,motorcycle,0.542,183.6 319.9 368.5 449.2,1,1.200,0,0,36.263,27.576
/Users/lujintao/Downloads/Weixin Videos2026-05-04_154833_153.mp4,1632,54.400,93,motorcycle,0.479,353.9 332.3 502.0 452.3,1,1.200,0,0,36.263,27.576
/Users/lujintao/Downloads/Weixin Videos2026-05-04_154833_153.mp4,1633,54.433,92,motorcycle,0.634,865.6 336.8 957.9 427.1,1,1.200,0,0,39.098,25.577
/Users/lujintao/Downloads/Weixin Videos2026-05-04_154833_153.mp4,1633,54.433,84,motorcycle,0.507,185.7 323.4 368.9 448.1,1,1.200,0,0,39.098,25.577
/Users/lujintao/Downloads/Weixin Videos2026-05-04_154833_153.mp4,1633,54.433,93,motorcycle,0.456,353.2 332.7 502.2 452.3,1,1.200,0,0,39.098,25.577
/Users/lujintao/Downloads/Weixin Videos2026-05-04_154833_153.mp4,1634,54.467,92,motorcycle,0.614,874.1 338.4 965.3 426.2,1,1.200,0,0,36.420,27.458
/Users/lujintao/Downloads/Weixin Videos2026-05-04_154833_153.mp4,1634,54.467,84,motorcycle,0.491,185.0 318.0 370.6 449.0,1,1.200,0,0,36.420,27.458
/Users/lujintao/Downloads/Weixin Videos2026-05-04_154833_153.mp4,1634,54.467,93,motorcycle,0.381,353.8 333.6 501.9 452.3,1,1.200,0,0,36.420,27.458
/Users/lujintao/Downloads/Weixin Videos2026-05-04_154833_153.mp4,1635,54.500,92,motorcycle,0.604,881.5 337.5 972.9 424.2,1,1.200,0,0,30.478,32.811
/Users/lujintao/Downloads/Weixin Videos2026-05-04_154833_153.mp4,1635,54.500,84,motorcycle,0.535,201.0 328.7 373.4 451.8,1,1.200,0,0,30.478,32.811
/Users/lujintao/Downloads/Weixin Videos2026-05-04_154833_153.mp4,1635,54.500,93,motorcycle,0.381,350.7 335.3 502.2 452.4,1,1.200,0,0,30.478,32.811
/Users/lujintao/Downloads/Weixin Videos2026-05-04_154833_153.mp4,1636,54.533,92,motorcycle,0.608,889.6 337.5 981.7 421.9,1,1.200,0,0,37.896,26.388
/Users/lujintao/Downloads/Weixin Videos2026-05-04_154833_153.mp4,1636,54.533,84,motorcycle,0.382,201.8 317.3 373.6 451.9,1,1.200,0,0,37.896,26.388
/Users/lujintao/Downloads/Weixin Videos2026-05-04_154833_153.mp4,1636,54.533,93,motorcycle,0.291,351.0 335.9 502.3 452.5,1,1.200,0,0,37.896,26.388
/Users/lujintao/Downloads/Weixin Videos2026-05-04_154833_153.mp4,1637,54.567,92,motorcycle,0.646,895.9 335.6 985.4 422.1,1,1.200,0,0,37.607,26.591
/Users/lujintao/Downloads/Weixin Videos2026-05-04_154833_153.mp4,1637,54.567,84,motorcycle,0.397,200.4 271.5 369.8 452.1,0,,0,0,37.607,26.591
/Users/lujintao/Downloads/Weixin Videos2026-05-04_154833_153.mp4,1638,54.600,92,motorcycle,0.630,902.5 336.6 988.7 420.5,1,1.200,0,0,53.445,18.711
/Users/lujintao/Downloads/Weixin Videos2026-05-04_154833_153.mp4,1638,54.600,84,motorcycle,0.620,200.8 275.3 370.6 451.0,0,,0,0,53.445,18.711
/Users/lujintao/Downloads/Weixin Videos2026-05-04_154833_153.mp4,1638,54.600,93,motorcycle,0.351,351.8 326.2 505.9 449.5,1,1.200,0,0,53.445,18.711
/Users/lujintao/Downloads/Weixin Videos2026-05-04_154833_153.mp4,1639,54.633,92,motorcycle,0.598,908.8 339.6 997.3 419.7,1,1.200,0,0,32.707,30.575
/Users/lujintao/Downloads/Weixin Videos2026-05-04_154833_153.mp4,1639,54.633,84,motorcycle,0.410,200.0 279.3 369.6 451.0,0,,0,0,32.707,30.575
/Users/lujintao/Downloads/Weixin Videos2026-05-04_154833_153.mp4,1639,54.633,93,motorcycle,0.367,349.4 334.7 502.2 452.2,1,1.200,0,0,32.707,30.575
/Users/lujintao/Downloads/Weixin Videos2026-05-04_154833_153.mp4,1640,54.667,92,motorcycle,0.547,918.3 340.0 1004.2 418.9,1,1.200,0,0,34.317,29.140
/Users/lujintao/Downloads/Weixin Videos2026-05-04_154833_153.mp4,1640,54.667,84,motorcycle,0.433,200.7 287.8 371.4 451.3,1,1.184,0,0,34.317,29.140
/Users/lujintao/Downloads/Weixin Videos2026-05-04_154833_153.mp4,1640,54.667,93,motorcycle,0.358,350.9 332.0 502.1 452.2,1,1.200,0,0,34.317,29.140
/Users/lujintao/Downloads/Weixin Videos2026-05-04_154833_153.mp4,1641,54.700,92,motorcycle,0.581,924.5 339.0 1010.6 416.1,1,1.200,0,0,49.126,20.356
/Users/lujintao/Downloads/Weixin Videos2026-05-04_154833_153.mp4,1641,54.700,84,motorcycle,0.456,202.4 313.4 372.4 451.5,1,1.200,0,0,49.126,20.356
/Users/lujintao/Downloads/Weixin Videos2026-05-04_154833_153.mp4,1641,54.700,93,motorcycle,0.417,351.0 334.4 502.8 452.1,1,1.200,0,0,49.126,20.356
/Users/lujintao/Downloads/Weixin Videos2026-05-04_154833_153.mp4,1642,54.733,92,motorcycle,0.551,934.7 336.9 1015.8 414.9,1,1.200,0,0,35.854,27.891
/Users/lujintao/Downloads/Weixin Videos2026-05-04_154833_153.mp4,1642,54.733,84,motorcycle,0.458,201.6 323.7 372.8 452.6,1,1.200,0,0,35.854,27.891
/Users/lujintao/Downloads/Weixin Videos2026-05-04_154833_153.mp4,1642,54.733,93,motorcycle,0.272,347.5 330.8 502.9 452.5,1,1.200,0,0,35.854,27.891
/Users/lujintao/Downloads/Weixin Videos2026-05-04_154833_153.mp4,1643,54.767,92,motorcycle,0.685,938.8 337.1 1020.5 413.3,1,1.200,0,0,33.955,29.451
/Users/lujintao/Downloads/Weixin Videos2026-05-04_154833_153.mp4,1643,54.767,93,motorcycle,0.437,347.0 322.9 501.8 452.6,1,1.200,0,0,33.955,29.451
/Users/lujintao/Downloads/Weixin Videos2026-05-04_154833_153.mp4,1643,54.767,84,motorcycle,0.375,200.8 309.9 369.7 452.3,1,1.200,0,0,33.955,29.451
/Users/lujintao/Downloads/Weixin Videos2026-05-04_154833_153.mp4,1644,54.800,93,motorcycle,0.470,344.8 303.8 501.7 452.5,1,1.200,0,0,35.719,27.996
/Users/lujintao/Downloads/Weixin Videos2026-05-04_154833_153.mp4,1644,54.800,84,motorcycle,0.425,199.9 316.2 363.0 451.8,1,1.200,0,0,35.719,27.996
/Users/lujintao/Downloads/Weixin Videos2026-05-04_154833_153.mp4,1645,54.833,93,motorcycle,0.551,342.4 321.5 501.7 452.5,1,1.200,0,0,35.296,28.332
/Users/lujintao/Downloads/Weixin Videos2026-05-04_154833_153.mp4,1645,54.833,92,motorcycle,0.542,954.8 342.3 1032.9 411.9,1,1.200,0,0,35.296,28.332
/Users/lujintao/Downloads/Weixin Videos2026-05-04_154833_153.mp4,1645,54.833,84,motorcycle,0.526,198.6 319.4 361.3 453.0,1,1.200,0,0,35.296,28.332
/Users/lujintao/Downloads/Weixin Videos2026-05-04_154833_153.mp4,1646,54.867,92,motorcycle,0.569,959.2 329.9 1038.8 409.8,1,1.200,0,0,34.060,29.360
/Users/lujintao/Downloads/Weixin Videos2026-05-04_154833_153.mp4,1646,54.867,84,motorcycle,0.527,195.2 318.3 363.6 452.8,1,1.200,0,0,34.060,29.360
/Users/lujintao/Downloads/Weixin Videos2026-05-04_154833_153.mp4,1646,54.867,93,motorcycle,0.492,345.0 313.4 501.4 452.5,0,,0,0,34.060,29.360
/Users/lujintao/Downloads/Weixin Videos2026-05-04_154833_153.mp4,1647,54.900,93,motorcycle,0.521,346.8 313.0 501.4 452.8,1,1.200,0,0,36.104,27.698
/Users/lujintao/Downloads/Weixin Videos2026-05-04_154833_153.mp4,1647,54.900,84,motorcycle,0.509,189.2 311.9 364.2 452.5,1,1.200,0,0,36.104,27.698
/Users/lujintao/Downloads/Weixin Videos2026-05-04_154833_153.mp4,1647,54.900,92,motorcycle,0.443,968.1 326.4 1045.4 409.3,1,1.200,0,0,36.104,27.698
/Users/lujintao/Downloads/Weixin Videos2026-05-04_154833_153.mp4,1648,54.933,93,motorcycle,0.542,342.5 299.6 502.3 452.8,1,1.200,0,0,32.461,30.806
/Users/lujintao/Downloads/Weixin Videos2026-05-04_154833_153.mp4,1648,54.933,92,motorcycle,0.488,972.3 331.1 1050.5 408.1,0,,0,0,32.461,30.806
/Users/lujintao/Downloads/Weixin Videos2026-05-04_154833_153.mp4,1648,54.933,84,motorcycle,0.475,186.8 315.6 362.2 452.4,1,1.200,0,0,32.461,30.806
/Users/lujintao/Downloads/Weixin Videos2026-05-04_154833_153.mp4,1649,54.967,84,motorcycle,0.597,185.5 317.5 361.3 452.5,1,1.200,0,0,36.210,27.617
/Users/lujintao/Downloads/Weixin Videos2026-05-04_154833_153.mp4,1649,54.967,93,motorcycle,0.502,345.1 309.6 501.9 453.0,1,1.200,0,0,36.210,27.617
/Users/lujintao/Downloads/Weixin Videos2026-05-04_154833_153.mp4,1649,54.967,92,motorcycle,0.325,978.6 334.9 1051.2 410.7,1,1.200,0,0,36.210,27.617
/Users/lujintao/Downloads/Weixin Videos2026-05-04_154833_153.mp4,1650,55.000,84,motorcycle,0.541,186.8 320.3 360.1 452.5,1,1.200,0,0,30.683,32.592
/Users/lujintao/Downloads/Weixin Videos2026-05-04_154833_153.mp4,1650,55.000,93,motorcycle,0.503,343.1 310.5 502.1 452.9,1,1.200,0,0,30.683,32.592
/Users/lujintao/Downloads/Weixin Videos2026-05-04_154833_153.mp4,1650,55.000,92,motorcycle,0.367,985.0 319.3 1063.3 406.9,0,,0,0,30.683,32.592
/Users/lujintao/Downloads/Weixin Videos2026-05-04_154833_153.mp4,1651,55.033,84,motorcycle,0.605,186.2 317.6 359.7 452.4,1,1.200,0,0,35.541,28.136
/Users/lujintao/Downloads/Weixin Videos2026-05-04_154833_153.mp4,1651,55.033,93,motorcycle,0.504,343.1 315.5 500.8 452.8,1,1.200,0,0,35.541,28.136
/Users/lujintao/Downloads/Weixin Videos2026-05-04_154833_153.mp4,1651,55.033,95,motorcycle,0.297,477.9 314.3 544.0 401.4,1,1.178,0,0,35.541,28.136
/Users/lujintao/Downloads/Weixin Videos2026-05-04_154833_153.mp4,1652,55.067,84,motorcycle,0.554,189.9 323.7 361.8 452.1,1,1.200,0,0,32.777,30.509
/Users/lujintao/Downloads/Weixin Videos2026-05-04_154833_153.mp4,1652,55.067,93,motorcycle,0.509,341.3 302.5 501.7 453.0,1,1.200,0,0,32.777,30.509
/Users/lujintao/Downloads/Weixin Videos2026-05-04_154833_153.mp4,1652,55.067,92,motorcycle,0.410,997.8 339.7 1062.7 404.9,1,1.200,0,0,32.777,30.509
/Users/lujintao/Downloads/Weixin Videos2026-05-04_154833_153.mp4,1653,55.100,84,motorcycle,0.549,190.3 320.7 361.2 453.0,1,1.200,0,0,32.470,30.798
/Users/lujintao/Downloads/Weixin Videos2026-05-04_154833_153.mp4,1653,55.100,93,motorcycle,0.489,343.2 315.1 501.1 453.2,1,1.200,0,0,32.470,30.798
/Users/lujintao/Downloads/Weixin Videos2026-05-04_154833_153.mp4,1653,55.100,92,motorcycle,0.273,1002.2 342.2 1061.5 404.4,0,,0,0,32.470,30.798
/Users/lujintao/Downloads/Weixin Videos2026-05-04_154833_153.mp4,1654,55.133,84,motorcycle,0.525,197.7 329.1 360.9 452.6,1,1.200,0,0,34.144,29.288
/Users/lujintao/Downloads/Weixin Videos2026-05-04_154833_153.mp4,1654,55.133,93,motorcycle,0.503,340.2 299.5 501.9 453.8,1,1.200,0,0,34.144,29.288
/Users/lujintao/Downloads/Weixin Videos2026-05-04_154833_153.mp4,1654,55.133,92,motorcycle,0.347,1008.5 339.0 1063.7 404.2,0,,0,0,34.144,29.288
/Users/lujintao/Downloads/Weixin Videos2026-05-04_154833_153.mp4,1655,55.167,93,motorcycle,0.465,336.5 303.8 501.9 453.6,1,1.200,0,0,32.740,30.544
/Users/lujintao/Downloads/Weixin Videos2026-05-04_154833_153.mp4,1655,55.167,92,motorcycle,0.352,1014.8 333.7 1066.8 402.9,0,,0,0,32.740,30.544
/Users/lujintao/Downloads/Weixin Videos2026-05-04_154833_153.mp4,1655,55.167,84,motorcycle,0.345,197.3 333.8 360.4 452.8,1,1.200,0,0,32.740,30.544
/Users/lujintao/Downloads/Weixin Videos2026-05-04_154833_153.mp4,1656,55.200,93,motorcycle,0.457,342.9 297.8 501.3 453.5,1,1.200,0,0,32.513,30.757
/Users/lujintao/Downloads/Weixin Videos2026-05-04_154833_153.mp4,1656,55.200,84,motorcycle,0.419,191.1 319.3 360.8 453.6,1,1.164,0,0,32.513,30.757
/Users/lujintao/Downloads/Weixin Videos2026-05-04_154833_153.mp4,1657,55.233,84,motorcycle,0.556,188.4 313.5 360.5 453.7,1,1.195,0,0,35.869,27.879
/Users/lujintao/Downloads/Weixin Videos2026-05-04_154833_153.mp4,1657,55.233,93,motorcycle,0.536,344.1 303.4 501.1 453.7,1,1.200,0,0,35.869,27.879
/Users/lujintao/Downloads/Weixin Videos2026-05-04_154833_153.mp4,1658,55.267,84,motorcycle,0.588,184.6 317.1 358.4 453.9,1,1.200,0,0,32.899,30.396
/Users/lujintao/Downloads/Weixin Videos2026-05-04_154833_153.mp4,1658,55.267,93,motorcycle,0.484,341.2 299.7 500.8 454.0,1,1.200,0,0,32.899,30.396
/Users/lujintao/Downloads/Weixin Videos2026-05-04_154833_153.mp4,1659,55.300,84,motorcycle,0.606,185.6 316.4 359.4 453.8,1,1.200,0,0,32.337,30.924
/Users/lujintao/Downloads/Weixin Videos2026-05-04_154833_153.mp4,1659,55.300,93,motorcycle,0.519,344.7 313.3 500.3 453.8,1,1.200,0,0,32.337,30.924
/Users/lujintao/Downloads/Weixin Videos2026-05-04_154833_153.mp4,1660,55.333,84,motorcycle,0.589,190.1 326.4 361.9 453.2,1,1.200,0,0,33.268,30.059
/Users/lujintao/Downloads/Weixin Videos2026-05-04_154833_153.mp4,1660,55.333,93,motorcycle,0.526,346.5 326.9 500.6 454.2,1,1.200,0,0,33.268,30.059
/Users/lujintao/Downloads/Weixin Videos2026-05-04_154833_153.mp4,1661,55.367,84,motorcycle,0.596,190.8 325.4 359.2 453.3,1,1.200,0,0,31.888,31.360
/Users/lujintao/Downloads/Weixin Videos2026-05-04_154833_153.mp4,1661,55.367,93,motorcycle,0.523,343.8 322.5 500.5 454.1,1,1.200,0,0,31.888,31.360
/Users/lujintao/Downloads/Weixin Videos2026-05-04_154833_153.mp4,1662,55.400,93,motorcycle,0.521,341.4 298.9 500.4 454.2,1,1.200,0,0,32.118,31.135
/Users/lujintao/Downloads/Weixin Videos2026-05-04_154833_153.mp4,1662,55.400,84,motorcycle,0.517,191.7 324.1 356.6 454.1,1,1.200,0,0,32.118,31.135
/Users/lujintao/Downloads/Weixin Videos2026-05-04_154833_153.mp4,1663,55.433,93,motorcycle,0.527,347.1 296.1 500.0 454.1,1,1.200,0,0,37.093,26.959
/Users/lujintao/Downloads/Weixin Videos2026-05-04_154833_153.mp4,1663,55.433,84,motorcycle,0.483,191.3 326.1 358.1 454.4,1,1.200,0,0,37.093,26.959
/Users/lujintao/Downloads/Weixin Videos2026-05-04_154833_153.mp4,1664,55.467,93,motorcycle,0.558,348.4 295.6 500.1 453.8,1,1.200,0,0,30.919,32.343
/Users/lujintao/Downloads/Weixin Videos2026-05-04_154833_153.mp4,1664,55.467,84,motorcycle,0.430,192.1 322.6 358.9 454.5,1,1.176,0,0,30.919,32.343
/Users/lujintao/Downloads/Weixin Videos2026-05-04_154833_153.mp4,1665,55.500,84,motorcycle,0.529,188.4 323.3 360.7 454.8,1,1.200,0,0,33.722,29.655
/Users/lujintao/Downloads/Weixin Videos2026-05-04_154833_153.mp4,1665,55.500,93,motorcycle,0.484,348.7 313.9 499.8 454.3,1,1.200,0,0,33.722,29.655
/Users/lujintao/Downloads/Weixin Videos2026-05-04_154833_153.mp4,1666,55.533,84,motorcycle,0.534,188.7 324.2 359.6 454.6,1,1.200,0,0,39.520,25.304
/Users/lujintao/Downloads/Weixin Videos2026-05-04_154833_153.mp4,1666,55.533,93,motorcycle,0.468,349.8 317.8 500.5 455.1,1,1.200,0,0,39.520,25.304
/Users/lujintao/Downloads/Weixin Videos2026-05-04_154833_153.mp4,1667,55.567,84,motorcycle,0.628,188.8 329.1 360.2 454.7,1,1.200,0,0,36.846,27.140
/Users/lujintao/Downloads/Weixin Videos2026-05-04_154833_153.mp4,1667,55.567,93,motorcycle,0.480,349.5 322.5 500.6 455.2,1,1.200,0,0,36.846,27.140
/Users/lujintao/Downloads/Weixin Videos2026-05-04_154833_153.mp4,1668,55.600,84,motorcycle,0.646,189.0 324.7 359.3 454.8,1,1.200,0,0,36.473,27.418
/Users/lujintao/Downloads/Weixin Videos2026-05-04_154833_153.mp4,1668,55.600,93,motorcycle,0.455,346.8 317.6 500.2 454.3,1,1.200,0,0,36.473,27.418
/Users/lujintao/Downloads/Weixin Videos2026-05-04_154833_153.mp4,1669,55.633,84,motorcycle,0.648,191.9 326.5 358.5 454.8,1,1.200,0,0,32.228,31.029
/Users/lujintao/Downloads/Weixin Videos2026-05-04_154833_153.mp4,1669,55.633,93,motorcycle,0.396,345.7 313.7 499.8 454.4,1,1.200,0,0,32.228,31.029
/Users/lujintao/Downloads/Weixin Videos2026-05-04_154833_153.mp4,1669,55.633,96,motorcycle,0.284,0.1 438.1 48.8 504.6,0,,0,0,32.228,31.029
/Users/lujintao/Downloads/Weixin Videos2026-05-04_154833_153.mp4,1670,55.667,84,motorcycle,0.643,191.6 325.9 358.6 454.7,1,1.200,0,0,32.343,30.918
/Users/lujintao/Downloads/Weixin Videos2026-05-04_154833_153.mp4,1670,55.667,93,motorcycle,0.465,336.0 301.4 501.0 456.0,1,1.200,0,0,32.343,30.918
/Users/lujintao/Downloads/Weixin Videos2026-05-04_154833_153.mp4,1670,55.667,96,motorcycle,0.288,0.1 438.4 50.0 504.3,0,,0,0,32.343,30.918
/Users/lujintao/Downloads/Weixin Videos2026-05-04_154833_153.mp4,1671,55.700,84,motorcycle,0.629,190.9 329.5 360.3 453.5,1,1.200,0,0,35.714,28.000
/Users/lujintao/Downloads/Weixin Videos2026-05-04_154833_153.mp4,1671,55.700,93,motorcycle,0.483,338.0 303.2 502.5 457.2,1,1.200,0,0,35.714,28.000
/Users/lujintao/Downloads/Weixin Videos2026-05-04_154833_153.mp4,1671,55.700,96,motorcycle,0.326,0.1 438.5 50.5 504.2,0,,0,0,35.714,28.000
/Users/lujintao/Downloads/Weixin Videos2026-05-04_154833_153.mp4,1672,55.733,84,motorcycle,0.585,188.2 327.5 361.7 454.7,1,1.200,0,0,35.081,28.506
/Users/lujintao/Downloads/Weixin Videos2026-05-04_154833_153.mp4,1672,55.733,93,motorcycle,0.508,345.3 305.9 503.0 457.7,1,1.200,0,0,35.081,28.506
/Users/lujintao/Downloads/Weixin Videos2026-05-04_154833_153.mp4,1672,55.733,96,motorcycle,0.332,0.1 437.8 51.7 504.3,0,,0,0,35.081,28.506
/Users/lujintao/Downloads/Weixin Videos2026-05-04_154833_153.mp4,1673,55.767,84,motorcycle,0.589,188.4 330.5 361.4 453.6,1,1.200,0,0,73.288,13.645
/Users/lujintao/Downloads/Weixin Videos2026-05-04_154833_153.mp4,1673,55.767,93,motorcycle,0.515,350.1 310.5 503.3 457.7,1,1.200,0,0,73.288,13.645
/Users/lujintao/Downloads/Weixin Videos2026-05-04_154833_153.mp4,1673,55.767,96,motorcycle,0.343,0.1 436.8 53.1 504.3,0,,0,0,73.288,13.645
/Users/lujintao/Downloads/Weixin Videos2026-05-04_154833_153.mp4,1674,55.800,84,motorcycle,0.587,188.9 330.2 361.3 453.5,1,1.200,0,0,35.481,28.184
/Users/lujintao/Downloads/Weixin Videos2026-05-04_154833_153.mp4,1674,55.800,93,motorcycle,0.537,353.8 309.7 503.2 457.7,1,1.200,0,0,35.481,28.184
/Users/lujintao/Downloads/Weixin Videos2026-05-04_154833_153.mp4,1674,55.800,96,motorcycle,0.351,0.1 436.5 53.2 504.3,0,,0,0,35.481,28.184
/Users/lujintao/Downloads/Weixin Videos2026-05-04_154833_153.mp4,1675,55.833,84,motorcycle,0.567,183.2 326.6 361.9 454.8,1,1.200,0,0,36.056,27.735
/Users/lujintao/Downloads/Weixin Videos2026-05-04_154833_153.mp4,1675,55.833,93,motorcycle,0.542,353.9 308.6 502.5 457.6,1,1.200,0,0,36.056,27.735
/Users/lujintao/Downloads/Weixin Videos2026-05-04_154833_153.mp4,1675,55.833,96,motorcycle,0.314,0.1 436.4 54.0 504.4,0,,0,0,36.056,27.735
/Users/lujintao/Downloads/Weixin Videos2026-05-04_154833_153.mp4,1676,55.867,84,motorcycle,0.566,187.1 325.2 360.8 454.4,1,1.200,0,0,31.462,31.785
/Users/lujintao/Downloads/Weixin Videos2026-05-04_154833_153.mp4,1676,55.867,93,motorcycle,0.536,352.7 309.2 502.6 456.9,1,1.200,0,0,31.462,31.785
/Users/lujintao/Downloads/Weixin Videos2026-05-04_154833_153.mp4,1676,55.867,96,motorcycle,0.324,0.1 436.2 54.2 504.5,0,,0,0,31.462,31.785
/Users/lujintao/Downloads/Weixin Videos2026-05-04_154833_153.mp4,1677,55.900,84,motorcycle,0.575,186.0 325.2 359.5 454.3,1,1.200,0,0,32.983,30.319
/Users/lujintao/Downloads/Weixin Videos2026-05-04_154833_153.mp4,1677,55.900,93,motorcycle,0.574,349.8 310.2 501.5 457.7,1,1.200,0,0,32.983,30.319
/Users/lujintao/Downloads/Weixin Videos2026-05-04_154833_153.mp4,1677,55.900,96,motorcycle,0.362,0.1 436.4 54.1 503.8,0,,0,0,32.983,30.319
/Users/lujintao/Downloads/Weixin Videos2026-05-04_154833_153.mp4,1678,55.933,84,motorcycle,0.574,185.3 325.2 359.3 454.2,1,1.200,0,0,32.497,30.772
/Users/lujintao/Downloads/Weixin Videos2026-05-04_154833_153.mp4,1678,55.933,93,motorcycle,0.521,350.4 308.6 502.0 457.4,1,1.200,0,0,32.497,30.772
/Users/lujintao/Downloads/Weixin Videos2026-05-04_154833_153.mp4,1678,55.933,96,motorcycle,0.349,0.1 435.9 53.7 503.6,0,,0,0,32.497,30.772
/Users/lujintao/Downloads/Weixin Videos2026-05-04_154833_153.mp4,1679,55.967,84,motorcycle,0.567,183.9 323.5 359.6 454.4,1,1.200,0,0,35.831,27.909
/Users/lujintao/Downloads/Weixin Videos2026-05-04_154833_153.mp4,1679,55.967,93,motorcycle,0.565,351.8 329.6 499.5 456.0,1,1.200,0,0,35.831,27.909
/Users/lujintao/Downloads/Weixin Videos2026-05-04_154833_153.mp4,1679,55.967,96,motorcycle,0.350,0.1 435.7 53.9 504.2,0,,0,0,35.831,27.909
/Users/lujintao/Downloads/Weixin Videos2026-05-04_154833_153.mp4,1680,56.000,93,motorcycle,0.576,351.5 331.5 499.5 455.6,1,1.200,0,0,34.596,28.905
/Users/lujintao/Downloads/Weixin Videos2026-05-04_154833_153.mp4,1680,56.000,84,motorcycle,0.571,185.8 320.6 359.6 454.4,1,1.200,0,0,34.596,28.905
/Users/lujintao/Downloads/Weixin Videos2026-05-04_154833_153.mp4,1680,56.000,96,motorcycle,0.323,0.1 435.1 54.3 504.2,0,,0,0,34.596,28.905
/Users/lujintao/Downloads/Weixin Videos2026-05-04_154833_153.mp4,1681,56.033,93,motorcycle,0.621,352.8 331.9 499.4 455.3,1,1.200,0,0,51.562,19.394
/Users/lujintao/Downloads/Weixin Videos2026-05-04_154833_153.mp4,1681,56.033,84,motorcycle,0.591,195.6 319.6 359.4 454.8,1,1.200,0,0,51.562,19.394
/Users/lujintao/Downloads/Weixin Videos2026-05-04_154833_153.mp4,1681,56.033,96,motorcycle,0.293,0.1 435.7 54.3 504.4,0,,0,0,51.562,19.394
/Users/lujintao/Downloads/Weixin Videos2026-05-04_154833_153.mp4,1682,56.067,93,motorcycle,0.634,353.7 334.3 499.6 456.1,1,1.200,0,0,56.912,17.571
/Users/lujintao/Downloads/Weixin Videos2026-05-04_154833_153.mp4,1682,56.067,84,motorcycle,0.605,197.9 331.1 360.7 454.5,1,1.200,0,0,56.912,17.571
/Users/lujintao/Downloads/Weixin Videos2026-05-04_154833_153.mp4,1682,56.067,96,motorcycle,0.250,0.1 437.4 54.9 504.9,0,,0,0,56.912,17.571
/Users/lujintao/Downloads/Weixin Videos2026-05-04_154833_153.mp4,1683,56.100,93,motorcycle,0.595,353.3 333.8 499.7 456.0,1,1.200,0,0,32.358,30.905
/Users/lujintao/Downloads/Weixin Videos2026-05-04_154833_153.mp4,1683,56.100,84,motorcycle,0.411,189.3 324.6 358.4 454.5,1,1.200,0,0,32.358,30.905
/Users/lujintao/Downloads/Weixin Videos2026-05-04_154833_153.mp4,1684,56.133,93,motorcycle,0.566,353.9 334.3 500.2 455.9,1,1.200,0,0,35.485,28.181
/Users/lujintao/Downloads/Weixin Videos2026-05-04_154833_153.mp4,1685,56.167,93,motorcycle,0.560,354.3 334.4 499.8 456.3,1,1.200,0,0,34.098,29.327
/Users/lujintao/Downloads/Weixin Videos2026-05-04_154833_153.mp4,1686,56.200,93,motorcycle,0.425,352.9 334.0 499.8 456.4,1,1.200,0,0,35.316,28.315
/Users/lujintao/Downloads/Weixin Videos2026-05-04_154833_153.mp4,1686,56.200,84,motorcycle,0.386,193.6 330.1 360.7 455.6,1,1.200,0,0,35.316,28.315
/Users/lujintao/Downloads/Weixin Videos2026-05-04_154833_153.mp4,1687,56.233,93,motorcycle,0.373,353.8 333.9 499.9 456.3,1,1.200,0,0,33.597,29.765
/Users/lujintao/Downloads/Weixin Videos2026-05-04_154833_153.mp4,1687,56.233,84,motorcycle,0.277,189.7 330.9 363.1 455.5,1,1.200,0,0,33.597,29.765
/Users/lujintao/Downloads/Weixin Videos2026-05-04_154833_153.mp4,1688,56.267,93,motorcycle,0.314,353.5 334.2 499.8 456.5,1,1.200,0,0,36.181,27.639
/Users/lujintao/Downloads/Weixin Videos2026-05-04_154833_153.mp4,1688,56.267,84,motorcycle,0.299,188.1 323.9 362.9 455.1,1,1.200,0,0,36.181,27.639
/Users/lujintao/Downloads/Weixin Videos2026-05-04_154833_153.mp4,1689,56.300,84,motorcycle,0.307,190.4 340.0 358.5 454.8,1,1.200,0,0,35.040,28.539
/Users/lujintao/Downloads/Weixin Videos2026-05-04_154833_153.mp4,1690,56.333,93,motorcycle,0.261,352.6 327.8 499.6 456.9,1,1.200,0,0,34.526,28.963
/Users/lujintao/Downloads/Weixin Videos2026-05-04_154833_153.mp4,1691,56.367,93,motorcycle,0.309,351.8 319.8 499.7 457.1,1,1.200,0,0,32.583,30.691
/Users/lujintao/Downloads/Weixin Videos2026-05-04_154833_153.mp4,1692,56.400,93,motorcycle,0.338,351.9 336.3 500.3 458.5,1,1.200,0,0,35.084,28.503
/Users/lujintao/Downloads/Weixin Videos2026-05-04_154833_153.mp4,1692,56.400,97,motorcycle,0.262,0.1 437.3 52.4 505.7,0,,0,0,35.084,28.503
/Users/lujintao/Downloads/Weixin Videos2026-05-04_154833_153.mp4,1693,56.433,93,motorcycle,0.325,352.6 336.3 500.1 458.3,1,1.200,0,0,32.260,30.998
/Users/lujintao/Downloads/Weixin Videos2026-05-04_154833_153.mp4,1694,56.467,84,motorcycle,0.553,181.0 323.4 361.3 455.6,1,1.200,0,0,30.053,33.274
/Users/lujintao/Downloads/Weixin Videos2026-05-04_154833_153.mp4,1694,56.467,93,motorcycle,0.347,350.8 331.7 499.7 458.3,1,1.200,0,0,30.053,33.274
/Users/lujintao/Downloads/Weixin Videos2026-05-04_154833_153.mp4,1695,56.500,84,motorcycle,0.373,179.1 325.3 360.0 455.8,1,1.200,0,0,34.973,28.594
/Users/lujintao/Downloads/Weixin Videos2026-05-04_154833_153.mp4,1695,56.500,93,motorcycle,0.334,350.6 332.4 500.2 458.3,1,1.200,0,0,34.973,28.594
/Users/lujintao/Downloads/Weixin Videos2026-05-04_154833_153.mp4,1696,56.533,93,motorcycle,0.531,349.7 335.2 500.8 457.8,1,1.200,0,0,31.288,31.962
/Users/lujintao/Downloads/Weixin Videos2026-05-04_154833_153.mp4,1696,56.533,84,motorcycle,0.520,182.4 319.8 360.3 455.8,1,1.200,0,0,31.288,31.962
/Users/lujintao/Downloads/Weixin Videos2026-05-04_154833_153.mp4,1697,56.567,93,motorcycle,0.533,350.7 332.4 501.0 458.4,1,1.200,0,0,33.164,30.153
/Users/lujintao/Downloads/Weixin Videos2026-05-04_154833_153.mp4,1697,56.567,84,motorcycle,0.476,188.1 320.7 361.0 455.9,1,1.200,0,0,33.164,30.153
/Users/lujintao/Downloads/Weixin Videos2026-05-04_154833_153.mp4,1698,56.600,84,motorcycle,0.520,188.0 324.7 360.0 456.0,1,1.200,0,0,48.936,20.435
/Users/lujintao/Downloads/Weixin Videos2026-05-04_154833_153.mp4,1698,56.600,93,motorcycle,0.495,350.0 332.0 500.4 458.4,1,1.200,0,0,48.936,20.435
/Users/lujintao/Downloads/Weixin Videos2026-05-04_154833_153.mp4,1698,56.600,97,motorcycle,0.272,0.1 438.3 51.7 506.0,0,,0,0,48.936,20.435
/Users/lujintao/Downloads/Weixin Videos2026-05-04_154833_153.mp4,1699,56.633,84,motorcycle,0.606,189.5 325.7 360.8 455.9,1,1.200,0,0,31.496,31.751
/Users/lujintao/Downloads/Weixin Videos2026-05-04_154833_153.mp4,1699,56.633,93,motorcycle,0.569,351.5 333.3 500.3 458.4,1,1.200,0,0,31.496,31.751
/Users/lujintao/Downloads/Weixin Videos2026-05-04_154833_153.mp4,1699,56.633,97,motorcycle,0.265,0.1 438.5 51.6 506.2,0,,0,0,31.496,31.751
/Users/lujintao/Downloads/Weixin Videos2026-05-04_154833_153.mp4,1700,56.667,93,motorcycle,0.564,350.7 331.7 500.5 458.5,1,1.200,0,0,36.417,27.460
/Users/lujintao/Downloads/Weixin Videos2026-05-04_154833_153.mp4,1700,56.667,84,motorcycle,0.564,190.5 329.6 359.5 455.4,1,1.200,0,0,36.417,27.460
/Users/lujintao/Downloads/Weixin Videos2026-05-04_154833_153.mp4,1700,56.667,97,motorcycle,0.273,0.1 438.5 51.2 506.4,0,,0,0,36.417,27.460
/Users/lujintao/Downloads/Weixin Videos2026-05-04_154833_153.mp4,1701,56.700,84,motorcycle,0.575,190.5 326.3 360.7 456.0,1,1.200,0,0,33.333,30.000
/Users/lujintao/Downloads/Weixin Videos2026-05-04_154833_153.mp4,1701,56.700,93,motorcycle,0.526,351.1 333.2 500.6 458.5,1,1.200,0,0,33.333,30.000
/Users/lujintao/Downloads/Weixin Videos2026-05-04_154833_153.mp4,1701,56.700,97,motorcycle,0.284,0.1 438.5 51.2 506.4,0,,0,0,33.333,30.000
/Users/lujintao/Downloads/Weixin Videos2026-05-04_154833_153.mp4,1702,56.733,84,motorcycle,0.529,188.7 329.1 360.9 455.8,1,1.200,0,0,45.283,22.084
/Users/lujintao/Downloads/Weixin Videos2026-05-04_154833_153.mp4,1702,56.733,93,motorcycle,0.525,350.2 334.2 500.3 458.7,1,1.200,0,0,45.283,22.084
/Users/lujintao/Downloads/Weixin Videos2026-05-04_154833_153.mp4,1702,56.733,97,motorcycle,0.293,0.1 438.5 51.2 506.5,0,,0,0,45.283,22.084
/Users/lujintao/Downloads/Weixin Videos2026-05-04_154833_153.mp4,1703,56.767,84,motorcycle,0.545,188.4 329.6 360.0 455.8,1,1.200,0,0,34.114,29.314
/Users/lujintao/Downloads/Weixin Videos2026-05-04_154833_153.mp4,1703,56.767,93,motorcycle,0.537,349.4 334.3 500.3 458.6,1,1.200,0,0,34.114,29.314
/Users/lujintao/Downloads/Weixin Videos2026-05-04_154833_153.mp4,1703,56.767,97,motorcycle,0.294,0.1 438.5 51.2 506.5,0,,0,0,34.114,29.314
/Users/lujintao/Downloads/Weixin Videos2026-05-04_154833_153.mp4,1704,56.800,93,motorcycle,0.598,347.5 319.7 500.8 457.8,1,1.200,0,0,31.750,31.496
/Users/lujintao/Downloads/Weixin Videos2026-05-04_154833_153.mp4,1704,56.800,84,motorcycle,0.530,190.2 326.4 360.4 455.3,1,1.200,0,0,31.750,31.496
/Users/lujintao/Downloads/Weixin Videos2026-05-04_154833_153.mp4,1704,56.800,97,motorcycle,0.310,0.1 438.6 51.1 506.6,0,,0,0,31.750,31.496
/Users/lujintao/Downloads/Weixin Videos2026-05-04_154833_153.mp4,1705,56.833,93,motorcycle,0.613,350.4 320.5 501.5 458.8,1,1.200,0,0,32.928,30.369
/Users/lujintao/Downloads/Weixin Videos2026-05-04_154833_153.mp4,1705,56.833,84,motorcycle,0.545,189.8 328.3 361.2 455.5,1,1.200,0,0,32.928,30.369
/Users/lujintao/Downloads/Weixin Videos2026-05-04_154833_153.mp4,1705,56.833,97,motorcycle,0.319,0.1 438.6 51.2 506.6,0,,0,0,32.928,30.369
/Users/lujintao/Downloads/Weixin Videos2026-05-04_154833_153.mp4,1706,56.867,93,motorcycle,0.587,351.2 324.2 501.0 459.5,1,1.200,0,0,33.318,30.014
/Users/lujintao/Downloads/Weixin Videos2026-05-04_154833_153.mp4,1706,56.867,84,motorcycle,0.565,188.4 328.2 362.0 455.5,1,1.200,0,0,33.318,30.014
/Users/lujintao/Downloads/Weixin Videos2026-05-04_154833_153.mp4,1706,56.867,97,motorcycle,0.315,0.1 438.6 51.3 506.6,0,,0,0,33.318,30.014
/Users/lujintao/Downloads/Weixin Videos2026-05-04_154833_153.mp4,1707,56.900,93,motorcycle,0.545,350.8 312.0 500.3 459.6,1,1.200,0,0,36.199,27.625
/Users/lujintao/Downloads/Weixin Videos2026-05-04_154833_153.mp4,1707,56.900,84,motorcycle,0.523,188.2 325.4 361.8 456.0,1,1.200,0,0,36.199,27.625
/Users/lujintao/Downloads/Weixin Videos2026-05-04_154833_153.mp4,1707,56.900,97,motorcycle,0.307,0.1 438.7 51.3 506.6,0,,0,0,36.199,27.625
/Users/lujintao/Downloads/Weixin Videos2026-05-04_154833_153.mp4,1708,56.933,93,motorcycle,0.501,350.5 329.4 500.2 457.6,1,1.200,0,0,39.912,25.055
/Users/lujintao/Downloads/Weixin Videos2026-05-04_154833_153.mp4,1708,56.933,84,motorcycle,0.494,188.9 329.9 361.6 455.7,1,1.200,0,0,39.912,25.055
/Users/lujintao/Downloads/Weixin Videos2026-05-04_154833_153.mp4,1708,56.933,97,motorcycle,0.267,0.1 438.9 51.1 507.0,0,,0,0,39.912,25.055
/Users/lujintao/Downloads/Weixin Videos2026-05-04_154833_153.mp4,1709,56.967,93,motorcycle,0.560,351.3 334.9 500.1 458.7,1,1.200,0,0,34.678,28.837
/Users/lujintao/Downloads/Weixin Videos2026-05-04_154833_153.mp4,1709,56.967,84,motorcycle,0.544,188.4 329.6 361.6 455.6,1,1.200,0,0,34.678,28.837
/Users/lujintao/Downloads/Weixin Videos2026-05-04_154833_153.mp4,1709,56.967,98,motorcycle,0.296,491.3 319.2 563.4 400.8,1,1.200,0,0,34.678,28.837
/Users/lujintao/Downloads/Weixin Videos2026-05-04_154833_153.mp4,1709,56.967,97,motorcycle,0.258,0.1 438.6 50.4 507.2,0,,0,0,34.678,28.837
/Users/lujintao/Downloads/Weixin Videos2026-05-04_154833_153.mp4,1710,57.000,93,motorcycle,0.548,350.5 332.9 500.1 457.4,1,1.200,0,0,31.287,31.962
/Users/lujintao/Downloads/Weixin Videos2026-05-04_154833_153.mp4,1710,57.000,84,motorcycle,0.521,189.0 325.5 360.8 455.5,1,1.200,0,0,31.287,31.962
/Users/lujintao/Downloads/Weixin Videos2026-05-04_154833_153.mp4,1710,57.000,97,motorcycle,0.288,0.1 438.8 50.4 507.3,0,,0,0,31.287,31.962
/Users/lujintao/Downloads/Weixin Videos2026-05-04_154833_153.mp4,1710,57.000,98,motorcycle,0.265,488.5 315.1 564.1 400.2,1,1.200,0,0,31.287,31.962
/Users/lujintao/Downloads/Weixin Videos2026-05-04_154833_153.mp4,1711,57.033,84,motorcycle,0.549,189.8 329.8 361.0 455.6,1,1.200,0,0,38.544,25.944
/Users/lujintao/Downloads/Weixin Videos2026-05-04_154833_153.mp4,1711,57.033,93,motorcycle,0.527,350.6 331.1 499.8 457.6,1,1.200,0,0,38.544,25.944
/Users/lujintao/Downloads/Weixin Videos2026-05-04_154833_153.mp4,1711,57.033,97,motorcycle,0.302,0.1 438.7 50.5 507.5,0,,0,0,38.544,25.944
/Users/lujintao/Downloads/Weixin Videos2026-05-04_154833_153.mp4,1712,57.067,93,motorcycle,0.565,351.0 332.3 500.1 457.5,1,1.200,0,0,36.483,27.410
/Users/lujintao/Downloads/Weixin Videos2026-05-04_154833_153.mp4,1712,57.067,84,motorcycle,0.517,189.7 332.6 361.7 455.8,1,1.200,0,0,36.483,27.410
/Users/lujintao/Downloads/Weixin Videos2026-05-04_154833_153.mp4,1712,57.067,97,motorcycle,0.301,0.1 438.4 50.5 507.4,0,,0,0,36.483,27.410
/Users/lujintao/Downloads/Weixin Videos2026-05-04_154833_153.mp4,1713,57.100,93,motorcycle,0.560,350.9 331.9 499.8 457.4,1,1.200,0,0,30.194,33.119
/Users/lujintao/Downloads/Weixin Videos2026-05-04_154833_153.mp4,1713,57.100,84,motorcycle,0.507,189.7 333.6 360.7 456.0,1,1.200,0,0,30.194,33.119
/Users/lujintao/Downloads/Weixin Videos2026-05-04_154833_153.mp4,1713,57.100,97,motorcycle,0.292,0.1 438.8 50.7 507.4,0,,0,0,30.194,33.119
/Users/lujintao/Downloads/Weixin Videos2026-05-04_154833_153.mp4,1714,57.133,93,motorcycle,0.578,350.7 331.6 499.9 457.4,1,1.200,0,0,32.390,30.873
/Users/lujintao/Downloads/Weixin Videos2026-05-04_154833_153.mp4,1714,57.133,84,motorcycle,0.509,190.3 329.8 360.4 455.7,1,1.200,0,0,32.390,30.873
/Users/lujintao/Downloads/Weixin Videos2026-05-04_154833_153.mp4,1714,57.133,97,motorcycle,0.279,0.1 438.7 50.6 507.4,0,,0,0,32.390,30.873
/Users/lujintao/Downloads/Weixin Videos2026-05-04_154833_153.mp4,1715,57.167,93,motorcycle,0.597,350.6 332.1 500.2 457.5,1,1.200,0,0,32.313,30.947
/Users/lujintao/Downloads/Weixin Videos2026-05-04_154833_153.mp4,1715,57.167,84,motorcycle,0.514,189.2 329.5 360.3 456.1,1,1.200,0,0,32.313,30.947
/Users/lujintao/Downloads/Weixin Videos2026-05-04_154833_153.mp4,1715,57.167,97,motorcycle,0.283,0.1 438.4 50.1 507.6,0,,0,0,32.313,30.947
/Users/lujintao/Downloads/Weixin Videos2026-05-04_154833_153.mp4,1716,57.200,93,motorcycle,0.585,350.6 332.7 500.0 457.5,1,1.200,0,0,33.299,30.031
/Users/lujintao/Downloads/Weixin Videos2026-05-04_154833_153.mp4,1716,57.200,84,motorcycle,0.503,189.7 330.7 360.2 456.0,1,1.200,0,0,33.299,30.031
/Users/lujintao/Downloads/Weixin Videos2026-05-04_154833_153.mp4,1716,57.200,98,motorcycle,0.294,496.7 325.0 562.8 398.6,1,1.200,0,0,33.299,30.031
/Users/lujintao/Downloads/Weixin Videos2026-05-04_154833_153.mp4,1716,57.200,97,motorcycle,0.281,0.1 438.5 50.1 507.6,0,,0,0,33.299,30.031
/Users/lujintao/Downloads/Weixin Videos2026-05-04_154833_153.mp4,1717,57.233,93,motorcycle,0.571,350.0 331.8 499.9 457.3,1,1.200,0,0,43.244,23.125
/Users/lujintao/Downloads/Weixin Videos2026-05-04_154833_153.mp4,1717,57.233,84,motorcycle,0.472,188.5 330.8 361.4 456.3,1,1.200,0,0,43.244,23.125
/Users/lujintao/Downloads/Weixin Videos2026-05-04_154833_153.mp4,1717,57.233,97,motorcycle,0.265,0.1 438.3 49.9 507.2,0,,0,0,43.244,23.125
/Users/lujintao/Downloads/Weixin Videos2026-05-04_154833_153.mp4,1718,57.267,93,motorcycle,0.531,350.2 329.9 499.7 457.3,1,1.200,0,0,39.422,25.367
/Users/lujintao/Downloads/Weixin Videos2026-05-04_154833_153.mp4,1718,57.267,84,motorcycle,0.479,188.7 330.6 361.0 456.2,1,1.200,0,0,39.422,25.367
/Users/lujintao/Downloads/Weixin Videos2026-05-04_154833_153.mp4,1718,57.267,97,motorcycle,0.258,0.1 437.6 50.0 507.2,0,,0,0,39.422,25.367
/Users/lujintao/Downloads/Weixin Videos2026-05-04_154833_153.mp4,1719,57.300,93,motorcycle,0.539,350.7 341.8 499.3 459.7,1,1.200,0,0,34.170,29.265
/Users/lujintao/Downloads/Weixin Videos2026-05-04_154833_153.mp4,1719,57.300,84,motorcycle,0.466,186.6 330.3 360.9 456.2,1,1.200,0,0,34.170,29.265
/Users/lujintao/Downloads/Weixin Videos2026-05-04_154833_153.mp4,1719,57.300,98,motorcycle,0.256,495.5 325.6 562.6 399.5,1,1.200,0,0,34.170,29.265
/Users/lujintao/Downloads/Weixin Videos2026-05-04_154833_153.mp4,1719,57.300,97,motorcycle,0.253,0.1 438.0 48.4 507.4,0,,0,0,34.170,29.265
/Users/lujintao/Downloads/Weixin Videos2026-05-04_154833_153.mp4,1720,57.333,93,motorcycle,0.564,350.6 345.0 499.0 459.6,1,1.200,0,0,33.054,30.253
/Users/lujintao/Downloads/Weixin Videos2026-05-04_154833_153.mp4,1720,57.333,84,motorcycle,0.443,178.2 318.3 367.1 456.7,1,1.166,0,0,33.054,30.253
/Users/lujintao/Downloads/Weixin Videos2026-05-04_154833_153.mp4,1720,57.333,98,motorcycle,0.269,495.3 324.2 562.3 399.6,1,1.200,0,0,33.054,30.253
/Users/lujintao/Downloads/Weixin Videos2026-05-04_154833_153.mp4,1720,57.333,97,motorcycle,0.254,0.1 437.9 48.4 507.4,0,,0,0,33.054,30.253
/Users/lujintao/Downloads/Weixin Videos2026-05-04_154833_153.mp4,1721,57.367,93,motorcycle,0.560,350.9 343.0 499.3 459.6,1,1.200,0,0,53.758,18.602
/Users/lujintao/Downloads/Weixin Videos2026-05-04_154833_153.mp4,1721,57.367,84,motorcycle,0.471,178.9 317.1 367.3 456.6,1,1.175,0,0,53.758,18.602
/Users/lujintao/Downloads/Weixin Videos2026-05-04_154833_153.mp4,1721,57.367,98,motorcycle,0.279,496.1 323.6 562.1 399.4,1,1.200,0,0,53.758,18.602
/Users/lujintao/Downloads/Weixin Videos2026-05-04_154833_153.mp4,1722,57.400,93,motorcycle,0.584,351.1 341.3 499.1 459.6,1,1.200,0,0,31.960,31.289
/Users/lujintao/Downloads/Weixin Videos2026-05-04_154833_153.mp4,1722,57.400,84,motorcycle,0.459,178.7 319.5 368.3 456.5,1,1.173,0,0,31.960,31.289
/Users/lujintao/Downloads/Weixin Videos2026-05-04_154833_153.mp4,1722,57.400,98,motorcycle,0.278,496.2 323.0 562.4 399.6,1,1.200,0,0,31.960,31.289
/Users/lujintao/Downloads/Weixin Videos2026-05-04_154833_153.mp4,1723,57.433,93,motorcycle,0.594,350.5 338.3 499.2 459.9,1,1.200,0,0,34.504,28.982
/Users/lujintao/Downloads/Weixin Videos2026-05-04_154833_153.mp4,1723,57.433,84,motorcycle,0.480,177.6 321.5 363.8 456.7,1,1.178,0,0,34.504,28.982
/Users/lujintao/Downloads/Weixin Videos2026-05-04_154833_153.mp4,1723,57.433,97,motorcycle,0.252,0.1 438.0 48.0 507.4,0,,0,0,34.504,28.982
/Users/lujintao/Downloads/Weixin Videos2026-05-04_154833_153.mp4,1724,57.467,93,motorcycle,0.602,350.1 338.4 498.8 460.2,1,1.200,0,0,39.449,25.349
/Users/lujintao/Downloads/Weixin Videos2026-05-04_154833_153.mp4,1724,57.467,84,motorcycle,0.490,177.6 325.5 364.1 456.9,1,1.193,0,0,39.449,25.349
/Users/lujintao/Downloads/Weixin Videos2026-05-04_154833_153.mp4,1725,57.500,93,motorcycle,0.616,350.2 340.0 498.9 460.0,1,1.200,0,0,35.948,27.818
/Users/lujintao/Downloads/Weixin Videos2026-05-04_154833_153.mp4,1725,57.500,84,motorcycle,0.477,187.0 331.2 361.8 457.9,1,1.200,0,0,35.948,27.818
/Users/lujintao/Downloads/Weixin Videos2026-05-04_154833_153.mp4,1726,57.533,93,motorcycle,0.596,349.9 339.1 499.0 459.9,1,1.200,0,0,38.100,26.247
/Users/lujintao/Downloads/Weixin Videos2026-05-04_154833_153.mp4,1726,57.533,84,motorcycle,0.471,187.8 325.4 361.0 456.4,1,1.200,0,0,38.100,26.247
/Users/lujintao/Downloads/Weixin Videos2026-05-04_154833_153.mp4,1727,57.567,93,motorcycle,0.605,349.5 336.9 499.0 460.0,1,1.200,0,0,33.989,29.421
/Users/lujintao/Downloads/Weixin Videos2026-05-04_154833_153.mp4,1727,57.567,84,motorcycle,0.484,186.6 323.3 360.9 456.8,1,1.193,0,0,33.989,29.421
/Users/lujintao/Downloads/Weixin Videos2026-05-04_154833_153.mp4,1727,57.567,98,motorcycle,0.252,472.6 303.4 567.8 399.1,1,1.200,0,0,33.989,29.421
/Users/lujintao/Downloads/Weixin Videos2026-05-04_154833_153.mp4,1728,57.600,93,motorcycle,0.631,349.8 337.7 499.3 460.0,1,1.200,0,0,39.620,25.240
/Users/lujintao/Downloads/Weixin Videos2026-05-04_154833_153.mp4,1728,57.600,84,motorcycle,0.492,183.2 324.9 361.8 457.1,1,1.184,0,0,39.620,25.240
/Users/lujintao/Downloads/Weixin Videos2026-05-04_154833_153.mp4,1728,57.600,98,motorcycle,0.261,471.4 303.9 567.7 398.9,1,1.200,0,0,39.620,25.240
/Users/lujintao/Downloads/Weixin Videos2026-05-04_154833_153.mp4,1729,57.633,93,motorcycle,0.651,349.5 338.1 499.4 459.9,1,1.200,0,0,65.410,15.288
/Users/lujintao/Downloads/Weixin Videos2026-05-04_154833_153.mp4,1729,57.633,84,motorcycle,0.536,183.7 325.3 362.6 457.8,1,1.183,0,0,65.410,15.288
/Users/lujintao/Downloads/Weixin Videos2026-05-04_154833_153.mp4,1729,57.633,98,motorcycle,0.272,496.4 319.5 563.7 399.5,1,1.200,0,0,65.410,15.288
/Users/lujintao/Downloads/Weixin Videos2026-05-04_154833_153.mp4,1729,57.633,97,motorcycle,0.256,0.1 439.0 46.8 507.1,0,,0,0,65.410,15.288
/Users/lujintao/Downloads/Weixin Videos2026-05-04_154833_153.mp4,1730,57.667,93,motorcycle,0.678,350.0 338.1 499.8 460.0,1,1.200,0,0,33.423,29.920
/Users/lujintao/Downloads/Weixin Videos2026-05-04_154833_153.mp4,1730,57.667,84,motorcycle,0.540,183.7 323.8 362.9 457.7,1,1.184,0,0,33.423,29.920
/Users/lujintao/Downloads/Weixin Videos2026-05-04_154833_153.mp4,1730,57.667,98,motorcycle,0.289,495.9 318.7 563.9 399.6,1,1.200,0,0,33.423,29.920
/Users/lujintao/Downloads/Weixin Videos2026-05-04_154833_153.mp4,1730,57.667,97,motorcycle,0.258,0.1 438.8 46.8 507.1,0,,0,0,33.423,29.920
/Users/lujintao/Downloads/Weixin Videos2026-05-04_154833_153.mp4,1731,57.700,93,motorcycle,0.679,350.1 338.1 499.6 459.8,1,1.200,0,0,33.147,30.169
/Users/lujintao/Downloads/Weixin Videos2026-05-04_154833_153.mp4,1731,57.700,84,motorcycle,0.574,181.6 321.6 363.4 457.6,1,1.175,0,0,33.147,30.169
/Users/lujintao/Downloads/Weixin Videos2026-05-04_154833_153.mp4,1731,57.700,98,motorcycle,0.365,496.3 319.2 563.9 399.5,1,1.200,0,0,33.147,30.169
/Users/lujintao/Downloads/Weixin Videos2026-05-04_154833_153.mp4,1731,57.700,97,motorcycle,0.288,0.1 438.7 46.8 507.5,0,,0,0,33.147,30.169
/Users/lujintao/Downloads/Weixin Videos2026-05-04_154833_153.mp4,1732,57.733,93,motorcycle,0.677,349.9 338.2 499.5 459.8,1,1.200,0,0,32.160,31.094
/Users/lujintao/Downloads/Weixin Videos2026-05-04_154833_153.mp4,1732,57.733,84,motorcycle,0.564,182.0 321.8 363.1 457.6,1,1.172,0,0,32.160,31.094
/Users/lujintao/Downloads/Weixin Videos2026-05-04_154833_153.mp4,1732,57.733,98,motorcycle,0.384,496.2 319.1 564.1 399.5,1,1.200,0,0,32.160,31.094
/Users/lujintao/Downloads/Weixin Videos2026-05-04_154833_153.mp4,1732,57.733,97,motorcycle,0.282,0.1 438.7 46.8 507.5,0,,0,0,32.160,31.094
/Users/lujintao/Downloads/Weixin Videos2026-05-04_154833_153.mp4,1733,57.767,93,motorcycle,0.667,349.6 338.0 499.6 459.8,1,1.200,0,0,41.423,24.141
/Users/lujintao/Downloads/Weixin Videos2026-05-04_154833_153.mp4,1733,57.767,84,motorcycle,0.578,181.8 322.7 363.1 457.8,1,1.173,0,0,41.423,24.141
/Users/lujintao/Downloads/Weixin Videos2026-05-04_154833_153.mp4,1733,57.767,98,motorcycle,0.413,496.8 319.7 564.1 399.6,0,,0,0,41.423,24.141
/Users/lujintao/Downloads/Weixin Videos2026-05-04_154833_153.mp4,1733,57.767,97,motorcycle,0.272,0.1 438.7 46.9 507.6,0,,0,0,41.423,24.141
/Users/lujintao/Downloads/Weixin Videos2026-05-04_154833_153.mp4,1734,57.800,93,motorcycle,0.660,349.8 337.9 499.7 459.9,1,1.200,0,0,35.783,27.946
/Users/lujintao/Downloads/Weixin Videos2026-05-04_154833_153.mp4,1734,57.800,84,motorcycle,0.538,181.3 325.3 363.0 458.6,1,1.176,0,0,35.783,27.946
/Users/lujintao/Downloads/Weixin Videos2026-05-04_154833_153.mp4,1734,57.800,98,motorcycle,0.431,495.4 319.4 564.1 399.8,0,,0,0,35.783,27.946
/Users/lujintao/Downloads/Weixin Videos2026-05-04_154833_153.mp4,1734,57.800,97,motorcycle,0.278,0.1 438.7 46.7 507.6,0,,0,0,35.783,27.946
/Users/lujintao/Downloads/Weixin Videos2026-05-04_154833_153.mp4,1735,57.833,93,motorcycle,0.666,350.0 337.6 499.8 459.8,1,1.200,0,0,38.460,26.001
/Users/lujintao/Downloads/Weixin Videos2026-05-04_154833_153.mp4,1735,57.833,84,motorcycle,0.565,179.2 325.3 363.1 458.7,1,1.172,0,0,38.460,26.001
/Users/lujintao/Downloads/Weixin Videos2026-05-04_154833_153.mp4,1735,57.833,98,motorcycle,0.434,495.8 318.3 564.6 399.9,1,1.200,0,0,38.460,26.001
/Users/lujintao/Downloads/Weixin Videos2026-05-04_154833_153.mp4,1735,57.833,97,motorcycle,0.261,0.1 438.5 46.8 507.6,0,,0,0,38.460,26.001
/Users/lujintao/Downloads/Weixin Videos2026-05-04_154833_153.mp4,1736,57.867,93,motorcycle,0.665,350.2 336.9 499.8 459.9,1,1.200,0,0,36.704,27.245
/Users/lujintao/Downloads/Weixin Videos2026-05-04_154833_153.mp4,1736,57.867,84,motorcycle,0.580,179.5 325.2 363.4 458.7,1,1.172,0,0,36.704,27.245
/Users/lujintao/Downloads/Weixin Videos2026-05-04_154833_153.mp4,1736,57.867,98,motorcycle,0.447,496.3 318.3 565.0 399.9,1,1.200,0,0,36.704,27.245
/Users/lujintao/Downloads/Weixin Videos2026-05-04_154833_153.mp4,1736,57.867,97,motorcycle,0.254,0.1 438.3 46.9 507.1,0,,0,0,36.704,27.245
/Users/lujintao/Downloads/Weixin Videos2026-05-04_154833_153.mp4,1737,57.900,93,motorcycle,0.667,349.9 336.2 499.3 459.7,1,1.200,0,0,35.410,28.240
/Users/lujintao/Downloads/Weixin Videos2026-05-04_154833_153.mp4,1737,57.900,84,motorcycle,0.593,179.2 325.0 363.0 458.5,1,1.174,0,0,35.410,28.240
/Users/lujintao/Downloads/Weixin Videos2026-05-04_154833_153.mp4,1737,57.900,98,motorcycle,0.488,497.4 318.8 565.5 399.9,1,1.200,0,0,35.410,28.240
/Users/lujintao/Downloads/Weixin Videos2026-05-04_154833_153.mp4,1738,57.933,93,motorcycle,0.666,350.0 335.9 499.3 459.7,1,1.200,0,0,35.872,27.877
/Users/lujintao/Downloads/Weixin Videos2026-05-04_154833_153.mp4,1738,57.933,84,motorcycle,0.587,179.3 325.6 362.7 458.4,1,1.171,0,0,35.872,27.877
/Users/lujintao/Downloads/Weixin Videos2026-05-04_154833_153.mp4,1738,57.933,98,motorcycle,0.487,497.1 319.0 565.6 399.8,1,1.200,0,0,35.872,27.877
/Users/lujintao/Downloads/Weixin Videos2026-05-04_154833_153.mp4,1738,57.933,97,motorcycle,0.253,0.1 438.6 46.6 507.1,0,,0,0,35.872,27.877
/Users/lujintao/Downloads/Weixin Videos2026-05-04_154833_153.mp4,1739,57.967,93,motorcycle,0.691,349.6 336.2 499.4 459.6,1,1.200,0,0,33.006,30.298
/Users/lujintao/Downloads/Weixin Videos2026-05-04_154833_153.mp4,1739,57.967,84,motorcycle,0.595,178.0 323.6 362.3 458.6,1,1.170,0,0,33.006,30.298
/Users/lujintao/Downloads/Weixin Videos2026-05-04_154833_153.mp4,1739,57.967,98,motorcycle,0.484,497.0 319.2 566.4 399.8,1,1.200,0,0,33.006,30.298
/Users/lujintao/Downloads/Weixin Videos2026-05-04_154833_153.mp4,1740,58.000,93,motorcycle,0.671,349.6 337.2 499.3 459.9,1,1.200,0,0,29.914,33.429
/Users/lujintao/Downloads/Weixin Videos2026-05-04_154833_153.mp4,1740,58.000,84,motorcycle,0.606,176.1 322.7 361.8 458.7,1,1.174,0,0,29.914,33.429
/Users/lujintao/Downloads/Weixin Videos2026-05-04_154833_153.mp4,1740,58.000,98,motorcycle,0.457,496.7 319.2 566.5 399.8,1,1.200,0,0,29.914,33.429
/Users/lujintao/Downloads/Weixin Videos2026-05-04_154833_153.mp4,1741,58.033,93,motorcycle,0.660,349.7 337.3 499.2 459.8,1,1.200,0,0,29.251,34.187
/Users/lujintao/Downloads/Weixin Videos2026-05-04_154833_153.mp4,1741,58.033,84,motorcycle,0.603,176.3 322.9 361.9 458.8,1,1.175,0,0,29.251,34.187
/Users/lujintao/Downloads/Weixin Videos2026-05-04_154833_153.mp4,1741,58.033,98,motorcycle,0.434,496.6 319.7 566.2 399.8,1,1.200,0,0,29.251,34.187
/Users/lujintao/Downloads/Weixin Videos2026-05-04_154833_153.mp4,1742,58.067,93,motorcycle,0.627,349.2 336.7 499.2 459.8,1,1.200,0,0,42.866,23.328
/Users/lujintao/Downloads/Weixin Videos2026-05-04_154833_153.mp4,1742,58.067,84,motorcycle,0.582,176.6 322.2 362.1 458.7,1,1.168,0,0,42.866,23.328
/Users/lujintao/Downloads/Weixin Videos2026-05-04_154833_153.mp4,1742,58.067,98,motorcycle,0.418,497.0 321.7 564.9 399.8,1,1.200,0,0,42.866,23.328
/Users/lujintao/Downloads/Weixin Videos2026-05-04_154833_153.mp4,1743,58.100,93,motorcycle,0.635,349.3 337.2 499.2 460.2,1,1.200,0,0,36.224,27.606
/Users/lujintao/Downloads/Weixin Videos2026-05-04_154833_153.mp4,1743,58.100,84,motorcycle,0.585,176.5 321.5 362.3 458.4,1,1.170,0,0,36.224,27.606
/Users/lujintao/Downloads/Weixin Videos2026-05-04_154833_153.mp4,1743,58.100,98,motorcycle,0.391,496.2 321.7 565.1 399.8,1,1.200,0,0,36.224,27.606
/Users/lujintao/Downloads/Weixin Videos2026-05-04_154833_153.mp4,1744,58.133,93,motorcycle,0.628,348.9 336.0 499.3 460.1,1,1.200,0,0,34.172,29.264
/Users/lujintao/Downloads/Weixin Videos2026-05-04_154833_153.mp4,1744,58.133,84,motorcycle,0.578,176.9 321.7 362.0 458.6,1,1.172,0,0,34.172,29.264
/Users/lujintao/Downloads/Weixin Videos2026-05-04_154833_153.mp4,1744,58.133,98,motorcycle,0.327,496.7 322.0 564.5 399.8,1,1.200,0,0,34.172,29.264
/Users/lujintao/Downloads/Weixin Videos2026-05-04_154833_153.mp4,1745,58.167,93,motorcycle,0.627,348.7 335.5 499.2 460.2,1,1.200,0,0,31.146,32.107
/Users/lujintao/Downloads/Weixin Videos2026-05-04_154833_153.mp4,1745,58.167,84,motorcycle,0.572,176.3 321.0 361.9 458.4,1,1.169,0,0,31.146,32.107
/Users/lujintao/Downloads/Weixin Videos2026-05-04_154833_153.mp4,1745,58.167,98,motorcycle,0.326,496.5 321.8 565.1 399.9,1,1.200,0,0,31.146,32.107
/Users/lujintao/Downloads/Weixin Videos2026-05-04_154833_153.mp4,1746,58.200,93,motorcycle,0.631,349.0 336.4 499.0 460.2,1,1.200,0,0,31.877,31.370
/Users/lujintao/Downloads/Weixin Videos2026-05-04_154833_153.mp4,1746,58.200,84,motorcycle,0.555,176.2 318.4 361.7 458.6,1,1.164,0,0,31.877,31.370
/Users/lujintao/Downloads/Weixin Videos2026-05-04_154833_153.mp4,1746,58.200,98,motorcycle,0.363,496.4 321.6 563.9 399.9,1,1.200,0,0,31.877,31.370
/Users/lujintao/Downloads/Weixin Videos2026-05-04_154833_153.mp4,1747,58.233,93,motorcycle,0.640,348.9 336.9 499.0 460.2,1,1.200,0,0,32.826,30.463
/Users/lujintao/Downloads/Weixin Videos2026-05-04_154833_153.mp4,1747,58.233,84,motorcycle,0.564,176.8 317.0 361.8 458.6,1,1.164,0,0,32.826,30.463
/Users/lujintao/Downloads/Weixin Videos2026-05-04_154833_153.mp4,1747,58.233,98,motorcycle,0.345,496.6 322.6 563.7 399.8,0,,0,0,32.826,30.463
/Users/lujintao/Downloads/Weixin Videos2026-05-04_154833_153.mp4,1747,58.233,99,motorcycle,0.253,0.1 438.7 45.7 506.9,0,,0,0,32.826,30.463
/Users/lujintao/Downloads/Weixin Videos2026-05-04_154833_153.mp4,1748,58.267,93,motorcycle,0.613,348.5 335.4 498.4 460.1,1,1.200,0,0,33.810,29.577
/Users/lujintao/Downloads/Weixin Videos2026-05-04_154833_153.mp4,1748,58.267,84,motorcycle,0.567,176.2 318.4 361.5 458.3,1,1.166,0,0,33.810,29.577
/Users/lujintao/Downloads/Weixin Videos2026-05-04_154833_153.mp4,1748,58.267,98,motorcycle,0.296,496.9 322.2 563.6 399.8,0,,0,0,33.810,29.577
/Users/lujintao/Downloads/Weixin Videos2026-05-04_154833_153.mp4,1748,58.267,99,motorcycle,0.259,0.1 438.6 45.5 506.9,0,,0,0,33.810,29.577
/Users/lujintao/Downloads/Weixin Videos2026-05-04_154833_153.mp4,1749,58.300,93,motorcycle,0.619,348.2 336.1 498.5 460.1,1,1.200,0,0,34.153,29.280
/Users/lujintao/Downloads/Weixin Videos2026-05-04_154833_153.mp4,1749,58.300,84,motorcycle,0.550,176.1 318.7 361.5 458.2,1,1.164,0,0,34.153,29.280
/Users/lujintao/Downloads/Weixin Videos2026-05-04_154833_153.mp4,1749,58.300,98,motorcycle,0.334,496.5 322.2 563.7 399.8,0,,0,0,34.153,29.280
/Users/lujintao/Downloads/Weixin Videos2026-05-04_154833_153.mp4,1749,58.300,99,motorcycle,0.294,0.1 438.7 45.3 507.0,0,,0,0,34.153,29.280
/Users/lujintao/Downloads/Weixin Videos2026-05-04_154833_153.mp4,1750,58.333,93,motorcycle,0.620,348.3 336.4 498.7 460.1,1,1.200,0,0,30.920,32.342
/Users/lujintao/Downloads/Weixin Videos2026-05-04_154833_153.mp4,1750,58.333,84,motorcycle,0.559,176.1 319.6 361.8 458.2,1,1.166,0,0,30.920,32.342
/Users/lujintao/Downloads/Weixin Videos2026-05-04_154833_153.mp4,1750,58.333,98,motorcycle,0.330,495.6 322.2 562.3 400.2,1,1.200,0,0,30.920,32.342
/Users/lujintao/Downloads/Weixin Videos2026-05-04_154833_153.mp4,1750,58.333,99,motorcycle,0.281,0.1 438.9 45.3 507.0,0,,0,0,30.920,32.342
/Users/lujintao/Downloads/Weixin Videos2026-05-04_154833_153.mp4,1751,58.367,93,motorcycle,0.626,348.4 337.0 498.8 460.1,1,1.200,0,0,43.498,22.990
/Users/lujintao/Downloads/Weixin Videos2026-05-04_154833_153.mp4,1751,58.367,84,motorcycle,0.586,176.2 323.6 362.0 458.1,1,1.172,0,0,43.498,22.990
/Users/lujintao/Downloads/Weixin Videos2026-05-04_154833_153.mp4,1751,58.367,98,motorcycle,0.293,494.8 322.8 561.7 400.1,0,,0,0,43.498,22.990
/Users/lujintao/Downloads/Weixin Videos2026-05-04_154833_153.mp4,1751,58.367,99,motorcycle,0.293,0.1 438.8 45.2 507.1,0,,0,0,43.498,22.990
/Users/lujintao/Downloads/Weixin Videos2026-05-04_154833_153.mp4,1752,58.400,93,motorcycle,0.629,348.1 336.3 498.9 460.3,1,1.200,0,0,32.494,30.775
/Users/lujintao/Downloads/Weixin Videos2026-05-04_154833_153.mp4,1752,58.400,84,motorcycle,0.585,176.5 323.0 361.3 458.1,1,1.176,0,0,32.494,30.775
/Users/lujintao/Downloads/Weixin Videos2026-05-04_154833_153.mp4,1752,58.400,98,motorcycle,0.280,495.0 322.5 561.1 400.1,0,,0,0,32.494,30.775
/Users/lujintao/Downloads/Weixin Videos2026-05-04_154833_153.mp4,1752,58.400,99,motorcycle,0.263,0.1 439.1 45.4 507.1,0,,0,0,32.494,30.775
/Users/lujintao/Downloads/Weixin Videos2026-05-04_154833_153.mp4,1753,58.433,93,motorcycle,0.624,348.0 336.0 498.8 460.4,1,1.200,0,0,37.145,26.921
/Users/lujintao/Downloads/Weixin Videos2026-05-04_154833_153.mp4,1753,58.433,84,motorcycle,0.560,176.7 317.9 361.2 457.8,1,1.169,0,0,37.145,26.921
/Users/lujintao/Downloads/Weixin Videos2026-05-04_154833_153.mp4,1753,58.433,98,motorcycle,0.265,493.1 329.1 552.3 400.4,0,,0,0,37.145,26.921
/Users/lujintao/Downloads/Weixin Videos2026-05-04_154833_153.mp4,1753,58.433,99,motorcycle,0.254,0.1 439.2 45.4 506.8,0,,0,0,37.145,26.921
/Users/lujintao/Downloads/Weixin Videos2026-05-04_154833_153.mp4,1754,58.467,93,motorcycle,0.630,348.5 335.3 498.8 460.5,1,1.200,0,0,35.204,28.405
/Users/lujintao/Downloads/Weixin Videos2026-05-04_154833_153.mp4,1754,58.467,84,motorcycle,0.587,175.7 321.2 361.7 458.1,1,1.172,0,0,35.204,28.405
/Users/lujintao/Downloads/Weixin Videos2026-05-04_154833_153.mp4,1754,58.467,98,motorcycle,0.273,491.9 312.5 565.5 401.6,0,,0,0,35.204,28.405
/Users/lujintao/Downloads/Weixin Videos2026-05-04_154833_153.mp4,1755,58.500,93,motorcycle,0.624,348.2 335.1 498.7 460.5,1,1.200,0,0,31.724,31.522
/Users/lujintao/Downloads/Weixin Videos2026-05-04_154833_153.mp4,1755,58.500,84,motorcycle,0.584,176.0 322.4 361.2 457.8,1,1.172,0,0,31.724,31.522
/Users/lujintao/Downloads/Weixin Videos2026-05-04_154833_153.mp4,1755,58.500,98,motorcycle,0.270,491.8 312.8 566.2 401.5,0,,0,0,31.724,31.522
/Users/lujintao/Downloads/Weixin Videos2026-05-04_154833_153.mp4,1756,58.533,93,motorcycle,0.616,348.4 334.9 498.7 460.5,1,1.200,0,0,34.485,28.998
/Users/lujintao/Downloads/Weixin Videos2026-05-04_154833_153.mp4,1756,58.533,84,motorcycle,0.594,176.9 321.7 361.5 458.1,1,1.169,0,0,34.485,28.998
/Users/lujintao/Downloads/Weixin Videos2026-05-04_154833_153.mp4,1756,58.533,98,motorcycle,0.313,492.2 307.8 570.2 401.0,0,,0,0,34.485,28.998
/Users/lujintao/Downloads/Weixin Videos2026-05-04_154833_153.mp4,1757,58.567,93,motorcycle,0.598,348.2 332.9 498.9 460.5,1,1.200,0,0,33.038,30.268
/Users/lujintao/Downloads/Weixin Videos2026-05-04_154833_153.mp4,1757,58.567,84,motorcycle,0.592,177.5 321.6 361.5 458.5,1,1.165,0,0,33.038,30.268
/Users/lujintao/Downloads/Weixin Videos2026-05-04_154833_153.mp4,1757,58.567,98,motorcycle,0.307,493.3 305.9 570.3 400.7,0,,0,0,33.038,30.268
/Users/lujintao/Downloads/Weixin Videos2026-05-04_154833_153.mp4,1757,58.567,99,motorcycle,0.256,0.1 438.9 45.3 506.7,0,,0,0,33.038,30.268
/Users/lujintao/Downloads/Weixin Videos2026-05-04_154833_153.mp4,1758,58.600,93,motorcycle,0.597,347.5 333.7 499.0 460.6,1,1.200,0,0,34.639,28.869
/Users/lujintao/Downloads/Weixin Videos2026-05-04_154833_153.mp4,1758,58.600,84,motorcycle,0.592,177.4 322.6 361.7 458.9,1,1.168,0,0,34.639,28.869
/Users/lujintao/Downloads/Weixin Videos2026-05-04_154833_153.mp4,1758,58.600,98,motorcycle,0.289,493.4 304.2 570.2 400.3,0,,0,0,34.639,28.869
/Users/lujintao/Downloads/Weixin Videos2026-05-04_154833_153.mp4,1759,58.633,93,motorcycle,0.604,347.7 333.9 499.1 460.6,1,1.200,0,0,34.868,28.679
/Users/lujintao/Downloads/Weixin Videos2026-05-04_154833_153.mp4,1759,58.633,84,motorcycle,0.584,177.2 322.5 361.6 458.8,1,1.163,0,0,34.868,28.679
/Users/lujintao/Downloads/Weixin Videos2026-05-04_154833_153.mp4,1759,58.633,98,motorcycle,0.261,494.9 323.1 561.4 399.9,0,,0,0,34.868,28.679
/Users/lujintao/Downloads/Weixin Videos2026-05-04_154833_153.mp4,1760,58.667,93,motorcycle,0.603,348.3 334.7 498.7 460.5,1,1.200,0,0,35.180,28.425
/Users/lujintao/Downloads/Weixin Videos2026-05-04_154833_153.mp4,1760,58.667,84,motorcycle,0.592,177.1 323.5 362.1 458.9,1,1.166,0,0,35.180,28.425
/Users/lujintao/Downloads/Weixin Videos2026-05-04_154833_153.mp4,1760,58.667,98,motorcycle,0.288,495.0 323.2 561.0 399.7,0,,0,0,35.180,28.425
/Users/lujintao/Downloads/Weixin Videos2026-05-04_154833_153.mp4,1761,58.700,93,motorcycle,0.594,348.3 334.3 498.6 460.4,1,1.200,0,0,35.847,27.897
/Users/lujintao/Downloads/Weixin Videos2026-05-04_154833_153.mp4,1761,58.700,84,motorcycle,0.593,177.4 323.4 362.2 458.5,1,1.169,0,0,35.847,27.897
/Users/lujintao/Downloads/Weixin Videos2026-05-04_154833_153.mp4,1761,58.700,98,motorcycle,0.279,493.5 304.8 568.5 400.5,0,,0,0,35.847,27.897
/Users/lujintao/Downloads/Weixin Videos2026-05-04_154833_153.mp4,1762,58.733,84,motorcycle,0.587,176.5 327.4 362.2 459.8,1,1.163,0,0,32.471,30.797
/Users/lujintao/Downloads/Weixin Videos2026-05-04_154833_153.mp4,1762,58.733,93,motorcycle,0.583,348.7 334.2 498.5 460.5,1,1.200,0,0,32.471,30.797
/Users/lujintao/Downloads/Weixin Videos2026-05-04_154833_153.mp4,1762,58.733,98,motorcycle,0.292,493.8 321.5 561.9 399.9,0,,0,0,32.471,30.797
/Users/lujintao/Downloads/Weixin Videos2026-05-04_154833_153.mp4,1763,58.767,84,motorcycle,0.596,176.6 326.3 361.8 459.9,1,1.165,0,0,35.917,27.842
/Users/lujintao/Downloads/Weixin Videos2026-05-04_154833_153.mp4,1763,58.767,93,motorcycle,0.574,348.5 332.9 498.3 460.4,1,1.200,0,0,35.917,27.842
/Users/lujintao/Downloads/Weixin Videos2026-05-04_154833_153.mp4,1763,58.767,98,motorcycle,0.278,493.7 321.6 561.5 399.8,0,,0,0,35.917,27.842
/Users/lujintao/Downloads/Weixin Videos2026-05-04_154833_153.mp4,1764,58.800,84,motorcycle,0.618,175.2 328.0 360.6 459.6,1,1.174,0,0,32.262,30.997
/Users/lujintao/Downloads/Weixin Videos2026-05-04_154833_153.mp4,1764,58.800,93,motorcycle,0.572,348.2 332.4 498.1 460.2,1,1.200,0,0,32.262,30.997
/Users/lujintao/Downloads/Weixin Videos2026-05-04_154833_153.mp4,1764,58.800,98,motorcycle,0.288,493.4 322.9 561.8 399.7,0,,0,0,32.262,30.997
/Users/lujintao/Downloads/Weixin Videos2026-05-04_154833_153.mp4,1765,58.833,84,motorcycle,0.609,175.4 327.0 360.2 459.5,1,1.175,0,0,34.009,29.404
/Users/lujintao/Downloads/Weixin Videos2026-05-04_154833_153.mp4,1765,58.833,93,motorcycle,0.580,348.3 332.5 498.2 460.2,1,1.200,0,0,34.009,29.404
/Users/lujintao/Downloads/Weixin Videos2026-05-04_154833_153.mp4,1765,58.833,98,motorcycle,0.286,493.0 322.7 561.6 399.8,0,,0,0,34.009,29.404
/Users/lujintao/Downloads/Weixin Videos2026-05-04_154833_153.mp4,1766,58.867,84,motorcycle,0.585,173.5 328.2 360.5 459.4,1,1.164,0,0,46.738,21.396
/Users/lujintao/Downloads/Weixin Videos2026-05-04_154833_153.mp4,1766,58.867,93,motorcycle,0.584,348.6 330.9 498.4 460.3,1,1.200,0,0,46.738,21.396
/Users/lujintao/Downloads/Weixin Videos2026-05-04_154833_153.mp4,1766,58.867,98,motorcycle,0.275,491.0 328.4 549.9 400.4,0,,0,0,46.738,21.396
/Users/lujintao/Downloads/Weixin Videos2026-05-04_154833_153.mp4,1767,58.900,84,motorcycle,0.591,173.3 326.3 360.0 459.5,1,1.160,0,0,33.696,29.677
/Users/lujintao/Downloads/Weixin Videos2026-05-04_154833_153.mp4,1767,58.900,93,motorcycle,0.581,348.5 330.4 498.4 460.2,1,1.200,0,0,33.696,29.677
/Users/lujintao/Downloads/Weixin Videos2026-05-04_154833_153.mp4,1767,58.900,98,motorcycle,0.274,491.0 328.3 549.3 400.4,0,,0,0,33.696,29.677
/Users/lujintao/Downloads/Weixin Videos2026-05-04_154833_153.mp4,1768,58.933,84,motorcycle,0.598,173.9 326.3 359.3 459.6,1,1.159,0,0,58.831,16.998
/Users/lujintao/Downloads/Weixin Videos2026-05-04_154833_153.mp4,1768,58.933,93,motorcycle,0.580,348.4 329.3 498.5 460.5,1,1.200,0,0,58.831,16.998
/Users/lujintao/Downloads/Weixin Videos2026-05-04_154833_153.mp4,1768,58.933,98,motorcycle,0.288,490.5 328.5 549.9 400.5,0,,0,0,58.831,16.998
/Users/lujintao/Downloads/Weixin Videos2026-05-04_154833_153.mp4,1769,58.967,84,motorcycle,0.614,174.5 326.7 359.3 459.6,1,1.164,0,0,37.580,26.610
/Users/lujintao/Downloads/Weixin Videos2026-05-04_154833_153.mp4,1769,58.967,93,motorcycle,0.599,348.1 331.5 499.0 460.4,1,1.200,0,0,37.580,26.610
/Users/lujintao/Downloads/Weixin Videos2026-05-04_154833_153.mp4,1770,59.000,84,motorcycle,0.616,174.7 328.0 359.8 459.6,1,1.167,0,0,33.524,29.829
/Users/lujintao/Downloads/Weixin Videos2026-05-04_154833_153.mp4,1770,59.000,93,motorcycle,0.578,348.2 330.4 498.7 460.4,1,1.200,0,0,33.524,29.829
/Users/lujintao/Downloads/Weixin Videos2026-05-04_154833_153.mp4,1771,59.033,84,motorcycle,0.615,174.9 327.8 359.2 459.6,1,1.172,0,0,36.103,27.698
/Users/lujintao/Downloads/Weixin Videos2026-05-04_154833_153.mp4,1771,59.033,93,motorcycle,0.583,348.1 329.7 498.8 460.4,1,1.200,0,0,36.103,27.698
/Users/lujintao/Downloads/Weixin Videos2026-05-04_154833_153.mp4,1772,59.067,84,motorcycle,0.603,174.9 328.0 359.1 459.6,1,1.173,0,0,36.358,27.504
/Users/lujintao/Downloads/Weixin Videos2026-05-04_154833_153.mp4,1772,59.067,93,motorcycle,0.584,347.8 329.7 498.8 460.3,1,1.200,0,0,36.358,27.504
/Users/lujintao/Downloads/Weixin Videos2026-05-04_154833_153.mp4,1773,59.100,84,motorcycle,0.626,175.5 327.6 357.9 459.4,1,1.175,0,0,30.700,32.573
/Users/lujintao/Downloads/Weixin Videos2026-05-04_154833_153.mp4,1773,59.100,93,motorcycle,0.577,347.5 327.4 498.7 460.2,1,1.200,0,0,30.700,32.573
/Users/lujintao/Downloads/Weixin Videos2026-05-04_154833_153.mp4,1774,59.133,84,motorcycle,0.611,175.1 327.7 358.3 459.5,1,1.171,0,0,33.830,29.560
/Users/lujintao/Downloads/Weixin Videos2026-05-04_154833_153.mp4,1774,59.133,93,motorcycle,0.580,347.6 328.4 498.7 460.2,1,1.200,0,0,33.830,29.560
/Users/lujintao/Downloads/Weixin Videos2026-05-04_154833_153.mp4,1775,59.167,84,motorcycle,0.617,176.1 327.9 358.4 459.3,1,1.176,0,0,36.403,27.471
/Users/lujintao/Downloads/Weixin Videos2026-05-04_154833_153.mp4,1775,59.167,93,motorcycle,0.583,347.0 330.1 498.4 460.3,1,1.200,0,0,36.403,27.471
/Users/lujintao/Downloads/Weixin Videos2026-05-04_154833_153.mp4,1776,59.200,84,motorcycle,0.625,175.3 329.1 357.4 459.3,1,1.184,0,0,38.915,25.697
/Users/lujintao/Downloads/Weixin Videos2026-05-04_154833_153.mp4,1776,59.200,93,motorcycle,0.593,347.3 329.3 498.7 460.1,1,1.200,0,0,38.915,25.697
/Users/lujintao/Downloads/Weixin Videos2026-05-04_154833_153.mp4,1776,59.200,100,motorcycle,0.265,0.2 439.8 42.4 508.1,0,,0,0,38.915,25.697
/Users/lujintao/Downloads/Weixin Videos2026-05-04_154833_153.mp4,1777,59.233,84,motorcycle,0.645,176.6 329.7 356.7 459.4,1,1.185,0,0,48.261,20.721
/Users/lujintao/Downloads/Weixin Videos2026-05-04_154833_153.mp4,1777,59.233,93,motorcycle,0.608,346.8 330.4 498.8 460.1,1,1.200,0,0,48.261,20.721
/Users/lujintao/Downloads/Weixin Videos2026-05-04_154833_153.mp4,1777,59.233,101,motorcycle,0.323,0.0 425.5 118.9 707.3,0,,0,0,48.261,20.721
/Users/lujintao/Downloads/Weixin Videos2026-05-04_154833_153.mp4,1778,59.267,84,motorcycle,0.619,175.1 327.2 357.1 459.4,1,1.180,0,0,31.654,31.592
/Users/lujintao/Downloads/Weixin Videos2026-05-04_154833_153.mp4,1778,59.267,93,motorcycle,0.602,347.2 329.4 498.8 460.2,1,1.200,0,0,31.654,31.592
/Users/lujintao/Downloads/Weixin Videos2026-05-04_154833_153.mp4,1778,59.267,101,motorcycle,0.549,0.0 401.6 169.3 700.2,0,,0,0,31.654,31.592
/Users/lujintao/Downloads/Weixin Videos2026-05-04_154833_153.mp4,1779,59.300,101,motorcycle,0.706,0.4 378.0 218.5 698.8,0,,0,0,32.860,30.432
/Users/lujintao/Downloads/Weixin Videos2026-05-04_154833_153.mp4,1779,59.300,84,motorcycle,0.642,168.8 329.4 359.2 458.6,1,1.177,0,0,32.860,30.432
/Users/lujintao/Downloads/Weixin Videos2026-05-04_154833_153.mp4,1779,59.300,93,motorcycle,0.626,348.0 328.7 498.8 460.2,1,1.200,0,0,32.860,30.432
/Users/lujintao/Downloads/Weixin Videos2026-05-04_154833_153.mp4,1780,59.333,84,motorcycle,0.659,180.7 329.6 357.1 459.7,1,1.196,0,0,36.464,27.424
/Users/lujintao/Downloads/Weixin Videos2026-05-04_154833_153.mp4,1780,59.333,93,motorcycle,0.594,347.7 329.1 498.5 460.8,1,1.200,0,0,36.464,27.424
/Users/lujintao/Downloads/Weixin Videos2026-05-04_154833_153.mp4,1780,59.333,101,motorcycle,0.535,0.0 383.7 256.8 658.1,0,,0,0,36.464,27.424
/Users/lujintao/Downloads/Weixin Videos2026-05-04_154833_153.mp4,1781,59.367,101,motorcycle,0.671,0.7 367.0 296.3 648.6,0,,0,0,33.809,29.578
/Users/lujintao/Downloads/Weixin Videos2026-05-04_154833_153.mp4,1781,59.367,93,motorcycle,0.587,347.3 323.9 499.1 460.8,1,1.200,0,0,33.809,29.578
/Users/lujintao/Downloads/Weixin Videos2026-05-04_154833_153.mp4,1781,59.367,84,motorcycle,0.503,187.7 321.4 354.6 451.3,1,1.200,0,0,33.809,29.578
/Users/lujintao/Downloads/Weixin Videos2026-05-04_154833_153.mp4,1782,59.400,101,motorcycle,0.633,0.2 319.3 332.5 670.1,0,,0,0,34.521,28.968
/Users/lujintao/Downloads/Weixin Videos2026-05-04_154833_153.mp4,1782,59.400,93,motorcycle,0.567,345.4 328.3 498.8 461.0,1,1.200,0,0,34.521,28.968
/Users/lujintao/Downloads/Weixin Videos2026-05-04_154833_153.mp4,1782,59.400,84,motorcycle,0.275,217.8 327.0 353.5 432.9,1,1.200,0,0,34.521,28.968
/Users/lujintao/Downloads/Weixin Videos2026-05-04_154833_153.mp4,1783,59.433,101,motorcycle,0.705,0.6 361.0 366.0 679.8,1,1.200,0,0,31.883,31.364
/Users/lujintao/Downloads/Weixin Videos2026-05-04_154833_153.mp4,1783,59.433,93,motorcycle,0.573,347.4 325.1 498.4 459.1,1,1.200,0,0,31.883,31.364
/Users/lujintao/Downloads/Weixin Videos2026-05-04_154833_153.mp4,1784,59.467,93,motorcycle,0.500,345.5 329.0 498.5 458.7,1,1.200,0,0,37.347,26.776
/Users/lujintao/Downloads/Weixin Videos2026-05-04_154833_153.mp4,1784,59.467,101,motorcycle,0.386,5.2 359.8 397.6 653.8,1,1.200,0,0,37.347,26.776
/Users/lujintao/Downloads/Weixin Videos2026-05-04_154833_153.mp4,1785,59.500,101,motorcycle,0.455,108.0 310.4 424.7 609.7,0,,0,0,39.034,25.619
/Users/lujintao/Downloads/Weixin Videos2026-05-04_154833_153.mp4,1785,59.500,93,motorcycle,0.321,321.6 322.1 498.7 456.6,1,1.200,0,0,39.034,25.619
/Users/lujintao/Downloads/Weixin Videos2026-05-04_154833_153.mp4,1786,59.533,101,motorcycle,0.506,162.8 315.2 450.0 584.2,1,1.200,0,0,33.735,29.643
/Users/lujintao/Downloads/Weixin Videos2026-05-04_154833_153.mp4,1786,59.533,93,motorcycle,0.272,386.2 322.1 496.5 449.8,1,1.200,0,0,33.735,29.643
/Users/lujintao/Downloads/Weixin Videos2026-05-04_154833_153.mp4,1788,59.600,101,motorcycle,0.348,256.9 330.5 499.1 566.4,2,1.200 1.121,1,0,28.966,34.524
/Users/lujintao/Downloads/Weixin Videos2026-05-04_154833_153.mp4,1791,59.700,101,motorcycle,0.280,368.6 309.7 557.3 544.4,1,1.200,0,0,35.327,28.307
/Users/lujintao/Downloads/Weixin Videos2026-05-04_154833_153.mp4,1803,60.100,102,motorcycle,0.308,178.1 360.1 330.5 460.3,1,1.135,0,0,38.070,26.267
