video,frame,timestamp_sec,vehicle_track_id,vehicle_class,vehicle_conf,vehicle_bbox,matched_person_ids,matched_person_count,match_scores,raw_overload,confirmed_overload,elapsed_ms,fps
/Users/peter/Desktop/视频/原/3.mp4,0,0.000,1,motorcycle,0.483,536.4 356.8 608.1 416.4,,0,,0,0,44.660,22.392
/Users/peter/Desktop/视频/原/3.mp4,1,0.033,1,motorcycle,0.448,535.5 355.0 610.2 416.0,,0,,0,0,45.087,22.180
/Users/peter/Desktop/视频/原/3.mp4,2,0.067,1,motorcycle,0.710,541.4 353.6 613.9 415.9,,0,,0,0,41.035,24.370
/Users/peter/Desktop/视频/原/3.mp4,3,0.100,1,motorcycle,0.513,546.1 354.7 620.8 417.2,,0,,0,0,36.997,27.029
/Users/peter/Desktop/视频/原/3.mp4,3,0.100,2,motorcycle,0.328,204.6 379.0 371.3 481.7, ,2,1.200 1.139,1,0,36.997,27.029
/Users/peter/Desktop/视频/原/3.mp4,4,0.133,2,motorcycle,0.567,214.0 381.8 378.2 481.3,,1,1.200,0,0,35.520,28.153
/Users/peter/Desktop/视频/原/3.mp4,6,0.200,1,motorcycle,0.273,573.5 344.3 635.6 414.7,,1,1.200,0,0,33.594,29.767
/Users/peter/Desktop/视频/原/3.mp4,8,0.267,1,motorcycle,0.486,582.1 350.9 645.9 414.8,,0,,0,0,41.895,23.869
/Users/peter/Desktop/视频/原/3.mp4,9,0.300,1,motorcycle,0.409,598.7 349.3 651.4 414.3,,0,,0,0,33.255,30.071
/Users/peter/Desktop/视频/原/3.mp4,10,0.333,1,motorcycle,0.412,599.2 345.8 654.7 413.3,,0,,0,0,52.498,19.048
/Users/peter/Desktop/视频/原/3.mp4,11,0.367,1,motorcycle,0.419,600.8 342.6 659.6 412.5,,1,1.200,0,0,33.562,29.795
/Users/peter/Desktop/视频/原/3.mp4,12,0.400,1,motorcycle,0.457,611.3 346.9 664.4 411.5,,1,1.200,0,0,35.649,28.051
/Users/peter/Desktop/视频/原/3.mp4,13,0.433,1,motorcycle,0.421,616.0 348.1 667.4 410.3,,1,1.200,0,0,34.948,28.614
/Users/peter/Desktop/视频/原/3.mp4,14,0.467,1,motorcycle,0.480,616.8 344.3 673.0 408.1,,1,1.200,0,0,34.999,28.572
/Users/peter/Desktop/视频/原/3.mp4,14,0.467,3,motorcycle,0.427,0.1 427.0 34.9 493.7,,0,,0,0,34.999,28.572
/Users/peter/Desktop/视频/原/3.mp4,15,0.500,1,motorcycle,0.491,629.3 354.1 675.1 405.4,,1,1.200,0,0,51.455,19.434
/Users/peter/Desktop/视频/原/3.mp4,15,0.500,3,motorcycle,0.368,0.2 420.2 42.3 491.8,,0,,0,0,51.455,19.434
/Users/peter/Desktop/视频/原/3.mp4,16,0.533,1,motorcycle,0.394,631.2 342.3 678.6 403.1,,1,1.200,0,0,33.039,30.267
/Users/peter/Desktop/视频/原/3.mp4,17,0.567,1,motorcycle,0.524,636.1 341.0 682.2 402.5,,1,1.200,0,0,32.546,30.726
/Users/peter/Desktop/视频/原/3.mp4,17,0.567,3,motorcycle,0.376,0.2 398.1 58.5 487.8,,0,,0,0,32.546,30.726
/Users/peter/Desktop/视频/原/3.mp4,18,0.600,1,motorcycle,0.307,640.8 341.8 685.3 399.3,,0,,0,0,43.247,23.123
/Users/peter/Desktop/视频/原/3.mp4,19,0.633,3,motorcycle,0.461,0.2 392.1 70.7 486.6,,0,,0,0,32.342,30.920
/Users/peter/Desktop/视频/原/3.mp4,19,0.633,1,motorcycle,0.455,645.2 341.4 688.1 399.1, ,2,1.200 1.200,1,0,32.342,30.920
/Users/peter/Desktop/视频/原/3.mp4,20,0.667,1,motorcycle,0.505,647.6 341.9 691.5 398.5,,1,1.200,0,0,33.300,30.030
/Users/peter/Desktop/视频/原/3.mp4,21,0.700,3,motorcycle,0.513,0.2 376.7 84.6 485.7,,1,1.200,0,0,33.584,29.776
/Users/peter/Desktop/视频/原/3.mp4,21,0.700,1,motorcycle,0.416,652.0 340.4 695.6 397.3,,1,1.200,0,0,33.584,29.776
/Users/peter/Desktop/视频/原/3.mp4,22,0.733,3,motorcycle,0.648,0.1 388.4 91.1 482.8,,1,1.200,0,0,33.156,30.161
/Users/peter/Desktop/视频/原/3.mp4,22,0.733,1,motorcycle,0.356,657.6 340.8 698.8 396.4,,1,1.200,0,0,33.156,30.161
/Users/peter/Desktop/视频/原/3.mp4,23,0.767,3,motorcycle,0.547,0.0 378.5 98.2 482.5,,1,1.200,0,0,33.115,30.197
/Users/peter/Desktop/视频/原/3.mp4,23,0.767,1,motorcycle,0.302,662.2 341.3 701.1 394.7,,0,,0,0,33.115,30.197
/Users/peter/Desktop/视频/原/3.mp4,24,0.800,3,motorcycle,0.580,0.0 380.1 104.1 480.8,,1,1.200,0,0,32.856,30.436
/Users/peter/Desktop/视频/原/3.mp4,24,0.800,1,motorcycle,0.337,666.8 341.7 703.0 393.9,,0,,0,0,32.856,30.436
/Users/peter/Desktop/视频/原/3.mp4,25,0.833,3,motorcycle,0.503,0.1 371.3 110.5 479.3,,1,1.200,0,0,33.211,30.111
/Users/peter/Desktop/视频/原/3.mp4,25,0.833,1,motorcycle,0.341,672.1 342.9 706.0 392.1,,0,,0,0,33.211,30.111
/Users/peter/Desktop/视频/原/3.mp4,26,0.867,3,motorcycle,0.529,0.2 366.7 116.8 478.8,,0,,0,0,33.851,29.541
/Users/peter/Desktop/视频/原/3.mp4,27,0.900,3,motorcycle,0.434,0.1 364.5 124.8 477.2,,0,,0,0,32.858,30.434
/Users/peter/Desktop/视频/原/3.mp4,28,0.933,3,motorcycle,0.283,0.1 364.2 129.1 474.6,,0,,0,0,33.288,30.041
/Users/peter/Desktop/视频/原/3.mp4,31,1.033,1,motorcycle,0.275,686.1 340.2 722.0 389.3,,1,1.200,0,0,33.758,29.623
/Users/peter/Desktop/视频/原/3.mp4,33,1.100,3,motorcycle,0.321,0.8 351.3 157.4 466.6,,1,1.200,0,0,31.957,31.292
/Users/peter/Desktop/视频/原/3.mp4,34,1.133,3,motorcycle,0.322,1.9 342.2 160.8 463.6,,1,1.200,0,0,33.645,29.723
/Users/peter/Desktop/视频/原/3.mp4,34,1.133,4,motorcycle,0.268,465.1 350.3 545.0 421.4,,1,1.200,0,0,33.645,29.723
/Users/peter/Desktop/视频/原/3.mp4,35,1.167,4,motorcycle,0.327,468.7 349.3 548.0 421.5,,1,1.200,0,0,35.244,28.374
/Users/peter/Desktop/视频/原/3.mp4,35,1.167,3,motorcycle,0.269,0.0 382.5 168.1 475.6,,1,1.200,0,0,35.244,28.374
/Users/peter/Desktop/视频/原/3.mp4,36,1.200,4,motorcycle,0.456,474.2 354.0 554.7 420.6,,0,,0,0,33.117,30.196
/Users/peter/Desktop/视频/原/3.mp4,36,1.200,3,motorcycle,0.281,9.4 383.0 173.1 470.0,,1,1.200,0,0,33.117,30.196
/Users/peter/Desktop/视频/原/3.mp4,37,1.233,4,motorcycle,0.517,481.9 348.4 558.4 420.5,,1,1.200,0,0,33.598,29.763
/Users/peter/Desktop/视频/原/3.mp4,38,1.267,4,motorcycle,0.394,492.1 347.8 561.4 418.4,,1,1.200,0,0,32.787,30.500
/Users/peter/Desktop/视频/原/3.mp4,38,1.267,3,motorcycle,0.255,26.5 377.8 181.0 467.5,,1,1.200,0,0,32.787,30.500
/Users/peter/Desktop/视频/原/3.mp4,39,1.300,4,motorcycle,0.361,496.4 351.7 565.7 418.7,,1,1.200,0,0,41.995,23.812
/Users/peter/Desktop/视频/原/3.mp4,39,1.300,3,motorcycle,0.355,16.0 383.7 186.2 470.2,,1,1.200,0,0,41.995,23.812
/Users/peter/Desktop/视频/原/3.mp4,40,1.333,4,motorcycle,0.507,499.0 358.1 571.2 419.1, ,2,1.200 1.200,1,0,38.599,25.908
/Users/peter/Desktop/视频/原/3.mp4,40,1.333,3,motorcycle,0.431,30.6 372.4 189.2 473.4,,1,1.200,0,0,38.599,25.908
/Users/peter/Desktop/视频/原/3.mp4,41,1.367,4,motorcycle,0.451,507.6 352.6 574.5 415.9,,1,1.200,0,0,32.866,30.426
/Users/peter/Desktop/视频/原/3.mp4,41,1.367,3,motorcycle,0.409,16.0 385.4 193.4 475.7,,1,1.200,0,0,32.866,30.426
/Users/peter/Desktop/视频/原/3.mp4,42,1.400,3,motorcycle,0.469,22.1 385.1 195.4 475.8,,1,1.200,0,0,32.387,30.877
/Users/peter/Desktop/视频/原/3.mp4,42,1.400,4,motorcycle,0.447,511.3 351.4 578.9 416.0,,1,1.200,0,0,32.387,30.877
/Users/peter/Desktop/视频/原/3.mp4,43,1.433,3,motorcycle,0.416,32.9 382.5 200.5 471.2,,1,1.200,0,0,34.966,28.599
/Users/peter/Desktop/视频/原/3.mp4,43,1.433,4,motorcycle,0.352,517.5 344.6 583.0 414.5, ,2,1.200 1.200,1,0,34.966,28.599
/Users/peter/Desktop/视频/原/3.mp4,44,1.467,3,motorcycle,0.576,38.1 379.7 204.9 468.8,,1,1.200,0,0,32.711,30.571
/Users/peter/Desktop/视频/原/3.mp4,44,1.467,4,motorcycle,0.355,521.8 343.4 586.9 415.3, ,2,1.200 1.200,1,1,32.711,30.571
/Users/peter/Desktop/视频/原/3.mp4,45,1.500,3,motorcycle,0.685,51.1 370.3 210.0 465.0,,1,1.200,0,0,33.087,30.223
/Users/peter/Desktop/视频/原/3.mp4,45,1.500,4,motorcycle,0.398,525.2 344.2 590.7 414.3, ,2,1.200 1.200,1,1,33.087,30.223
/Users/peter/Desktop/视频/原/3.mp4,46,1.533,3,motorcycle,0.556,65.3 372.2 211.2 462.5,,1,1.200,0,0,51.470,19.429
/Users/peter/Desktop/视频/原/3.mp4,46,1.533,4,motorcycle,0.388,530.6 348.4 593.2 413.6, ,2,1.200 1.200,1,1,51.470,19.429
/Users/peter/Desktop/视频/原/3.mp4,47,1.567,3,motorcycle,0.647,65.8 370.5 213.9 461.9,,1,1.200,0,0,32.166,31.089
/Users/peter/Desktop/视频/原/3.mp4,47,1.567,4,motorcycle,0.357,539.9 354.3 597.3 411.4,,1,1.200,0,1,32.166,31.089
/Users/peter/Desktop/视频/原/3.mp4,48,1.600,3,motorcycle,0.584,82.3 368.7 217.3 459.6,,1,1.200,0,0,44.437,22.504
/Users/peter/Desktop/视频/原/3.mp4,48,1.600,4,motorcycle,0.363,540.3 344.9 600.7 409.7,,0,,0,1,44.437,22.504
/Users/peter/Desktop/视频/原/3.mp4,49,1.633,3,motorcycle,0.609,87.5 373.3 219.8 458.3,,1,1.200,0,0,33.527,29.826
/Users/peter/Desktop/视频/原/3.mp4,49,1.633,4,motorcycle,0.523,543.0 352.3 604.0 409.9,,1,1.200,0,0,33.527,29.826
/Users/peter/Desktop/视频/原/3.mp4,50,1.667,4,motorcycle,0.585,552.1 350.5 604.8 408.8,,1,1.200,0,0,33.097,30.214
/Users/peter/Desktop/视频/原/3.mp4,50,1.667,3,motorcycle,0.547,88.9 371.9 221.6 457.2,,1,1.200,0,0,33.097,30.214
/Users/peter/Desktop/视频/原/3.mp4,51,1.700,3,motorcycle,0.575,94.1 375.4 224.9 454.9,,1,1.200,0,0,33.366,29.971
/Users/peter/Desktop/视频/原/3.mp4,51,1.700,4,motorcycle,0.436,555.9 350.2 608.9 408.4,,1,1.200,0,0,33.366,29.971
/Users/peter/Desktop/视频/原/3.mp4,52,1.733,3,motorcycle,0.528,101.3 376.2 227.9 456.0,,1,1.200,0,0,33.196,30.124
/Users/peter/Desktop/视频/原/3.mp4,52,1.733,4,motorcycle,0.392,558.8 351.8 606.5 407.6,,1,1.200,0,0,33.196,30.124
/Users/peter/Desktop/视频/原/3.mp4,53,1.767,3,motorcycle,0.579,108.3 377.0 232.3 451.4,,1,1.200,0,0,32.924,30.373
/Users/peter/Desktop/视频/原/3.mp4,54,1.800,3,motorcycle,0.372,114.6 380.1 233.7 452.0,,1,1.200,0,0,50.868,19.659
/Users/peter/Desktop/视频/原/3.mp4,54,1.800,4,motorcycle,0.297,568.4 348.9 613.4 406.7,,1,1.200,0,0,50.868,19.659
/Users/peter/Desktop/视频/原/3.mp4,55,1.833,4,motorcycle,0.396,571.7 364.1 617.2 405.6,,1,1.200,0,0,31.933,31.316
/Users/peter/Desktop/视频/原/3.mp4,56,1.867,4,motorcycle,0.251,573.7 351.4 620.4 404.2,,1,1.200,0,0,45.541,21.958
/Users/peter/Desktop/视频/原/3.mp4,57,1.900,3,motorcycle,0.271,132.3 377.4 237.8 449.3,,1,1.200,0,0,32.502,30.768
/Users/peter/Desktop/视频/原/3.mp4,58,1.933,3,motorcycle,0.513,137.3 376.3 241.2 446.3,,1,1.200,0,0,33.364,29.972
/Users/peter/Desktop/视频/原/3.mp4,59,1.967,3,motorcycle,0.407,144.4 376.8 241.3 445.3,,1,1.200,0,0,45.078,22.184
/Users/peter/Desktop/视频/原/3.mp4,60,2.000,3,motorcycle,0.348,147.1 379.6 241.5 444.0,,1,1.200,0,0,35.820,27.917
/Users/peter/Desktop/视频/原/3.mp4,60,2.000,4,motorcycle,0.311,589.1 343.4 630.0 399.6,,1,1.200,0,0,35.820,27.917
/Users/peter/Desktop/视频/原/3.mp4,63,2.100,4,motorcycle,0.268,599.3 341.6 636.8 397.9,,1,1.200,0,0,33.098,30.213
/Users/peter/Desktop/视频/原/3.mp4,64,2.133,4,motorcycle,0.276,602.3 341.8 638.1 397.0,,1,1.200,0,0,32.939,30.359
/Users/peter/Desktop/视频/原/3.mp4,66,2.200,4,motorcycle,0.309,606.4 340.3 641.8 396.4,,1,1.200,0,0,32.119,31.134
/Users/peter/Desktop/视频/原/3.mp4,67,2.233,4,motorcycle,0.386,606.8 341.1 643.3 396.0,,1,1.200,0,0,33.816,29.571
/Users/peter/Desktop/视频/原/3.mp4,67,2.233,5,motorcycle,0.276,1215.4 379.0 1279.3 472.2,,0,,0,0,33.816,29.571
/Users/peter/Desktop/视频/原/3.mp4,68,2.267,4,motorcycle,0.383,607.5 341.0 645.0 395.2,,1,1.200,0,0,33.787,29.598
/Users/peter/Desktop/视频/原/3.mp4,68,2.267,5,motorcycle,0.369,1212.7 378.4 1279.4 472.7,,0,,0,0,33.787,29.598
/Users/peter/Desktop/视频/原/3.mp4,69,2.300,5,motorcycle,0.368,1211.3 378.4 1279.4 472.5,,0,,0,0,33.006,30.298
/Users/peter/Desktop/视频/原/3.mp4,70,2.333,4,motorcycle,0.359,612.6 339.2 647.3 393.7,,1,1.200,0,0,33.577,29.782
/Users/peter/Desktop/视频/原/3.mp4,70,2.333,5,motorcycle,0.298,1209.4 379.7 1279.4 472.3,,0,,0,0,33.577,29.782
/Users/peter/Desktop/视频/原/3.mp4,71,2.367,5,motorcycle,0.428,1207.8 379.1 1279.4 472.0,,0,,0,0,33.549,29.807
/Users/peter/Desktop/视频/原/3.mp4,71,2.367,4,motorcycle,0.330,614.4 340.9 649.5 392.7,,1,1.200,0,0,33.549,29.807
/Users/peter/Desktop/视频/原/3.mp4,72,2.400,5,motorcycle,0.292,1206.7 379.3 1279.4 473.0,,0,,0,0,33.075,30.235
/Users/peter/Desktop/视频/原/3.mp4,72,2.400,4,motorcycle,0.279,616.0 343.2 651.1 392.3,,1,1.200,0,0,33.075,30.235
/Users/peter/Desktop/视频/原/3.mp4,73,2.433,5,motorcycle,0.439,1204.3 378.3 1279.5 472.2,,0,,0,0,32.797,30.490
/Users/peter/Desktop/视频/原/3.mp4,74,2.467,5,motorcycle,0.283,1202.2 371.2 1279.7 552.0,,0,,0,0,32.896,30.399
/Users/peter/Desktop/视频/原/3.mp4,74,2.467,4,motorcycle,0.258,623.5 343.2 652.6 391.3,,1,1.200,0,0,32.896,30.399
/Users/peter/Desktop/视频/原/3.mp4,75,2.500,6,motorcycle,0.274,193.9 373.9 253.7 427.8,,1,1.200,0,0,32.960,30.340
/Users/peter/Desktop/视频/原/3.mp4,75,2.500,4,motorcycle,0.252,623.9 340.7 655.6 391.0,,1,1.200,0,0,32.960,30.340
/Users/peter/Desktop/视频/原/3.mp4,76,2.533,5,motorcycle,0.354,1203.9 433.9 1279.3 551.3,,0,,0,0,34.084,29.340
/Users/peter/Desktop/视频/原/3.mp4,77,2.567,5,motorcycle,0.587,1196.2 374.0 1279.3 551.4,,0,,0,0,33.471,29.877
/Users/peter/Desktop/视频/原/3.mp4,78,2.600,5,motorcycle,0.468,1183.8 372.9 1279.3 549.7,,0,,0,0,33.077,30.232
/Users/peter/Desktop/视频/原/3.mp4,79,2.633,5,motorcycle,0.340,1168.7 383.0 1279.5 549.9,,0,,0,0,42.708,23.415
/Users/peter/Desktop/视频/原/3.mp4,80,2.667,5,motorcycle,0.748,1152.9 435.6 1279.7 551.4,,1,1.194,0,0,32.870,30.423
/Users/peter/Desktop/视频/原/3.mp4,81,2.700,5,motorcycle,0.575,1138.8 429.6 1279.7 550.7,,1,1.200,0,0,32.931,30.367
/Users/peter/Desktop/视频/原/3.mp4,81,2.700,6,motorcycle,0.370,198.9 349.9 261.1 421.4,,1,1.200,0,0,32.931,30.367
/Users/peter/Desktop/视频/原/3.mp4,82,2.733,5,motorcycle,0.691,1122.7 397.7 1279.6 551.1,,1,1.200,0,0,33.306,30.024
/Users/peter/Desktop/视频/原/3.mp4,83,2.767,5,motorcycle,0.682,1108.9 426.4 1279.7 555.6,,1,1.200,0,0,33.043,30.264
/Users/peter/Desktop/视频/原/3.mp4,83,2.767,6,motorcycle,0.262,200.1 338.6 260.6 419.4,,1,1.200,0,0,33.043,30.264
/Users/peter/Desktop/视频/原/3.mp4,84,2.800,5,motorcycle,0.760,1094.3 421.2 1279.7 552.6,,1,1.200,0,0,34.110,29.317
/Users/peter/Desktop/视频/原/3.mp4,85,2.833,5,motorcycle,0.707,1082.0 433.8 1280.0 550.7,,1,1.200,0,0,35.004,28.569
/Users/peter/Desktop/视频/原/3.mp4,86,2.867,5,motorcycle,0.780,1066.6 426.1 1270.3 550.3,,1,1.200,0,0,34.726,28.797
/Users/peter/Desktop/视频/原/3.mp4,87,2.900,5,motorcycle,0.693,1053.8 414.5 1254.0 551.0,,1,1.200,0,0,32.801,30.487
/Users/peter/Desktop/视频/原/3.mp4,88,2.933,5,motorcycle,0.692,1034.0 380.3 1278.7 550.6,,1,1.200,0,0,32.933,30.365
/Users/peter/Desktop/视频/原/3.mp4,89,2.967,5,motorcycle,0.734,1027.6 411.5 1227.2 548.7,,1,1.200,0,0,33.125,30.189
/Users/peter/Desktop/视频/原/3.mp4,90,3.000,5,motorcycle,0.776,1014.3 414.8 1211.5 549.0,,1,1.200,0,0,33.388,29.951
/Users/peter/Desktop/视频/原/3.mp4,90,3.000,6,motorcycle,0.281,207.8 343.1 259.2 414.0,,1,1.200,0,0,33.388,29.951
/Users/peter/Desktop/视频/原/3.mp4,91,3.033,5,motorcycle,0.842,998.9 414.7 1199.3 548.9,,1,1.200,0,0,32.891,30.404
/Users/peter/Desktop/视频/原/3.mp4,91,3.033,7,motorcycle,0.318,1181.0 371.0 1279.4 473.1,,0,,0,0,32.891,30.404
/Users/peter/Desktop/视频/原/3.mp4,91,3.033,6,motorcycle,0.295,208.8 358.2 259.2 412.7,,1,1.200,0,0,32.891,30.404
/Users/peter/Desktop/视频/原/3.mp4,92,3.067,5,motorcycle,0.801,989.3 420.4 1185.1 546.4,,1,1.200,0,0,43.546,22.964
/Users/peter/Desktop/视频/原/3.mp4,92,3.067,7,motorcycle,0.261,1177.2 369.9 1279.6 472.8,,0,,0,0,43.546,22.964
/Users/peter/Desktop/视频/原/3.mp4,93,3.100,5,motorcycle,0.822,976.2 428.6 1170.5 546.8,,1,1.200,0,0,33.487,29.862
/Users/peter/Desktop/视频/原/3.mp4,93,3.100,6,motorcycle,0.274,210.4 360.7 259.3 410.9,,1,1.200,0,0,33.487,29.862
/Users/peter/Desktop/视频/原/3.mp4,93,3.100,7,motorcycle,0.250,1176.1 368.8 1279.6 474.1,,0,,0,0,33.487,29.862
/Users/peter/Desktop/视频/原/3.mp4,94,3.133,5,motorcycle,0.762,962.7 428.6 1157.0 547.8,,1,1.200,0,0,33.400,29.940
/Users/peter/Desktop/视频/原/3.mp4,94,3.133,7,motorcycle,0.529,1175.3 369.1 1279.6 474.1,,0,,0,0,33.400,29.940
/Users/peter/Desktop/视频/原/3.mp4,94,3.133,6,motorcycle,0.253,210.9 365.2 259.9 410.6,,0,,0,0,33.400,29.940
/Users/peter/Desktop/视频/原/3.mp4,95,3.167,5,motorcycle,0.822,951.9 428.6 1144.7 545.4,,1,1.200,0,0,43.599,22.936
/Users/peter/Desktop/视频/原/3.mp4,95,3.167,7,motorcycle,0.550,1175.5 369.5 1279.6 474.3,,0,,0,0,43.599,22.936
/Users/peter/Desktop/视频/原/3.mp4,95,3.167,6,motorcycle,0.296,212.1 367.3 259.7 410.2,,1,1.200,0,0,43.599,22.936
/Users/peter/Desktop/视频/原/3.mp4,96,3.200,5,motorcycle,0.840,936.6 428.7 1130.6 544.8,,1,1.200,0,0,33.105,30.207
/Users/peter/Desktop/视频/原/3.mp4,96,3.200,7,motorcycle,0.507,1172.7 368.3 1279.7 473.3,,0,,0,0,33.105,30.207
/Users/peter/Desktop/视频/原/3.mp4,97,3.233,5,motorcycle,0.795,927.3 428.8 1115.9 544.0,,1,1.200,0,0,32.722,30.560
/Users/peter/Desktop/视频/原/3.mp4,97,3.233,7,motorcycle,0.620,1171.1 368.2 1279.7 473.5,,0,,0,0,32.722,30.560
/Users/peter/Desktop/视频/原/3.mp4,98,3.267,5,motorcycle,0.775,913.9 427.1 1102.0 544.0,,1,1.200,0,0,33.172,30.146
/Users/peter/Desktop/视频/原/3.mp4,98,3.267,7,motorcycle,0.537,1172.8 359.3 1279.6 474.4,,0,,0,0,33.172,30.146
/Users/peter/Desktop/视频/原/3.mp4,99,3.300,5,motorcycle,0.768,899.9 429.1 1089.6 544.4,,1,1.200,0,0,32.838,30.453
/Users/peter/Desktop/视频/原/3.mp4,99,3.300,7,motorcycle,0.729,1169.1 361.3 1279.4 474.4,,0,,0,0,32.838,30.453
/Users/peter/Desktop/视频/原/3.mp4,100,3.333,5,motorcycle,0.799,890.1 426.7 1078.9 542.8,,1,1.200,0,0,43.015,23.248
/Users/peter/Desktop/视频/原/3.mp4,100,3.333,7,motorcycle,0.687,1168.9 362.4 1279.6 472.5,,1,1.200,0,0,43.015,23.248
/Users/peter/Desktop/视频/原/3.mp4,100,3.333,8,motorcycle,0.269,24.6 350.2 84.9 412.6,,0,,0,0,43.015,23.248
/Users/peter/Desktop/视频/原/3.mp4,101,3.367,5,motorcycle,0.812,877.7 427.5 1064.3 541.8,,1,1.200,0,0,32.972,30.328
/Users/peter/Desktop/视频/原/3.mp4,101,3.367,7,motorcycle,0.657,1168.1 364.4 1279.4 474.5,,0,,0,0,32.972,30.328
/Users/peter/Desktop/视频/原/3.mp4,102,3.400,5,motorcycle,0.769,864.6 419.9 1052.0 541.8,,1,1.200,0,0,33.504,29.847
/Users/peter/Desktop/视频/原/3.mp4,102,3.400,7,motorcycle,0.646,1167.1 365.7 1279.4 474.2,,0,,0,0,33.504,29.847
/Users/peter/Desktop/视频/原/3.mp4,103,3.433,5,motorcycle,0.859,852.6 424.3 1038.1 541.4,,1,1.200,0,0,43.457,23.011
/Users/peter/Desktop/视频/原/3.mp4,103,3.433,7,motorcycle,0.652,1165.2 366.9 1279.4 473.8,,0,,0,0,43.457,23.011
/Users/peter/Desktop/视频/原/3.mp4,104,3.467,5,motorcycle,0.662,840.4 421.4 1027.4 541.1,,1,1.200,0,0,32.817,30.472
/Users/peter/Desktop/视频/原/3.mp4,104,3.467,7,motorcycle,0.541,1162.1 366.9 1279.0 471.1,,0,,0,0,32.817,30.472
/Users/peter/Desktop/视频/原/3.mp4,105,3.500,5,motorcycle,0.760,829.1 422.3 1014.2 542.0,,1,1.200,0,0,33.164,30.153
/Users/peter/Desktop/视频/原/3.mp4,105,3.500,7,motorcycle,0.458,1165.3 372.6 1263.0 471.0,,1,1.200,0,0,33.164,30.153
/Users/peter/Desktop/视频/原/3.mp4,105,3.500,8,motorcycle,0.298,36.7 335.4 90.8 408.5,,1,1.200,0,0,33.164,30.153
/Users/peter/Desktop/视频/原/3.mp4,106,3.533,5,motorcycle,0.794,816.6 418.3 1000.4 540.3,,1,1.200,0,0,32.715,30.567
/Users/peter/Desktop/视频/原/3.mp4,106,3.533,7,motorcycle,0.358,1162.1 370.7 1279.8 472.2,,0,,0,0,32.715,30.567
/Users/peter/Desktop/视频/原/3.mp4,106,3.533,9,motorcycle,0.301,1133.0 350.0 1204.2 399.9,,1,1.134,0,0,32.715,30.567
/Users/peter/Desktop/视频/原/3.mp4,107,3.567,5,motorcycle,0.756,802.0 414.0 989.2 540.1,,1,1.200,0,0,32.996,30.306
/Users/peter/Desktop/视频/原/3.mp4,107,3.567,9,motorcycle,0.323,1119.9 349.5 1196.5 399.9,,1,1.138,0,0,32.996,30.306
/Users/peter/Desktop/视频/原/3.mp4,107,3.567,7,motorcycle,0.267,1159.3 372.5 1249.3 468.0,,0,,0,0,32.996,30.306
/Users/peter/Desktop/视频/原/3.mp4,108,3.600,5,motorcycle,0.813,793.8 418.0 973.1 539.1,,1,1.200,0,0,33.059,30.249
/Users/peter/Desktop/视频/原/3.mp4,109,3.633,5,motorcycle,0.778,782.6 418.7 964.9 538.1,,1,1.200,0,0,50.670,19.736
/Users/peter/Desktop/视频/原/3.mp4,109,3.633,9,motorcycle,0.361,1098.0 344.0 1179.3 400.7,,0,,0,0,50.670,19.736
/Users/peter/Desktop/视频/原/3.mp4,109,3.633,7,motorcycle,0.278,1154.2 370.8 1279.5 477.2,,0,,0,0,50.670,19.736
/Users/peter/Desktop/视频/原/3.mp4,110,3.667,5,motorcycle,0.807,770.2 412.7 952.1 537.6,,1,1.200,0,0,31.238,32.013
/Users/peter/Desktop/视频/原/3.mp4,110,3.667,9,motorcycle,0.389,1086.4 344.2 1162.8 399.3,,0,,0,0,31.238,32.013
/Users/peter/Desktop/视频/原/3.mp4,110,3.667,7,motorcycle,0.299,1152.2 372.2 1241.5 470.0,,0,,0,0,31.238,32.013
/Users/peter/Desktop/视频/原/3.mp4,111,3.700,5,motorcycle,0.807,760.2 415.0 937.5 536.6,,1,1.200,0,0,33.269,30.058
/Users/peter/Desktop/视频/原/3.mp4,111,3.700,9,motorcycle,0.529,1074.7 346.8 1153.4 399.4,,0,,0,0,33.269,30.058
/Users/peter/Desktop/视频/原/3.mp4,111,3.700,7,motorcycle,0.415,1150.7 365.6 1279.5 476.7,,0,,0,0,33.269,30.058
/Users/peter/Desktop/视频/原/3.mp4,112,3.733,5,motorcycle,0.785,749.0 415.5 925.7 537.0,,1,1.200,0,0,33.663,29.707
/Users/peter/Desktop/视频/原/3.mp4,112,3.733,9,motorcycle,0.537,1065.4 346.0 1141.8 399.1,,0,,0,0,33.663,29.707
/Users/peter/Desktop/视频/原/3.mp4,112,3.733,7,motorcycle,0.478,1147.1 363.5 1279.6 477.2,,0,,0,0,33.663,29.707
/Users/peter/Desktop/视频/原/3.mp4,113,3.767,5,motorcycle,0.803,737.9 419.1 912.5 534.2,,1,1.200,0,0,33.125,30.189
/Users/peter/Desktop/视频/原/3.mp4,113,3.767,9,motorcycle,0.503,1055.6 344.7 1128.7 397.7, ,2,1.200 1.135,1,0,33.125,30.189
/Users/peter/Desktop/视频/原/3.mp4,113,3.767,7,motorcycle,0.455,1144.8 361.8 1279.6 475.9,,0,,0,0,33.125,30.189
/Users/peter/Desktop/视频/原/3.mp4,114,3.800,5,motorcycle,0.805,727.0 420.9 902.6 535.0,,1,1.200,0,0,33.629,29.736
/Users/peter/Desktop/视频/原/3.mp4,114,3.800,9,motorcycle,0.495,1044.6 345.7 1117.4 397.3,,0,,0,0,33.629,29.736
/Users/peter/Desktop/视频/原/3.mp4,114,3.800,7,motorcycle,0.448,1143.7 359.3 1279.6 476.0,,0,,0,0,33.629,29.736
/Users/peter/Desktop/视频/原/3.mp4,115,3.833,5,motorcycle,0.685,716.0 425.2 890.7 535.2,,1,1.200,0,0,32.716,30.566
/Users/peter/Desktop/视频/原/3.mp4,115,3.833,9,motorcycle,0.578,1034.0 346.7 1105.4 397.9,,0,,0,0,32.716,30.566
/Users/peter/Desktop/视频/原/3.mp4,115,3.833,7,motorcycle,0.488,1140.9 363.1 1279.6 475.4,,0,,0,0,32.716,30.566
/Users/peter/Desktop/视频/原/3.mp4,116,3.867,5,motorcycle,0.599,705.1 423.7 879.4 534.5,,1,1.200,0,0,33.088,30.223
/Users/peter/Desktop/视频/原/3.mp4,116,3.867,7,motorcycle,0.560,1138.7 358.2 1279.6 475.9,,0,,0,0,33.088,30.223
/Users/peter/Desktop/视频/原/3.mp4,116,3.867,9,motorcycle,0.524,1025.0 346.9 1092.8 396.9,,0,,0,0,33.088,30.223
/Users/peter/Desktop/视频/原/3.mp4,117,3.900,5,motorcycle,0.698,695.3 419.7 868.6 534.5,,1,1.200,0,0,33.503,29.849
/Users/peter/Desktop/视频/原/3.mp4,117,3.900,7,motorcycle,0.608,1136.7 361.4 1279.6 477.3,,0,,0,0,33.503,29.849
/Users/peter/Desktop/视频/原/3.mp4,117,3.900,9,motorcycle,0.532,1017.3 346.1 1083.6 395.8,,1,1.200,0,0,33.503,29.849
/Users/peter/Desktop/视频/原/3.mp4,118,3.933,7,motorcycle,0.723,1133.2 361.3 1279.6 480.1,,0,,0,0,33.138,30.177
/Users/peter/Desktop/视频/原/3.mp4,118,3.933,5,motorcycle,0.720,682.8 425.4 858.0 534.8,,1,1.200,0,0,33.138,30.177
/Users/peter/Desktop/视频/原/3.mp4,118,3.933,9,motorcycle,0.494,1006.3 346.8 1068.8 396.4,,1,1.200,0,0,33.138,30.177
/Users/peter/Desktop/视频/原/3.mp4,119,3.967,7,motorcycle,0.655,1129.6 363.0 1279.6 479.9,,1,1.200,0,0,32.931,30.367
/Users/peter/Desktop/视频/原/3.mp4,119,3.967,5,motorcycle,0.634,673.3 422.4 843.0 532.8,,1,1.200,0,0,32.931,30.367
/Users/peter/Desktop/视频/原/3.mp4,119,3.967,9,motorcycle,0.315,995.4 352.7 1060.0 395.5,,1,1.151,0,0,32.931,30.367
/Users/peter/Desktop/视频/原/3.mp4,120,4.000,5,motorcycle,0.763,664.1 418.5 836.1 534.3,,1,1.200,0,0,42.766,23.383
/Users/peter/Desktop/视频/原/3.mp4,120,4.000,7,motorcycle,0.636,1126.0 360.9 1279.3 480.1,,1,1.200,0,0,42.766,23.383
/Users/peter/Desktop/视频/原/3.mp4,120,4.000,9,motorcycle,0.497,986.6 347.9 1050.9 395.1,,0,,0,0,42.766,23.383
/Users/peter/Desktop/视频/原/3.mp4,121,4.033,5,motorcycle,0.702,653.7 424.7 827.2 533.5,,1,1.200,0,0,37.942,26.356
/Users/peter/Desktop/视频/原/3.mp4,121,4.033,7,motorcycle,0.529,1123.7 367.4 1279.1 477.2,,1,1.200,0,0,37.942,26.356
/Users/peter/Desktop/视频/原/3.mp4,121,4.033,9,motorcycle,0.402,978.7 348.3 1039.8 392.3,,0,,0,0,37.942,26.356
/Users/peter/Desktop/视频/原/3.mp4,122,4.067,7,motorcycle,0.622,1121.1 365.6 1279.4 481.8,,0,,0,0,32.553,30.719
/Users/peter/Desktop/视频/原/3.mp4,122,4.067,5,motorcycle,0.599,641.8 420.8 815.3 533.7,,1,1.200,0,0,32.553,30.719
/Users/peter/Desktop/视频/原/3.mp4,122,4.067,9,motorcycle,0.375,969.9 348.7 1030.0 391.3,,0,,0,0,32.553,30.719
/Users/peter/Desktop/视频/原/3.mp4,123,4.100,5,motorcycle,0.654,633.4 419.2 805.2 533.6,,1,1.200,0,0,32.539,30.733
/Users/peter/Desktop/视频/原/3.mp4,123,4.100,7,motorcycle,0.467,1117.1 368.4 1279.0 479.6,,0,,0,0,32.539,30.733
/Users/peter/Desktop/视频/原/3.mp4,123,4.100,9,motorcycle,0.428,962.3 345.6 1021.7 390.0,,1,1.200,0,0,32.539,30.733
/Users/peter/Desktop/视频/原/3.mp4,124,4.133,5,motorcycle,0.728,625.3 423.1 795.6 533.6,,1,1.200,0,0,42.405,23.582
/Users/peter/Desktop/视频/原/3.mp4,124,4.133,7,motorcycle,0.325,1113.9 371.6 1280.0 473.1,,1,1.200,0,0,42.405,23.582
/Users/peter/Desktop/视频/原/3.mp4,125,4.167,5,motorcycle,0.760,613.5 421.6 785.1 533.5,,1,1.200,0,0,33.935,29.468
/Users/peter/Desktop/视频/原/3.mp4,126,4.200,5,motorcycle,0.679,603.9 422.5 773.9 533.7,,1,1.200,0,0,33.589,29.772
/Users/peter/Desktop/视频/原/3.mp4,126,4.200,7,motorcycle,0.472,1108.0 369.4 1279.5 477.3,,1,1.200,0,0,33.589,29.772
/Users/peter/Desktop/视频/原/3.mp4,127,4.233,7,motorcycle,0.624,1103.6 370.0 1280.0 478.8,,1,1.200,0,0,34.130,29.300
/Users/peter/Desktop/视频/原/3.mp4,127,4.233,5,motorcycle,0.580,594.1 421.5 764.2 532.3,,1,1.200,0,0,34.130,29.300
/Users/peter/Desktop/视频/原/3.mp4,128,4.267,5,motorcycle,0.673,585.0 423.3 756.4 533.1,,1,1.200,0,0,33.478,29.871
/Users/peter/Desktop/视频/原/3.mp4,128,4.267,7,motorcycle,0.473,1100.6 369.2 1279.7 477.4,,1,1.177,0,0,33.478,29.871
/Users/peter/Desktop/视频/原/3.mp4,129,4.300,7,motorcycle,0.677,1096.2 367.2 1279.2 478.2,,1,1.192,0,0,32.501,30.769
/Users/peter/Desktop/视频/原/3.mp4,129,4.300,5,motorcycle,0.459,575.3 426.0 745.9 531.1,,1,1.200,0,0,32.501,30.769
/Users/peter/Desktop/视频/原/3.mp4,130,4.333,7,motorcycle,0.788,1093.6 369.3 1275.2 477.3,,1,1.174,0,0,33.663,29.706
/Users/peter/Desktop/视频/原/3.mp4,130,4.333,5,motorcycle,0.625,566.0 419.7 737.0 533.5,,1,1.200,0,0,33.663,29.706
/Users/peter/Desktop/视频/原/3.mp4,130,4.333,10,motorcycle,0.321,913.1 347.8 959.5 386.1,,0,,0,0,33.663,29.706
/Users/peter/Desktop/视频/原/3.mp4,131,4.367,5,motorcycle,0.732,555.8 425.0 728.9 534.1,,1,1.200,0,0,33.031,30.275
/Users/peter/Desktop/视频/原/3.mp4,131,4.367,7,motorcycle,0.665,1090.7 370.1 1270.8 473.4,,1,1.200,0,0,33.031,30.275
/Users/peter/Desktop/视频/原/3.mp4,132,4.400,5,motorcycle,0.743,547.5 424.5 717.9 532.8,,1,1.200,0,0,33.473,29.875
/Users/peter/Desktop/视频/原/3.mp4,132,4.400,7,motorcycle,0.317,1086.4 370.6 1274.3 474.3,,1,1.200,0,0,33.473,29.875
/Users/peter/Desktop/视频/原/3.mp4,133,4.433,5,motorcycle,0.656,540.0 425.3 709.2 533.1,,1,1.200,0,0,33.135,30.180
/Users/peter/Desktop/视频/原/3.mp4,133,4.433,7,motorcycle,0.595,1084.0 370.6 1258.6 475.5,,1,1.200,0,0,33.135,30.180
/Users/peter/Desktop/视频/原/3.mp4,134,4.467,5,motorcycle,0.688,531.1 419.1 699.7 533.3,,1,1.200,0,0,42.565,23.494
/Users/peter/Desktop/视频/原/3.mp4,134,4.467,7,motorcycle,0.453,1080.2 372.0 1259.5 473.5,,1,1.200,0,0,42.565,23.494
/Users/peter/Desktop/视频/原/3.mp4,135,4.500,5,motorcycle,0.740,522.6 421.7 692.5 533.6,,1,1.200,0,0,33.516,29.837
/Users/peter/Desktop/视频/原/3.mp4,135,4.500,7,motorcycle,0.443,1077.5 371.6 1264.7 474.4,,1,1.200,0,0,33.516,29.837
/Users/peter/Desktop/视频/原/3.mp4,136,4.533,5,motorcycle,0.564,514.3 422.7 684.1 532.7,,1,1.200,0,0,32.620,30.656
/Users/peter/Desktop/视频/原/3.mp4,136,4.533,7,motorcycle,0.318,1076.1 389.9 1262.8 473.2,,1,1.200,0,0,32.620,30.656
/Users/peter/Desktop/视频/原/3.mp4,136,4.533,11,motorcycle,0.293,874.9 345.9 915.4 383.8,,0,,0,0,32.620,30.656
/Users/peter/Desktop/视频/原/3.mp4,137,4.567,5,motorcycle,0.670,506.2 422.3 677.3 534.1,,1,1.200,0,0,41.885,23.875
/Users/peter/Desktop/视频/原/3.mp4,137,4.567,7,motorcycle,0.336,1074.4 373.2 1261.6 471.9,,1,1.200,0,0,41.885,23.875
/Users/peter/Desktop/视频/原/3.mp4,138,4.600,5,motorcycle,0.692,498.0 421.0 668.9 534.0,,1,1.200,0,0,33.143,30.172
/Users/peter/Desktop/视频/原/3.mp4,138,4.600,7,motorcycle,0.411,1071.8 370.2 1259.6 471.8,,1,1.200,0,0,33.143,30.172
/Users/peter/Desktop/视频/原/3.mp4,139,4.633,5,motorcycle,0.643,491.4 423.8 659.2 532.4,,1,1.200,0,0,33.458,29.888
/Users/peter/Desktop/视频/原/3.mp4,139,4.633,7,motorcycle,0.491,1066.9 374.5 1259.1 473.0,,1,1.200,0,0,33.458,29.888
/Users/peter/Desktop/视频/原/3.mp4,140,4.667,5,motorcycle,0.739,482.9 422.3 651.6 532.0,,1,1.200,0,0,32.487,30.782
/Users/peter/Desktop/视频/原/3.mp4,140,4.667,7,motorcycle,0.364,1063.5 386.8 1255.0 470.9,,1,1.200,0,0,32.487,30.782
/Users/peter/Desktop/视频/原/3.mp4,141,4.700,5,motorcycle,0.575,476.7 424.3 647.5 532.6,,1,1.200,0,0,33.127,30.187
/Users/peter/Desktop/视频/原/3.mp4,141,4.700,7,motorcycle,0.555,1060.3 367.3 1248.2 471.2,,1,1.145,0,0,33.127,30.187
/Users/peter/Desktop/视频/原/3.mp4,142,4.733,5,motorcycle,0.663,469.7 423.4 639.9 533.1,,1,1.200,0,0,32.896,30.399
/Users/peter/Desktop/视频/原/3.mp4,142,4.733,7,motorcycle,0.494,1057.7 368.1 1246.9 471.5,,1,1.167,0,0,32.896,30.399
/Users/peter/Desktop/视频/原/3.mp4,143,4.767,5,motorcycle,0.655,464.4 424.4 634.4 533.1,,1,1.200,0,0,33.126,30.188
/Users/peter/Desktop/视频/原/3.mp4,143,4.767,7,motorcycle,0.581,1056.4 367.5 1242.1 470.4,,1,1.200,0,0,33.126,30.188
/Users/peter/Desktop/视频/原/3.mp4,144,4.800,5,motorcycle,0.635,456.8 423.4 626.8 533.1,,1,1.200,0,0,32.736,30.548
/Users/peter/Desktop/视频/原/3.mp4,144,4.800,7,motorcycle,0.547,1054.7 376.5 1240.3 471.7,,1,1.200,0,0,32.736,30.548
/Users/peter/Desktop/视频/原/3.mp4,145,4.833,5,motorcycle,0.633,448.8 422.8 618.2 533.1,,1,1.200,0,0,42.665,23.438
/Users/peter/Desktop/视频/原/3.mp4,145,4.833,7,motorcycle,0.483,1052.6 380.7 1234.2 471.1,,1,1.200,0,0,42.665,23.438
/Users/peter/Desktop/视频/原/3.mp4,146,4.867,5,motorcycle,0.667,443.2 422.7 612.3 533.4,,1,1.200,0,0,33.588,29.772
/Users/peter/Desktop/视频/原/3.mp4,146,4.867,7,motorcycle,0.527,1050.5 371.7 1225.5 470.5,,1,1.200,0,0,33.588,29.772
/Users/peter/Desktop/视频/原/3.mp4,146,4.867,12,motorcycle,0.260,825.5 348.3 856.9 379.1,,0,,0,0,33.588,29.772
/Users/peter/Desktop/视频/原/3.mp4,147,4.900,5,motorcycle,0.713,435.9 422.9 607.6 533.5,,1,1.200,0,0,32.718,30.564
/Users/peter/Desktop/视频/原/3.mp4,147,4.900,7,motorcycle,0.536,1047.4 372.1 1224.9 471.6,,1,1.200,0,0,32.718,30.564
/Users/peter/Desktop/视频/原/3.mp4,148,4.933,5,motorcycle,0.687,431.9 427.0 602.5 533.1,,1,1.200,0,0,33.437,29.907
/Users/peter/Desktop/视频/原/3.mp4,148,4.933,7,motorcycle,0.572,1041.9 392.5 1214.1 473.2,,1,1.200,0,0,33.437,29.907
/Users/peter/Desktop/视频/原/3.mp4,149,4.967,5,motorcycle,0.662,424.9 427.2 594.8 531.9,,1,1.200,0,0,33.100,30.211
/Users/peter/Desktop/视频/原/3.mp4,149,4.967,7,motorcycle,0.538,1042.7 375.0 1224.0 471.9,,1,1.200,0,0,33.100,30.211
/Users/peter/Desktop/视频/原/3.mp4,150,5.000,5,motorcycle,0.655,419.6 425.1 586.7 531.9,,1,1.200,0,0,33.462,29.885
/Users/peter/Desktop/视频/原/3.mp4,150,5.000,7,motorcycle,0.577,1041.1 380.5 1209.8 468.1,,1,1.200,0,0,33.462,29.885
/Users/peter/Desktop/视频/原/3.mp4,150,5.000,12,motorcycle,0.268,809.9 348.2 835.3 379.3,,0,,0,0,33.462,29.885
/Users/peter/Desktop/视频/原/3.mp4,151,5.033,5,motorcycle,0.683,414.7 427.4 583.1 532.8,,1,1.200,0,0,33.083,30.227
/Users/peter/Desktop/视频/原/3.mp4,151,5.033,7,motorcycle,0.461,1034.7 395.6 1214.3 471.1,,1,1.200,0,0,33.083,30.227
/Users/peter/Desktop/视频/原/3.mp4,151,5.033,12,motorcycle,0.339,803.3 346.9 832.6 379.9,,0,,0,0,33.083,30.227
/Users/peter/Desktop/视频/原/3.mp4,152,5.067,5,motorcycle,0.692,409.1 426.7 577.7 533.2,,1,1.200,0,0,33.064,30.245
/Users/peter/Desktop/视频/原/3.mp4,152,5.067,7,motorcycle,0.313,1038.9 396.3 1200.9 469.0,,1,1.200,0,0,33.064,30.245
/Users/peter/Desktop/视频/原/3.mp4,153,5.100,5,motorcycle,0.616,404.2 426.5 576.0 533.7,,1,1.200,0,0,33.184,30.135
/Users/peter/Desktop/视频/原/3.mp4,153,5.100,12,motorcycle,0.291,796.0 345.6 822.1 377.8,,1,1.200,0,0,33.184,30.135
/Users/peter/Desktop/视频/原/3.mp4,154,5.133,5,motorcycle,0.633,400.0 428.8 572.0 533.7,,1,1.200,0,0,32.769,30.516
/Users/peter/Desktop/视频/原/3.mp4,154,5.133,7,motorcycle,0.485,1032.5 384.7 1211.4 469.6,,1,1.200,0,0,32.769,30.516
/Users/peter/Desktop/视频/原/3.mp4,154,5.133,12,motorcycle,0.302,793.4 348.4 819.2 378.5,,0,,0,0,32.769,30.516
/Users/peter/Desktop/视频/原/3.mp4,155,5.167,5,motorcycle,0.585,395.9 426.7 565.9 531.8,,1,1.200,0,0,43.095,23.205
/Users/peter/Desktop/视频/原/3.mp4,155,5.167,7,motorcycle,0.386,1031.9 389.8 1205.9 469.3,,1,1.200,0,0,43.095,23.205
/Users/peter/Desktop/视频/原/3.mp4,155,5.167,12,motorcycle,0.264,787.4 346.9 815.6 379.8,,1,1.200,0,0,43.095,23.205
/Users/peter/Desktop/视频/原/3.mp4,156,5.200,5,motorcycle,0.651,391.4 423.9 563.4 531.6,,1,1.200,0,0,37.776,26.472
/Users/peter/Desktop/视频/原/3.mp4,156,5.200,7,motorcycle,0.298,1030.8 389.3 1203.7 470.1,,1,1.200,0,0,37.776,26.472
/Users/peter/Desktop/视频/原/3.mp4,157,5.233,5,motorcycle,0.528,384.6 423.3 558.4 531.8,,1,1.200,0,0,32.715,30.567
/Users/peter/Desktop/视频/原/3.mp4,157,5.233,7,motorcycle,0.447,1026.6 368.1 1203.3 469.3,,1,1.200,0,0,32.715,30.567
/Users/peter/Desktop/视频/原/3.mp4,158,5.267,5,motorcycle,0.651,380.8 429.6 554.2 532.6,,1,1.200,0,0,34.121,29.308
/Users/peter/Desktop/视频/原/3.mp4,158,5.267,7,motorcycle,0.436,1025.7 370.0 1201.0 468.3,,1,1.200,0,0,34.121,29.308
/Users/peter/Desktop/视频/原/3.mp4,158,5.267,12,motorcycle,0.274,777.7 346.8 802.6 377.2,,0,,0,0,34.121,29.308
/Users/peter/Desktop/视频/原/3.mp4,159,5.300,5,motorcycle,0.689,376.9 423.5 548.1 534.6,,1,1.200,0,0,42.954,23.281
/Users/peter/Desktop/视频/原/3.mp4,159,5.300,12,motorcycle,0.448,773.2 346.9 799.2 377.8,,0,,0,0,42.954,23.281
/Users/peter/Desktop/视频/原/3.mp4,159,5.300,7,motorcycle,0.395,1026.5 376.9 1181.0 466.5,,1,1.200,0,0,42.954,23.281
/Users/peter/Desktop/视频/原/3.mp4,160,5.333,5,motorcycle,0.745,372.5 422.3 545.1 535.1,,1,1.200,0,0,34.432,29.043
/Users/peter/Desktop/视频/原/3.mp4,160,5.333,7,motorcycle,0.252,1023.9 380.8 1179.4 466.6,,1,1.200,0,0,34.432,29.043
/Users/peter/Desktop/视频/原/3.mp4,161,5.367,5,motorcycle,0.716,369.2 423.5 540.7 535.9,,1,1.200,0,0,33.030,30.276
/Users/peter/Desktop/视频/原/3.mp4,161,5.367,7,motorcycle,0.401,1023.4 388.4 1190.5 467.4,,1,1.200,0,0,33.030,30.276
/Users/peter/Desktop/视频/原/3.mp4,161,5.367,12,motorcycle,0.275,765.5 350.0 789.3 376.0,,0,,0,0,33.030,30.276
/Users/peter/Desktop/视频/原/3.mp4,162,5.400,5,motorcycle,0.558,363.6 421.1 538.6 537.9,,1,1.200,0,0,49.738,20.105
/Users/peter/Desktop/视频/原/3.mp4,162,5.400,7,motorcycle,0.406,1022.5 381.7 1183.4 467.1,,1,1.200,0,0,49.738,20.105
/Users/peter/Desktop/视频/原/3.mp4,162,5.400,13,motorcycle,0.303,942.0 347.1 988.3 389.3,,0,,0,0,49.738,20.105
/Users/peter/Desktop/视频/原/3.mp4,163,5.433,5,motorcycle,0.573,361.3 420.6 534.0 538.8,,1,1.200,0,0,31.764,31.482
/Users/peter/Desktop/视频/原/3.mp4,163,5.433,7,motorcycle,0.464,1019.2 388.0 1182.1 460.8,,1,1.200,0,0,31.764,31.482
/Users/peter/Desktop/视频/原/3.mp4,163,5.433,13,motorcycle,0.292,944.3 346.4 996.5 388.8,,0,,0,0,31.764,31.482
/Users/peter/Desktop/视频/原/3.mp4,164,5.467,5,motorcycle,0.561,358.8 427.2 530.8 538.6,,1,1.200,0,0,33.561,29.797
/Users/peter/Desktop/视频/原/3.mp4,164,5.467,7,motorcycle,0.484,1017.5 371.3 1181.1 466.3,,1,1.200,0,0,33.561,29.797
/Users/peter/Desktop/视频/原/3.mp4,164,5.467,13,motorcycle,0.373,952.3 349.8 1004.8 390.6,,0,,0,0,33.561,29.797
/Users/peter/Desktop/视频/原/3.mp4,165,5.500,7,motorcycle,0.443,1017.2 368.2 1183.6 465.2,,1,1.200,0,0,33.084,30.226
/Users/peter/Desktop/视频/原/3.mp4,165,5.500,5,motorcycle,0.375,357.2 430.5 527.1 540.3,,1,1.200,0,0,33.084,30.226
/Users/peter/Desktop/视频/原/3.mp4,165,5.500,13,motorcycle,0.327,960.6 346.9 1012.9 390.3,,0,,0,0,33.084,30.226
/Users/peter/Desktop/视频/原/3.mp4,166,5.533,5,motorcycle,0.526,352.0 429.7 524.7 541.6,,1,1.200,0,0,32.625,30.651
/Users/peter/Desktop/视频/原/3.mp4,166,5.533,7,motorcycle,0.428,1017.4 369.0 1184.2 466.1,,1,1.200,0,0,32.625,30.651
/Users/peter/Desktop/视频/原/3.mp4,166,5.533,13,motorcycle,0.312,966.2 348.2 1021.5 391.5,,0,,0,0,32.625,30.651
/Users/peter/Desktop/视频/原/3.mp4,167,5.567,7,motorcycle,0.454,1017.8 369.6 1181.4 466.7,,1,1.200,0,0,33.220,30.103
/Users/peter/Desktop/视频/原/3.mp4,167,5.567,13,motorcycle,0.253,976.4 350.7 1030.2 392.3,,0,,0,0,33.220,30.103
/Users/peter/Desktop/视频/原/3.mp4,168,5.600,7,motorcycle,0.492,1017.1 371.5 1177.9 466.7,,0,,0,0,32.734,30.549
/Users/peter/Desktop/视频/原/3.mp4,168,5.600,14,motorcycle,0.311,1040.4 408.7 1159.1 470.3,,1,1.200,0,0,32.734,30.549
/Users/peter/Desktop/视频/原/3.mp4,168,5.600,13,motorcycle,0.268,981.3 354.4 1037.8 392.2,,0,,0,0,32.734,30.549
/Users/peter/Desktop/视频/原/3.mp4,169,5.633,7,motorcycle,0.469,1014.9 371.5 1177.8 467.0,,0,,0,0,33.584,29.776
/Users/peter/Desktop/视频/原/3.mp4,169,5.633,5,motorcycle,0.366,339.7 425.1 515.6 542.0,,1,1.200,0,0,33.584,29.776
/Users/peter/Desktop/视频/原/3.mp4,169,5.633,14,motorcycle,0.259,1042.2 408.4 1158.5 470.1,,1,1.200,0,0,33.584,29.776
/Users/peter/Desktop/视频/原/3.mp4,170,5.667,7,motorcycle,0.489,1011.2 371.7 1178.4 466.9,,1,1.200,0,0,32.873,30.420
/Users/peter/Desktop/视频/原/3.mp4,170,5.667,5,motorcycle,0.341,335.9 423.4 514.5 542.7,,1,1.200,0,0,32.873,30.420
/Users/peter/Desktop/视频/原/3.mp4,171,5.700,7,motorcycle,0.494,1008.5 368.9 1178.2 467.0,,1,1.194,0,0,34.793,28.742
/Users/peter/Desktop/视频/原/3.mp4,171,5.700,5,motorcycle,0.331,335.5 423.7 513.3 541.3,,1,1.200,0,0,34.793,28.742
/Users/peter/Desktop/视频/原/3.mp4,172,5.733,7,motorcycle,0.482,1008.6 368.6 1178.4 467.6,,1,1.200,0,0,32.993,30.309
/Users/peter/Desktop/视频/原/3.mp4,172,5.733,5,motorcycle,0.358,334.6 424.0 512.3 542.0,,1,1.200,0,0,32.993,30.309
/Users/peter/Desktop/视频/原/3.mp4,173,5.767,7,motorcycle,0.426,1006.7 375.1 1176.1 467.1,,1,1.200,0,0,43.260,23.116
/Users/peter/Desktop/视频/原/3.mp4,173,5.767,5,motorcycle,0.381,334.2 427.3 511.1 541.4,,1,1.200,0,0,43.260,23.116
/Users/peter/Desktop/视频/原/3.mp4,174,5.800,7,motorcycle,0.480,1003.2 373.6 1176.0 470.2, ,2,1.200 1.197,1,0,33.195,30.125
/Users/peter/Desktop/视频/原/3.mp4,174,5.800,5,motorcycle,0.446,333.7 425.9 508.3 538.3,,1,1.200,0,0,33.195,30.125
/Users/peter/Desktop/视频/原/3.mp4,175,5.833,7,motorcycle,0.496,1004.1 374.8 1175.9 468.2,,1,1.200,0,0,33.733,29.644
/Users/peter/Desktop/视频/原/3.mp4,175,5.833,5,motorcycle,0.253,329.3 425.5 509.7 541.7,,1,1.200,0,0,33.733,29.644
/Users/peter/Desktop/视频/原/3.mp4,176,5.867,7,motorcycle,0.502,1002.0 377.8 1174.3 467.4,,1,1.200,0,0,33.852,29.540
/Users/peter/Desktop/视频/原/3.mp4,177,5.900,7,motorcycle,0.466,1011.2 378.4 1173.8 466.8,,1,1.200,0,0,32.720,30.563
/Users/peter/Desktop/视频/原/3.mp4,178,5.933,7,motorcycle,0.375,1008.6 363.7 1173.0 466.2,,0,,0,0,33.125,30.189
/Users/peter/Desktop/视频/原/3.mp4,178,5.933,15,motorcycle,0.267,1048.0 404.1 1148.3 467.3,,0,,0,0,33.125,30.189
/Users/peter/Desktop/视频/原/3.mp4,179,5.967,7,motorcycle,0.364,1015.7 380.7 1173.7 464.9,,1,1.200,0,0,33.346,29.988
/Users/peter/Desktop/视频/原/3.mp4,180,6.000,15,motorcycle,0.364,1038.7 404.0 1146.8 468.0, ,2,1.200 1.174,1,0,32.620,30.656
/Users/peter/Desktop/视频/原/3.mp4,181,6.033,15,motorcycle,0.422,1037.2 404.6 1146.2 468.4, ,2,1.200 1.177,1,1,32.874,30.419
/Users/peter/Desktop/视频/原/3.mp4,182,6.067,15,motorcycle,0.296,1034.2 410.0 1145.2 467.9,,1,1.191,0,0,33.485,29.864
/Users/peter/Desktop/视频/原/3.mp4,183,6.100,7,motorcycle,0.317,1000.2 363.2 1164.9 465.1,,1,1.200,0,0,32.872,30.421
/Users/peter/Desktop/视频/原/3.mp4,183,6.100,16,motorcycle,0.283,1131.2 352.2 1217.4 412.1,,0,,0,0,32.872,30.421
/Users/peter/Desktop/视频/原/3.mp4,183,6.100,15,motorcycle,0.281,1036.9 413.0 1144.7 468.7,,0,,0,0,32.872,30.421
/Users/peter/Desktop/视频/原/3.mp4,184,6.133,16,motorcycle,0.614,1137.6 350.6 1233.0 415.1,,0,,0,0,52.941,18.889
/Users/peter/Desktop/视频/原/3.mp4,184,6.133,7,motorcycle,0.394,995.7 371.9 1163.6 467.5,,1,1.200,0,0,52.941,18.889
/Users/peter/Desktop/视频/原/3.mp4,185,6.167,7,motorcycle,0.419,995.1 372.6 1157.3 467.5,,1,1.200,0,0,31.518,31.728
/Users/peter/Desktop/视频/原/3.mp4,185,6.167,15,motorcycle,0.250,1027.6 413.3 1144.1 469.7,,0,,0,0,31.518,31.728
/Users/peter/Desktop/视频/原/3.mp4,186,6.200,7,motorcycle,0.485,994.6 370.7 1165.7 469.5,,1,1.200,0,0,34.090,29.334
/Users/peter/Desktop/视频/原/3.mp4,186,6.200,16,motorcycle,0.401,1172.8 348.8 1265.6 416.1,,0,,0,0,34.090,29.334
/Users/peter/Desktop/视频/原/3.mp4,186,6.200,17,motorcycle,0.351,324.0 425.1 497.9 542.4,,1,1.200,0,0,34.090,29.334
/Users/peter/Desktop/视频/原/3.mp4,187,6.233,7,motorcycle,0.507,993.4 372.3 1147.2 468.4,,1,1.200,0,0,32.700,30.581
/Users/peter/Desktop/视频/原/3.mp4,187,6.233,17,motorcycle,0.344,323.3 421.5 496.2 542.6,,1,1.200,0,0,32.700,30.581
/Users/peter/Desktop/视频/原/3.mp4,188,6.267,7,motorcycle,0.541,992.7 373.7 1147.8 468.9,,1,1.200,0,0,32.838,30.452
/Users/peter/Desktop/视频/原/3.mp4,189,6.300,7,motorcycle,0.527,991.4 374.7 1147.9 468.7,,1,1.200,0,0,43.164,23.167
/Users/peter/Desktop/视频/原/3.mp4,190,6.333,7,motorcycle,0.543,991.4 375.6 1143.8 468.0,,1,1.200,0,0,45.748,21.859
/Users/peter/Desktop/视频/原/3.mp4,191,6.367,7,motorcycle,0.552,991.1 372.6 1144.3 468.1,,1,1.200,0,0,31.709,31.537
/Users/peter/Desktop/视频/原/3.mp4,192,6.400,7,motorcycle,0.546,992.0 371.2 1144.3 467.4,,1,1.200,0,0,33.090,30.220
/Users/peter/Desktop/视频/原/3.mp4,193,6.433,7,motorcycle,0.554,991.4 367.7 1145.3 466.5,,1,1.200,0,0,32.293,30.966
/Users/peter/Desktop/视频/原/3.mp4,194,6.467,7,motorcycle,0.521,990.7 370.4 1146.7 466.1,,1,1.200,0,0,50.353,19.860
/Users/peter/Desktop/视频/原/3.mp4,195,6.500,7,motorcycle,0.553,990.8 371.3 1147.2 466.2,,1,1.200,0,0,32.600,30.674
/Users/peter/Desktop/视频/原/3.mp4,196,6.533,7,motorcycle,0.518,990.9 367.8 1150.0 465.6,,1,1.200,0,0,33.903,29.496
/Users/peter/Desktop/视频/原/3.mp4,197,6.567,7,motorcycle,0.490,994.8 360.2 1161.3 468.3,,1,1.200,0,0,32.525,30.746
/Users/peter/Desktop/视频/原/3.mp4,198,6.600,7,motorcycle,0.494,996.7 358.2 1159.0 467.9,,1,1.200,0,0,33.035,30.271
/Users/peter/Desktop/视频/原/3.mp4,199,6.633,7,motorcycle,0.604,997.9 354.3 1164.8 467.8,,0,,0,0,32.759,30.526
/Users/peter/Desktop/视频/原/3.mp4,200,6.667,7,motorcycle,0.563,998.8 353.4 1162.1 468.1,,0,,0,0,42.100,23.753
/Users/peter/Desktop/视频/原/3.mp4,201,6.700,7,motorcycle,0.586,999.4 354.4 1165.7 469.1,,1,1.183,0,0,33.389,29.950
/Users/peter/Desktop/视频/原/3.mp4,201,6.700,18,motorcycle,0.262,316.7 411.3 489.0 541.8,,1,1.200,0,0,33.389,29.950
/Users/peter/Desktop/视频/原/3.mp4,202,6.733,7,motorcycle,0.611,996.8 352.9 1162.6 469.3,,0,,0,0,33.203,30.118
/Users/peter/Desktop/视频/原/3.mp4,202,6.733,18,motorcycle,0.479,315.8 414.2 489.2 542.5,,1,1.200,0,0,33.203,30.118
/Users/peter/Desktop/视频/原/3.mp4,203,6.767,7,motorcycle,0.598,998.0 356.4 1165.0 468.5,,1,1.200,0,0,42.918,23.300
/Users/peter/Desktop/视频/原/3.mp4,203,6.767,18,motorcycle,0.514,314.3 426.9 489.6 541.9,,1,1.200,0,0,42.918,23.300
/Users/peter/Desktop/视频/原/3.mp4,204,6.800,7,motorcycle,0.554,998.0 353.0 1165.5 470.1,,1,1.167,0,0,33.080,30.230
/Users/peter/Desktop/视频/原/3.mp4,204,6.800,18,motorcycle,0.409,312.5 425.1 489.7 541.6,,1,1.200,0,0,33.080,30.230
/Users/peter/Desktop/视频/原/3.mp4,205,6.833,7,motorcycle,0.575,997.7 353.1 1166.1 469.4,,0,,0,0,32.507,30.762
/Users/peter/Desktop/视频/原/3.mp4,205,6.833,18,motorcycle,0.499,314.8 426.7 489.1 541.1,,1,1.200,0,0,32.507,30.762
/Users/peter/Desktop/视频/原/3.mp4,206,6.867,18,motorcycle,0.617,316.7 422.1 489.0 543.3,,1,1.200,0,0,32.238,31.020
/Users/peter/Desktop/视频/原/3.mp4,206,6.867,7,motorcycle,0.439,998.4 352.4 1167.1 468.3,,1,1.200,0,0,32.238,31.020
/Users/peter/Desktop/视频/原/3.mp4,207,6.900,18,motorcycle,0.674,314.8 428.6 487.3 541.5,,1,1.200,0,0,32.584,30.690
/Users/peter/Desktop/视频/原/3.mp4,207,6.900,7,motorcycle,0.404,998.6 352.3 1171.9 468.2,,1,1.188,0,0,32.584,30.690
/Users/peter/Desktop/视频/原/3.mp4,208,6.933,18,motorcycle,0.711,313.6 424.8 490.3 543.1,,1,1.200,0,0,35.898,27.857
/Users/peter/Desktop/视频/原/3.mp4,208,6.933,7,motorcycle,0.406,996.8 370.1 1157.3 467.0,,1,1.200,0,0,35.898,27.857
/Users/peter/Desktop/视频/原/3.mp4,209,6.967,18,motorcycle,0.683,312.7 425.4 489.0 543.1,,1,1.200,0,0,33.447,29.898
/Users/peter/Desktop/视频/原/3.mp4,209,6.967,7,motorcycle,0.519,998.1 373.2 1162.2 468.7,,1,1.200,0,0,33.447,29.898
/Users/peter/Desktop/视频/原/3.mp4,210,7.000,18,motorcycle,0.556,312.3 426.0 490.2 543.2,,1,1.200,0,0,32.709,30.572
/Users/peter/Desktop/视频/原/3.mp4,210,7.000,7,motorcycle,0.526,997.4 374.7 1160.8 468.4,,1,1.200,0,0,32.709,30.572
/Users/peter/Desktop/视频/原/3.mp4,211,7.033,18,motorcycle,0.532,311.6 426.0 489.6 543.5,,1,1.200,0,0,33.671,29.699
/Users/peter/Desktop/视频/原/3.mp4,211,7.033,7,motorcycle,0.480,996.7 375.0 1161.0 468.2,,1,1.200,0,0,33.671,29.699
/Users/peter/Desktop/视频/原/3.mp4,212,7.067,18,motorcycle,0.567,312.5 428.3 488.1 543.4,,1,1.200,0,0,33.790,29.595
/Users/peter/Desktop/视频/原/3.mp4,212,7.067,7,motorcycle,0.452,996.6 375.4 1163.7 469.9,,1,1.200,0,0,33.790,29.595
/Users/peter/Desktop/视频/原/3.mp4,213,7.100,18,motorcycle,0.625,312.0 427.4 488.4 543.1,,1,1.200,0,0,33.093,30.218
/Users/peter/Desktop/视频/原/3.mp4,213,7.100,7,motorcycle,0.394,994.7 371.3 1164.5 470.8,,1,1.195,0,0,33.093,30.218
/Users/peter/Desktop/视频/原/3.mp4,214,7.133,18,motorcycle,0.619,312.0 427.8 486.9 543.1,,1,1.200,0,0,34.060,29.360
/Users/peter/Desktop/视频/原/3.mp4,214,7.133,7,motorcycle,0.406,993.4 371.7 1160.0 470.5,,1,1.200,0,0,34.060,29.360
/Users/peter/Desktop/视频/原/3.mp4,215,7.167,18,motorcycle,0.588,311.5 428.4 487.2 542.8,,1,1.200,0,0,32.984,30.318
/Users/peter/Desktop/视频/原/3.mp4,215,7.167,7,motorcycle,0.465,992.3 376.1 1159.8 469.1,,1,1.200,0,0,32.984,30.318
/Users/peter/Desktop/视频/原/3.mp4,216,7.200,18,motorcycle,0.575,311.2 428.0 486.7 543.4,,1,1.200,0,0,33.619,29.745
/Users/peter/Desktop/视频/原/3.mp4,216,7.200,7,motorcycle,0.418,992.3 377.0 1157.9 469.0,,1,1.200,0,0,33.619,29.745
/Users/peter/Desktop/视频/原/3.mp4,217,7.233,18,motorcycle,0.548,310.5 426.6 486.5 543.7,,1,1.200,0,0,33.204,30.117
/Users/peter/Desktop/视频/原/3.mp4,217,7.233,7,motorcycle,0.409,992.5 377.7 1156.3 468.9,,1,1.200,0,0,33.204,30.117
/Users/peter/Desktop/视频/原/3.mp4,218,7.267,18,motorcycle,0.606,310.0 425.7 486.0 543.7,,1,1.200,0,0,33.080,30.230
/Users/peter/Desktop/视频/原/3.mp4,218,7.267,7,motorcycle,0.384,992.9 380.6 1154.2 469.6,,1,1.200,0,0,33.080,30.230
/Users/peter/Desktop/视频/原/3.mp4,219,7.300,18,motorcycle,0.651,309.7 425.0 486.0 543.5,,1,1.200,0,0,32.837,30.453
/Users/peter/Desktop/视频/原/3.mp4,219,7.300,7,motorcycle,0.335,991.7 385.2 1152.2 469.8,,1,1.200,0,0,32.837,30.453
/Users/peter/Desktop/视频/原/3.mp4,220,7.333,18,motorcycle,0.685,308.9 425.6 485.3 543.3,,1,1.200,0,0,43.472,23.003
/Users/peter/Desktop/视频/原/3.mp4,221,7.367,18,motorcycle,0.654,308.6 425.7 484.9 543.1,,1,1.200,0,0,33.060,30.248
/Users/peter/Desktop/视频/原/3.mp4,222,7.400,18,motorcycle,0.565,308.3 426.8 484.5 543.7,,1,1.200,0,0,34.101,29.324
/Users/peter/Desktop/视频/原/3.mp4,223,7.433,18,motorcycle,0.572,307.9 426.7 484.1 543.7,,1,1.200,0,0,32.989,30.313
/Users/peter/Desktop/视频/原/3.mp4,224,7.467,18,motorcycle,0.580,307.3 427.3 483.3 543.5,,1,1.200,0,0,33.049,30.258
/Users/peter/Desktop/视频/原/3.mp4,225,7.500,18,motorcycle,0.609,306.9 427.0 483.4 543.3,,1,1.200,0,0,33.100,30.211
/Users/peter/Desktop/视频/原/3.mp4,226,7.533,18,motorcycle,0.653,306.6 426.2 483.1 543.6,,1,1.200,0,0,32.618,30.658
/Users/peter/Desktop/视频/原/3.mp4,227,7.567,18,motorcycle,0.618,306.4 426.5 482.1 543.9,,1,1.200,0,0,43.411,23.036
/Users/peter/Desktop/视频/原/3.mp4,228,7.600,18,motorcycle,0.594,305.9 427.0 482.0 544.7,,1,1.200,0,0,32.825,30.464
/Users/peter/Desktop/视频/原/3.mp4,229,7.633,18,motorcycle,0.520,305.2 426.5 481.8 544.9,,1,1.200,0,0,32.816,30.473
/Users/peter/Desktop/视频/原/3.mp4,230,7.667,18,motorcycle,0.485,304.4 426.6 481.2 543.9,,1,1.200,0,0,32.809,30.479
/Users/peter/Desktop/视频/原/3.mp4,231,7.700,18,motorcycle,0.502,302.9 426.1 481.0 544.6,,1,1.200,0,0,39.393,25.385
/Users/peter/Desktop/视频/原/3.mp4,232,7.733,18,motorcycle,0.613,302.3 426.4 480.6 545.6,,1,1.200,0,0,33.329,30.004
/Users/peter/Desktop/视频/原/3.mp4,233,7.767,18,motorcycle,0.448,301.2 427.8 479.9 545.8,,1,1.200,0,0,35.528,28.147
/Users/peter/Desktop/视频/原/3.mp4,233,7.767,19,motorcycle,0.380,968.6 391.9 1127.3 469.9,,1,1.200,0,0,35.528,28.147
/Users/peter/Desktop/视频/原/3.mp4,234,7.800,18,motorcycle,0.509,300.8 427.8 479.3 545.8,,1,1.200,0,0,33.146,30.169
/Users/peter/Desktop/视频/原/3.mp4,234,7.800,19,motorcycle,0.362,967.6 393.9 1125.4 470.4,,1,1.200,0,0,33.146,30.169
/Users/peter/Desktop/视频/原/3.mp4,235,7.833,18,motorcycle,0.593,299.2 427.4 478.7 546.9,,1,1.200,0,0,42.620,23.463
/Users/peter/Desktop/视频/原/3.mp4,235,7.833,19,motorcycle,0.308,965.0 395.0 1119.6 471.1,,1,1.200,0,0,42.620,23.463
/Users/peter/Desktop/视频/原/3.mp4,236,7.867,18,motorcycle,0.552,298.8 428.0 478.4 547.2,,1,1.200,0,0,33.082,30.227
/Users/peter/Desktop/视频/原/3.mp4,237,7.900,18,motorcycle,0.561,298.4 426.7 478.3 547.5,,1,1.200,0,0,33.711,29.664
/Users/peter/Desktop/视频/原/3.mp4,238,7.933,18,motorcycle,0.548,298.0 427.0 477.8 547.9,,1,1.200,0,0,42.628,23.459
/Users/peter/Desktop/视频/原/3.mp4,239,7.967,19,motorcycle,0.426,945.6 379.7 1105.1 470.5,,1,1.200,0,0,32.866,30.427
/Users/peter/Desktop/视频/原/3.mp4,239,7.967,18,motorcycle,0.399,299.0 427.6 476.9 547.9,,1,1.200,0,0,32.866,30.427
/Users/peter/Desktop/视频/原/3.mp4,240,8.000,18,motorcycle,0.518,298.1 427.6 476.9 548.2,,1,1.200,0,0,32.994,30.308
/Users/peter/Desktop/视频/原/3.mp4,240,8.000,19,motorcycle,0.276,950.6 381.8 1099.7 469.9,,1,1.200,0,0,32.994,30.308
/Users/peter/Desktop/视频/原/3.mp4,241,8.033,18,motorcycle,0.537,297.9 427.9 476.3 547.7,,1,1.200,0,0,33.859,29.534
/Users/peter/Desktop/视频/原/3.mp4,241,8.033,19,motorcycle,0.277,943.3 375.8 1098.2 471.7, ,2,1.200 1.106,1,0,33.859,29.534
/Users/peter/Desktop/视频/原/3.mp4,242,8.067,18,motorcycle,0.586,297.5 428.3 476.1 547.8,,1,1.200,0,0,33.469,29.879
/Users/peter/Desktop/视频/原/3.mp4,243,8.100,18,motorcycle,0.617,296.7 426.9 474.9 547.8,,1,1.200,0,0,42.633,23.456
/Users/peter/Desktop/视频/原/3.mp4,244,8.133,18,motorcycle,0.652,295.6 426.8 474.8 548.2,,1,1.200,0,0,33.109,30.203
/Users/peter/Desktop/视频/原/3.mp4,245,8.167,18,motorcycle,0.667,295.0 426.7 473.8 548.4,,1,1.200,0,0,33.609,29.754
/Users/peter/Desktop/视频/原/3.mp4,245,8.167,19,motorcycle,0.257,939.1 384.6 1078.1 471.1, ,2,1.200 1.200,1,1,33.609,29.754
/Users/peter/Desktop/视频/原/3.mp4,246,8.200,18,motorcycle,0.623,294.6 427.3 473.8 547.7,,1,1.200,0,0,33.102,30.210
/Users/peter/Desktop/视频/原/3.mp4,247,8.233,18,motorcycle,0.667,294.1 425.5 474.2 547.7,,1,1.200,0,0,33.130,30.184
/Users/peter/Desktop/视频/原/3.mp4,248,8.267,18,motorcycle,0.563,294.3 425.9 473.8 547.6,,1,1.200,0,0,43.171,23.163
/Users/peter/Desktop/视频/原/3.mp4,249,8.300,18,motorcycle,0.545,295.0 424.8 474.0 547.0,,1,1.200,0,0,32.885,30.409
/Users/peter/Desktop/视频/原/3.mp4,250,8.333,18,motorcycle,0.590,292.7 426.0 472.4 547.0,,1,1.200,0,0,34.053,29.366
/Users/peter/Desktop/视频/原/3.mp4,251,8.367,18,motorcycle,0.566,294.0 425.4 472.5 547.0,,1,1.200,0,0,32.976,30.325
/Users/peter/Desktop/视频/原/3.mp4,252,8.400,18,motorcycle,0.540,293.8 426.1 471.8 546.8,,1,1.200,0,0,32.827,30.463
/Users/peter/Desktop/视频/原/3.mp4,253,8.433,18,motorcycle,0.532,292.1 425.7 471.5 546.7,,1,1.200,0,0,43.377,23.054
/Users/peter/Desktop/视频/原/3.mp4,254,8.467,18,motorcycle,0.285,291.3 428.4 470.7 547.2,,1,1.200,0,0,32.609,30.666
/Users/peter/Desktop/视频/原/3.mp4,257,8.567,18,motorcycle,0.257,290.4 425.9 470.8 547.0,,1,1.200,0,0,33.316,30.015
/Users/peter/Desktop/视频/原/3.mp4,258,8.600,18,motorcycle,0.365,288.8 425.4 470.1 546.8,,1,1.200,0,0,35.231,28.384
/Users/peter/Desktop/视频/原/3.mp4,259,8.633,18,motorcycle,0.321,289.3 424.9 469.9 546.4,,1,1.200,0,0,33.560,29.797
/Users/peter/Desktop/视频/原/3.mp4,260,8.667,18,motorcycle,0.290,288.6 424.8 469.4 545.7,,1,1.200,0,0,43.066,23.220
/Users/peter/Desktop/视频/原/3.mp4,265,8.833,18,motorcycle,0.255,285.5 421.5 468.5 544.6,,1,1.200,0,0,33.220,30.103
/Users/peter/Desktop/视频/原/3.mp4,279,9.300,20,motorcycle,0.499,0.2 430.8 57.3 508.4,,0,,0,0,32.836,30.454
/Users/peter/Desktop/视频/原/3.mp4,280,9.333,20,motorcycle,0.665,0.0 407.1 95.9 504.4,,1,1.200,0,0,32.970,30.331
/Users/peter/Desktop/视频/原/3.mp4,281,9.367,20,motorcycle,0.665,0.5 371.1 131.4 499.2,,0,,0,0,42.688,23.426
/Users/peter/Desktop/视频/原/3.mp4,282,9.400,20,motorcycle,0.460,0.0 362.2 164.2 489.0,,0,,0,0,33.385,29.953
/Users/peter/Desktop/视频/原/3.mp4,282,9.400,21,motorcycle,0.300,278.4 420.7 464.3 536.8,,1,1.200,0,0,33.385,29.953
/Users/peter/Desktop/视频/原/3.mp4,283,9.433,21,motorcycle,0.341,277.9 420.8 463.8 536.8,,1,1.200,0,0,33.602,29.760
/Users/peter/Desktop/视频/原/3.mp4,283,9.433,20,motorcycle,0.301,8.1 355.4 186.9 475.3,,0,,0,0,33.602,29.760
/Users/peter/Desktop/视频/原/3.mp4,284,9.467,21,motorcycle,0.460,277.3 417.9 463.4 536.9,,1,1.200,0,0,45.567,21.946
/Users/peter/Desktop/视频/原/3.mp4,285,9.500,21,motorcycle,0.461,277.4 416.4 463.3 536.5,,1,1.200,0,0,33.257,30.069
/Users/peter/Desktop/视频/原/3.mp4,286,9.533,21,motorcycle,0.589,277.6 415.5 462.6 536.5,,1,1.200,0,0,41.472,24.112
/Users/peter/Desktop/视频/原/3.mp4,287,9.567,21,motorcycle,0.686,276.5 414.9 462.6 536.4,,1,1.200,0,0,45.645,21.908
/Users/peter/Desktop/视频/原/3.mp4,288,9.600,21,motorcycle,0.714,276.2 417.1 461.1 535.5,,1,1.200,0,0,32.974,30.327
/Users/peter/Desktop/视频/原/3.mp4,289,9.633,21,motorcycle,0.737,275.3 414.1 461.9 534.9,,1,1.200,0,0,34.416,29.056
/Users/peter/Desktop/视频/原/3.mp4,289,9.633,22,motorcycle,0.260,722.1 370.7 800.2 424.8,,0,,0,0,34.416,29.056
/Users/peter/Desktop/视频/原/3.mp4,290,9.667,21,motorcycle,0.707,274.6 415.4 460.6 535.7,,1,1.200,0,0,36.323,27.531
/Users/peter/Desktop/视频/原/3.mp4,290,9.667,22,motorcycle,0.276,717.7 363.6 794.9 423.7,,0,,0,0,36.323,27.531
/Users/peter/Desktop/视频/原/3.mp4,291,9.700,21,motorcycle,0.717,275.1 394.4 461.3 536.2,,1,1.200,0,0,33.422,29.921
/Users/peter/Desktop/视频/原/3.mp4,292,9.733,21,motorcycle,0.662,274.8 408.8 460.4 535.9,,1,1.200,0,0,34.280,29.172
/Users/peter/Desktop/视频/原/3.mp4,293,9.767,21,motorcycle,0.671,272.5 399.2 460.2 534.2,,1,1.200,0,0,34.229,29.215
/Users/peter/Desktop/视频/原/3.mp4,294,9.800,21,motorcycle,0.732,274.9 392.4 459.4 533.7,,1,1.200,0,0,33.646,29.722
/Users/peter/Desktop/视频/原/3.mp4,294,9.800,23,motorcycle,0.338,0.2 548.0 106.9 718.8,,0,,0,0,33.646,29.722
/Users/peter/Desktop/视频/原/3.mp4,295,9.833,21,motorcycle,0.769,274.6 391.0 459.0 533.1,,1,1.200,0,0,33.853,29.539
/Users/peter/Desktop/视频/原/3.mp4,295,9.833,23,motorcycle,0.292,0.3 548.2 271.1 716.2,,0,,0,0,33.853,29.539
/Users/peter/Desktop/视频/原/3.mp4,296,9.867,21,motorcycle,0.795,273.5 407.0 460.0 531.4,,1,1.200,0,0,35.412,28.239
/Users/peter/Desktop/视频/原/3.mp4,296,9.867,22,motorcycle,0.272,689.0 359.3 766.7 420.3,,0,,0,0,35.412,28.239
/Users/peter/Desktop/视频/原/3.mp4,296,9.867,23,motorcycle,0.271,35.8 546.6 317.1 717.2,,0,,0,0,35.412,28.239
/Users/peter/Desktop/视频/原/3.mp4,297,9.900,21,motorcycle,0.786,273.5 418.9 459.5 530.9,,1,1.200,0,0,34.638,28.870
/Users/peter/Desktop/视频/原/3.mp4,298,9.933,21,motorcycle,0.754,271.7 418.7 461.7 531.2,,1,1.200,0,0,35.032,28.545
/Users/peter/Desktop/视频/原/3.mp4,298,9.933,23,motorcycle,0.382,226.8 539.3 417.0 715.1,,1,1.051,0,0,35.032,28.545
/Users/peter/Desktop/视频/原/3.mp4,299,9.967,21,motorcycle,0.669,273.5 417.2 461.0 527.8,,1,1.200,0,0,35.568,28.115
/Users/peter/Desktop/视频/原/3.mp4,300,10.000,21,motorcycle,0.344,275.9 416.8 458.1 527.2,,1,1.200,0,0,34.142,29.290
/Users/peter/Desktop/视频/原/3.mp4,300,10.000,22,motorcycle,0.318,672.2 356.8 745.5 414.9,,0,,0,0,34.142,29.290
/Users/peter/Desktop/视频/原/3.mp4,302,10.067,22,motorcycle,0.258,663.1 350.1 731.4 415.1,,0,,0,0,34.054,29.365
/Users/peter/Desktop/视频/原/3.mp4,302,10.067,24,motorcycle,0.255,418.6 351.0 494.5 420.9,,0,,0,0,34.054,29.365
/Users/peter/Desktop/视频/原/3.mp4,303,10.100,22,motorcycle,0.317,657.1 351.0 727.3 414.3,,0,,0,0,33.827,29.563
/Users/peter/Desktop/视频/原/3.mp4,303,10.100,24,motorcycle,0.262,422.6 349.5 502.6 420.8,,0,,0,0,33.827,29.563
/Users/peter/Desktop/视频/原/3.mp4,304,10.133,24,motorcycle,0.273,431.7 351.1 512.6 419.3,,0,,0,0,36.833,27.149
/Users/peter/Desktop/视频/原/3.mp4,305,10.167,24,motorcycle,0.422,443.1 355.9 514.8 416.3,,0,,0,0,34.528,28.962
/Users/peter/Desktop/视频/原/3.mp4,306,10.200,21,motorcycle,0.468,271.2 415.9 455.9 531.6,,1,1.200,0,0,35.178,28.427
/Users/peter/Desktop/视频/原/3.mp4,306,10.200,24,motorcycle,0.437,450.4 353.7 524.7 414.0,,0,,0,0,35.178,28.427
/Users/peter/Desktop/视频/原/3.mp4,307,10.233,24,motorcycle,0.432,458.5 355.5 528.8 413.1,,0,,0,0,36.275,27.567
/Users/peter/Desktop/视频/原/3.mp4,307,10.233,21,motorcycle,0.297,270.7 418.7 455.7 532.8,,1,1.200,0,0,36.275,27.567
/Users/peter/Desktop/视频/原/3.mp4,308,10.267,24,motorcycle,0.311,466.8 353.2 531.5 411.9,,0,,0,0,35.640,28.058
/Users/peter/Desktop/视频/原/3.mp4,309,10.300,21,motorcycle,0.474,270.4 416.5 454.6 532.5,,1,1.200,0,0,42.639,23.453
/Users/peter/Desktop/视频/原/3.mp4,309,10.300,24,motorcycle,0.274,476.1 353.8 536.9 406.9,,0,,0,0,42.639,23.453
/Users/peter/Desktop/视频/原/3.mp4,310,10.333,21,motorcycle,0.553,268.8 411.5 453.6 533.1,,1,1.200,0,0,34.388,29.080
/Users/peter/Desktop/视频/原/3.mp4,310,10.333,24,motorcycle,0.324,482.0 353.0 539.3 403.5,,0,,0,0,34.388,29.080
/Users/peter/Desktop/视频/原/3.mp4,311,10.367,21,motorcycle,0.623,268.5 410.5 452.5 532.3,,1,1.200,0,0,33.551,29.805
/Users/peter/Desktop/视频/原/3.mp4,311,10.367,24,motorcycle,0.314,491.6 343.4 542.2 402.7,,0,,0,0,33.551,29.805
/Users/peter/Desktop/视频/原/3.mp4,312,10.400,21,motorcycle,0.642,268.4 410.6 452.3 532.1,,1,1.200,0,0,35.828,27.911
/Users/peter/Desktop/视频/原/3.mp4,312,10.400,24,motorcycle,0.388,496.0 342.6 545.9 401.8,,0,,0,0,35.828,27.911
/Users/peter/Desktop/视频/原/3.mp4,312,10.400,25,motorcycle,0.267,637.3 608.4 971.1 717.5,,1,1.144,0,0,35.828,27.911
/Users/peter/Desktop/视频/原/3.mp4,313,10.433,21,motorcycle,0.688,267.6 410.7 452.2 531.4,,1,1.200,0,0,63.538,15.738
/Users/peter/Desktop/视频/原/3.mp4,313,10.433,25,motorcycle,0.601,677.3 616.2 999.5 716.7,,1,1.122,0,0,63.538,15.738
/Users/peter/Desktop/视频/原/3.mp4,313,10.433,24,motorcycle,0.311,500.9 345.0 549.3 399.5,,0,,0,0,63.538,15.738
/Users/peter/Desktop/视频/原/3.mp4,314,10.467,21,motorcycle,0.675,266.2 411.6 451.7 530.6,,1,1.200,0,0,37.400,26.738
/Users/peter/Desktop/视频/原/3.mp4,314,10.467,25,motorcycle,0.583,717.0 601.7 1034.5 716.6,,1,1.156,0,0,37.400,26.738
/Users/peter/Desktop/视频/原/3.mp4,315,10.500,25,motorcycle,0.696,752.5 604.0 1065.1 716.9,,1,1.133,0,0,33.539,29.816
/Users/peter/Desktop/视频/原/3.mp4,315,10.500,21,motorcycle,0.620,266.5 411.8 451.0 529.6,,1,1.200,0,0,33.539,29.816
/Users/peter/Desktop/视频/原/3.mp4,316,10.533,25,motorcycle,0.716,787.7 600.1 1098.9 716.5,,1,1.154,0,0,34.199,29.240
/Users/peter/Desktop/视频/原/3.mp4,316,10.533,21,motorcycle,0.627,264.9 410.0 450.9 529.1,,1,1.200,0,0,34.199,29.240
/Users/peter/Desktop/视频/原/3.mp4,316,10.533,24,motorcycle,0.357,515.7 343.1 555.5 396.1,,0,,0,0,34.199,29.240
/Users/peter/Desktop/视频/原/3.mp4,317,10.567,21,motorcycle,0.707,264.1 408.3 450.5 528.7,,1,1.200,0,0,36.020,27.762
/Users/peter/Desktop/视频/原/3.mp4,317,10.567,25,motorcycle,0.612,819.2 598.0 1123.7 717.3,,1,1.152,0,0,36.020,27.762
/Users/peter/Desktop/视频/原/3.mp4,318,10.600,21,motorcycle,0.731,263.8 410.0 449.6 528.2,,1,1.200,0,0,34.880,28.670
/Users/peter/Desktop/视频/原/3.mp4,318,10.600,25,motorcycle,0.596,851.4 583.1 1163.8 716.6,,1,1.191,0,0,34.880,28.670
/Users/peter/Desktop/视频/原/3.mp4,319,10.633,21,motorcycle,0.741,263.0 409.2 448.8 528.0,,1,1.200,0,0,34.657,28.854
/Users/peter/Desktop/视频/原/3.mp4,319,10.633,25,motorcycle,0.538,881.0 582.6 1189.9 717.9,,1,1.190,0,0,34.657,28.854
/Users/peter/Desktop/视频/原/3.mp4,319,10.633,24,motorcycle,0.271,525.2 344.1 561.0 390.4,,0,,0,0,34.657,28.854
/Users/peter/Desktop/视频/原/3.mp4,320,10.667,21,motorcycle,0.759,262.5 407.9 448.0 527.4,,1,1.200,0,0,37.626,26.577
/Users/peter/Desktop/视频/原/3.mp4,320,10.667,25,motorcycle,0.616,912.4 575.0 1231.8 717.2,,1,1.200,0,0,37.626,26.577
/Users/peter/Desktop/视频/原/3.mp4,321,10.700,21,motorcycle,0.746,261.9 405.2 447.5 527.7,,1,1.200,0,0,36.302,27.547
/Users/peter/Desktop/视频/原/3.mp4,321,10.700,25,motorcycle,0.745,939.0 529.4 1255.6 719.6,,1,1.200,0,0,36.302,27.547
/Users/peter/Desktop/视频/原/3.mp4,322,10.733,25,motorcycle,0.671,970.9 568.5 1273.9 717.2,,1,1.200,0,0,35.369,28.274
/Users/peter/Desktop/视频/原/3.mp4,322,10.733,21,motorcycle,0.628,260.7 406.0 448.1 527.9,,1,1.200,0,0,35.369,28.274
/Users/peter/Desktop/视频/原/3.mp4,322,10.733,24,motorcycle,0.298,534.2 341.6 563.9 387.3,,1,1.200,0,0,35.369,28.274
/Users/peter/Desktop/视频/原/3.mp4,323,10.767,25,motorcycle,0.698,998.5 582.3 1279.8 718.6,,1,1.195,0,0,33.924,29.478
/Users/peter/Desktop/视频/原/3.mp4,323,10.767,21,motorcycle,0.626,260.5 405.2 448.2 528.0,,1,1.200,0,0,33.924,29.478
/Users/peter/Desktop/视频/原/3.mp4,324,10.800,21,motorcycle,0.750,259.1 405.6 447.8 526.7,,1,1.200,0,0,36.316,27.536
/Users/peter/Desktop/视频/原/3.mp4,324,10.800,25,motorcycle,0.660,1026.1 573.9 1279.0 716.4,,1,1.200,0,0,36.316,27.536
/Users/peter/Desktop/视频/原/3.mp4,325,10.833,21,motorcycle,0.744,258.7 403.0 446.8 525.8,,1,1.200,0,0,35.344,28.293
/Users/peter/Desktop/视频/原/3.mp4,325,10.833,25,motorcycle,0.658,1052.1 570.4 1279.0 716.7,,1,1.200,0,0,35.344,28.293
/Users/peter/Desktop/视频/原/3.mp4,326,10.867,21,motorcycle,0.769,258.1 402.3 446.4 525.3,,1,1.200,0,0,37.753,26.488
/Users/peter/Desktop/视频/原/3.mp4,326,10.867,25,motorcycle,0.642,1080.8 576.2 1279.0 715.9,,1,1.151,0,0,37.753,26.488
/Users/peter/Desktop/视频/原/3.mp4,327,10.900,21,motorcycle,0.653,257.5 404.9 445.1 526.0,,1,1.200,0,0,50.609,19.759
/Users/peter/Desktop/视频/原/3.mp4,327,10.900,25,motorcycle,0.567,1103.5 572.9 1279.5 718.6,,1,1.141,0,0,50.609,19.759
/Users/peter/Desktop/视频/原/3.mp4,328,10.933,21,motorcycle,0.728,256.9 403.8 445.0 525.3,,1,1.200,0,0,35.845,27.898
/Users/peter/Desktop/视频/原/3.mp4,328,10.933,25,motorcycle,0.474,1125.9 579.7 1279.4 718.5,,1,1.196,0,0,35.845,27.898
/Users/peter/Desktop/视频/原/3.mp4,329,10.967,21,motorcycle,0.628,256.7 404.9 444.7 524.4,,1,1.200,0,0,35.770,27.956
/Users/peter/Desktop/视频/原/3.mp4,330,11.000,21,motorcycle,0.628,253.1 405.2 444.0 524.0,,1,1.200,0,0,42.222,23.684
/Users/peter/Desktop/视频/原/3.mp4,330,11.000,25,motorcycle,0.558,1175.4 430.4 1279.7 713.3,,1,1.200,0,0,42.222,23.684
/Users/peter/Desktop/视频/原/3.mp4,331,11.033,21,motorcycle,0.455,250.8 407.9 442.8 522.9,,1,1.200,0,0,36.759,27.204
/Users/peter/Desktop/视频/原/3.mp4,331,11.033,25,motorcycle,0.349,1200.7 442.3 1279.7 713.7,,0,,0,0,36.759,27.204
/Users/peter/Desktop/视频/原/3.mp4,332,11.067,21,motorcycle,0.460,249.8 407.7 442.3 522.2,,1,1.200,0,0,47.943,20.858
/Users/peter/Desktop/视频/原/3.mp4,333,11.100,21,motorcycle,0.355,249.5 405.5 440.8 520.2,,1,1.200,0,0,39.904,25.060
/Users/peter/Desktop/视频/原/3.mp4,337,11.233,21,motorcycle,0.384,246.9 410.0 439.9 523.0,,1,1.200,0,0,41.888,23.873
/Users/peter/Desktop/视频/原/3.mp4,339,11.300,21,motorcycle,0.391,244.7 407.1 438.1 522.9,,1,1.200,0,0,35.497,28.171
/Users/peter/Desktop/视频/原/3.mp4,340,11.333,21,motorcycle,0.439,244.2 405.1 436.7 523.7,,1,1.200,0,0,43.065,23.220
/Users/peter/Desktop/视频/原/3.mp4,341,11.367,21,motorcycle,0.393,243.7 405.7 436.6 522.9,,1,1.200,0,0,37.603,26.594
/Users/peter/Desktop/视频/原/3.mp4,342,11.400,21,motorcycle,0.423,242.7 403.2 435.7 522.6,,1,1.200,0,0,37.481,26.680
/Users/peter/Desktop/视频/原/3.mp4,343,11.433,21,motorcycle,0.469,241.8 404.1 437.1 522.5,,1,1.200,0,0,37.725,26.508
/Users/peter/Desktop/视频/原/3.mp4,344,11.467,21,motorcycle,0.403,241.9 403.6 436.0 521.6,,1,1.200,0,0,43.812,22.825
/Users/peter/Desktop/视频/原/3.mp4,345,11.500,21,motorcycle,0.312,242.2 400.9 436.1 521.3,,1,1.200,0,0,34.223,29.220
/Users/peter/Desktop/视频/原/3.mp4,346,11.533,21,motorcycle,0.323,242.2 400.7 434.2 520.1,,1,1.200,0,0,37.533,26.643
/Users/peter/Desktop/视频/原/3.mp4,347,11.567,21,motorcycle,0.450,241.9 396.3 434.1 518.5,,1,1.200,0,0,37.214,26.872
/Users/peter/Desktop/视频/原/3.mp4,348,11.600,21,motorcycle,0.525,242.4 392.8 433.8 517.5,,1,1.200,0,0,37.466,26.691
/Users/peter/Desktop/视频/原/3.mp4,349,11.633,21,motorcycle,0.530,241.8 398.6 432.8 517.1,,1,1.200,0,0,37.421,26.723
/Users/peter/Desktop/视频/原/3.mp4,350,11.667,21,motorcycle,0.637,241.7 399.3 431.0 516.9,,1,1.200,0,0,37.535,26.642
/Users/peter/Desktop/视频/原/3.mp4,351,11.700,21,motorcycle,0.464,242.3 398.2 430.8 515.5,,1,1.200,0,0,36.524,27.379
/Users/peter/Desktop/视频/原/3.mp4,352,11.733,21,motorcycle,0.564,242.5 397.6 430.3 515.3,,1,1.200,0,0,36.035,27.751
/Users/peter/Desktop/视频/原/3.mp4,353,11.767,21,motorcycle,0.682,242.5 396.7 430.9 515.0,,1,1.200,0,0,35.236,28.380
/Users/peter/Desktop/视频/原/3.mp4,354,11.800,21,motorcycle,0.680,243.2 395.1 433.3 514.3,,1,1.200,0,0,35.648,28.052
/Users/peter/Desktop/视频/原/3.mp4,355,11.833,21,motorcycle,0.636,243.6 393.1 434.9 513.1,,1,1.200,0,0,35.206,28.404
/Users/peter/Desktop/视频/原/3.mp4,356,11.867,21,motorcycle,0.621,243.6 393.4 438.8 512.1,,1,1.200,0,0,36.994,27.031
/Users/peter/Desktop/视频/原/3.mp4,357,11.900,21,motorcycle,0.572,243.5 392.5 439.5 511.9,,1,1.200,0,0,53.251,18.779
/Users/peter/Desktop/视频/原/3.mp4,358,11.933,21,motorcycle,0.607,244.3 392.1 437.8 512.3,,1,1.200,0,0,34.795,28.740
/Users/peter/Desktop/视频/原/3.mp4,359,11.967,21,motorcycle,0.613,245.3 393.3 433.7 513.1,,1,1.200,0,0,37.429,26.717
/Users/peter/Desktop/视频/原/3.mp4,360,12.000,21,motorcycle,0.530,245.9 393.4 436.0 512.9,,1,1.200,0,0,46.549,21.483
/Users/peter/Desktop/视频/原/3.mp4,361,12.033,21,motorcycle,0.370,247.4 394.5 435.9 511.1,,1,1.200,0,0,36.149,27.663
/Users/peter/Desktop/视频/原/3.mp4,362,12.067,21,motorcycle,0.291,247.5 395.7 427.1 509.5,,1,1.200,0,0,34.926,28.632
/Users/peter/Desktop/视频/原/3.mp4,363,12.100,21,motorcycle,0.276,247.8 394.4 426.8 508.6,,1,1.200,0,0,35.459,28.202
/Users/peter/Desktop/视频/原/3.mp4,365,12.167,21,motorcycle,0.275,232.8 387.1 436.9 506.4,,1,1.200,0,0,42.065,23.773
/Users/peter/Desktop/视频/原/3.mp4,371,12.367,21,motorcycle,0.287,252.3 391.3 432.1 504.9,,1,1.200,0,0,37.899,26.386
/Users/peter/Desktop/视频/原/3.mp4,372,12.400,21,motorcycle,0.330,250.0 385.6 429.4 500.0,,1,1.200,0,0,35.031,28.546
/Users/peter/Desktop/视频/原/3.mp4,373,12.433,21,motorcycle,0.320,250.9 391.7 431.8 503.7, ,2,1.200 1.200,1,0,35.267,28.355
/Users/peter/Desktop/视频/原/3.mp4,374,12.467,21,motorcycle,0.348,248.6 391.9 431.5 505.0, ,2,1.200 1.200,1,1,35.086,28.502
/Users/peter/Desktop/视频/原/3.mp4,375,12.500,21,motorcycle,0.263,248.8 390.6 431.9 500.9,,1,1.200,0,0,49.945,20.022
/Users/peter/Desktop/视频/原/3.mp4,377,12.567,21,motorcycle,0.262,249.0 392.7 437.2 506.1,,1,1.200,0,0,35.531,28.145
/Users/peter/Desktop/视频/原/3.mp4,378,12.600,21,motorcycle,0.320,248.6 392.6 437.4 507.8,,1,1.200,0,0,34.975,28.592
/Users/peter/Desktop/视频/原/3.mp4,379,12.633,21,motorcycle,0.359,248.6 392.2 438.1 508.6,,1,1.200,0,0,36.872,27.121
/Users/peter/Desktop/视频/原/3.mp4,380,12.667,21,motorcycle,0.378,248.5 391.8 438.2 507.9,,1,1.200,0,0,35.239,28.378
/Users/peter/Desktop/视频/原/3.mp4,381,12.700,21,motorcycle,0.317,248.5 391.9 438.1 507.3,,1,1.200,0,0,34.730,28.794
/Users/peter/Desktop/视频/原/3.mp4,382,12.733,21,motorcycle,0.255,248.4 392.1 439.0 506.9,,1,1.200,0,0,33.845,29.546
/Users/peter/Desktop/视频/原/3.mp4,385,12.833,21,motorcycle,0.261,247.3 391.5 437.3 507.1,,1,1.200,0,0,34.189,29.249
/Users/peter/Desktop/视频/原/3.mp4,389,12.967,21,motorcycle,0.489,247.8 390.8 428.6 508.0,,1,1.200,0,0,34.684,28.832
/Users/peter/Desktop/视频/原/3.mp4,390,13.000,21,motorcycle,0.594,246.8 389.6 427.7 506.9,,1,1.200,0,0,33.916,29.485
/Users/peter/Desktop/视频/原/3.mp4,391,13.033,21,motorcycle,0.595,246.1 388.9 427.7 506.5,,1,1.200,0,0,41.959,23.833
/Users/peter/Desktop/视频/原/3.mp4,392,13.067,21,motorcycle,0.505,245.2 389.4 426.3 506.5,,1,1.200,0,0,32.818,30.471
/Users/peter/Desktop/视频/原/3.mp4,393,13.100,21,motorcycle,0.412,244.0 389.6 427.2 506.6,,1,1.200,0,0,34.152,29.281
/Users/peter/Desktop/视频/原/3.mp4,394,13.133,21,motorcycle,0.544,243.5 388.5 427.5 507.3,,1,1.200,0,0,34.308,29.148
/Users/peter/Desktop/视频/原/3.mp4,395,13.167,21,motorcycle,0.654,242.4 388.7 427.1 507.3,,1,1.200,0,0,34.255,29.193
/Users/peter/Desktop/视频/原/3.mp4,396,13.200,21,motorcycle,0.716,241.4 388.9 425.6 507.7,,1,1.200,0,0,34.370,29.095
/Users/peter/Desktop/视频/原/3.mp4,397,13.233,21,motorcycle,0.680,240.8 390.4 424.3 507.5,,1,1.200,0,0,33.829,29.560
/Users/peter/Desktop/视频/原/3.mp4,398,13.267,21,motorcycle,0.688,239.4 390.8 424.6 509.3,,1,1.200,0,0,38.870,25.727
/Users/peter/Desktop/视频/原/3.mp4,399,13.300,21,motorcycle,0.681,238.4 391.0 424.5 509.8,,1,1.200,0,0,39.454,25.346
/Users/peter/Desktop/视频/原/3.mp4,400,13.333,21,motorcycle,0.733,237.1 390.8 424.8 510.5,,1,1.200,0,0,37.525,26.649
/Users/peter/Desktop/视频/原/3.mp4,401,13.367,21,motorcycle,0.728,236.3 391.0 424.9 510.6,,1,1.200,0,0,37.993,26.320
/Users/peter/Desktop/视频/原/3.mp4,402,13.400,21,motorcycle,0.712,235.9 390.8 424.4 511.3,,1,1.200,0,0,34.023,29.392
/Users/peter/Desktop/视频/原/3.mp4,403,13.433,21,motorcycle,0.718,234.6 390.5 424.0 510.5,,1,1.200,0,0,52.223,19.149
/Users/peter/Desktop/视频/原/3.mp4,404,13.467,21,motorcycle,0.714,233.4 390.6 424.3 512.5,,1,1.200,0,0,33.774,29.609
/Users/peter/Desktop/视频/原/3.mp4,405,13.500,21,motorcycle,0.730,231.9 391.1 424.7 512.7,,1,1.200,0,0,34.116,29.312
/Users/peter/Desktop/视频/原/3.mp4,406,13.533,21,motorcycle,0.756,231.4 390.6 424.6 512.8,,1,1.200,0,0,34.478,29.004
/Users/peter/Desktop/视频/原/3.mp4,407,13.567,21,motorcycle,0.736,230.7 390.4 424.8 512.9,,1,1.200,0,0,34.567,28.929
/Users/peter/Desktop/视频/原/3.mp4,408,13.600,21,motorcycle,0.755,230.4 390.3 424.9 512.9,,1,1.200,0,0,34.279,29.173
/Users/peter/Desktop/视频/原/3.mp4,409,13.633,21,motorcycle,0.775,230.1 390.0 424.9 513.1,,1,1.200,0,0,35.577,28.108
/Users/peter/Desktop/视频/原/3.mp4,410,13.667,21,motorcycle,0.763,230.2 389.2 424.6 513.5,,1,1.200,0,0,35.800,27.933
/Users/peter/Desktop/视频/原/3.mp4,411,13.700,21,motorcycle,0.734,230.2 389.0 424.5 513.9,,1,1.200,0,0,35.470,28.193
/Users/peter/Desktop/视频/原/3.mp4,412,13.733,21,motorcycle,0.753,230.0 388.7 423.9 513.8,,1,1.200,0,0,36.200,27.624
/Users/peter/Desktop/视频/原/3.mp4,413,13.767,21,motorcycle,0.748,230.0 388.8 423.8 513.8,,1,1.200,0,0,36.902,27.099
/Users/peter/Desktop/视频/原/3.mp4,414,13.800,21,motorcycle,0.723,230.1 389.6 423.7 513.8,,1,1.200,0,0,37.287,26.819
/Users/peter/Desktop/视频/原/3.mp4,415,13.833,21,motorcycle,0.688,230.2 389.7 423.9 513.7,,1,1.200,0,0,35.312,28.319
/Users/peter/Desktop/视频/原/3.mp4,416,13.867,21,motorcycle,0.656,230.2 389.9 423.6 513.3,,1,1.200,0,0,36.094,27.705
/Users/peter/Desktop/视频/原/3.mp4,417,13.900,21,motorcycle,0.680,230.1 390.3 423.7 513.5,,1,1.200,0,0,35.602,28.088
/Users/peter/Desktop/视频/原/3.mp4,418,13.933,21,motorcycle,0.674,229.9 390.2 424.1 513.3,,1,1.200,0,0,35.921,27.839
/Users/peter/Desktop/视频/原/3.mp4,419,13.967,21,motorcycle,0.520,231.5 391.8 423.0 515.8,,1,1.200,0,0,34.830,28.711
/Users/peter/Desktop/视频/原/3.mp4,420,14.000,21,motorcycle,0.591,230.9 391.1 423.4 516.4,,1,1.200,0,0,34.483,28.999
/Users/peter/Desktop/视频/原/3.mp4,421,14.033,21,motorcycle,0.550,231.0 391.4 423.4 516.6,,1,1.200,0,0,35.532,28.144
/Users/peter/Desktop/视频/原/3.mp4,422,14.067,21,motorcycle,0.490,231.9 391.1 423.8 516.6,,1,1.200,0,0,34.359,29.105
/Users/peter/Desktop/视频/原/3.mp4,423,14.100,21,motorcycle,0.424,231.6 391.0 423.7 517.1,,1,1.200,0,0,36.026,27.758
/Users/peter/Desktop/视频/原/3.mp4,424,14.133,21,motorcycle,0.466,230.9 391.5 424.0 517.6,,1,1.200,0,0,35.662,28.041
/Users/peter/Desktop/视频/原/3.mp4,425,14.167,21,motorcycle,0.548,229.9 391.1 424.0 518.4,,1,1.200,0,0,36.445,27.438
/Users/peter/Desktop/视频/原/3.mp4,426,14.200,21,motorcycle,0.509,230.1 390.6 424.3 518.1,,1,1.200,0,0,35.308,28.322
/Users/peter/Desktop/视频/原/3.mp4,427,14.233,21,motorcycle,0.373,230.1 391.4 424.3 518.1,,1,1.200,0,0,36.053,27.737
/Users/peter/Desktop/视频/原/3.mp4,428,14.267,21,motorcycle,0.350,230.0 392.2 424.4 518.6,,1,1.200,0,0,38.881,25.719
/Users/peter/Desktop/视频/原/3.mp4,429,14.300,21,motorcycle,0.318,229.8 392.4 424.6 518.8,,1,1.200,0,0,36.031,27.754
/Users/peter/Desktop/视频/原/3.mp4,431,14.367,21,motorcycle,0.323,228.6 391.9 424.8 519.5,,1,1.200,0,0,35.349,28.289
/Users/peter/Desktop/视频/原/3.mp4,432,14.400,21,motorcycle,0.451,227.2 390.6 424.2 519.0,,1,1.200,0,0,35.636,28.062
/Users/peter/Desktop/视频/原/3.mp4,433,14.433,21,motorcycle,0.344,227.0 390.6 424.4 519.2,,1,1.200,0,0,45.252,22.098
/Users/peter/Desktop/视频/原/3.mp4,434,14.467,21,motorcycle,0.390,226.6 390.3 423.7 519.9,,1,1.200,0,0,34.871,28.677
/Users/peter/Desktop/视频/原/3.mp4,435,14.500,21,motorcycle,0.437,227.4 390.3 424.5 520.7,,1,1.200,0,0,42.417,23.575
/Users/peter/Desktop/视频/原/3.mp4,436,14.533,21,motorcycle,0.554,225.3 390.1 424.0 520.8,,1,1.200,0,0,44.862,22.291
/Users/peter/Desktop/视频/原/3.mp4,437,14.567,21,motorcycle,0.544,223.5 388.2 423.9 520.8,,1,1.200,0,0,63.998,15.625
/Users/peter/Desktop/视频/原/3.mp4,438,14.600,21,motorcycle,0.423,222.8 387.6 424.0 520.9,,1,1.200,0,0,38.611,25.899
/Users/peter/Desktop/视频/原/3.mp4,439,14.633,21,motorcycle,0.525,220.4 386.1 423.6 520.7,,1,1.200,0,0,36.795,27.178
/Users/peter/Desktop/视频/原/3.mp4,440,14.667,21,motorcycle,0.385,219.3 384.5 422.8 520.7,,1,1.200,0,0,39.144,25.547
/Users/peter/Desktop/视频/原/3.mp4,441,14.700,21,motorcycle,0.515,218.5 389.3 422.8 521.5,,1,1.200,0,0,35.075,28.510
/Users/peter/Desktop/视频/原/3.mp4,442,14.733,21,motorcycle,0.516,217.8 388.3 422.6 522.3,,1,1.200,0,0,35.476,28.188
/Users/peter/Desktop/视频/原/3.mp4,443,14.767,21,motorcycle,0.452,218.5 387.8 421.2 523.0,,1,1.200,0,0,35.457,28.203
/Users/peter/Desktop/视频/原/3.mp4,444,14.800,21,motorcycle,0.426,218.2 385.9 420.9 523.3,,1,1.200,0,0,43.414,23.034
/Users/peter/Desktop/视频/原/3.mp4,445,14.833,21,motorcycle,0.452,215.6 385.4 420.0 523.3, ,2,1.200 1.153,1,0,34.691,28.826
/Users/peter/Desktop/视频/原/3.mp4,446,14.867,21,motorcycle,0.513,213.7 382.8 419.5 523.8,,1,1.200,0,0,42.060,23.775
/Users/peter/Desktop/视频/原/3.mp4,447,14.900,21,motorcycle,0.586,214.1 373.0 419.4 523.7, ,2,1.200 1.083,1,0,34.376,29.090
/Users/peter/Desktop/视频/原/3.mp4,448,14.933,21,motorcycle,0.586,213.1 368.3 418.5 523.4,,1,1.200,0,0,33.948,29.456
/Users/peter/Desktop/视频/原/3.mp4,449,14.967,21,motorcycle,0.663,213.9 374.6 417.8 523.6, ,2,1.200 1.200,1,0,33.834,29.556
/Users/peter/Desktop/视频/原/3.mp4,450,15.000,21,motorcycle,0.641,212.9 376.0 417.0 523.8, ,2,1.200 1.200,1,1,33.621,29.743
/Users/peter/Desktop/视频/原/3.mp4,451,15.033,21,motorcycle,0.568,211.5 386.1 415.3 523.4, ,2,1.200 1.200,1,1,51.741,19.327
/Users/peter/Desktop/视频/原/3.mp4,452,15.067,21,motorcycle,0.571,210.9 387.7 413.0 522.6, ,2,1.200 1.200,1,1,32.797,30.491
/Users/peter/Desktop/视频/原/3.mp4,453,15.100,21,motorcycle,0.623,210.4 387.3 413.3 521.0,,1,1.200,0,1,33.868,29.526
/Users/peter/Desktop/视频/原/3.mp4,454,15.133,21,motorcycle,0.598,209.9 390.9 414.7 520.5,,1,1.200,0,1,33.538,29.817
/Users/peter/Desktop/视频/原/3.mp4,455,15.167,21,motorcycle,0.644,209.2 390.5 413.8 520.7,,1,1.200,0,0,34.055,29.364
/Users/peter/Desktop/视频/原/3.mp4,456,15.200,21,motorcycle,0.598,209.3 390.7 413.7 520.2,,1,1.200,0,0,33.879,29.517
/Users/peter/Desktop/视频/原/3.mp4,457,15.233,21,motorcycle,0.571,209.0 388.4 413.4 519.5,,1,1.200,0,0,33.624,29.740
/Users/peter/Desktop/视频/原/3.mp4,458,15.267,21,motorcycle,0.466,208.8 389.8 414.1 517.5,,1,1.200,0,0,50.582,19.770
/Users/peter/Desktop/视频/原/3.mp4,459,15.300,21,motorcycle,0.260,208.8 391.2 413.1 516.3,,1,1.200,0,0,63.174,15.829
/Users/peter/Desktop/视频/原/3.mp4,460,15.333,21,motorcycle,0.302,208.2 389.1 412.7 515.7,,1,1.200,0,0,44.468,22.488
/Users/peter/Desktop/视频/原/3.mp4,467,15.567,21,motorcycle,0.289,206.7 388.7 407.3 516.8,,1,1.200,0,0,34.275,29.175
/Users/peter/Desktop/视频/原/3.mp4,469,15.633,21,motorcycle,0.651,204.9 387.5 406.2 517.3,,1,1.200,0,0,33.624,29.741
/Users/peter/Desktop/视频/原/3.mp4,470,15.667,21,motorcycle,0.717,204.7 387.8 406.8 518.1,,1,1.200,0,0,34.330,29.129
/Users/peter/Desktop/视频/原/3.mp4,471,15.700,21,motorcycle,0.713,204.7 388.3 406.0 517.9,,1,1.200,0,0,41.008,24.385
/Users/peter/Desktop/视频/原/3.mp4,472,15.733,21,motorcycle,0.755,203.9 388.7 406.6 519.5,,1,1.200,0,0,41.534,24.077
/Users/peter/Desktop/视频/原/3.mp4,473,15.767,21,motorcycle,0.688,203.7 387.8 405.2 519.6,,1,1.200,0,0,47.360,21.115
/Users/peter/Desktop/视频/原/3.mp4,474,15.800,21,motorcycle,0.693,203.5 388.3 406.2 520.2,,1,1.200,0,0,34.330,29.129
/Users/peter/Desktop/视频/原/3.mp4,475,15.833,21,motorcycle,0.716,202.9 387.9 406.0 520.4,,1,1.200,0,0,36.849,27.138
/Users/peter/Desktop/视频/原/3.mp4,476,15.867,21,motorcycle,0.673,203.2 387.9 406.0 520.1,,1,1.200,0,0,35.279,28.345
/Users/peter/Desktop/视频/原/3.mp4,477,15.900,21,motorcycle,0.694,203.2 387.3 405.4 519.6,,1,1.200,0,0,46.467,21.521
/Users/peter/Desktop/视频/原/3.mp4,478,15.933,21,motorcycle,0.733,203.2 387.9 406.2 519.6,,1,1.200,0,0,37.084,26.966
/Users/peter/Desktop/视频/原/3.mp4,479,15.967,21,motorcycle,0.596,203.3 389.0 406.5 519.4,,1,1.200,0,0,36.183,27.637
/Users/peter/Desktop/视频/原/3.mp4,480,16.000,21,motorcycle,0.604,203.7 389.9 407.1 519.0,,1,1.200,0,0,35.423,28.230
/Users/peter/Desktop/视频/原/3.mp4,481,16.033,21,motorcycle,0.567,203.8 390.5 407.5 519.5,,1,1.200,0,0,36.973,27.047
/Users/peter/Desktop/视频/原/3.mp4,482,16.067,21,motorcycle,0.651,203.8 390.2 407.8 519.6,,1,1.200,0,0,37.775,26.473
/Users/peter/Desktop/视频/原/3.mp4,483,16.100,21,motorcycle,0.641,203.2 390.1 407.3 519.3,,1,1.200,0,0,36.749,27.212
/Users/peter/Desktop/视频/原/3.mp4,484,16.133,21,motorcycle,0.515,204.0 391.6 407.5 519.3,,1,1.200,0,0,42.735,23.400
/Users/peter/Desktop/视频/原/3.mp4,485,16.167,21,motorcycle,0.588,203.3 390.6 406.5 519.9,,1,1.200,0,0,36.261,27.578
/Users/peter/Desktop/视频/原/3.mp4,486,16.200,21,motorcycle,0.618,203.0 390.3 405.7 519.6,,1,1.200,0,0,44.680,22.382
/Users/peter/Desktop/视频/原/3.mp4,487,16.233,21,motorcycle,0.658,202.7 390.7 405.8 519.8,,1,1.200,0,0,36.341,27.517
/Users/peter/Desktop/视频/原/3.mp4,488,16.267,21,motorcycle,0.778,200.6 390.6 404.8 520.9,,1,1.200,0,0,36.792,27.180
/Users/peter/Desktop/视频/原/3.mp4,489,16.300,21,motorcycle,0.776,200.2 390.1 404.5 521.8,,1,1.200,0,0,36.413,27.463
/Users/peter/Desktop/视频/原/3.mp4,490,16.333,21,motorcycle,0.758,199.4 391.3 404.7 522.3,,1,1.200,0,0,35.915,27.844
/Users/peter/Desktop/视频/原/3.mp4,491,16.367,21,motorcycle,0.744,199.6 391.9 403.9 522.2,,1,1.200,0,0,36.880,27.115
/Users/peter/Desktop/视频/原/3.mp4,492,16.400,21,motorcycle,0.728,199.2 391.7 403.4 522.2,,1,1.200,0,0,36.019,27.763
/Users/peter/Desktop/视频/原/3.mp4,493,16.433,21,motorcycle,0.716,199.4 391.4 402.8 522.2,,1,1.200,0,0,36.932,27.077
/Users/peter/Desktop/视频/原/3.mp4,494,16.467,21,motorcycle,0.704,199.7 390.5 403.2 522.8,,1,1.200,0,0,36.840,27.145
/Users/peter/Desktop/视频/原/3.mp4,495,16.500,21,motorcycle,0.746,198.9 388.8 402.8 522.4,,1,1.200,0,0,36.880,27.115
/Users/peter/Desktop/视频/原/3.mp4,496,16.533,21,motorcycle,0.754,198.2 389.5 403.0 522.4,,1,1.200,0,0,36.601,27.322
/Users/peter/Desktop/视频/原/3.mp4,497,16.567,21,motorcycle,0.760,198.4 388.5 402.9 522.7,,1,1.200,0,0,37.635,26.571
/Users/peter/Desktop/视频/原/3.mp4,498,16.600,21,motorcycle,0.746,199.1 388.8 403.1 522.6,,1,1.200,0,0,38.097,26.249
/Users/peter/Desktop/视频/原/3.mp4,499,16.633,21,motorcycle,0.734,199.1 389.8 403.1 522.4,,1,1.200,0,0,37.427,26.719
/Users/peter/Desktop/视频/原/3.mp4,500,16.667,21,motorcycle,0.686,199.3 390.2 402.9 522.5,,1,1.200,0,0,43.574,22.950
/Users/peter/Desktop/视频/原/3.mp4,501,16.700,21,motorcycle,0.609,199.4 390.6 402.9 522.7,,1,1.200,0,0,37.530,26.645
/Users/peter/Desktop/视频/原/3.mp4,502,16.733,21,motorcycle,0.613,197.8 390.6 403.3 522.3,,1,1.200,0,0,35.553,28.127
/Users/peter/Desktop/视频/原/3.mp4,503,16.767,21,motorcycle,0.566,197.7 390.9 403.2 521.9,,1,1.200,0,0,36.715,27.237
/Users/peter/Desktop/视频/原/3.mp4,504,16.800,21,motorcycle,0.601,198.3 390.1 403.5 522.4,,1,1.200,0,0,35.997,27.780
/Users/peter/Desktop/视频/原/3.mp4,505,16.833,21,motorcycle,0.652,196.7 389.8 403.1 522.1,,1,1.200,0,0,35.753,27.970
/Users/peter/Desktop/视频/原/3.mp4,506,16.867,21,motorcycle,0.579,196.9 391.0 402.9 522.5,,1,1.200,0,0,35.230,28.385
/Users/peter/Desktop/视频/原/3.mp4,507,16.900,21,motorcycle,0.613,197.0 391.8 403.0 522.1,,1,1.200,0,0,34.926,28.632
/Users/peter/Desktop/视频/原/3.mp4,508,16.933,21,motorcycle,0.634,197.3 392.2 402.8 522.1,,1,1.200,0,0,35.503,28.167
/Users/peter/Desktop/视频/原/3.mp4,509,16.967,21,motorcycle,0.713,195.7 391.0 402.2 521.8,,1,1.200,0,0,34.649,28.861
/Users/peter/Desktop/视频/原/3.mp4,510,17.000,21,motorcycle,0.686,195.7 391.3 402.2 521.9,,1,1.200,0,0,33.802,29.584
/Users/peter/Desktop/视频/原/3.mp4,511,17.033,21,motorcycle,0.627,195.0 392.7 402.2 521.9,,1,1.200,0,0,33.681,29.690
/Users/peter/Desktop/视频/原/3.mp4,512,17.067,21,motorcycle,0.628,194.7 392.6 402.1 522.1,,1,1.200,0,0,34.395,29.074
/Users/peter/Desktop/视频/原/3.mp4,513,17.100,21,motorcycle,0.618,194.2 392.4 401.9 522.4,,1,1.200,0,0,35.090,28.498
/Users/peter/Desktop/视频/原/3.mp4,514,17.133,21,motorcycle,0.612,193.2 393.0 401.8 521.8,,1,1.200,0,0,34.493,28.991
/Users/peter/Desktop/视频/原/3.mp4,515,17.167,21,motorcycle,0.579,192.7 393.3 401.8 522.1,,1,1.200,0,0,44.091,22.680
/Users/peter/Desktop/视频/原/3.mp4,516,17.200,21,motorcycle,0.558,192.4 393.2 401.7 521.9,,1,1.200,0,0,33.832,29.558
/Users/peter/Desktop/视频/原/3.mp4,517,17.233,21,motorcycle,0.493,192.4 392.7 401.6 522.4,,1,1.200,0,0,33.762,29.620
/Users/peter/Desktop/视频/原/3.mp4,518,17.267,21,motorcycle,0.493,191.6 392.6 401.5 522.5,,1,1.200,0,0,33.528,29.825
/Users/peter/Desktop/视频/原/3.mp4,519,17.300,21,motorcycle,0.509,191.2 392.4 401.3 522.2,,1,1.200,0,0,34.325,29.133
/Users/peter/Desktop/视频/原/3.mp4,520,17.333,21,motorcycle,0.609,190.0 391.2 401.1 521.9,,1,1.200,0,0,33.986,29.424
/Users/peter/Desktop/视频/原/3.mp4,521,17.367,21,motorcycle,0.555,189.8 391.5 401.0 521.9,,1,1.200,0,0,33.758,29.622
/Users/peter/Desktop/视频/原/3.mp4,522,17.400,21,motorcycle,0.618,189.1 390.6 400.9 521.2,,1,1.200,0,0,34.763,28.767
/Users/peter/Desktop/视频/原/3.mp4,523,17.433,21,motorcycle,0.576,189.1 391.3 400.6 521.0,,1,1.200,0,0,33.983,29.426
/Users/peter/Desktop/视频/原/3.mp4,524,17.467,21,motorcycle,0.544,189.4 391.2 400.7 521.4,,1,1.200,0,0,33.647,29.720
/Users/peter/Desktop/视频/原/3.mp4,525,17.500,21,motorcycle,0.529,188.6 389.8 400.5 520.9,,1,1.200,0,0,35.866,27.881
/Users/peter/Desktop/视频/原/3.mp4,526,17.533,21,motorcycle,0.458,188.4 390.5 400.5 520.9,,1,1.200,0,0,34.038,29.379
/Users/peter/Desktop/视频/原/3.mp4,527,17.567,21,motorcycle,0.439,188.8 390.4 399.6 520.5,,1,1.200,0,0,35.057,28.525
/Users/peter/Desktop/视频/原/3.mp4,528,17.600,21,motorcycle,0.544,188.1 389.4 399.7 520.5,,1,1.200,0,0,34.722,28.800
/Users/peter/Desktop/视频/原/3.mp4,529,17.633,21,motorcycle,0.524,188.1 390.3 399.7 520.2,,1,1.200,0,0,34.639,28.869
/Users/peter/Desktop/视频/原/3.mp4,530,17.667,21,motorcycle,0.516,188.2 390.1 399.7 520.0,,1,1.200,0,0,33.948,29.457
/Users/peter/Desktop/视频/原/3.mp4,531,17.700,21,motorcycle,0.539,187.6 389.2 399.2 519.9,,1,1.200,0,0,34.812,28.726
/Users/peter/Desktop/视频/原/3.mp4,532,17.733,21,motorcycle,0.550,187.6 389.1 399.2 519.7,,1,1.200,0,0,43.347,23.070
/Users/peter/Desktop/视频/原/3.mp4,533,17.767,21,motorcycle,0.580,187.4 389.0 399.4 519.5,,1,1.200,0,0,34.589,28.911
/Users/peter/Desktop/视频/原/3.mp4,534,17.800,21,motorcycle,0.582,187.5 389.3 399.3 519.7,,1,1.200,0,0,34.099,29.327
/Users/peter/Desktop/视频/原/3.mp4,535,17.833,21,motorcycle,0.578,185.8 389.0 396.8 515.5,,1,1.200,0,0,43.608,22.932
/Users/peter/Desktop/视频/原/3.mp4,536,17.867,21,motorcycle,0.581,185.7 389.1 396.7 515.3,,1,1.200,0,0,33.760,29.621
/Users/peter/Desktop/视频/原/3.mp4,537,17.900,21,motorcycle,0.563,185.8 389.1 396.5 514.8,,1,1.200,0,0,42.521,23.518
/Users/peter/Desktop/视频/原/3.mp4,538,17.933,21,motorcycle,0.474,185.7 389.5 396.2 513.4,,1,1.200,0,0,33.597,29.765
/Users/peter/Desktop/视频/原/3.mp4,539,17.967,21,motorcycle,0.448,187.7 389.8 398.4 519.2,,1,1.200,0,0,43.327,23.080
/Users/peter/Desktop/视频/原/3.mp4,540,18.000,21,motorcycle,0.465,188.0 389.5 398.3 518.9,,1,1.200,0,0,34.395,29.074
/Users/peter/Desktop/视频/原/3.mp4,541,18.033,21,motorcycle,0.441,188.1 389.6 398.3 519.0,,1,1.200,0,0,33.932,29.471
/Users/peter/Desktop/视频/原/3.mp4,542,18.067,21,motorcycle,0.447,188.0 389.3 398.4 518.9,,1,1.200,0,0,33.676,29.695
/Users/peter/Desktop/视频/原/3.mp4,543,18.100,21,motorcycle,0.487,188.1 389.0 398.4 519.2,,1,1.200,0,0,34.055,29.364
/Users/peter/Desktop/视频/原/3.mp4,544,18.133,21,motorcycle,0.524,187.4 388.9 398.4 519.2,,1,1.200,0,0,34.076,29.346
/Users/peter/Desktop/视频/原/3.mp4,545,18.167,21,motorcycle,0.491,187.4 389.0 398.4 519.2,,1,1.200,0,0,43.358,23.064
/Users/peter/Desktop/视频/原/3.mp4,546,18.200,21,motorcycle,0.530,187.3 388.6 398.6 519.1,,1,1.200,0,0,33.512,29.840
/Users/peter/Desktop/视频/原/3.mp4,547,18.233,21,motorcycle,0.513,187.1 389.2 398.7 519.4,,1,1.200,0,0,34.457,29.022
/Users/peter/Desktop/视频/原/3.mp4,548,18.267,21,motorcycle,0.491,187.3 389.3 398.6 519.3,,1,1.200,0,0,33.870,29.524
/Users/peter/Desktop/视频/原/3.mp4,549,18.300,21,motorcycle,0.451,186.9 389.7 398.6 519.5,,1,1.200,0,0,33.613,29.750
/Users/peter/Desktop/视频/原/3.mp4,550,18.333,21,motorcycle,0.481,187.0 389.1 398.2 519.1,,1,1.200,0,0,34.435,29.040
/Users/peter/Desktop/视频/原/3.mp4,551,18.367,21,motorcycle,0.446,186.7 389.4 398.1 519.2,,1,1.200,0,0,35.034,28.544
/Users/peter/Desktop/视频/原/3.mp4,552,18.400,21,motorcycle,0.421,186.1 389.2 397.7 519.1,,1,1.200,0,0,33.637,29.729
/Users/peter/Desktop/视频/原/3.mp4,553,18.433,21,motorcycle,0.428,183.4 388.6 394.8 513.7,,1,1.200,0,0,43.083,23.211
/Users/peter/Desktop/视频/原/3.mp4,554,18.467,21,motorcycle,0.385,182.8 389.0 394.5 512.9,,1,1.200,0,0,33.662,29.707
/Users/peter/Desktop/视频/原/3.mp4,555,18.500,21,motorcycle,0.399,182.6 388.9 394.0 512.8,,1,1.200,0,0,33.626,29.739
/Users/peter/Desktop/视频/原/3.mp4,556,18.533,21,motorcycle,0.341,182.4 389.2 393.9 512.9,,1,1.200,0,0,34.308,29.148
/Users/peter/Desktop/视频/原/3.mp4,557,18.567,21,motorcycle,0.315,182.4 388.9 394.2 513.7,,1,1.200,0,0,33.932,29.470
/Users/peter/Desktop/视频/原/3.mp4,558,18.600,21,motorcycle,0.292,182.2 388.7 394.0 514.2,,1,1.200,0,0,43.276,23.107
/Users/peter/Desktop/视频/原/3.mp4,560,18.667,21,motorcycle,0.313,182.3 388.7 394.2 514.7,,1,1.200,0,0,33.871,29.524
/Users/peter/Desktop/视频/原/3.mp4,561,18.700,21,motorcycle,0.309,182.3 388.5 393.9 514.8,,1,1.200,0,0,43.244,23.125
/Users/peter/Desktop/视频/原/3.mp4,562,18.733,21,motorcycle,0.326,182.4 388.6 394.0 515.0,,1,1.200,0,0,33.560,29.798
/Users/peter/Desktop/视频/原/3.mp4,563,18.767,21,motorcycle,0.343,182.4 388.6 394.2 515.2,,1,1.200,0,0,33.977,29.432
/Users/peter/Desktop/视频/原/3.mp4,564,18.800,21,motorcycle,0.456,182.4 388.6 394.1 515.3,,1,1.200,0,0,33.693,29.680
/Users/peter/Desktop/视频/原/3.mp4,565,18.833,21,motorcycle,0.439,182.4 389.1 394.3 515.2,,1,1.200,0,0,34.266,29.183
/Users/peter/Desktop/视频/原/3.mp4,566,18.867,21,motorcycle,0.517,182.4 388.4 394.4 515.6,,1,1.200,0,0,33.274,30.053
/Users/peter/Desktop/视频/原/3.mp4,567,18.900,21,motorcycle,0.458,183.7 389.8 396.7 519.1,,1,1.200,0,0,33.856,29.536
/Users/peter/Desktop/视频/原/3.mp4,568,18.933,21,motorcycle,0.425,181.8 389.4 394.7 514.8,,1,1.200,0,0,34.375,29.091
/Users/peter/Desktop/视频/原/3.mp4,569,18.967,21,motorcycle,0.463,181.9 388.9 394.6 513.3,,1,1.200,0,0,34.154,29.279
/Users/peter/Desktop/视频/原/3.mp4,570,19.000,21,motorcycle,0.491,181.9 389.0 394.4 513.4,,1,1.200,0,0,34.767,28.763
/Users/peter/Desktop/视频/原/3.mp4,571,19.033,21,motorcycle,0.483,181.6 389.0 394.3 513.5,,1,1.200,0,0,34.036,29.380
/Users/peter/Desktop/视频/原/3.mp4,572,19.067,21,motorcycle,0.590,181.3 388.9 394.3 513.8,,1,1.200,0,0,33.791,29.594
/Users/peter/Desktop/视频/原/3.mp4,573,19.100,21,motorcycle,0.633,181.6 388.4 394.6 515.2,,1,1.200,0,0,33.821,29.567
/Users/peter/Desktop/视频/原/3.mp4,574,19.133,21,motorcycle,0.716,181.3 388.6 394.3 515.0,,1,1.200,0,0,43.204,23.146
/Users/peter/Desktop/视频/原/3.mp4,575,19.167,21,motorcycle,0.678,180.7 389.1 394.3 514.5,,1,1.200,0,0,33.536,29.819
/Users/peter/Desktop/视频/原/3.mp4,576,19.200,21,motorcycle,0.682,180.5 389.0 394.0 513.5,,1,1.200,0,0,34.795,28.740
/Users/peter/Desktop/视频/原/3.mp4,577,19.233,21,motorcycle,0.710,180.6 389.6 393.6 513.3,,1,1.200,0,0,33.708,29.667
/Users/peter/Desktop/视频/原/3.mp4,578,19.267,21,motorcycle,0.718,180.2 389.0 392.5 512.5,,1,1.200,0,0,42.454,23.555
/Users/peter/Desktop/视频/原/3.mp4,579,19.300,21,motorcycle,0.745,180.0 389.4 391.9 513.4,,1,1.200,0,0,38.929,25.688
/Users/peter/Desktop/视频/原/3.mp4,580,19.333,21,motorcycle,0.753,179.5 389.4 390.4 512.6,,1,1.200,0,0,34.863,28.684
/Users/peter/Desktop/视频/原/3.mp4,581,19.367,21,motorcycle,0.757,178.8 389.8 389.9 512.4,,1,1.200,0,0,33.610,29.753
/Users/peter/Desktop/视频/原/3.mp4,582,19.400,21,motorcycle,0.781,178.5 388.9 388.2 513.1,,1,1.200,0,0,33.530,29.824
/Users/peter/Desktop/视频/原/3.mp4,582,19.400,26,motorcycle,0.377,975.8 371.3 1035.9 409.8,,0,,0,0,33.530,29.824
/Users/peter/Desktop/视频/原/3.mp4,583,19.433,21,motorcycle,0.784,178.4 388.9 387.3 513.2,,1,1.200,0,0,33.937,29.466
/Users/peter/Desktop/视频/原/3.mp4,584,19.467,21,motorcycle,0.791,177.4 388.9 387.2 513.4,,1,1.200,0,0,33.649,29.719
/Users/peter/Desktop/视频/原/3.mp4,585,19.500,21,motorcycle,0.795,176.6 388.4 387.6 513.8,,1,1.200,0,0,34.223,29.220
/Users/peter/Desktop/视频/原/3.mp4,586,19.533,21,motorcycle,0.800,176.9 388.2 386.9 514.5,,1,1.200,0,0,33.457,29.889
/Users/peter/Desktop/视频/原/3.mp4,587,19.567,21,motorcycle,0.794,176.5 387.8 386.7 515.1,,1,1.200,0,0,36.436,27.445
/Users/peter/Desktop/视频/原/3.mp4,588,19.600,21,motorcycle,0.784,176.9 388.1 385.3 514.3,,1,1.200,0,0,34.751,28.776
/Users/peter/Desktop/视频/原/3.mp4,589,19.633,21,motorcycle,0.785,176.5 388.1 384.7 514.6,,1,1.200,0,0,43.222,23.137
/Users/peter/Desktop/视频/原/3.mp4,590,19.667,21,motorcycle,0.797,175.1 388.3 384.3 514.6,,1,1.200,0,0,34.348,29.114
/Users/peter/Desktop/视频/原/3.mp4,591,19.700,21,motorcycle,0.782,174.3 387.8 384.3 517.4,,1,1.200,0,0,33.875,29.520
/Users/peter/Desktop/视频/原/3.mp4,592,19.733,21,motorcycle,0.802,172.7 387.9 384.4 515.5,,1,1.200,0,0,33.649,29.718
/Users/peter/Desktop/视频/原/3.mp4,593,19.767,21,motorcycle,0.786,172.4 387.6 384.3 515.8,,1,1.200,0,0,33.685,29.687
/Users/peter/Desktop/视频/原/3.mp4,594,19.800,21,motorcycle,0.792,171.9 388.6 384.0 515.8,,1,1.200,0,0,50.954,19.625
/Users/peter/Desktop/视频/原/3.mp4,595,19.833,21,motorcycle,0.808,172.1 387.8 383.8 516.4,,1,1.200,0,0,32.064,31.187
/Users/peter/Desktop/视频/原/3.mp4,596,19.867,21,motorcycle,0.794,170.6 388.0 383.6 516.2,,1,1.200,0,0,33.686,29.686
/Users/peter/Desktop/视频/原/3.mp4,597,19.900,21,motorcycle,0.744,172.6 385.1 383.5 519.8,,1,1.200,0,0,33.735,29.643
/Users/peter/Desktop/视频/原/3.mp4,598,19.933,21,motorcycle,0.739,171.8 385.5 383.5 519.8,,1,1.200,0,0,34.438,29.038
/Users/peter/Desktop/视频/原/3.mp4,599,19.967,21,motorcycle,0.741,172.0 385.8 383.9 520.1,,1,1.200,0,0,34.080,29.343
/Users/peter/Desktop/视频/原/3.mp4,600,20.000,21,motorcycle,0.823,170.1 385.3 383.1 519.4,,1,1.200,0,0,34.254,29.194
/Users/peter/Desktop/视频/原/3.mp4,601,20.033,21,motorcycle,0.810,170.1 386.5 383.1 519.3,,1,1.200,0,0,36.552,27.358
/Users/peter/Desktop/视频/原/3.mp4,602,20.067,21,motorcycle,0.805,169.5 386.9 382.6 519.3,,1,1.200,0,0,34.076,29.346
/Users/peter/Desktop/视频/原/3.mp4,603,20.100,21,motorcycle,0.794,169.8 387.3 383.2 519.1,,1,1.200,0,0,34.283,29.169
/Users/peter/Desktop/视频/原/3.mp4,603,20.100,27,motorcycle,0.464,1069.8 373.2 1192.9 458.9,,0,,0,0,34.283,29.169
/Users/peter/Desktop/视频/原/3.mp4,604,20.133,21,motorcycle,0.785,167.7 390.5 382.5 517.2,,1,1.200,0,0,34.469,29.011
/Users/peter/Desktop/视频/原/3.mp4,605,20.167,21,motorcycle,0.806,168.0 391.1 382.7 519.7,,1,1.200,0,0,34.350,29.112
/Users/peter/Desktop/视频/原/3.mp4,606,20.200,21,motorcycle,0.791,166.8 391.8 381.9 517.4,,1,1.200,0,0,33.395,29.945
/Users/peter/Desktop/视频/原/3.mp4,606,20.200,27,motorcycle,0.420,1041.3 375.3 1176.9 451.9,,1,1.105,0,0,33.395,29.945
/Users/peter/Desktop/视频/原/3.mp4,607,20.233,21,motorcycle,0.776,166.2 392.7 382.1 517.3,,1,1.200,0,0,33.399,29.941
/Users/peter/Desktop/视频/原/3.mp4,607,20.233,27,motorcycle,0.341,1024.6 363.2 1179.9 442.2,,0,,0,0,33.399,29.941
/Users/peter/Desktop/视频/原/3.mp4,608,20.267,21,motorcycle,0.743,166.1 392.0 382.8 515.8,,1,1.200,0,0,33.724,29.652
/Users/peter/Desktop/视频/原/3.mp4,609,20.300,21,motorcycle,0.673,166.0 392.9 383.7 516.0,,1,1.200,0,0,34.087,29.337
/Users/peter/Desktop/视频/原/3.mp4,609,20.300,27,motorcycle,0.251,1117.9 373.1 1200.0 430.4,,0,,0,0,34.087,29.337
/Users/peter/Desktop/视频/原/3.mp4,610,20.333,21,motorcycle,0.672,165.3 392.2 383.5 515.8,,1,1.200,0,0,43.451,23.014
/Users/peter/Desktop/视频/原/3.mp4,610,20.333,28,motorcycle,0.434,992.8 364.1 1100.0 449.3,,0,,0,0,43.451,23.014
/Users/peter/Desktop/视频/原/3.mp4,611,20.367,21,motorcycle,0.681,164.6 391.7 383.4 515.5,,1,1.200,0,0,33.823,29.566
/Users/peter/Desktop/视频/原/3.mp4,611,20.367,28,motorcycle,0.342,980.7 360.5 1088.0 428.1,,0,,0,0,33.823,29.566
/Users/peter/Desktop/视频/原/3.mp4,612,20.400,21,motorcycle,0.621,165.8 390.9 383.7 517.8,,1,1.200,0,0,34.192,29.247
/Users/peter/Desktop/视频/原/3.mp4,612,20.400,28,motorcycle,0.499,969.6 368.2 1075.9 431.4,,1,1.131,0,0,34.192,29.247
/Users/peter/Desktop/视频/原/3.mp4,613,20.433,21,motorcycle,0.612,165.3 390.6 383.8 518.7,,1,1.200,0,0,33.532,29.822
/Users/peter/Desktop/视频/原/3.mp4,613,20.433,28,motorcycle,0.611,959.1 366.1 1057.6 429.5,,0,,0,0,33.532,29.822
/Users/peter/Desktop/视频/原/3.mp4,614,20.467,21,motorcycle,0.639,165.7 389.7 384.5 518.5,,1,1.200,0,0,34.055,29.364
/Users/peter/Desktop/视频/原/3.mp4,614,20.467,28,motorcycle,0.486,946.9 368.3 1047.6 426.8,,1,1.200,0,0,34.055,29.364
/Users/peter/Desktop/视频/原/3.mp4,615,20.500,21,motorcycle,0.635,165.7 389.6 384.5 519.0,,1,1.200,0,0,34.574,28.923
/Users/peter/Desktop/视频/原/3.mp4,615,20.500,28,motorcycle,0.387,937.3 371.2 1032.8 426.6,,1,1.127,0,0,34.574,28.923
/Users/peter/Desktop/视频/原/3.mp4,616,20.533,21,motorcycle,0.500,162.6 389.2 382.8 518.1,,1,1.200,0,0,33.831,29.559
/Users/peter/Desktop/视频/原/3.mp4,616,20.533,28,motorcycle,0.458,925.2 374.7 1020.7 424.2,,1,1.152,0,0,33.831,29.559
/Users/peter/Desktop/视频/原/3.mp4,617,20.567,28,motorcycle,0.477,913.9 375.3 1005.1 423.4,,1,1.139,0,0,32.880,30.414
/Users/peter/Desktop/视频/原/3.mp4,617,20.567,21,motorcycle,0.459,165.5 389.2 383.0 518.8,,1,1.200,0,0,32.880,30.414
/Users/peter/Desktop/视频/原/3.mp4,618,20.600,21,motorcycle,0.526,164.9 387.5 383.0 518.3,,1,1.200,0,0,33.604,29.758
/Users/peter/Desktop/视频/原/3.mp4,618,20.600,28,motorcycle,0.488,904.1 362.8 994.4 421.3,,1,1.100,0,0,33.604,29.758
/Users/peter/Desktop/视频/原/3.mp4,619,20.633,21,motorcycle,0.628,161.6 385.5 382.1 517.9,,1,1.200,0,0,33.843,29.548
/Users/peter/Desktop/视频/原/3.mp4,619,20.633,28,motorcycle,0.529,893.3 369.4 983.0 420.5,,1,1.132,0,0,33.843,29.548
/Users/peter/Desktop/视频/原/3.mp4,620,20.667,21,motorcycle,0.653,163.2 386.0 382.4 519.2,,1,1.200,0,0,42.660,23.441
/Users/peter/Desktop/视频/原/3.mp4,620,20.667,28,motorcycle,0.381,882.1 359.9 967.0 419.8,,1,1.116,0,0,42.660,23.441
/Users/peter/Desktop/视频/原/3.mp4,621,20.700,21,motorcycle,0.713,160.3 384.3 381.2 519.4,,1,1.200,0,0,34.370,29.095
/Users/peter/Desktop/视频/原/3.mp4,622,20.733,21,motorcycle,0.751,159.6 383.4 381.1 518.7,,1,1.200,0,0,33.988,29.422
/Users/peter/Desktop/视频/原/3.mp4,623,20.767,21,motorcycle,0.735,157.8 383.0 380.6 518.1,,1,1.200,0,0,33.557,29.800
/Users/peter/Desktop/视频/原/3.mp4,624,20.800,21,motorcycle,0.642,157.0 387.1 381.1 519.4,,1,1.200,0,0,34.123,29.305
/Users/peter/Desktop/视频/原/3.mp4,625,20.833,21,motorcycle,0.617,155.3 386.7 379.6 519.2,,1,1.200,0,0,33.555,29.802
/Users/peter/Desktop/视频/原/3.mp4,626,20.867,21,motorcycle,0.686,152.2 387.1 376.1 519.3,,1,1.200,0,0,44.895,22.274
/Users/peter/Desktop/视频/原/3.mp4,627,20.900,21,motorcycle,0.732,152.1 387.5 374.8 519.9,,1,1.200,0,0,33.129,30.185
/Users/peter/Desktop/视频/原/3.mp4,628,20.933,21,motorcycle,0.689,150.3 388.8 373.2 520.0,,1,1.200,0,0,41.524,24.083
/Users/peter/Desktop/视频/原/3.mp4,629,20.967,21,motorcycle,0.632,151.6 386.9 373.3 520.3,,1,1.200,0,0,46.482,21.514
/Users/peter/Desktop/视频/原/3.mp4,630,21.000,21,motorcycle,0.668,149.0 388.5 372.6 519.1,,1,1.200,0,0,31.812,31.434
/Users/peter/Desktop/视频/原/3.mp4,631,21.033,21,motorcycle,0.640,148.9 389.3 372.4 520.0,,1,1.200,0,0,34.084,29.339
/Users/peter/Desktop/视频/原/3.mp4,632,21.067,21,motorcycle,0.587,148.8 390.0 372.4 520.6,,1,1.200,0,0,34.231,29.213
/Users/peter/Desktop/视频/原/3.mp4,632,21.067,29,motorcycle,0.300,762.3 340.8 838.3 401.4,,0,,0,0,34.231,29.213
/Users/peter/Desktop/视频/原/3.mp4,633,21.100,21,motorcycle,0.563,148.7 390.3 372.5 519.9,,1,1.200,0,0,34.166,29.269
/Users/peter/Desktop/视频/原/3.mp4,634,21.133,21,motorcycle,0.555,148.9 390.4 372.3 519.7,,1,1.200,0,0,34.342,29.119
/Users/peter/Desktop/视频/原/3.mp4,635,21.167,21,motorcycle,0.555,148.9 390.3 372.3 520.8,,1,1.200,0,0,33.605,29.758
/Users/peter/Desktop/视频/原/3.mp4,635,21.167,29,motorcycle,0.506,732.7 337.3 844.3 397.5,,1,1.054,0,0,33.605,29.758
/Users/peter/Desktop/视频/原/3.mp4,636,21.200,21,motorcycle,0.617,149.3 389.6 372.1 520.6,,1,1.200,0,0,35.150,28.450
/Users/peter/Desktop/视频/原/3.mp4,637,21.233,21,motorcycle,0.612,149.2 390.0 372.2 521.3,,1,1.200,0,0,33.580,29.780
/Users/peter/Desktop/视频/原/3.mp4,637,21.233,29,motorcycle,0.260,713.0 334.4 789.8 398.1,,1,1.200,0,0,33.580,29.780
/Users/peter/Desktop/视频/原/3.mp4,638,21.267,21,motorcycle,0.600,149.6 389.9 372.5 521.2,,1,1.200,0,0,43.775,22.844
/Users/peter/Desktop/视频/原/3.mp4,638,21.267,29,motorcycle,0.322,705.1 335.4 781.7 398.2,,0,,0,0,43.775,22.844
/Users/peter/Desktop/视频/原/3.mp4,639,21.300,21,motorcycle,0.607,149.8 389.9 372.4 521.6,,1,1.200,0,0,34.199,29.240
/Users/peter/Desktop/视频/原/3.mp4,640,21.333,21,motorcycle,0.643,150.1 389.2 372.7 522.1,,1,1.200,0,0,34.343,29.118
/Users/peter/Desktop/视频/原/3.mp4,641,21.367,21,motorcycle,0.612,149.9 388.9 372.9 522.1,,1,1.200,0,0,42.646,23.449
/Users/peter/Desktop/视频/原/3.mp4,642,21.400,21,motorcycle,0.562,149.8 389.1 373.1 521.9,,1,1.200,0,0,33.746,29.633
/Users/peter/Desktop/视频/原/3.mp4,643,21.433,21,motorcycle,0.615,150.3 389.1 373.1 522.0,,1,1.200,0,0,34.034,29.382
/Users/peter/Desktop/视频/原/3.mp4,644,21.467,21,motorcycle,0.652,150.0 388.9 373.1 522.7,,1,1.200,0,0,34.100,29.325
/Users/peter/Desktop/视频/原/3.mp4,645,21.500,21,motorcycle,0.628,149.7 389.8 373.2 523.4,,1,1.200,0,0,50.738,19.709
/Users/peter/Desktop/视频/原/3.mp4,646,21.533,21,motorcycle,0.688,149.7 389.5 372.7 523.3,,1,1.200,0,0,32.723,30.559
/Users/peter/Desktop/视频/原/3.mp4,647,21.567,21,motorcycle,0.703,150.1 389.6 372.9 522.9,,1,1.200,0,0,35.006,28.567
/Users/peter/Desktop/视频/原/3.mp4,648,21.600,21,motorcycle,0.691,150.2 389.6 372.7 523.3,,1,1.200,0,0,33.999,29.412
/Users/peter/Desktop/视频/原/3.mp4,649,21.633,21,motorcycle,0.671,150.1 390.1 372.7 522.9,,1,1.200,0,0,43.291,23.100
/Users/peter/Desktop/视频/原/3.mp4,650,21.667,21,motorcycle,0.660,150.8 389.9 373.1 522.6,,1,1.200,0,0,34.217,29.225
/Users/peter/Desktop/视频/原/3.mp4,651,21.700,21,motorcycle,0.565,150.6 390.0 373.3 521.9,,1,1.200,0,0,34.855,28.690
/Users/peter/Desktop/视频/原/3.mp4,652,21.733,21,motorcycle,0.618,151.2 389.7 373.4 522.2,,1,1.200,0,0,34.229,29.215
/Users/peter/Desktop/视频/原/3.mp4,653,21.767,21,motorcycle,0.661,151.3 389.2 374.2 522.0,,1,1.200,0,0,33.957,29.449
/Users/peter/Desktop/视频/原/3.mp4,654,21.800,21,motorcycle,0.647,151.9 389.5 374.8 522.2,,1,1.200,0,0,33.653,29.715
/Users/peter/Desktop/视频/原/3.mp4,655,21.833,21,motorcycle,0.632,152.2 389.9 374.9 522.3,,1,1.200,0,0,33.653,29.715
/Users/peter/Desktop/视频/原/3.mp4,656,21.867,21,motorcycle,0.584,152.7 389.9 375.0 522.4,,1,1.200,0,0,43.286,23.102
/Users/peter/Desktop/视频/原/3.mp4,657,21.900,21,motorcycle,0.593,153.1 388.9 375.4 521.6,,1,1.200,0,0,33.515,29.837
/Users/peter/Desktop/视频/原/3.mp4,658,21.933,21,motorcycle,0.598,153.7 388.9 375.6 521.9,,1,1.200,0,0,34.029,29.386
/Users/peter/Desktop/视频/原/3.mp4,659,21.967,21,motorcycle,0.470,153.4 389.0 376.3 521.8,,1,1.200,0,0,33.582,29.778
/Users/peter/Desktop/视频/原/3.mp4,660,22.000,21,motorcycle,0.500,153.7 388.9 376.0 521.9,,1,1.200,0,0,34.509,28.978
/Users/peter/Desktop/视频/原/3.mp4,661,22.033,21,motorcycle,0.622,154.2 388.8 375.8 521.4,,1,1.200,0,0,34.275,29.175
/Users/peter/Desktop/视频/原/3.mp4,662,22.067,21,motorcycle,0.541,153.9 388.5 375.7 521.8,,1,1.200,0,0,34.069,29.352
/Users/peter/Desktop/视频/原/3.mp4,663,22.100,21,motorcycle,0.571,154.3 388.6 375.9 522.2,,1,1.200,0,0,32.482,30.787
/Users/peter/Desktop/视频/原/3.mp4,664,22.133,21,motorcycle,0.585,154.4 388.2 375.9 522.1,,1,1.200,0,0,33.990,29.420
/Users/peter/Desktop/视频/原/3.mp4,665,22.167,21,motorcycle,0.637,154.4 387.8 375.8 522.5,,1,1.200,0,0,43.463,23.008
/Users/peter/Desktop/视频/原/3.mp4,666,22.200,21,motorcycle,0.686,154.6 387.7 375.6 522.1,,1,1.200,0,0,33.704,29.670
/Users/peter/Desktop/视频/原/3.mp4,666,22.200,30,motorcycle,0.251,476.7 329.1 530.5 369.8,,0,,0,0,33.704,29.670
/Users/peter/Desktop/视频/原/3.mp4,667,22.233,21,motorcycle,0.684,154.6 387.5 375.6 522.2,,1,1.200,0,0,33.905,29.494
/Users/peter/Desktop/视频/原/3.mp4,668,22.267,21,motorcycle,0.703,155.0 387.6 376.3 522.1,,1,1.200,0,0,34.047,29.371
/Users/peter/Desktop/视频/原/3.mp4,668,22.267,30,motorcycle,0.397,460.4 321.7 513.7 369.4,,0,,0,0,34.047,29.371
/Users/peter/Desktop/视频/原/3.mp4,669,22.300,21,motorcycle,0.717,154.8 387.4 376.2 522.3,,1,1.200,0,0,33.708,29.666
/Users/peter/Desktop/视频/原/3.mp4,670,22.333,21,motorcycle,0.708,154.8 388.0 376.4 522.9,,1,1.200,0,0,43.881,22.789
/Users/peter/Desktop/视频/原/3.mp4,670,22.333,30,motorcycle,0.424,447.6 313.8 496.4 366.7,,0,,0,0,43.881,22.789
/Users/peter/Desktop/视频/原/3.mp4,671,22.367,21,motorcycle,0.685,154.9 388.1 377.1 523.5,,1,1.200,0,0,37.639,26.568
/Users/peter/Desktop/视频/原/3.mp4,672,22.400,21,motorcycle,0.691,155.0 388.5 377.3 524.2,,1,1.200,0,0,33.362,29.974
/Users/peter/Desktop/视频/原/3.mp4,672,22.400,30,motorcycle,0.258,433.2 314.7 482.7 365.0,,0,,0,0,33.362,29.974
/Users/peter/Desktop/视频/原/3.mp4,673,22.433,21,motorcycle,0.693,154.9 388.5 377.3 524.7,,1,1.200,0,0,33.320,30.012
/Users/peter/Desktop/视频/原/3.mp4,674,22.467,21,motorcycle,0.761,155.1 388.6 377.0 525.0,,1,1.200,0,0,34.128,29.302
/Users/peter/Desktop/视频/原/3.mp4,675,22.500,21,motorcycle,0.731,155.1 388.9 376.9 525.4,,1,1.200,0,0,36.438,27.444
/Users/peter/Desktop/视频/原/3.mp4,676,22.533,21,motorcycle,0.768,155.0 388.8 375.7 525.2,,1,1.200,0,0,33.988,29.422
/Users/peter/Desktop/视频/原/3.mp4,676,22.533,30,motorcycle,0.306,404.7 311.4 451.6 363.3,,1,1.200,0,0,33.988,29.422
/Users/peter/Desktop/视频/原/3.mp4,677,22.567,21,motorcycle,0.770,154.7 389.1 376.2 525.4,,1,1.200,0,0,33.410,29.931
/Users/peter/Desktop/视频/原/3.mp4,677,22.567,30,motorcycle,0.314,397.5 310.4 445.0 362.6,,0,,0,0,33.410,29.931
/Users/peter/Desktop/视频/原/3.mp4,678,22.600,21,motorcycle,0.784,154.1 388.9 375.4 525.9,,1,1.200,0,0,34.004,29.408
/Users/peter/Desktop/视频/原/3.mp4,678,22.600,30,motorcycle,0.366,390.2 308.2 438.5 360.6,,1,1.200,0,0,34.004,29.408
/Users/peter/Desktop/视频/原/3.mp4,679,22.633,21,motorcycle,0.791,153.8 389.3 375.8 525.7,,1,1.200,0,0,34.484,28.999
/Users/peter/Desktop/视频/原/3.mp4,679,22.633,30,motorcycle,0.362,382.8 319.1 435.1 361.9,,0,,0,0,34.484,28.999
/Users/peter/Desktop/视频/原/3.mp4,680,22.667,21,motorcycle,0.794,153.3 388.8 375.4 525.8,,1,1.200,0,0,33.798,29.587
/Users/peter/Desktop/视频/原/3.mp4,680,22.667,30,motorcycle,0.278,376.9 309.9 428.4 360.2,,0,,0,0,33.798,29.587
/Users/peter/Desktop/视频/原/3.mp4,681,22.700,21,motorcycle,0.787,153.0 389.1 375.8 526.2,,1,1.200,0,0,34.097,29.328
/Users/peter/Desktop/视频/原/3.mp4,681,22.700,30,motorcycle,0.272,369.1 319.5 418.8 360.7,,0,,0,0,34.097,29.328
/Users/peter/Desktop/视频/原/3.mp4,682,22.733,21,motorcycle,0.779,152.5 389.4 375.6 525.9,,1,1.200,0,0,33.670,29.700
/Users/peter/Desktop/视频/原/3.mp4,682,22.733,31,motorcycle,0.312,887.9 356.4 951.2 397.6,,0,,0,0,33.670,29.700
/Users/peter/Desktop/视频/原/3.mp4,683,22.767,21,motorcycle,0.761,152.3 389.3 376.2 525.3,,1,1.200,0,0,34.016,29.398
/Users/peter/Desktop/视频/原/3.mp4,684,22.800,21,motorcycle,0.733,151.9 389.7 375.5 525.2,,1,1.200,0,0,33.880,29.516
/Users/peter/Desktop/视频/原/3.mp4,685,22.833,21,motorcycle,0.720,151.9 389.8 375.8 525.1,,1,1.200,0,0,43.174,23.162
/Users/peter/Desktop/视频/原/3.mp4,686,22.867,21,motorcycle,0.737,151.4 390.0 375.9 525.0,,1,1.200,0,0,34.126,29.303
/Users/peter/Desktop/视频/原/3.mp4,687,22.900,21,motorcycle,0.717,150.5 390.3 375.6 525.4,,1,1.200,0,0,34.591,28.910
/Users/peter/Desktop/视频/原/3.mp4,688,22.933,21,motorcycle,0.690,149.8 390.6 375.3 526.0,,1,1.200,0,0,52.425,19.075
/Users/peter/Desktop/视频/原/3.mp4,689,22.967,21,motorcycle,0.666,149.8 389.9 375.4 525.8,,1,1.200,0,0,32.086,31.166
/Users/peter/Desktop/视频/原/3.mp4,690,23.000,21,motorcycle,0.509,152.1 389.3 374.7 526.1,,1,1.200,0,0,34.421,29.052
/Users/peter/Desktop/视频/原/3.mp4,691,23.033,21,motorcycle,0.461,152.1 388.8 374.7 525.5,,1,1.200,0,0,34.150,29.283
/Users/peter/Desktop/视频/原/3.mp4,692,23.067,21,motorcycle,0.360,151.9 389.6 375.2 526.8,,1,1.200,0,0,43.487,22.995
/Users/peter/Desktop/视频/原/3.mp4,693,23.100,21,motorcycle,0.310,151.8 391.1 374.8 526.0,,1,1.200,0,0,33.906,29.494
/Users/peter/Desktop/视频/原/3.mp4,694,23.133,21,motorcycle,0.299,151.2 391.8 374.4 526.9,,1,1.200,0,0,33.814,29.574
/Users/peter/Desktop/视频/原/3.mp4,695,23.167,21,motorcycle,0.311,150.5 390.7 374.7 527.1,,1,1.200,0,0,33.556,29.801
/Users/peter/Desktop/视频/原/3.mp4,696,23.200,21,motorcycle,0.324,150.1 390.9 374.0 527.4,,1,1.200,0,0,50.453,19.820
/Users/peter/Desktop/视频/原/3.mp4,697,23.233,21,motorcycle,0.400,150.2 390.4 374.5 527.7,,1,1.200,0,0,32.300,30.960
/Users/peter/Desktop/视频/原/3.mp4,698,23.267,21,motorcycle,0.452,146.2 391.0 375.4 526.7,,1,1.200,0,0,34.762,28.767
/Users/peter/Desktop/视频/原/3.mp4,699,23.300,21,motorcycle,0.518,146.3 390.9 374.3 526.8,,1,1.200,0,0,34.039,29.378
/Users/peter/Desktop/视频/原/3.mp4,700,23.333,21,motorcycle,0.627,146.3 390.5 374.1 527.7,,1,1.200,0,0,43.154,23.173
/Users/peter/Desktop/视频/原/3.mp4,701,23.367,21,motorcycle,0.623,146.2 390.3 374.4 527.4,,1,1.200,0,0,34.730,28.794
/Users/peter/Desktop/视频/原/3.mp4,702,23.400,21,motorcycle,0.665,145.9 390.4 373.9 527.8,,1,1.200,0,0,33.381,29.957
/Users/peter/Desktop/视频/原/3.mp4,703,23.433,21,motorcycle,0.662,146.0 389.8 373.4 526.8,,1,1.200,0,0,34.251,29.196
/Users/peter/Desktop/视频/原/3.mp4,704,23.467,21,motorcycle,0.598,145.7 390.0 373.7 527.3,,1,1.200,0,0,34.353,29.110
/Users/peter/Desktop/视频/原/3.mp4,705,23.500,21,motorcycle,0.592,145.3 389.6 373.9 527.8,,1,1.200,0,0,33.276,30.052
/Users/peter/Desktop/视频/原/3.mp4,706,23.533,21,motorcycle,0.699,145.3 389.0 373.8 528.1,,1,1.200,0,0,33.070,30.239
/Users/peter/Desktop/视频/原/3.mp4,707,23.567,21,motorcycle,0.677,145.2 388.4 374.2 528.3,,1,1.200,0,0,33.993,29.418
/Users/peter/Desktop/视频/原/3.mp4,708,23.600,21,motorcycle,0.724,144.6 388.5 373.9 528.5,,1,1.200,0,0,36.964,27.054
/Users/peter/Desktop/视频/原/3.mp4,709,23.633,21,motorcycle,0.734,144.3 388.2 373.6 529.0,,1,1.200,0,0,34.166,29.269
/Users/peter/Desktop/视频/原/3.mp4,709,23.633,32,motorcycle,0.340,191.5 302.6 234.9 342.1,,0,,0,0,34.166,29.269
/Users/peter/Desktop/视频/原/3.mp4,710,23.667,21,motorcycle,0.748,144.3 388.2 373.0 529.6,,1,1.200,0,0,33.266,30.061
/Users/peter/Desktop/视频/原/3.mp4,711,23.700,21,motorcycle,0.753,143.9 387.9 372.7 529.2,,1,1.200,0,0,33.713,29.662
/Users/peter/Desktop/视频/原/3.mp4,712,23.733,21,motorcycle,0.769,144.0 387.6 372.4 529.9,,1,1.200,0,0,33.802,29.584
/Users/peter/Desktop/视频/原/3.mp4,713,23.767,21,motorcycle,0.775,143.9 387.4 372.0 529.9,,1,1.200,0,0,33.900,29.498
/Users/peter/Desktop/视频/原/3.mp4,714,23.800,21,motorcycle,0.763,143.8 387.3 371.6 530.6,,1,1.200,0,0,52.345,19.104
/Users/peter/Desktop/视频/原/3.mp4,715,23.833,21,motorcycle,0.755,143.4 387.5 371.7 530.9,,1,1.200,0,0,31.659,31.587
/Users/peter/Desktop/视频/原/3.mp4,716,23.867,21,motorcycle,0.767,142.9 387.2 371.3 530.8,,1,1.200,0,0,33.762,29.619
/Users/peter/Desktop/视频/原/3.mp4,717,23.900,21,motorcycle,0.751,142.9 387.6 370.1 530.7,,1,1.200,0,0,43.739,22.863
/Users/peter/Desktop/视频/原/3.mp4,718,23.933,21,motorcycle,0.765,142.6 387.3 369.8 530.2,,1,1.200,0,0,38.581,25.920
/Users/peter/Desktop/视频/原/3.mp4,719,23.967,21,motorcycle,0.720,142.0 387.8 370.2 530.5,,1,1.200,0,0,33.850,29.542
/Users/peter/Desktop/视频/原/3.mp4,720,24.000,21,motorcycle,0.706,141.8 388.2 369.5 530.7,,1,1.200,0,0,34.233,29.212
/Users/peter/Desktop/视频/原/3.mp4,721,24.033,21,motorcycle,0.655,141.4 388.7 369.2 531.1,,1,1.200,0,0,34.433,29.042
/Users/peter/Desktop/视频/原/3.mp4,722,24.067,21,motorcycle,0.662,141.3 388.5 368.8 531.0,,1,1.200,0,0,34.137,29.294
/Users/peter/Desktop/视频/原/3.mp4,723,24.100,21,motorcycle,0.640,141.5 389.1 368.3 530.8,,1,1.200,0,0,33.683,29.689
/Users/peter/Desktop/视频/原/3.mp4,724,24.133,21,motorcycle,0.687,141.4 389.2 368.6 530.7,,1,1.200,0,0,33.840,29.551
/Users/peter/Desktop/视频/原/3.mp4,725,24.167,21,motorcycle,0.652,141.2 389.6 368.7 530.6,,1,1.200,0,0,42.855,23.335
/Users/peter/Desktop/视频/原/3.mp4,726,24.200,21,motorcycle,0.677,141.5 390.6 368.3 530.6,,1,1.200,0,0,34.203,29.237
/Users/peter/Desktop/视频/原/3.mp4,727,24.233,21,motorcycle,0.688,141.7 390.9 368.2 530.6,,1,1.200,0,0,33.658,29.711
/Users/peter/Desktop/视频/原/3.mp4,728,24.267,21,motorcycle,0.676,141.6 390.9 368.5 530.2,,1,1.200,0,0,33.510,29.842
/Users/peter/Desktop/视频/原/3.mp4,729,24.300,21,motorcycle,0.636,141.6 391.0 368.7 530.3,,1,1.200,0,0,33.717,29.659
/Users/peter/Desktop/视频/原/3.mp4,730,24.333,21,motorcycle,0.616,141.4 390.9 368.2 530.1,,1,1.200,0,0,51.479,19.426
/Users/peter/Desktop/视频/原/3.mp4,731,24.367,21,motorcycle,0.626,141.5 392.0 368.0 530.1,,1,1.200,0,0,34.828,28.712
/Users/peter/Desktop/视频/原/3.mp4,732,24.400,21,motorcycle,0.574,141.5 392.3 367.7 530.1,,1,1.200,0,0,35.521,28.153
/Users/peter/Desktop/视频/原/3.mp4,733,24.433,21,motorcycle,0.493,141.1 392.9 366.9 529.9,,1,1.200,0,0,34.127,29.302
/Users/peter/Desktop/视频/原/3.mp4,734,24.467,21,motorcycle,0.514,141.7 391.6 367.3 529.5,,1,1.200,0,0,44.307,22.570
/Users/peter/Desktop/视频/原/3.mp4,735,24.500,21,motorcycle,0.488,141.1 392.2 367.0 530.0,,1,1.200,0,0,33.830,29.559
/Users/peter/Desktop/视频/原/3.mp4,736,24.533,21,motorcycle,0.542,141.2 391.9 367.1 530.1,,1,1.200,0,0,41.854,23.893
/Users/peter/Desktop/视频/原/3.mp4,737,24.567,21,motorcycle,0.513,141.3 391.6 366.9 530.4,,1,1.200,0,0,34.276,29.175
/Users/peter/Desktop/视频/原/3.mp4,738,24.600,21,motorcycle,0.443,141.3 392.0 367.0 530.4,,1,1.200,0,0,34.189,29.249
/Users/peter/Desktop/视频/原/3.mp4,739,24.633,21,motorcycle,0.376,141.3 392.1 367.0 530.4,,1,1.200,0,0,33.549,29.807
/Users/peter/Desktop/视频/原/3.mp4,740,24.667,21,motorcycle,0.285,141.4 393.2 366.7 531.4,,1,1.200,0,0,33.285,30.043
/Users/peter/Desktop/视频/原/3.mp4,741,24.700,21,motorcycle,0.259,141.4 393.4 367.2 531.7,,1,1.200,0,0,33.929,29.474
/Users/peter/Desktop/视频/原/3.mp4,743,24.767,21,motorcycle,0.256,141.7 393.2 367.5 531.5,,1,1.200,0,0,34.671,28.842
/Users/peter/Desktop/视频/原/3.mp4,744,24.800,21,motorcycle,0.279,141.7 392.6 367.4 531.8,,1,1.200,0,0,33.343,29.991
/Users/peter/Desktop/视频/原/3.mp4,745,24.833,21,motorcycle,0.289,141.8 392.6 367.5 531.7,,1,1.200,0,0,43.708,22.879
/Users/peter/Desktop/视频/原/3.mp4,749,24.967,21,motorcycle,0.252,142.3 393.5 368.0 532.0,,1,1.200,0,0,33.543,29.812
/Users/peter/Desktop/视频/原/3.mp4,750,25.000,21,motorcycle,0.270,142.3 393.2 368.5 532.1,,1,1.200,0,0,34.096,29.329
/Users/peter/Desktop/视频/原/3.mp4,751,25.033,21,motorcycle,0.328,142.3 392.6 368.6 531.9,,1,1.200,0,0,33.886,29.511
/Users/peter/Desktop/视频/原/3.mp4,752,25.067,21,motorcycle,0.370,142.3 392.2 369.1 531.7,,1,1.200,0,0,34.005,29.408
/Users/peter/Desktop/视频/原/3.mp4,753,25.100,21,motorcycle,0.362,142.2 392.2 369.1 532.0,,1,1.200,0,0,34.313,29.144
/Users/peter/Desktop/视频/原/3.mp4,754,25.133,21,motorcycle,0.332,142.4 392.2 369.3 531.7,,1,1.200,0,0,34.124,29.305
/Users/peter/Desktop/视频/原/3.mp4,755,25.167,21,motorcycle,0.300,143.0 392.2 369.4 531.7,,1,1.200,0,0,33.720,29.656
/Users/peter/Desktop/视频/原/3.mp4,756,25.200,21,motorcycle,0.301,142.9 392.4 369.1 532.2,,1,1.200,0,0,33.900,29.499
/Users/peter/Desktop/视频/原/3.mp4,757,25.233,21,motorcycle,0.288,142.9 392.6 369.1 532.0,,1,1.200,0,0,42.823,23.352
/Users/peter/Desktop/视频/原/3.mp4,758,25.267,21,motorcycle,0.252,143.0 392.6 369.3 531.7,,1,1.200,0,0,35.491,28.176
/Users/peter/Desktop/视频/原/3.mp4,759,25.300,21,motorcycle,0.251,142.9 392.4 369.3 531.5,,1,1.200,0,0,32.761,30.524
/Users/peter/Desktop/视频/原/3.mp4,766,25.533,21,motorcycle,0.316,137.8 392.4 367.0 530.5,,1,1.200,0,0,33.724,29.652
/Users/peter/Desktop/视频/原/3.mp4,767,25.567,21,motorcycle,0.498,136.3 390.3 365.7 530.5,,1,1.200,0,0,33.086,30.224
/Users/peter/Desktop/视频/原/3.mp4,768,25.600,21,motorcycle,0.576,135.9 391.4 365.1 531.3,,1,1.200,0,0,34.190,29.248
/Users/peter/Desktop/视频/原/3.mp4,769,25.633,21,motorcycle,0.612,136.3 393.3 364.6 531.1,,1,1.200,0,0,34.719,28.803
/Users/peter/Desktop/视频/原/3.mp4,770,25.667,21,motorcycle,0.645,135.6 393.1 363.6 530.8,,1,1.200,0,0,33.829,29.561
/Users/peter/Desktop/视频/原/3.mp4,771,25.700,21,motorcycle,0.500,133.5 394.0 362.3 530.7,,1,1.200,0,0,51.719,19.335
/Users/peter/Desktop/视频/原/3.mp4,772,25.733,21,motorcycle,0.528,131.7 393.6 359.6 529.9,,1,1.200,0,0,32.694,30.587
/Users/peter/Desktop/视频/原/3.mp4,773,25.767,21,motorcycle,0.502,131.1 393.2 356.3 530.1,,1,1.200,0,0,37.189,26.890
/Users/peter/Desktop/视频/原/3.mp4,774,25.800,21,motorcycle,0.472,128.8 393.5 352.4 530.1,,1,1.200,0,0,51.268,19.505
/Users/peter/Desktop/视频/原/3.mp4,775,25.833,21,motorcycle,0.417,124.7 395.0 351.3 531.1,,1,1.200,0,0,31.794,31.452
/Users/peter/Desktop/视频/原/3.mp4,777,25.900,21,motorcycle,0.403,118.5 397.4 348.5 532.0,,1,1.200,0,0,33.447,29.898
/Users/peter/Desktop/视频/原/3.mp4,778,25.933,21,motorcycle,0.629,114.3 394.9 347.4 529.1,,1,1.200,0,0,34.108,29.319
/Users/peter/Desktop/视频/原/3.mp4,779,25.967,21,motorcycle,0.727,109.2 393.6 345.7 529.6,,1,1.200,0,0,34.820,28.719
/Users/peter/Desktop/视频/原/3.mp4,780,26.000,21,motorcycle,0.664,104.4 393.4 340.5 532.1,,1,1.200,0,0,33.697,29.676
/Users/peter/Desktop/视频/原/3.mp4,781,26.033,21,motorcycle,0.827,100.0 392.5 338.1 532.4,,1,1.200,0,0,42.799,23.365
/Users/peter/Desktop/视频/原/3.mp4,782,26.067,21,motorcycle,0.855,96.0 394.8 335.2 534.1,,1,1.200,0,0,38.692,25.845
/Users/peter/Desktop/视频/原/3.mp4,783,26.100,21,motorcycle,0.859,90.5 392.1 332.0 534.2,,1,1.200,0,0,33.314,30.017
/Users/peter/Desktop/视频/原/3.mp4,784,26.133,21,motorcycle,0.766,85.5 390.7 326.2 532.3,,1,1.200,0,0,34.288,29.165
/Users/peter/Desktop/视频/原/3.mp4,785,26.167,21,motorcycle,0.763,80.2 391.9 323.0 531.4,,1,1.200,0,0,50.843,19.668
/Users/peter/Desktop/视频/原/3.mp4,786,26.200,21,motorcycle,0.776,74.4 393.1 318.8 532.6,,1,1.200,0,0,32.650,30.628
/Users/peter/Desktop/视频/原/3.mp4,787,26.233,21,motorcycle,0.796,69.2 389.2 316.3 529.6,,1,1.200,0,0,34.940,28.620
/Users/peter/Desktop/视频/原/3.mp4,788,26.267,21,motorcycle,0.789,59.6 394.9 310.1 530.9,,1,1.200,0,0,34.495,28.990
/Users/peter/Desktop/视频/原/3.mp4,789,26.300,21,motorcycle,0.751,54.9 396.4 305.3 531.0,,1,1.200,0,0,34.104,29.322
/Users/peter/Desktop/视频/原/3.mp4,790,26.333,21,motorcycle,0.784,48.8 397.4 299.1 532.4,,1,1.200,0,0,33.930,29.473
/Users/peter/Desktop/视频/原/3.mp4,791,26.367,21,motorcycle,0.805,40.7 396.3 292.9 534.2,,1,1.200,0,0,33.786,29.598
/Users/peter/Desktop/视频/原/3.mp4,792,26.400,21,motorcycle,0.631,36.2 395.7 288.3 533.6,,1,1.200,0,0,34.546,28.947
/Users/peter/Desktop/视频/原/3.mp4,793,26.433,21,motorcycle,0.706,30.1 395.5 281.4 534.1,,1,1.200,0,0,34.142,29.289
/Users/peter/Desktop/视频/原/3.mp4,794,26.467,21,motorcycle,0.615,21.5 398.7 274.5 535.6,,1,1.200,0,0,33.314,30.017
/Users/peter/Desktop/视频/原/3.mp4,795,26.500,21,motorcycle,0.745,15.7 395.4 269.7 536.2,,1,1.200,0,0,34.805,28.731
/Users/peter/Desktop/视频/原/3.mp4,796,26.533,21,motorcycle,0.706,4.8 391.9 262.4 533.5,,1,1.200,0,0,34.610,28.893
/Users/peter/Desktop/视频/原/3.mp4,797,26.567,21,motorcycle,0.720,2.4 394.5 256.4 535.5,,1,1.200,0,0,34.734,28.790
/Users/peter/Desktop/视频/原/3.mp4,798,26.600,21,motorcycle,0.706,1.8 393.5 250.4 535.7,,1,1.200,0,0,33.782,29.602
/Users/peter/Desktop/视频/原/3.mp4,799,26.633,21,motorcycle,0.664,1.8 390.4 241.3 533.9,,1,1.200,0,0,33.982,29.428
/Users/peter/Desktop/视频/原/3.mp4,800,26.667,21,motorcycle,0.718,0.3 393.4 233.0 533.4,,1,1.200,0,0,34.827,28.713
/Users/peter/Desktop/视频/原/3.mp4,801,26.700,21,motorcycle,0.747,0.4 392.1 225.8 535.8,,1,1.200,0,0,34.489,28.995
/Users/peter/Desktop/视频/原/3.mp4,802,26.733,21,motorcycle,0.579,0.3 391.8 216.5 533.8,,1,1.200,0,0,33.909,29.491
/Users/peter/Desktop/视频/原/3.mp4,803,26.767,21,motorcycle,0.740,0.4 387.3 208.0 533.9,,1,1.200,0,0,34.270,29.180
/Users/peter/Desktop/视频/原/3.mp4,804,26.800,21,motorcycle,0.683,0.4 386.8 200.8 532.0,,1,1.200,0,0,34.034,29.382
/Users/peter/Desktop/视频/原/3.mp4,805,26.833,21,motorcycle,0.489,0.0 380.0 193.0 532.3,,1,1.200,0,0,34.415,29.057
/Users/peter/Desktop/视频/原/3.mp4,808,26.933,21,motorcycle,0.392,20.5 452.5 164.2 523.3,,1,1.108,0,0,33.933,29.470
/Users/peter/Desktop/视频/原/3.mp4,810,27.000,21,motorcycle,0.500,0.4 441.6 143.2 522.8,,1,1.137,0,0,34.015,29.399
/Users/peter/Desktop/视频/原/3.mp4,811,27.033,21,motorcycle,0.529,0.3 440.2 133.3 523.0,,1,1.141,0,0,33.549,29.807
/Users/peter/Desktop/视频/原/3.mp4,812,27.067,21,motorcycle,0.374,1.3 446.6 125.4 524.9,,1,1.055,0,0,33.240,30.084
/Users/peter/Desktop/视频/原/3.mp4,814,27.133,21,motorcycle,0.268,0.5 451.3 108.8 523.8,,1,1.096,0,0,33.318,30.014
/Users/peter/Desktop/视频/原/3.mp4,892,29.733,33,motorcycle,0.339,915.3 356.7 965.2 399.7,,0,,0,0,31.464,31.782
/Users/peter/Desktop/视频/原/3.mp4,896,29.867,33,motorcycle,0.376,942.0 361.3 992.4 405.0,,0,,0,0,34.006,29.407
/Users/peter/Desktop/视频/原/3.mp4,897,29.900,33,motorcycle,0.427,947.4 357.6 1000.9 406.2,,0,,0,0,34.984,28.585
/Users/peter/Desktop/视频/原/3.mp4,898,29.933,33,motorcycle,0.475,954.0 359.5 1006.7 407.3,,0,,0,0,36.542,27.366
/Users/peter/Desktop/视频/原/3.mp4,1055,35.167,34,motorcycle,0.800,0.6 449.9 311.9 714.5,,0,,0,0,34.370,29.096
/Users/peter/Desktop/视频/原/3.mp4,1056,35.200,34,motorcycle,0.455,4.9 446.7 407.2 714.7,,1,1.200,0,0,33.336,29.998
/Users/peter/Desktop/视频/原/3.mp4,1057,35.233,34,motorcycle,0.534,6.1 445.0 484.9 716.4,,1,1.200,0,0,34.578,28.920
/Users/peter/Desktop/视频/原/3.mp4,1058,35.267,34,motorcycle,0.415,0.0 441.8 550.9 715.4,  ,3,1.200 1.200 1.089,1,0,34.193,29.246
/Users/peter/Desktop/视频/原/3.mp4,1059,35.300,34,motorcycle,0.310,3.7 437.1 610.6 716.4, ,2,1.200 1.200,1,1,34.923,28.635
/Users/peter/Desktop/视频/原/3.mp4,1060,35.333,34,motorcycle,0.750,94.4 439.8 672.0 716.4, ,2,1.200 1.200,1,1,34.369,29.096
/Users/peter/Desktop/视频/原/3.mp4,1061,35.367,34,motorcycle,0.459,210.3 429.6 723.8 715.5, ,2,1.200 1.200,1,1,42.884,23.319
/Users/peter/Desktop/视频/原/3.mp4,1062,35.400,34,motorcycle,0.872,309.8 461.4 770.5 715.6, ,2,1.200 1.200,1,1,34.091,29.334
/Users/peter/Desktop/视频/原/3.mp4,1063,35.433,34,motorcycle,0.794,393.0 487.1 821.8 714.0, ,2,1.200 1.159,1,1,33.902,29.497
/Users/peter/Desktop/视频/原/3.mp4,1064,35.467,34,motorcycle,0.877,473.0 493.2 865.6 715.5, ,2,1.200 1.200,1,1,33.722,29.654
/Users/peter/Desktop/视频/原/3.mp4,1065,35.500,34,motorcycle,0.849,541.4 485.9 907.8 713.9, ,2,1.200 1.200,1,1,34.118,29.310
/Users/peter/Desktop/视频/原/3.mp4,1066,35.533,34,motorcycle,0.866,602.5 495.9 950.1 712.7, ,2,1.200 1.200,1,1,34.083,29.340
/Users/peter/Desktop/视频/原/3.mp4,1067,35.567,34,motorcycle,0.794,657.5 496.1 992.9 713.3, ,2,1.200 1.200,1,1,34.718,28.803
/Users/peter/Desktop/视频/原/3.mp4,1068,35.600,34,motorcycle,0.874,711.8 495.0 1035.4 714.2, ,2,1.200 1.200,1,1,35.055,28.527
/Users/peter/Desktop/视频/原/3.mp4,1069,35.633,34,motorcycle,0.896,759.3 495.5 1080.0 713.7, ,2,1.200 1.200,1,1,33.728,29.649
/Users/peter/Desktop/视频/原/3.mp4,1070,35.667,34,motorcycle,0.908,807.7 493.8 1149.4 711.4, ,2,1.200 1.059,1,1,33.374,29.964
/Users/peter/Desktop/视频/原/3.mp4,1071,35.700,34,motorcycle,0.900,847.1 483.8 1159.7 712.3, ,2,1.200 1.070,1,1,34.138,29.293
/Users/peter/Desktop/视频/原/3.mp4,1072,35.733,34,motorcycle,0.822,886.8 478.6 1193.3 703.3, ,2,1.200 1.055,1,1,34.619,28.886
/Users/peter/Desktop/视频/原/3.mp4,1073,35.767,34,motorcycle,0.839,924.0 436.8 1227.4 704.2,,1,1.200,0,1,33.482,29.867
/Users/peter/Desktop/视频/原/3.mp4,1074,35.800,34,motorcycle,0.736,957.3 460.9 1259.8 711.5, ,2,1.200 1.200,1,1,33.924,29.478
/Users/peter/Desktop/视频/原/3.mp4,1075,35.833,34,motorcycle,0.765,988.9 446.9 1279.6 701.0,,1,1.200,0,1,34.276,29.175
/Users/peter/Desktop/视频/原/3.mp4,1076,35.867,34,motorcycle,0.777,1031.1 423.2 1278.7 677.4,,1,1.200,0,1,34.226,29.218
/Users/peter/Desktop/视频/原/3.mp4,1077,35.900,34,motorcycle,0.759,1061.5 456.1 1279.4 672.3,  ,3,1.200 1.200 1.087,1,1,43.889,22.785
/Users/peter/Desktop/视频/原/3.mp4,1078,35.933,34,motorcycle,0.533,1081.8 431.1 1279.3 667.3, ,2,1.200 1.200,1,1,33.594,29.768
/Users/peter/Desktop/视频/原/3.mp4,1079,35.967,34,motorcycle,0.280,1114.9 496.4 1279.3 658.4,,1,1.200,0,1,33.767,29.614
/Users/peter/Desktop/视频/原/3.mp4,1080,36.000,34,motorcycle,0.526,1132.4 390.0 1279.6 654.7,,0,,0,1,34.165,29.269
/Users/peter/Desktop/视频/原/3.mp4,1224,40.800,35,motorcycle,0.311,7.4 416.4 428.0 714.2,,0,,0,0,34.684,28.832
/Users/peter/Desktop/视频/原/3.mp4,1225,40.833,35,motorcycle,0.386,0.3 338.8 503.7 714.2,,1,1.163,0,0,33.501,29.850
/Users/peter/Desktop/视频/原/3.mp4,1226,40.867,35,motorcycle,0.375,0.3 408.5 572.6 716.0,,1,1.200,0,0,33.802,29.584
/Users/peter/Desktop/视频/原/3.mp4,1229,40.967,35,motorcycle,0.379,200.0 403.4 747.5 715.0,,1,1.119,0,0,43.726,22.869
/Users/peter/Desktop/视频/原/3.mp4,1232,41.067,35,motorcycle,0.286,506.9 438.6 894.8 709.1,,1,1.200,0,0,33.609,29.754
/Users/peter/Desktop/视频/原/3.mp4,1233,41.100,35,motorcycle,0.695,568.7 440.7 953.5 709.5,,1,1.200,0,0,33.475,29.873
/Users/peter/Desktop/视频/原/3.mp4,1234,41.133,35,motorcycle,0.602,635.6 422.7 1013.2 683.0,,1,1.200,0,0,52.075,19.203
/Users/peter/Desktop/视频/原/3.mp4,1235,41.167,35,motorcycle,0.587,692.5 451.7 1061.2 690.4,,1,1.200,0,0,31.983,31.266
/Users/peter/Desktop/视频/原/3.mp4,1236,41.200,35,motorcycle,0.668,747.7 443.1 1105.9 676.8,,1,1.200,0,0,34.256,29.192
/Users/peter/Desktop/视频/原/3.mp4,1237,41.233,35,motorcycle,0.799,796.1 440.9 1150.9 665.5,,1,1.200,0,0,33.891,29.506
/Users/peter/Desktop/视频/原/3.mp4,1238,41.267,35,motorcycle,0.624,841.1 392.8 1191.0 659.4,,0,,0,0,33.891,29.507
/Users/peter/Desktop/视频/原/3.mp4,1239,41.300,35,motorcycle,0.734,884.2 421.6 1230.6 651.9,,1,1.200,0,0,34.207,29.234
/Users/peter/Desktop/视频/原/3.mp4,1240,41.333,35,motorcycle,0.591,928.6 426.6 1265.7 649.2,,0,,0,0,51.472,19.428
/Users/peter/Desktop/视频/原/3.mp4,1241,41.367,35,motorcycle,0.412,967.7 423.5 1279.2 641.6,,0,,0,0,35.326,28.308
/Users/peter/Desktop/视频/原/3.mp4,1242,41.400,35,motorcycle,0.360,1005.0 378.1 1279.3 630.8,,1,1.200,0,0,34.085,29.338
/Users/peter/Desktop/视频/原/3.mp4,1243,41.433,35,motorcycle,0.480,1037.4 361.3 1279.3 625.9,,1,1.200,0,0,33.891,29.506
/Users/peter/Desktop/视频/原/3.mp4,1244,41.467,35,motorcycle,0.399,1072.7 364.1 1279.3 621.1,,1,1.200,0,0,34.392,29.076
/Users/peter/Desktop/视频/原/3.mp4,1248,41.600,35,motorcycle,0.307,1193.5 385.7 1279.7 606.7,,0,,0,0,34.338,29.123
/Users/peter/Desktop/视频/原/3.mp4,1249,41.633,35,motorcycle,0.394,1223.8 388.0 1279.7 607.3,,0,,0,0,34.145,29.287
/Users/peter/Desktop/视频/原/3.mp4,1365,45.500,36,motorcycle,0.285,1000.2 343.3 1114.0 413.4,,0,,0,0,34.941,28.619
/Users/peter/Desktop/视频/原/3.mp4,1372,45.733,37,motorcycle,0.264,912.7 333.6 1003.5 390.1,,0,,0,0,44.027,22.714
