frame,timestamp_sec,model,class_ids,class_names,elapsed_ms,fps,detections,detection_summary
0,0.000,baseline,0+1+2,ebike+driver+passenger,21.814,45.841,0,"ebike:0, driver:0, passenger:0"
0,0.000,bifpn,0+1+2,ebike+driver+passenger,21.358,46.821,0,"ebike:0, driver:0, passenger:0"
0,0.000,yolov8n,1+3+0,bicycle+motorcycle+person,22.024,45.406,16,"bicycle:0, motorcycle:6, person:10"
1,0.033,baseline,0+1+2,ebike+driver+passenger,22.222,45.000,0,"ebike:0, driver:0, passenger:0"
1,0.033,bifpn,0+1+2,ebike+driver+passenger,21.801,45.870,0,"ebike:0, driver:0, passenger:0"
1,0.033,yolov8n,1+3+0,bicycle+motorcycle+person,24.912,40.141,15,"bicycle:0, motorcycle:6, person:9"
2,0.067,baseline,0+1+2,ebike+driver+passenger,23.066,43.355,0,"ebike:0, driver:0, passenger:0"
2,0.067,bifpn,0+1+2,ebike+driver+passenger,21.610,46.275,0,"ebike:0, driver:0, passenger:0"
2,0.067,yolov8n,1+3+0,bicycle+motorcycle+person,24.183,41.352,15,"bicycle:0, motorcycle:6, person:9"
3,0.100,baseline,0+1+2,ebike+driver+passenger,23.125,43.244,0,"ebike:0, driver:0, passenger:0"
3,0.100,bifpn,0+1+2,ebike+driver+passenger,21.533,46.439,0,"ebike:0, driver:0, passenger:0"
3,0.100,yolov8n,1+3+0,bicycle+motorcycle+person,22.813,43.834,14,"bicycle:0, motorcycle:5, person:9"
4,0.133,baseline,0+1+2,ebike+driver+passenger,22.329,44.785,0,"ebike:0, driver:0, passenger:0"
4,0.133,bifpn,0+1+2,ebike+driver+passenger,20.223,49.448,0,"ebike:0, driver:0, passenger:0"
4,0.133,yolov8n,1+3+0,bicycle+motorcycle+person,23.526,42.506,14,"bicycle:0, motorcycle:5, person:9"
5,0.167,baseline,0+1+2,ebike+driver+passenger,22.607,44.235,0,"ebike:0, driver:0, passenger:0"
5,0.167,bifpn,0+1+2,ebike+driver+passenger,24.338,41.088,0,"ebike:0, driver:0, passenger:0"
5,0.167,yolov8n,1+3+0,bicycle+motorcycle+person,23.617,42.342,13,"bicycle:0, motorcycle:5, person:8"
6,0.200,baseline,0+1+2,ebike+driver+passenger,22.501,44.443,0,"ebike:0, driver:0, passenger:0"
6,0.200,bifpn,0+1+2,ebike+driver+passenger,22.352,44.739,0,"ebike:0, driver:0, passenger:0"
6,0.200,yolov8n,1+3+0,bicycle+motorcycle+person,23.862,41.908,14,"bicycle:0, motorcycle:5, person:9"
7,0.233,baseline,0+1+2,ebike+driver+passenger,22.925,43.620,0,"ebike:0, driver:0, passenger:0"
7,0.233,bifpn,0+1+2,ebike+driver+passenger,21.797,45.877,0,"ebike:0, driver:0, passenger:0"
7,0.233,yolov8n,1+3+0,bicycle+motorcycle+person,25.394,39.379,14,"bicycle:0, motorcycle:4, person:10"
8,0.267,baseline,0+1+2,ebike+driver+passenger,23.781,42.051,0,"ebike:0, driver:0, passenger:0"
8,0.267,bifpn,0+1+2,ebike+driver+passenger,22.737,43.980,0,"ebike:0, driver:0, passenger:0"
8,0.267,yolov8n,1+3+0,bicycle+motorcycle+person,26.341,37.963,15,"bicycle:0, motorcycle:3, person:12"
9,0.300,baseline,0+1+2,ebike+driver+passenger,23.400,42.734,0,"ebike:0, driver:0, passenger:0"
9,0.300,bifpn,0+1+2,ebike+driver+passenger,24.580,40.683,0,"ebike:0, driver:0, passenger:0"
9,0.300,yolov8n,1+3+0,bicycle+motorcycle+person,25.177,39.718,12,"bicycle:0, motorcycle:2, person:10"
10,0.333,baseline,0+1+2,ebike+driver+passenger,26.790,37.328,0,"ebike:0, driver:0, passenger:0"
10,0.333,bifpn,0+1+2,ebike+driver+passenger,25.858,38.673,0,"ebike:0, driver:0, passenger:0"
10,0.333,yolov8n,1+3+0,bicycle+motorcycle+person,25.402,39.366,13,"bicycle:0, motorcycle:3, person:10"
11,0.367,baseline,0+1+2,ebike+driver+passenger,25.803,38.755,0,"ebike:0, driver:0, passenger:0"
11,0.367,bifpn,0+1+2,ebike+driver+passenger,25.060,39.904,0,"ebike:0, driver:0, passenger:0"
11,0.367,yolov8n,1+3+0,bicycle+motorcycle+person,27.659,36.155,16,"bicycle:0, motorcycle:5, person:11"
12,0.400,baseline,0+1+2,ebike+driver+passenger,25.764,38.813,0,"ebike:0, driver:0, passenger:0"
12,0.400,bifpn,0+1+2,ebike+driver+passenger,25.203,39.677,0,"ebike:0, driver:0, passenger:0"
12,0.400,yolov8n,1+3+0,bicycle+motorcycle+person,25.671,38.954,16,"bicycle:0, motorcycle:4, person:12"
13,0.433,baseline,0+1+2,ebike+driver+passenger,25.237,39.624,0,"ebike:0, driver:0, passenger:0"
13,0.433,bifpn,0+1+2,ebike+driver+passenger,26.053,38.384,0,"ebike:0, driver:0, passenger:0"
13,0.433,yolov8n,1+3+0,bicycle+motorcycle+person,26.321,37.992,13,"bicycle:0, motorcycle:3, person:10"
14,0.467,baseline,0+1+2,ebike+driver+passenger,26.070,38.359,0,"ebike:0, driver:0, passenger:0"
14,0.467,bifpn,0+1+2,ebike+driver+passenger,25.620,39.032,0,"ebike:0, driver:0, passenger:0"
14,0.467,yolov8n,1+3+0,bicycle+motorcycle+person,26.803,37.309,11,"bicycle:0, motorcycle:3, person:8"
15,0.500,baseline,0+1+2,ebike+driver+passenger,26.548,37.667,0,"ebike:0, driver:0, passenger:0"
15,0.500,bifpn,0+1+2,ebike+driver+passenger,25.174,39.724,0,"ebike:0, driver:0, passenger:0"
15,0.500,yolov8n,1+3+0,bicycle+motorcycle+person,26.628,37.555,10,"bicycle:0, motorcycle:3, person:7"
16,0.533,baseline,0+1+2,ebike+driver+passenger,25.995,38.469,0,"ebike:0, driver:0, passenger:0"
16,0.533,bifpn,0+1+2,ebike+driver+passenger,26.146,38.247,0,"ebike:0, driver:0, passenger:0"
16,0.533,yolov8n,1+3+0,bicycle+motorcycle+person,27.551,36.296,13,"bicycle:0, motorcycle:4, person:9"
17,0.567,baseline,0+1+2,ebike+driver+passenger,24.562,40.713,0,"ebike:0, driver:0, passenger:0"
17,0.567,bifpn,0+1+2,ebike+driver+passenger,26.454,37.801,0,"ebike:0, driver:0, passenger:0"
17,0.567,yolov8n,1+3+0,bicycle+motorcycle+person,24.824,40.284,13,"bicycle:0, motorcycle:4, person:9"
18,0.600,baseline,0+1+2,ebike+driver+passenger,25.868,38.658,0,"ebike:0, driver:0, passenger:0"
18,0.600,bifpn,0+1+2,ebike+driver+passenger,24.627,40.605,0,"ebike:0, driver:0, passenger:0"
18,0.600,yolov8n,1+3+0,bicycle+motorcycle+person,25.453,39.289,14,"bicycle:0, motorcycle:3, person:11"
19,0.633,baseline,0+1+2,ebike+driver+passenger,23.548,42.466,0,"ebike:0, driver:0, passenger:0"
19,0.633,bifpn,0+1+2,ebike+driver+passenger,24.455,40.891,0,"ebike:0, driver:0, passenger:0"
19,0.633,yolov8n,1+3+0,bicycle+motorcycle+person,25.849,38.687,13,"bicycle:0, motorcycle:3, person:10"
20,0.667,baseline,0+1+2,ebike+driver+passenger,24.853,40.236,0,"ebike:0, driver:0, passenger:0"
20,0.667,bifpn,0+1+2,ebike+driver+passenger,23.739,42.124,0,"ebike:0, driver:0, passenger:0"
20,0.667,yolov8n,1+3+0,bicycle+motorcycle+person,23.610,42.354,13,"bicycle:0, motorcycle:3, person:10"
21,0.700,baseline,0+1+2,ebike+driver+passenger,25.370,39.416,0,"ebike:0, driver:0, passenger:0"
21,0.700,bifpn,0+1+2,ebike+driver+passenger,26.398,37.881,0,"ebike:0, driver:0, passenger:0"
21,0.700,yolov8n,1+3+0,bicycle+motorcycle+person,28.119,35.563,11,"bicycle:0, motorcycle:3, person:8"
22,0.733,baseline,0+1+2,ebike+driver+passenger,25.786,38.781,0,"ebike:0, driver:0, passenger:0"
22,0.733,bifpn,0+1+2,ebike+driver+passenger,24.245,41.245,0,"ebike:0, driver:0, passenger:0"
22,0.733,yolov8n,1+3+0,bicycle+motorcycle+person,25.714,38.889,10,"bicycle:0, motorcycle:3, person:7"
23,0.767,baseline,0+1+2,ebike+driver+passenger,24.012,41.647,0,"ebike:0, driver:0, passenger:0"
23,0.767,bifpn,0+1+2,ebike+driver+passenger,24.504,40.809,0,"ebike:0, driver:0, passenger:0"
23,0.767,yolov8n,1+3+0,bicycle+motorcycle+person,26.474,37.773,12,"bicycle:0, motorcycle:3, person:9"
24,0.800,baseline,0+1+2,ebike+driver+passenger,26.368,37.925,0,"ebike:0, driver:0, passenger:0"
24,0.800,bifpn,0+1+2,ebike+driver+passenger,23.822,41.978,0,"ebike:0, driver:0, passenger:0"
24,0.800,yolov8n,1+3+0,bicycle+motorcycle+person,25.378,39.405,12,"bicycle:0, motorcycle:4, person:8"
25,0.833,baseline,0+1+2,ebike+driver+passenger,26.697,37.458,0,"ebike:0, driver:0, passenger:0"
25,0.833,bifpn,0+1+2,ebike+driver+passenger,26.398,37.882,0,"ebike:0, driver:0, passenger:0"
25,0.833,yolov8n,1+3+0,bicycle+motorcycle+person,26.613,37.576,14,"bicycle:0, motorcycle:4, person:10"
26,0.867,baseline,0+1+2,ebike+driver+passenger,25.107,39.829,0,"ebike:0, driver:0, passenger:0"
26,0.867,bifpn,0+1+2,ebike+driver+passenger,25.684,38.934,0,"ebike:0, driver:0, passenger:0"
26,0.867,yolov8n,1+3+0,bicycle+motorcycle+person,26.653,37.520,12,"bicycle:0, motorcycle:4, person:8"
27,0.900,baseline,0+1+2,ebike+driver+passenger,25.468,39.264,0,"ebike:0, driver:0, passenger:0"
27,0.900,bifpn,0+1+2,ebike+driver+passenger,25.141,39.776,0,"ebike:0, driver:0, passenger:0"
27,0.900,yolov8n,1+3+0,bicycle+motorcycle+person,25.936,38.557,11,"bicycle:0, motorcycle:4, person:7"
28,0.933,baseline,0+1+2,ebike+driver+passenger,25.302,39.523,0,"ebike:0, driver:0, passenger:0"
28,0.933,bifpn,0+1+2,ebike+driver+passenger,23.331,42.861,0,"ebike:0, driver:0, passenger:0"
28,0.933,yolov8n,1+3+0,bicycle+motorcycle+person,24.019,41.634,12,"bicycle:0, motorcycle:4, person:8"
29,0.967,baseline,0+1+2,ebike+driver+passenger,26.315,38.002,0,"ebike:0, driver:0, passenger:0"
29,0.967,bifpn,0+1+2,ebike+driver+passenger,25.650,38.987,0,"ebike:0, driver:0, passenger:0"
29,0.967,yolov8n,1+3+0,bicycle+motorcycle+person,27.123,36.870,13,"bicycle:0, motorcycle:5, person:8"
30,1.000,baseline,0+1+2,ebike+driver+passenger,24.623,40.613,0,"ebike:0, driver:0, passenger:0"
30,1.000,bifpn,0+1+2,ebike+driver+passenger,26.818,37.289,0,"ebike:0, driver:0, passenger:0"
30,1.000,yolov8n,1+3+0,bicycle+motorcycle+person,25.608,39.050,16,"bicycle:0, motorcycle:4, person:12"
31,1.033,baseline,0+1+2,ebike+driver+passenger,24.629,40.603,0,"ebike:0, driver:0, passenger:0"
31,1.033,bifpn,0+1+2,ebike+driver+passenger,24.768,40.375,0,"ebike:0, driver:0, passenger:0"
31,1.033,yolov8n,1+3+0,bicycle+motorcycle+person,27.177,36.796,15,"bicycle:0, motorcycle:5, person:10"
32,1.067,baseline,0+1+2,ebike+driver+passenger,26.464,37.788,0,"ebike:0, driver:0, passenger:0"
32,1.067,bifpn,0+1+2,ebike+driver+passenger,24.387,41.005,0,"ebike:0, driver:0, passenger:0"
32,1.067,yolov8n,1+3+0,bicycle+motorcycle+person,27.848,35.909,14,"bicycle:0, motorcycle:5, person:9"
33,1.100,baseline,0+1+2,ebike+driver+passenger,25.680,38.942,0,"ebike:0, driver:0, passenger:0"
33,1.100,bifpn,0+1+2,ebike+driver+passenger,26.903,37.171,0,"ebike:0, driver:0, passenger:0"
33,1.100,yolov8n,1+3+0,bicycle+motorcycle+person,27.563,36.281,13,"bicycle:0, motorcycle:4, person:9"
34,1.133,baseline,0+1+2,ebike+driver+passenger,25.223,39.647,0,"ebike:0, driver:0, passenger:0"
34,1.133,bifpn,0+1+2,ebike+driver+passenger,25.228,39.639,0,"ebike:0, driver:0, passenger:0"
34,1.133,yolov8n,1+3+0,bicycle+motorcycle+person,27.424,36.464,16,"bicycle:0, motorcycle:5, person:11"
35,1.167,baseline,0+1+2,ebike+driver+passenger,25.740,38.850,0,"ebike:0, driver:0, passenger:0"
35,1.167,bifpn,0+1+2,ebike+driver+passenger,24.758,40.391,0,"ebike:0, driver:0, passenger:0"
35,1.167,yolov8n,1+3+0,bicycle+motorcycle+person,27.651,36.165,15,"bicycle:0, motorcycle:6, person:9"
36,1.200,baseline,0+1+2,ebike+driver+passenger,26.465,37.786,0,"ebike:0, driver:0, passenger:0"
36,1.200,bifpn,0+1+2,ebike+driver+passenger,24.117,41.465,0,"ebike:0, driver:0, passenger:0"
36,1.200,yolov8n,1+3+0,bicycle+motorcycle+person,26.759,37.371,14,"bicycle:0, motorcycle:6, person:8"
37,1.233,baseline,0+1+2,ebike+driver+passenger,26.667,37.499,0,"ebike:0, driver:0, passenger:0"
37,1.233,bifpn,0+1+2,ebike+driver+passenger,25.985,38.484,0,"ebike:0, driver:0, passenger:0"
37,1.233,yolov8n,1+3+0,bicycle+motorcycle+person,28.945,34.548,15,"bicycle:0, motorcycle:6, person:9"
38,1.267,baseline,0+1+2,ebike+driver+passenger,25.771,38.804,0,"ebike:0, driver:0, passenger:0"
38,1.267,bifpn,0+1+2,ebike+driver+passenger,25.381,39.399,0,"ebike:0, driver:0, passenger:0"
38,1.267,yolov8n,1+3+0,bicycle+motorcycle+person,28.626,34.933,15,"bicycle:0, motorcycle:7, person:8"
39,1.300,baseline,0+1+2,ebike+driver+passenger,26.194,38.177,0,"ebike:0, driver:0, passenger:0"
39,1.300,bifpn,0+1+2,ebike+driver+passenger,24.640,40.585,0,"ebike:0, driver:0, passenger:0"
39,1.300,yolov8n,1+3+0,bicycle+motorcycle+person,27.585,36.252,15,"bicycle:0, motorcycle:7, person:8"
40,1.333,baseline,0+1+2,ebike+driver+passenger,28.501,35.087,0,"ebike:0, driver:0, passenger:0"
40,1.333,bifpn,0+1+2,ebike+driver+passenger,25.272,39.570,0,"ebike:0, driver:0, passenger:0"
40,1.333,yolov8n,1+3+0,bicycle+motorcycle+person,24.745,40.412,16,"bicycle:0, motorcycle:6, person:10"
41,1.367,baseline,0+1+2,ebike+driver+passenger,25.555,39.131,0,"ebike:0, driver:0, passenger:0"
41,1.367,bifpn,0+1+2,ebike+driver+passenger,25.724,38.875,0,"ebike:0, driver:0, passenger:0"
41,1.367,yolov8n,1+3+0,bicycle+motorcycle+person,27.344,36.571,15,"bicycle:0, motorcycle:6, person:9"
42,1.400,baseline,0+1+2,ebike+driver+passenger,26.201,38.166,0,"ebike:0, driver:0, passenger:0"
42,1.400,bifpn,0+1+2,ebike+driver+passenger,25.866,38.661,0,"ebike:0, driver:0, passenger:0"
42,1.400,yolov8n,1+3+0,bicycle+motorcycle+person,27.492,36.374,16,"bicycle:0, motorcycle:7, person:9"
43,1.433,baseline,0+1+2,ebike+driver+passenger,26.652,37.520,0,"ebike:0, driver:0, passenger:0"
43,1.433,bifpn,0+1+2,ebike+driver+passenger,27.989,35.728,0,"ebike:0, driver:0, passenger:0"
43,1.433,yolov8n,1+3+0,bicycle+motorcycle+person,27.833,35.928,16,"bicycle:0, motorcycle:7, person:9"
44,1.467,baseline,0+1+2,ebike+driver+passenger,26.646,37.529,0,"ebike:0, driver:0, passenger:0"
44,1.467,bifpn,0+1+2,ebike+driver+passenger,25.973,38.502,0,"ebike:0, driver:0, passenger:0"
44,1.467,yolov8n,1+3+0,bicycle+motorcycle+person,27.648,36.169,18,"bicycle:0, motorcycle:7, person:11"
45,1.500,baseline,0+1+2,ebike+driver+passenger,23.658,42.269,0,"ebike:0, driver:0, passenger:0"
45,1.500,bifpn,0+1+2,ebike+driver+passenger,33.804,29.582,0,"ebike:0, driver:0, passenger:0"
45,1.500,yolov8n,1+3+0,bicycle+motorcycle+person,24.809,40.308,16,"bicycle:0, motorcycle:7, person:9"
46,1.533,baseline,0+1+2,ebike+driver+passenger,25.553,39.134,0,"ebike:0, driver:0, passenger:0"
46,1.533,bifpn,0+1+2,ebike+driver+passenger,25.757,38.824,0,"ebike:0, driver:0, passenger:0"
46,1.533,yolov8n,1+3+0,bicycle+motorcycle+person,25.524,39.179,17,"bicycle:0, motorcycle:7, person:10"
47,1.567,baseline,0+1+2,ebike+driver+passenger,27.250,36.697,0,"ebike:0, driver:0, passenger:0"
47,1.567,bifpn,0+1+2,ebike+driver+passenger,24.446,40.906,0,"ebike:0, driver:0, passenger:0"
47,1.567,yolov8n,1+3+0,bicycle+motorcycle+person,27.249,36.699,17,"bicycle:0, motorcycle:7, person:10"
48,1.600,baseline,0+1+2,ebike+driver+passenger,27.476,36.396,0,"ebike:0, driver:0, passenger:0"
48,1.600,bifpn,0+1+2,ebike+driver+passenger,24.102,41.490,0,"ebike:0, driver:0, passenger:0"
48,1.600,yolov8n,1+3+0,bicycle+motorcycle+person,24.247,41.242,17,"bicycle:0, motorcycle:7, person:10"
49,1.633,baseline,0+1+2,ebike+driver+passenger,26.231,38.122,0,"ebike:0, driver:0, passenger:0"
49,1.633,bifpn,0+1+2,ebike+driver+passenger,24.149,41.409,0,"ebike:0, driver:0, passenger:0"
49,1.633,yolov8n,1+3+0,bicycle+motorcycle+person,25.901,38.608,17,"bicycle:0, motorcycle:7, person:10"
50,1.667,baseline,0+1+2,ebike+driver+passenger,24.268,41.206,0,"ebike:0, driver:0, passenger:0"
50,1.667,bifpn,0+1+2,ebike+driver+passenger,24.967,40.053,0,"ebike:0, driver:0, passenger:0"
50,1.667,yolov8n,1+3+0,bicycle+motorcycle+person,25.416,39.345,18,"bicycle:0, motorcycle:7, person:11"
51,1.700,baseline,0+1+2,ebike+driver+passenger,25.056,39.911,0,"ebike:0, driver:0, passenger:0"
51,1.700,bifpn,0+1+2,ebike+driver+passenger,25.691,38.924,0,"ebike:0, driver:0, passenger:0"
51,1.700,yolov8n,1+3+0,bicycle+motorcycle+person,24.877,40.197,18,"bicycle:0, motorcycle:7, person:11"
52,1.733,baseline,0+1+2,ebike+driver+passenger,25.915,38.588,0,"ebike:0, driver:0, passenger:0"
52,1.733,bifpn,0+1+2,ebike+driver+passenger,25.608,39.050,0,"ebike:0, driver:0, passenger:0"
52,1.733,yolov8n,1+3+0,bicycle+motorcycle+person,23.863,41.906,16,"bicycle:0, motorcycle:7, person:9"
53,1.767,baseline,0+1+2,ebike+driver+passenger,28.140,35.537,0,"ebike:0, driver:0, passenger:0"
53,1.767,bifpn,0+1+2,ebike+driver+passenger,26.914,37.156,0,"ebike:0, driver:0, passenger:0"
53,1.767,yolov8n,1+3+0,bicycle+motorcycle+person,26.912,37.158,16,"bicycle:0, motorcycle:7, person:9"
54,1.800,baseline,0+1+2,ebike+driver+passenger,25.903,38.606,0,"ebike:0, driver:0, passenger:0"
54,1.800,bifpn,0+1+2,ebike+driver+passenger,24.785,40.347,0,"ebike:0, driver:0, passenger:0"
54,1.800,yolov8n,1+3+0,bicycle+motorcycle+person,27.798,35.974,16,"bicycle:0, motorcycle:7, person:9"
55,1.833,baseline,0+1+2,ebike+driver+passenger,25.847,38.689,0,"ebike:0, driver:0, passenger:0"
55,1.833,bifpn,0+1+2,ebike+driver+passenger,26.206,38.160,0,"ebike:0, driver:0, passenger:0"
55,1.833,yolov8n,1+3+0,bicycle+motorcycle+person,26.344,37.959,16,"bicycle:0, motorcycle:7, person:9"
56,1.867,baseline,0+1+2,ebike+driver+passenger,26.364,37.930,0,"ebike:0, driver:0, passenger:0"
56,1.867,bifpn,0+1+2,ebike+driver+passenger,25.396,39.377,0,"ebike:0, driver:0, passenger:0"
56,1.867,yolov8n,1+3+0,bicycle+motorcycle+person,25.903,38.606,16,"bicycle:0, motorcycle:7, person:9"
57,1.900,baseline,0+1+2,ebike+driver+passenger,24.071,41.544,0,"ebike:0, driver:0, passenger:0"
57,1.900,bifpn,0+1+2,ebike+driver+passenger,25.795,38.767,0,"ebike:0, driver:0, passenger:0"
57,1.900,yolov8n,1+3+0,bicycle+motorcycle+person,24.978,40.035,16,"bicycle:0, motorcycle:7, person:9"
58,1.933,baseline,0+1+2,ebike+driver+passenger,25.454,39.287,0,"ebike:0, driver:0, passenger:0"
58,1.933,bifpn,0+1+2,ebike+driver+passenger,24.270,41.204,0,"ebike:0, driver:0, passenger:0"
58,1.933,yolov8n,1+3+0,bicycle+motorcycle+person,27.111,36.885,16,"bicycle:0, motorcycle:7, person:9"
59,1.967,baseline,0+1+2,ebike+driver+passenger,26.318,37.996,0,"ebike:0, driver:0, passenger:0"
59,1.967,bifpn,0+1+2,ebike+driver+passenger,25.673,38.952,0,"ebike:0, driver:0, passenger:0"
59,1.967,yolov8n,1+3+0,bicycle+motorcycle+person,26.345,37.959,16,"bicycle:0, motorcycle:6, person:10"
60,2.000,baseline,0+1+2,ebike+driver+passenger,26.327,37.983,0,"ebike:0, driver:0, passenger:0"
60,2.000,bifpn,0+1+2,ebike+driver+passenger,27.125,36.867,0,"ebike:0, driver:0, passenger:0"
60,2.000,yolov8n,1+3+0,bicycle+motorcycle+person,28.989,34.496,15,"bicycle:0, motorcycle:6, person:9"
61,2.033,baseline,0+1+2,ebike+driver+passenger,25.391,39.384,0,"ebike:0, driver:0, passenger:0"
61,2.033,bifpn,0+1+2,ebike+driver+passenger,26.451,37.806,0,"ebike:0, driver:0, passenger:0"
61,2.033,yolov8n,1+3+0,bicycle+motorcycle+person,26.013,38.443,16,"bicycle:0, motorcycle:7, person:9"
62,2.067,baseline,0+1+2,ebike+driver+passenger,26.509,37.723,0,"ebike:0, driver:0, passenger:0"
62,2.067,bifpn,0+1+2,ebike+driver+passenger,25.538,39.158,0,"ebike:0, driver:0, passenger:0"
62,2.067,yolov8n,1+3+0,bicycle+motorcycle+person,28.191,35.473,17,"bicycle:0, motorcycle:7, person:10"
63,2.100,baseline,0+1+2,ebike+driver+passenger,24.645,40.577,0,"ebike:0, driver:0, passenger:0"
63,2.100,bifpn,0+1+2,ebike+driver+passenger,24.837,40.262,0,"ebike:0, driver:0, passenger:0"
63,2.100,yolov8n,1+3+0,bicycle+motorcycle+person,25.492,39.228,16,"bicycle:0, motorcycle:7, person:9"
64,2.133,baseline,0+1+2,ebike+driver+passenger,24.605,40.642,0,"ebike:0, driver:0, passenger:0"
64,2.133,bifpn,0+1+2,ebike+driver+passenger,26.020,38.432,0,"ebike:0, driver:0, passenger:0"
64,2.133,yolov8n,1+3+0,bicycle+motorcycle+person,26.847,37.248,16,"bicycle:0, motorcycle:7, person:9"
65,2.167,baseline,0+1+2,ebike+driver+passenger,24.814,40.300,0,"ebike:0, driver:0, passenger:0"
65,2.167,bifpn,0+1+2,ebike+driver+passenger,25.135,39.786,0,"ebike:0, driver:0, passenger:0"
65,2.167,yolov8n,1+3+0,bicycle+motorcycle+person,26.744,37.392,16,"bicycle:0, motorcycle:7, person:9"
66,2.200,baseline,0+1+2,ebike+driver+passenger,25.722,38.877,0,"ebike:0, driver:0, passenger:0"
66,2.200,bifpn,0+1+2,ebike+driver+passenger,25.951,38.534,0,"ebike:0, driver:0, passenger:0"
66,2.200,yolov8n,1+3+0,bicycle+motorcycle+person,27.535,36.318,16,"bicycle:0, motorcycle:7, person:9"
67,2.233,baseline,0+1+2,ebike+driver+passenger,28.314,35.318,0,"ebike:0, driver:0, passenger:0"
67,2.233,bifpn,0+1+2,ebike+driver+passenger,25.782,38.787,0,"ebike:0, driver:0, passenger:0"
67,2.233,yolov8n,1+3+0,bicycle+motorcycle+person,27.328,36.593,17,"bicycle:0, motorcycle:7, person:10"
68,2.267,baseline,0+1+2,ebike+driver+passenger,24.819,40.291,0,"ebike:0, driver:0, passenger:0"
68,2.267,bifpn,0+1+2,ebike+driver+passenger,25.397,39.374,0,"ebike:0, driver:0, passenger:0"
68,2.267,yolov8n,1+3+0,bicycle+motorcycle+person,26.667,37.499,17,"bicycle:0, motorcycle:7, person:10"
69,2.300,baseline,0+1+2,ebike+driver+passenger,26.106,38.306,0,"ebike:0, driver:0, passenger:0"
69,2.300,bifpn,0+1+2,ebike+driver+passenger,24.152,41.405,0,"ebike:0, driver:0, passenger:0"
69,2.300,yolov8n,1+3+0,bicycle+motorcycle+person,26.227,38.129,18,"bicycle:0, motorcycle:7, person:11"
70,2.333,baseline,0+1+2,ebike+driver+passenger,27.837,35.923,0,"ebike:0, driver:0, passenger:0"
70,2.333,bifpn,0+1+2,ebike+driver+passenger,24.219,41.290,0,"ebike:0, driver:0, passenger:0"
70,2.333,yolov8n,1+3+0,bicycle+motorcycle+person,27.291,36.643,17,"bicycle:0, motorcycle:7, person:10"
71,2.367,baseline,0+1+2,ebike+driver+passenger,26.482,37.762,0,"ebike:0, driver:0, passenger:0"
71,2.367,bifpn,0+1+2,ebike+driver+passenger,24.092,41.508,0,"ebike:0, driver:0, passenger:0"
71,2.367,yolov8n,1+3+0,bicycle+motorcycle+person,26.961,37.091,15,"bicycle:0, motorcycle:6, person:9"
72,2.400,baseline,0+1+2,ebike+driver+passenger,26.629,37.553,0,"ebike:0, driver:0, passenger:0"
72,2.400,bifpn,0+1+2,ebike+driver+passenger,25.572,39.105,0,"ebike:0, driver:0, passenger:0"
72,2.400,yolov8n,1+3+0,bicycle+motorcycle+person,26.030,38.417,14,"bicycle:0, motorcycle:6, person:8"
73,2.433,baseline,0+1+2,ebike+driver+passenger,25.444,39.302,0,"ebike:0, driver:0, passenger:0"
73,2.433,bifpn,0+1+2,ebike+driver+passenger,27.214,36.746,0,"ebike:0, driver:0, passenger:0"
73,2.433,yolov8n,1+3+0,bicycle+motorcycle+person,26.290,38.038,13,"bicycle:0, motorcycle:6, person:7"
74,2.467,baseline,0+1+2,ebike+driver+passenger,26.146,38.247,0,"ebike:0, driver:0, passenger:0"
74,2.467,bifpn,0+1+2,ebike+driver+passenger,26.524,37.701,0,"ebike:0, driver:0, passenger:0"
74,2.467,yolov8n,1+3+0,bicycle+motorcycle+person,28.649,34.906,14,"bicycle:0, motorcycle:6, person:8"
75,2.500,baseline,0+1+2,ebike+driver+passenger,25.316,39.500,0,"ebike:0, driver:0, passenger:0"
75,2.500,bifpn,0+1+2,ebike+driver+passenger,25.910,38.595,0,"ebike:0, driver:0, passenger:0"
75,2.500,yolov8n,1+3+0,bicycle+motorcycle+person,28.649,34.905,16,"bicycle:0, motorcycle:6, person:10"
76,2.533,baseline,0+1+2,ebike+driver+passenger,26.666,37.500,0,"ebike:0, driver:0, passenger:0"
76,2.533,bifpn,0+1+2,ebike+driver+passenger,26.503,37.732,0,"ebike:0, driver:0, passenger:0"
76,2.533,yolov8n,1+3+0,bicycle+motorcycle+person,27.530,36.324,14,"bicycle:0, motorcycle:5, person:9"
77,2.567,baseline,0+1+2,ebike+driver+passenger,27.522,36.335,0,"ebike:0, driver:0, passenger:0"
77,2.567,bifpn,0+1+2,ebike+driver+passenger,27.044,36.977,0,"ebike:0, driver:0, passenger:0"
77,2.567,yolov8n,1+3+0,bicycle+motorcycle+person,26.238,38.112,12,"bicycle:0, motorcycle:4, person:8"
78,2.600,baseline,0+1+2,ebike+driver+passenger,29.927,33.415,0,"ebike:0, driver:0, passenger:0"
78,2.600,bifpn,0+1+2,ebike+driver+passenger,27.748,36.038,0,"ebike:0, driver:0, passenger:0"
78,2.600,yolov8n,1+3+0,bicycle+motorcycle+person,29.528,33.867,13,"bicycle:0, motorcycle:5, person:8"
79,2.633,baseline,0+1+2,ebike+driver+passenger,27.865,35.888,0,"ebike:0, driver:0, passenger:0"
79,2.633,bifpn,0+1+2,ebike+driver+passenger,26.412,37.862,0,"ebike:0, driver:0, passenger:0"
79,2.633,yolov8n,1+3+0,bicycle+motorcycle+person,28.091,35.599,12,"bicycle:0, motorcycle:4, person:8"
80,2.667,baseline,0+1+2,ebike+driver+passenger,24.119,41.461,0,"ebike:0, driver:0, passenger:0"
80,2.667,bifpn,0+1+2,ebike+driver+passenger,25.757,38.825,0,"ebike:0, driver:0, passenger:0"
80,2.667,yolov8n,1+3+0,bicycle+motorcycle+person,27.015,37.017,12,"bicycle:0, motorcycle:4, person:8"
81,2.700,baseline,0+1+2,ebike+driver+passenger,25.585,39.086,0,"ebike:0, driver:0, passenger:0"
81,2.700,bifpn,0+1+2,ebike+driver+passenger,25.984,38.485,0,"ebike:0, driver:0, passenger:0"
81,2.700,yolov8n,1+3+0,bicycle+motorcycle+person,27.479,36.391,12,"bicycle:0, motorcycle:4, person:8"
82,2.733,baseline,0+1+2,ebike+driver+passenger,23.671,42.246,0,"ebike:0, driver:0, passenger:0"
82,2.733,bifpn,0+1+2,ebike+driver+passenger,26.145,38.248,0,"ebike:0, driver:0, passenger:0"
82,2.733,yolov8n,1+3+0,bicycle+motorcycle+person,26.575,37.630,13,"bicycle:0, motorcycle:5, person:8"
83,2.767,baseline,0+1+2,ebike+driver+passenger,27.429,36.458,0,"ebike:0, driver:0, passenger:0"
83,2.767,bifpn,0+1+2,ebike+driver+passenger,26.983,37.060,0,"ebike:0, driver:0, passenger:0"
83,2.767,yolov8n,1+3+0,bicycle+motorcycle+person,26.977,37.069,14,"bicycle:0, motorcycle:5, person:9"
84,2.800,baseline,0+1+2,ebike+driver+passenger,26.027,38.422,0,"ebike:0, driver:0, passenger:0"
84,2.800,bifpn,0+1+2,ebike+driver+passenger,26.495,37.742,0,"ebike:0, driver:0, passenger:0"
84,2.800,yolov8n,1+3+0,bicycle+motorcycle+person,28.658,34.894,14,"bicycle:0, motorcycle:5, person:9"
85,2.833,baseline,0+1+2,ebike+driver+passenger,24.429,40.935,0,"ebike:0, driver:0, passenger:0"
85,2.833,bifpn,0+1+2,ebike+driver+passenger,25.178,39.717,0,"ebike:0, driver:0, passenger:0"
85,2.833,yolov8n,1+3+0,bicycle+motorcycle+person,26.637,37.541,14,"bicycle:0, motorcycle:5, person:9"
86,2.867,baseline,0+1+2,ebike+driver+passenger,24.964,40.057,0,"ebike:0, driver:0, passenger:0"
86,2.867,bifpn,0+1+2,ebike+driver+passenger,25.584,39.087,0,"ebike:0, driver:0, passenger:0"
86,2.867,yolov8n,1+3+0,bicycle+motorcycle+person,27.134,36.855,14,"bicycle:0, motorcycle:5, person:9"
87,2.900,baseline,0+1+2,ebike+driver+passenger,28.292,35.346,0,"ebike:0, driver:0, passenger:0"
87,2.900,bifpn,0+1+2,ebike+driver+passenger,26.090,38.328,0,"ebike:0, driver:0, passenger:0"
87,2.900,yolov8n,1+3+0,bicycle+motorcycle+person,28.251,35.397,14,"bicycle:0, motorcycle:5, person:9"
88,2.933,baseline,0+1+2,ebike+driver+passenger,28.661,34.891,0,"ebike:0, driver:0, passenger:0"
88,2.933,bifpn,0+1+2,ebike+driver+passenger,23.724,42.151,0,"ebike:0, driver:0, passenger:0"
88,2.933,yolov8n,1+3+0,bicycle+motorcycle+person,27.617,36.209,15,"bicycle:0, motorcycle:6, person:9"
89,2.967,baseline,0+1+2,ebike+driver+passenger,27.446,36.436,0,"ebike:0, driver:0, passenger:0"
89,2.967,bifpn,0+1+2,ebike+driver+passenger,25.769,38.806,0,"ebike:0, driver:0, passenger:0"
89,2.967,yolov8n,1+3+0,bicycle+motorcycle+person,28.697,34.846,15,"bicycle:0, motorcycle:6, person:9"
90,3.000,baseline,0+1+2,ebike+driver+passenger,28.152,35.522,0,"ebike:0, driver:0, passenger:0"
90,3.000,bifpn,0+1+2,ebike+driver+passenger,26.075,38.351,0,"ebike:0, driver:0, passenger:0"
90,3.000,yolov8n,1+3+0,bicycle+motorcycle+person,27.458,36.420,13,"bicycle:0, motorcycle:4, person:9"
91,3.033,baseline,0+1+2,ebike+driver+passenger,24.996,40.006,0,"ebike:0, driver:0, passenger:0"
91,3.033,bifpn,0+1+2,ebike+driver+passenger,25.933,38.561,0,"ebike:0, driver:0, passenger:0"
91,3.033,yolov8n,1+3+0,bicycle+motorcycle+person,27.427,36.461,14,"bicycle:0, motorcycle:5, person:9"
92,3.067,baseline,0+1+2,ebike+driver+passenger,25.642,38.998,0,"ebike:0, driver:0, passenger:0"
92,3.067,bifpn,0+1+2,ebike+driver+passenger,25.764,38.813,0,"ebike:0, driver:0, passenger:0"
92,3.067,yolov8n,1+3+0,bicycle+motorcycle+person,26.059,38.375,14,"bicycle:0, motorcycle:5, person:9"
93,3.100,baseline,0+1+2,ebike+driver+passenger,24.828,40.276,0,"ebike:0, driver:0, passenger:0"
93,3.100,bifpn,0+1+2,ebike+driver+passenger,23.942,41.767,0,"ebike:0, driver:0, passenger:0"
93,3.100,yolov8n,1+3+0,bicycle+motorcycle+person,25.185,39.706,14,"bicycle:0, motorcycle:5, person:9"
94,3.133,baseline,0+1+2,ebike+driver+passenger,25.027,39.957,0,"ebike:0, driver:0, passenger:0"
94,3.133,bifpn,0+1+2,ebike+driver+passenger,24.762,40.385,0,"ebike:0, driver:0, passenger:0"
94,3.133,yolov8n,1+3+0,bicycle+motorcycle+person,26.772,37.353,14,"bicycle:0, motorcycle:5, person:9"
95,3.167,baseline,0+1+2,ebike+driver+passenger,25.066,39.895,0,"ebike:0, driver:0, passenger:0"
95,3.167,bifpn,0+1+2,ebike+driver+passenger,26.847,37.248,0,"ebike:0, driver:0, passenger:0"
95,3.167,yolov8n,1+3+0,bicycle+motorcycle+person,27.634,36.187,15,"bicycle:0, motorcycle:5, person:10"
96,3.200,baseline,0+1+2,ebike+driver+passenger,26.908,37.163,0,"ebike:0, driver:0, passenger:0"
96,3.200,bifpn,0+1+2,ebike+driver+passenger,24.841,40.255,0,"ebike:0, driver:0, passenger:0"
96,3.200,yolov8n,1+3+0,bicycle+motorcycle+person,26.547,37.669,13,"bicycle:0, motorcycle:4, person:9"
97,3.233,baseline,0+1+2,ebike+driver+passenger,25.849,38.686,0,"ebike:0, driver:0, passenger:0"
97,3.233,bifpn,0+1+2,ebike+driver+passenger,24.940,40.097,0,"ebike:0, driver:0, passenger:0"
97,3.233,yolov8n,1+3+0,bicycle+motorcycle+person,26.551,37.664,13,"bicycle:0, motorcycle:4, person:9"
98,3.267,baseline,0+1+2,ebike+driver+passenger,27.848,35.909,0,"ebike:0, driver:0, passenger:0"
98,3.267,bifpn,0+1+2,ebike+driver+passenger,26.312,38.005,0,"ebike:0, driver:0, passenger:0"
98,3.267,yolov8n,1+3+0,bicycle+motorcycle+person,28.091,35.598,13,"bicycle:0, motorcycle:4, person:9"
99,3.300,baseline,0+1+2,ebike+driver+passenger,25.256,39.595,0,"ebike:0, driver:0, passenger:0"
99,3.300,bifpn,0+1+2,ebike+driver+passenger,26.580,37.623,0,"ebike:0, driver:0, passenger:0"
99,3.300,yolov8n,1+3+0,bicycle+motorcycle+person,28.127,35.552,13,"bicycle:0, motorcycle:4, person:9"
100,3.333,baseline,0+1+2,ebike+driver+passenger,26.907,37.165,0,"ebike:0, driver:0, passenger:0"
100,3.333,bifpn,0+1+2,ebike+driver+passenger,24.406,40.973,0,"ebike:0, driver:0, passenger:0"
100,3.333,yolov8n,1+3+0,bicycle+motorcycle+person,26.646,37.529,12,"bicycle:0, motorcycle:4, person:8"
101,3.367,baseline,0+1+2,ebike+driver+passenger,25.772,38.802,0,"ebike:0, driver:0, passenger:0"
101,3.367,bifpn,0+1+2,ebike+driver+passenger,26.755,37.376,0,"ebike:0, driver:0, passenger:0"
101,3.367,yolov8n,1+3+0,bicycle+motorcycle+person,26.621,37.565,12,"bicycle:0, motorcycle:4, person:8"
102,3.400,baseline,0+1+2,ebike+driver+passenger,25.686,38.931,0,"ebike:0, driver:0, passenger:0"
102,3.400,bifpn,0+1+2,ebike+driver+passenger,26.678,37.484,0,"ebike:0, driver:0, passenger:0"
102,3.400,yolov8n,1+3+0,bicycle+motorcycle+person,26.521,37.707,12,"bicycle:0, motorcycle:4, person:8"
103,3.433,baseline,0+1+2,ebike+driver+passenger,26.231,38.122,0,"ebike:0, driver:0, passenger:0"
103,3.433,bifpn,0+1+2,ebike+driver+passenger,24.515,40.792,0,"ebike:0, driver:0, passenger:0"
103,3.433,yolov8n,1+3+0,bicycle+motorcycle+person,25.190,39.698,13,"bicycle:0, motorcycle:4, person:9"
104,3.467,baseline,0+1+2,ebike+driver+passenger,27.752,36.033,0,"ebike:0, driver:0, passenger:0"
104,3.467,bifpn,0+1+2,ebike+driver+passenger,27.385,36.517,0,"ebike:0, driver:0, passenger:0"
104,3.467,yolov8n,1+3+0,bicycle+motorcycle+person,25.555,39.132,12,"bicycle:0, motorcycle:4, person:8"
105,3.500,baseline,0+1+2,ebike+driver+passenger,25.098,39.845,0,"ebike:0, driver:0, passenger:0"
105,3.500,bifpn,0+1+2,ebike+driver+passenger,24.958,40.068,0,"ebike:0, driver:0, passenger:0"
105,3.500,yolov8n,1+3+0,bicycle+motorcycle+person,25.707,38.900,13,"bicycle:0, motorcycle:4, person:9"
106,3.533,baseline,0+1+2,ebike+driver+passenger,27.639,36.181,0,"ebike:0, driver:0, passenger:0"
106,3.533,bifpn,0+1+2,ebike+driver+passenger,24.774,40.364,0,"ebike:0, driver:0, passenger:0"
106,3.533,yolov8n,1+3+0,bicycle+motorcycle+person,26.583,37.619,14,"bicycle:0, motorcycle:4, person:10"
107,3.567,baseline,0+1+2,ebike+driver+passenger,26.814,37.294,0,"ebike:0, driver:0, passenger:0"
107,3.567,bifpn,0+1+2,ebike+driver+passenger,27.608,36.221,0,"ebike:0, driver:0, passenger:0"
107,3.567,yolov8n,1+3+0,bicycle+motorcycle+person,26.838,37.261,14,"bicycle:0, motorcycle:4, person:10"
108,3.600,baseline,0+1+2,ebike+driver+passenger,25.723,38.876,0,"ebike:0, driver:0, passenger:0"
108,3.600,bifpn,0+1+2,ebike+driver+passenger,25.204,39.676,0,"ebike:0, driver:0, passenger:0"
108,3.600,yolov8n,1+3+0,bicycle+motorcycle+person,28.114,35.569,13,"bicycle:0, motorcycle:4, person:9"
109,3.633,baseline,0+1+2,ebike+driver+passenger,28.226,35.428,0,"ebike:0, driver:0, passenger:0"
109,3.633,bifpn,0+1+2,ebike+driver+passenger,25.402,39.368,0,"ebike:0, driver:0, passenger:0"
109,3.633,yolov8n,1+3+0,bicycle+motorcycle+person,26.593,37.604,14,"bicycle:0, motorcycle:4, person:10"
110,3.667,baseline,0+1+2,ebike+driver+passenger,26.183,38.193,0,"ebike:0, driver:0, passenger:0"
110,3.667,bifpn,0+1+2,ebike+driver+passenger,27.906,35.834,0,"ebike:0, driver:0, passenger:0"
110,3.667,yolov8n,1+3+0,bicycle+motorcycle+person,27.252,36.694,15,"bicycle:0, motorcycle:4, person:11"
111,3.700,baseline,0+1+2,ebike+driver+passenger,24.201,41.320,0,"ebike:0, driver:0, passenger:0"
111,3.700,bifpn,0+1+2,ebike+driver+passenger,27.412,36.481,0,"ebike:0, driver:0, passenger:0"
111,3.700,yolov8n,1+3+0,bicycle+motorcycle+person,27.871,35.880,15,"bicycle:0, motorcycle:4, person:11"
112,3.733,baseline,0+1+2,ebike+driver+passenger,24.585,40.675,0,"ebike:0, driver:0, passenger:0"
112,3.733,bifpn,0+1+2,ebike+driver+passenger,23.081,43.326,0,"ebike:0, driver:0, passenger:0"
112,3.733,yolov8n,1+3+0,bicycle+motorcycle+person,26.594,37.602,15,"bicycle:0, motorcycle:4, person:11"
113,3.767,baseline,0+1+2,ebike+driver+passenger,26.178,38.200,0,"ebike:0, driver:0, passenger:0"
113,3.767,bifpn,0+1+2,ebike+driver+passenger,27.045,36.976,0,"ebike:0, driver:0, passenger:0"
113,3.767,yolov8n,1+3+0,bicycle+motorcycle+person,27.949,35.779,15,"bicycle:0, motorcycle:4, person:11"
114,3.800,baseline,0+1+2,ebike+driver+passenger,26.288,38.040,0,"ebike:0, driver:0, passenger:0"
114,3.800,bifpn,0+1+2,ebike+driver+passenger,25.588,39.081,0,"ebike:0, driver:0, passenger:0"
114,3.800,yolov8n,1+3+0,bicycle+motorcycle+person,26.687,37.472,13,"bicycle:0, motorcycle:4, person:9"
115,3.833,baseline,0+1+2,ebike+driver+passenger,25.383,39.396,0,"ebike:0, driver:0, passenger:0"
115,3.833,bifpn,0+1+2,ebike+driver+passenger,23.524,42.510,0,"ebike:0, driver:0, passenger:0"
115,3.833,yolov8n,1+3+0,bicycle+motorcycle+person,26.597,37.598,14,"bicycle:0, motorcycle:4, person:10"
116,3.867,baseline,0+1+2,ebike+driver+passenger,27.207,36.755,0,"ebike:0, driver:0, passenger:0"
116,3.867,bifpn,0+1+2,ebike+driver+passenger,25.950,38.535,0,"ebike:0, driver:0, passenger:0"
116,3.867,yolov8n,1+3+0,bicycle+motorcycle+person,26.595,37.601,13,"bicycle:0, motorcycle:4, person:9"
117,3.900,baseline,0+1+2,ebike+driver+passenger,26.847,37.248,0,"ebike:0, driver:0, passenger:0"
117,3.900,bifpn,0+1+2,ebike+driver+passenger,26.445,37.814,0,"ebike:0, driver:0, passenger:0"
117,3.900,yolov8n,1+3+0,bicycle+motorcycle+person,27.417,36.474,12,"bicycle:0, motorcycle:4, person:8"
118,3.933,baseline,0+1+2,ebike+driver+passenger,27.069,36.943,0,"ebike:0, driver:0, passenger:0"
118,3.933,bifpn,0+1+2,ebike+driver+passenger,25.809,38.746,0,"ebike:0, driver:0, passenger:0"
118,3.933,yolov8n,1+3+0,bicycle+motorcycle+person,27.522,36.335,13,"bicycle:0, motorcycle:5, person:8"
119,3.967,baseline,0+1+2,ebike+driver+passenger,26.569,37.638,0,"ebike:0, driver:0, passenger:0"
119,3.967,bifpn,0+1+2,ebike+driver+passenger,28.431,35.173,0,"ebike:0, driver:0, passenger:0"
119,3.967,yolov8n,1+3+0,bicycle+motorcycle+person,26.621,37.564,13,"bicycle:0, motorcycle:5, person:8"
120,4.000,baseline,0+1+2,ebike+driver+passenger,26.311,38.007,0,"ebike:0, driver:0, passenger:0"
120,4.000,bifpn,0+1+2,ebike+driver+passenger,25.584,39.087,0,"ebike:0, driver:0, passenger:0"
120,4.000,yolov8n,1+3+0,bicycle+motorcycle+person,27.852,35.905,13,"bicycle:0, motorcycle:5, person:8"
121,4.033,baseline,0+1+2,ebike+driver+passenger,26.017,38.437,0,"ebike:0, driver:0, passenger:0"
121,4.033,bifpn,0+1+2,ebike+driver+passenger,24.148,41.411,0,"ebike:0, driver:0, passenger:0"
121,4.033,yolov8n,1+3+0,bicycle+motorcycle+person,28.476,35.117,13,"bicycle:0, motorcycle:5, person:8"
122,4.067,baseline,0+1+2,ebike+driver+passenger,26.523,37.703,0,"ebike:0, driver:0, passenger:0"
122,4.067,bifpn,0+1+2,ebike+driver+passenger,24.670,40.535,0,"ebike:0, driver:0, passenger:0"
122,4.067,yolov8n,1+3+0,bicycle+motorcycle+person,26.308,38.011,13,"bicycle:0, motorcycle:5, person:8"
123,4.100,baseline,0+1+2,ebike+driver+passenger,27.089,36.915,0,"ebike:0, driver:0, passenger:0"
123,4.100,bifpn,0+1+2,ebike+driver+passenger,26.692,37.465,0,"ebike:0, driver:0, passenger:0"
123,4.100,yolov8n,1+3+0,bicycle+motorcycle+person,27.830,35.932,13,"bicycle:0, motorcycle:5, person:8"
124,4.133,baseline,0+1+2,ebike+driver+passenger,24.289,41.171,0,"ebike:0, driver:0, passenger:0"
124,4.133,bifpn,0+1+2,ebike+driver+passenger,25.955,38.529,0,"ebike:0, driver:0, passenger:0"
124,4.133,yolov8n,1+3+0,bicycle+motorcycle+person,25.940,38.551,13,"bicycle:0, motorcycle:5, person:8"
125,4.167,baseline,0+1+2,ebike+driver+passenger,26.780,37.342,0,"ebike:0, driver:0, passenger:0"
125,4.167,bifpn,0+1+2,ebike+driver+passenger,26.871,37.215,0,"ebike:0, driver:0, passenger:0"
125,4.167,yolov8n,1+3+0,bicycle+motorcycle+person,26.243,38.106,13,"bicycle:0, motorcycle:5, person:8"
126,4.200,baseline,0+1+2,ebike+driver+passenger,26.147,38.245,0,"ebike:0, driver:0, passenger:0"
126,4.200,bifpn,0+1+2,ebike+driver+passenger,25.620,39.032,0,"ebike:0, driver:0, passenger:0"
126,4.200,yolov8n,1+3+0,bicycle+motorcycle+person,26.429,37.837,13,"bicycle:0, motorcycle:5, person:8"
127,4.233,baseline,0+1+2,ebike+driver+passenger,25.245,39.612,0,"ebike:0, driver:0, passenger:0"
127,4.233,bifpn,0+1+2,ebike+driver+passenger,24.669,40.537,0,"ebike:0, driver:0, passenger:0"
127,4.233,yolov8n,1+3+0,bicycle+motorcycle+person,26.643,37.533,15,"bicycle:0, motorcycle:5, person:10"
128,4.267,baseline,0+1+2,ebike+driver+passenger,27.100,36.901,0,"ebike:0, driver:0, passenger:0"
128,4.267,bifpn,0+1+2,ebike+driver+passenger,27.046,36.974,0,"ebike:0, driver:0, passenger:0"
128,4.267,yolov8n,1+3+0,bicycle+motorcycle+person,26.637,37.542,14,"bicycle:0, motorcycle:5, person:9"
129,4.300,baseline,0+1+2,ebike+driver+passenger,25.663,38.966,0,"ebike:0, driver:0, passenger:0"
129,4.300,bifpn,0+1+2,ebike+driver+passenger,25.037,39.941,0,"ebike:0, driver:0, passenger:0"
129,4.300,yolov8n,1+3+0,bicycle+motorcycle+person,25.341,39.462,15,"bicycle:0, motorcycle:6, person:9"
130,4.333,baseline,0+1+2,ebike+driver+passenger,24.044,41.590,0,"ebike:0, driver:0, passenger:0"
130,4.333,bifpn,0+1+2,ebike+driver+passenger,25.113,39.820,0,"ebike:0, driver:0, passenger:0"
130,4.333,yolov8n,1+3+0,bicycle+motorcycle+person,24.605,40.642,14,"bicycle:0, motorcycle:4, person:10"
131,4.367,baseline,0+1+2,ebike+driver+passenger,27.448,36.433,0,"ebike:0, driver:0, passenger:0"
131,4.367,bifpn,0+1+2,ebike+driver+passenger,25.641,39.000,0,"ebike:0, driver:0, passenger:0"
131,4.367,yolov8n,1+3+0,bicycle+motorcycle+person,26.426,37.841,14,"bicycle:0, motorcycle:4, person:10"
132,4.400,baseline,0+1+2,ebike+driver+passenger,26.536,37.684,0,"ebike:0, driver:0, passenger:0"
132,4.400,bifpn,0+1+2,ebike+driver+passenger,23.551,42.461,0,"ebike:0, driver:0, passenger:0"
132,4.400,yolov8n,1+3+0,bicycle+motorcycle+person,28.162,35.509,14,"bicycle:0, motorcycle:4, person:10"
133,4.433,baseline,0+1+2,ebike+driver+passenger,22.589,44.269,0,"ebike:0, driver:0, passenger:0"
133,4.433,bifpn,0+1+2,ebike+driver+passenger,24.288,41.172,0,"ebike:0, driver:0, passenger:0"
133,4.433,yolov8n,1+3+0,bicycle+motorcycle+person,24.491,40.832,14,"bicycle:0, motorcycle:4, person:10"
134,4.467,baseline,0+1+2,ebike+driver+passenger,26.475,37.771,0,"ebike:0, driver:0, passenger:0"
134,4.467,bifpn,0+1+2,ebike+driver+passenger,25.203,39.678,0,"ebike:0, driver:0, passenger:0"
134,4.467,yolov8n,1+3+0,bicycle+motorcycle+person,26.661,37.508,13,"bicycle:0, motorcycle:4, person:9"
135,4.500,baseline,0+1+2,ebike+driver+passenger,26.387,37.898,0,"ebike:0, driver:0, passenger:0"
135,4.500,bifpn,0+1+2,ebike+driver+passenger,26.661,37.508,0,"ebike:0, driver:0, passenger:0"
135,4.500,yolov8n,1+3+0,bicycle+motorcycle+person,26.429,37.837,13,"bicycle:0, motorcycle:4, person:9"
136,4.533,baseline,0+1+2,ebike+driver+passenger,26.735,37.404,0,"ebike:0, driver:0, passenger:0"
136,4.533,bifpn,0+1+2,ebike+driver+passenger,29.410,34.003,0,"ebike:0, driver:0, passenger:0"
136,4.533,yolov8n,1+3+0,bicycle+motorcycle+person,27.853,35.903,13,"bicycle:0, motorcycle:4, person:9"
137,4.567,baseline,0+1+2,ebike+driver+passenger,26.855,37.237,0,"ebike:0, driver:0, passenger:0"
137,4.567,bifpn,0+1+2,ebike+driver+passenger,25.845,38.692,0,"ebike:0, driver:0, passenger:0"
137,4.567,yolov8n,1+3+0,bicycle+motorcycle+person,26.456,37.799,13,"bicycle:0, motorcycle:4, person:9"
138,4.600,baseline,0+1+2,ebike+driver+passenger,26.586,37.614,0,"ebike:0, driver:0, passenger:0"
138,4.600,bifpn,0+1+2,ebike+driver+passenger,25.624,39.026,0,"ebike:0, driver:0, passenger:0"
138,4.600,yolov8n,1+3+0,bicycle+motorcycle+person,25.970,38.506,13,"bicycle:0, motorcycle:4, person:9"
139,4.633,baseline,0+1+2,ebike+driver+passenger,26.874,37.210,0,"ebike:0, driver:0, passenger:0"
139,4.633,bifpn,0+1+2,ebike+driver+passenger,25.795,38.767,0,"ebike:0, driver:0, passenger:0"
139,4.633,yolov8n,1+3+0,bicycle+motorcycle+person,26.397,37.883,13,"bicycle:0, motorcycle:4, person:9"
140,4.667,baseline,0+1+2,ebike+driver+passenger,23.531,42.497,0,"ebike:0, driver:0, passenger:0"
140,4.667,bifpn,0+1+2,ebike+driver+passenger,25.413,39.350,0,"ebike:0, driver:0, passenger:0"
140,4.667,yolov8n,1+3+0,bicycle+motorcycle+person,26.583,37.618,13,"bicycle:0, motorcycle:4, person:9"
141,4.700,baseline,0+1+2,ebike+driver+passenger,26.416,37.856,0,"ebike:0, driver:0, passenger:0"
141,4.700,bifpn,0+1+2,ebike+driver+passenger,25.302,39.523,0,"ebike:0, driver:0, passenger:0"
141,4.700,yolov8n,1+3+0,bicycle+motorcycle+person,26.826,37.277,14,"bicycle:0, motorcycle:4, person:10"
142,4.733,baseline,0+1+2,ebike+driver+passenger,25.285,39.550,0,"ebike:0, driver:0, passenger:0"
142,4.733,bifpn,0+1+2,ebike+driver+passenger,25.883,38.636,0,"ebike:0, driver:0, passenger:0"
142,4.733,yolov8n,1+3+0,bicycle+motorcycle+person,27.427,36.460,14,"bicycle:0, motorcycle:4, person:10"
143,4.767,baseline,0+1+2,ebike+driver+passenger,27.569,36.273,0,"ebike:0, driver:0, passenger:0"
143,4.767,bifpn,0+1+2,ebike+driver+passenger,26.023,38.427,0,"ebike:0, driver:0, passenger:0"
143,4.767,yolov8n,1+3+0,bicycle+motorcycle+person,25.508,39.204,14,"bicycle:0, motorcycle:4, person:10"
144,4.800,baseline,0+1+2,ebike+driver+passenger,24.982,40.029,0,"ebike:0, driver:0, passenger:0"
144,4.800,bifpn,0+1+2,ebike+driver+passenger,24.964,40.057,0,"ebike:0, driver:0, passenger:0"
144,4.800,yolov8n,1+3+0,bicycle+motorcycle+person,28.113,35.571,13,"bicycle:0, motorcycle:4, person:9"
145,4.833,baseline,0+1+2,ebike+driver+passenger,25.827,38.720,0,"ebike:0, driver:0, passenger:0"
145,4.833,bifpn,0+1+2,ebike+driver+passenger,23.628,42.323,0,"ebike:0, driver:0, passenger:0"
145,4.833,yolov8n,1+3+0,bicycle+motorcycle+person,27.477,36.394,12,"bicycle:0, motorcycle:4, person:8"
146,4.867,baseline,0+1+2,ebike+driver+passenger,28.378,35.238,0,"ebike:0, driver:0, passenger:0"
146,4.867,bifpn,0+1+2,ebike+driver+passenger,24.692,40.499,0,"ebike:0, driver:0, passenger:0"
146,4.867,yolov8n,1+3+0,bicycle+motorcycle+person,26.433,37.831,12,"bicycle:0, motorcycle:4, person:8"
147,4.900,baseline,0+1+2,ebike+driver+passenger,26.700,37.454,0,"ebike:0, driver:0, passenger:0"
147,4.900,bifpn,0+1+2,ebike+driver+passenger,25.249,39.605,0,"ebike:0, driver:0, passenger:0"
147,4.900,yolov8n,1+3+0,bicycle+motorcycle+person,26.351,37.949,13,"bicycle:0, motorcycle:5, person:8"
148,4.933,baseline,0+1+2,ebike+driver+passenger,26.398,37.881,0,"ebike:0, driver:0, passenger:0"
148,4.933,bifpn,0+1+2,ebike+driver+passenger,25.338,39.467,0,"ebike:0, driver:0, passenger:0"
148,4.933,yolov8n,1+3+0,bicycle+motorcycle+person,28.238,35.413,13,"bicycle:0, motorcycle:5, person:8"
149,4.967,baseline,0+1+2,ebike+driver+passenger,28.416,35.191,0,"ebike:0, driver:0, passenger:0"
149,4.967,bifpn,0+1+2,ebike+driver+passenger,27.663,36.149,0,"ebike:0, driver:0, passenger:0"
149,4.967,yolov8n,1+3+0,bicycle+motorcycle+person,27.306,36.623,15,"bicycle:0, motorcycle:6, person:9"
150,5.000,baseline,0+1+2,ebike+driver+passenger,24.865,40.217,0,"ebike:0, driver:0, passenger:0"
150,5.000,bifpn,0+1+2,ebike+driver+passenger,23.552,42.458,0,"ebike:0, driver:0, passenger:0"
150,5.000,yolov8n,1+3+0,bicycle+motorcycle+person,27.002,37.034,16,"bicycle:0, motorcycle:7, person:9"
151,5.033,baseline,0+1+2,ebike+driver+passenger,25.257,39.592,0,"ebike:0, driver:0, passenger:0"
151,5.033,bifpn,0+1+2,ebike+driver+passenger,26.516,37.713,0,"ebike:0, driver:0, passenger:0"
151,5.033,yolov8n,1+3+0,bicycle+motorcycle+person,25.657,38.976,15,"bicycle:0, motorcycle:7, person:8"
152,5.067,baseline,0+1+2,ebike+driver+passenger,24.870,40.209,0,"ebike:0, driver:0, passenger:0"
152,5.067,bifpn,0+1+2,ebike+driver+passenger,25.974,38.499,0,"ebike:0, driver:0, passenger:0"
152,5.067,yolov8n,1+3+0,bicycle+motorcycle+person,26.285,38.044,15,"bicycle:0, motorcycle:7, person:8"
153,5.100,baseline,0+1+2,ebike+driver+passenger,25.940,38.551,0,"ebike:0, driver:0, passenger:0"
153,5.100,bifpn,0+1+2,ebike+driver+passenger,24.372,41.030,0,"ebike:0, driver:0, passenger:0"
153,5.100,yolov8n,1+3+0,bicycle+motorcycle+person,25.723,38.876,13,"bicycle:0, motorcycle:6, person:7"
154,5.133,baseline,0+1+2,ebike+driver+passenger,25.483,39.241,0,"ebike:0, driver:0, passenger:0"
154,5.133,bifpn,0+1+2,ebike+driver+passenger,27.343,36.572,0,"ebike:0, driver:0, passenger:0"
154,5.133,yolov8n,1+3+0,bicycle+motorcycle+person,26.526,37.699,12,"bicycle:0, motorcycle:5, person:7"
155,5.167,baseline,0+1+2,ebike+driver+passenger,25.250,39.605,0,"ebike:0, driver:0, passenger:0"
155,5.167,bifpn,0+1+2,ebike+driver+passenger,24.816,40.296,0,"ebike:0, driver:0, passenger:0"
155,5.167,yolov8n,1+3+0,bicycle+motorcycle+person,27.042,36.980,12,"bicycle:0, motorcycle:5, person:7"
156,5.200,baseline,0+1+2,ebike+driver+passenger,25.593,39.073,0,"ebike:0, driver:0, passenger:0"
156,5.200,bifpn,0+1+2,ebike+driver+passenger,24.322,41.116,0,"ebike:0, driver:0, passenger:0"
156,5.200,yolov8n,1+3+0,bicycle+motorcycle+person,26.939,37.120,13,"bicycle:0, motorcycle:5, person:8"
157,5.233,baseline,0+1+2,ebike+driver+passenger,27.106,36.892,0,"ebike:0, driver:0, passenger:0"
157,5.233,bifpn,0+1+2,ebike+driver+passenger,25.520,39.186,0,"ebike:0, driver:0, passenger:0"
157,5.233,yolov8n,1+3+0,bicycle+motorcycle+person,26.726,37.417,12,"bicycle:0, motorcycle:5, person:7"
158,5.267,baseline,0+1+2,ebike+driver+passenger,24.722,40.449,0,"ebike:0, driver:0, passenger:0"
158,5.267,bifpn,0+1+2,ebike+driver+passenger,25.616,39.038,0,"ebike:0, driver:0, passenger:0"
158,5.267,yolov8n,1+3+0,bicycle+motorcycle+person,28.200,35.460,14,"bicycle:0, motorcycle:6, person:8"
159,5.300,baseline,0+1+2,ebike+driver+passenger,26.325,37.987,0,"ebike:0, driver:0, passenger:0"
159,5.300,bifpn,0+1+2,ebike+driver+passenger,25.980,38.492,0,"ebike:0, driver:0, passenger:0"
159,5.300,yolov8n,1+3+0,bicycle+motorcycle+person,29.363,34.057,13,"bicycle:0, motorcycle:6, person:7"
160,5.333,baseline,0+1+2,ebike+driver+passenger,26.985,37.058,0,"ebike:0, driver:0, passenger:0"
160,5.333,bifpn,0+1+2,ebike+driver+passenger,25.638,39.005,0,"ebike:0, driver:0, passenger:0"
160,5.333,yolov8n,1+3+0,bicycle+motorcycle+person,29.003,34.480,13,"bicycle:0, motorcycle:6, person:7"
161,5.367,baseline,0+1+2,ebike+driver+passenger,25.639,39.003,0,"ebike:0, driver:0, passenger:0"
161,5.367,bifpn,0+1+2,ebike+driver+passenger,27.236,36.717,0,"ebike:0, driver:0, passenger:0"
161,5.367,yolov8n,1+3+0,bicycle+motorcycle+person,26.040,38.403,14,"bicycle:0, motorcycle:6, person:8"
162,5.400,baseline,0+1+2,ebike+driver+passenger,25.584,39.087,0,"ebike:0, driver:0, passenger:0"
162,5.400,bifpn,0+1+2,ebike+driver+passenger,24.648,40.572,0,"ebike:0, driver:0, passenger:0"
162,5.400,yolov8n,1+3+0,bicycle+motorcycle+person,26.008,38.449,14,"bicycle:0, motorcycle:6, person:8"
163,5.433,baseline,0+1+2,ebike+driver+passenger,25.588,39.080,0,"ebike:0, driver:0, passenger:0"
163,5.433,bifpn,0+1+2,ebike+driver+passenger,26.775,37.348,0,"ebike:0, driver:0, passenger:0"
163,5.433,yolov8n,1+3+0,bicycle+motorcycle+person,26.408,37.867,14,"bicycle:0, motorcycle:5, person:9"
164,5.467,baseline,0+1+2,ebike+driver+passenger,26.622,37.563,0,"ebike:0, driver:0, passenger:0"
164,5.467,bifpn,0+1+2,ebike+driver+passenger,24.936,40.102,0,"ebike:0, driver:0, passenger:0"
164,5.467,yolov8n,1+3+0,bicycle+motorcycle+person,27.827,35.937,13,"bicycle:0, motorcycle:5, person:8"
165,5.500,baseline,0+1+2,ebike+driver+passenger,25.025,39.961,0,"ebike:0, driver:0, passenger:0"
165,5.500,bifpn,0+1+2,ebike+driver+passenger,26.794,37.322,0,"ebike:0, driver:0, passenger:0"
165,5.500,yolov8n,1+3+0,bicycle+motorcycle+person,28.116,35.566,12,"bicycle:0, motorcycle:4, person:8"
166,5.533,baseline,0+1+2,ebike+driver+passenger,28.044,35.659,0,"ebike:0, driver:0, passenger:0"
166,5.533,bifpn,0+1+2,ebike+driver+passenger,25.690,38.926,0,"ebike:0, driver:0, passenger:0"
166,5.533,yolov8n,1+3+0,bicycle+motorcycle+person,28.509,35.077,14,"bicycle:0, motorcycle:5, person:9"
167,5.567,baseline,0+1+2,ebike+driver+passenger,26.400,37.878,0,"ebike:0, driver:0, passenger:0"
167,5.567,bifpn,0+1+2,ebike+driver+passenger,24.955,40.073,0,"ebike:0, driver:0, passenger:0"
167,5.567,yolov8n,1+3+0,bicycle+motorcycle+person,26.632,37.549,13,"bicycle:0, motorcycle:4, person:9"
168,5.600,baseline,0+1+2,ebike+driver+passenger,26.264,38.075,0,"ebike:0, driver:0, passenger:0"
168,5.600,bifpn,0+1+2,ebike+driver+passenger,27.809,35.960,0,"ebike:0, driver:0, passenger:0"
168,5.600,yolov8n,1+3+0,bicycle+motorcycle+person,27.967,35.756,11,"bicycle:0, motorcycle:3, person:8"
169,5.633,baseline,0+1+2,ebike+driver+passenger,26.186,38.188,0,"ebike:0, driver:0, passenger:0"
169,5.633,bifpn,0+1+2,ebike+driver+passenger,26.249,38.097,0,"ebike:0, driver:0, passenger:0"
169,5.633,yolov8n,1+3+0,bicycle+motorcycle+person,26.024,38.426,12,"bicycle:0, motorcycle:4, person:8"
170,5.667,baseline,0+1+2,ebike+driver+passenger,26.258,38.084,0,"ebike:0, driver:0, passenger:0"
170,5.667,bifpn,0+1+2,ebike+driver+passenger,25.961,38.519,0,"ebike:0, driver:0, passenger:0"
170,5.667,yolov8n,1+3+0,bicycle+motorcycle+person,27.893,35.851,13,"bicycle:0, motorcycle:5, person:8"
171,5.700,baseline,0+1+2,ebike+driver+passenger,25.790,38.775,0,"ebike:0, driver:0, passenger:0"
171,5.700,bifpn,0+1+2,ebike+driver+passenger,27.784,35.991,0,"ebike:0, driver:0, passenger:0"
171,5.700,yolov8n,1+3+0,bicycle+motorcycle+person,28.408,35.201,14,"bicycle:0, motorcycle:6, person:8"
172,5.733,baseline,0+1+2,ebike+driver+passenger,26.757,37.374,0,"ebike:0, driver:0, passenger:0"
172,5.733,bifpn,0+1+2,ebike+driver+passenger,25.415,39.347,0,"ebike:0, driver:0, passenger:0"
172,5.733,yolov8n,1+3+0,bicycle+motorcycle+person,27.628,36.195,15,"bicycle:0, motorcycle:6, person:9"
173,5.767,baseline,0+1+2,ebike+driver+passenger,26.348,37.954,0,"ebike:0, driver:0, passenger:0"
173,5.767,bifpn,0+1+2,ebike+driver+passenger,24.851,40.240,0,"ebike:0, driver:0, passenger:0"
173,5.767,yolov8n,1+3+0,bicycle+motorcycle+person,27.503,36.359,15,"bicycle:0, motorcycle:5, person:10"
174,5.800,baseline,0+1+2,ebike+driver+passenger,25.972,38.503,0,"ebike:0, driver:0, passenger:0"
174,5.800,bifpn,0+1+2,ebike+driver+passenger,26.492,37.748,0,"ebike:0, driver:0, passenger:0"
174,5.800,yolov8n,1+3+0,bicycle+motorcycle+person,28.775,34.753,15,"bicycle:0, motorcycle:5, person:10"
175,5.833,baseline,0+1+2,ebike+driver+passenger,27.767,36.014,0,"ebike:0, driver:0, passenger:0"
175,5.833,bifpn,0+1+2,ebike+driver+passenger,27.025,37.002,0,"ebike:0, driver:0, passenger:0"
175,5.833,yolov8n,1+3+0,bicycle+motorcycle+person,29.244,34.195,14,"bicycle:0, motorcycle:4, person:10"
176,5.867,baseline,0+1+2,ebike+driver+passenger,25.993,38.472,0,"ebike:0, driver:0, passenger:0"
176,5.867,bifpn,0+1+2,ebike+driver+passenger,25.459,39.280,0,"ebike:0, driver:0, passenger:0"
176,5.867,yolov8n,1+3+0,bicycle+motorcycle+person,25.996,38.467,16,"bicycle:0, motorcycle:6, person:10"
177,5.900,baseline,0+1+2,ebike+driver+passenger,26.357,37.940,0,"ebike:0, driver:0, passenger:0"
177,5.900,bifpn,0+1+2,ebike+driver+passenger,25.344,39.457,0,"ebike:0, driver:0, passenger:0"
177,5.900,yolov8n,1+3+0,bicycle+motorcycle+person,28.255,35.392,18,"bicycle:0, motorcycle:7, person:11"
178,5.933,baseline,0+1+2,ebike+driver+passenger,26.424,37.844,0,"ebike:0, driver:0, passenger:0"
178,5.933,bifpn,0+1+2,ebike+driver+passenger,26.803,37.309,0,"ebike:0, driver:0, passenger:0"
178,5.933,yolov8n,1+3+0,bicycle+motorcycle+person,27.529,36.325,18,"bicycle:0, motorcycle:7, person:11"
179,5.967,baseline,0+1+2,ebike+driver+passenger,26.197,38.172,0,"ebike:0, driver:0, passenger:0"
179,5.967,bifpn,0+1+2,ebike+driver+passenger,24.830,40.274,0,"ebike:0, driver:0, passenger:0"
179,5.967,yolov8n,1+3+0,bicycle+motorcycle+person,25.190,39.698,15,"bicycle:0, motorcycle:5, person:10"
180,6.000,baseline,0+1+2,ebike+driver+passenger,24.264,41.214,0,"ebike:0, driver:0, passenger:0"
180,6.000,bifpn,0+1+2,ebike+driver+passenger,25.587,39.083,0,"ebike:0, driver:0, passenger:0"
180,6.000,yolov8n,1+3+0,bicycle+motorcycle+person,25.743,38.845,16,"bicycle:0, motorcycle:6, person:10"
181,6.033,baseline,0+1+2,ebike+driver+passenger,26.795,37.320,0,"ebike:0, driver:0, passenger:0"
181,6.033,bifpn,0+1+2,ebike+driver+passenger,25.694,38.920,0,"ebike:0, driver:0, passenger:0"
181,6.033,yolov8n,1+3+0,bicycle+motorcycle+person,26.822,37.283,14,"bicycle:0, motorcycle:5, person:9"
182,6.067,baseline,0+1+2,ebike+driver+passenger,37.400,26.738,0,"ebike:0, driver:0, passenger:0"
182,6.067,bifpn,0+1+2,ebike+driver+passenger,24.967,40.053,0,"ebike:0, driver:0, passenger:0"
182,6.067,yolov8n,1+3+0,bicycle+motorcycle+person,27.613,36.214,13,"bicycle:0, motorcycle:6, person:7"
183,6.100,baseline,0+1+2,ebike+driver+passenger,27.519,36.338,0,"ebike:0, driver:0, passenger:0"
183,6.100,bifpn,0+1+2,ebike+driver+passenger,26.468,37.781,0,"ebike:0, driver:0, passenger:0"
183,6.100,yolov8n,1+3+0,bicycle+motorcycle+person,25.932,38.563,14,"bicycle:0, motorcycle:5, person:9"
184,6.133,baseline,0+1+2,ebike+driver+passenger,28.088,35.602,0,"ebike:0, driver:0, passenger:0"
184,6.133,bifpn,0+1+2,ebike+driver+passenger,25.521,39.184,0,"ebike:0, driver:0, passenger:0"
184,6.133,yolov8n,1+3+0,bicycle+motorcycle+person,28.027,35.680,14,"bicycle:0, motorcycle:5, person:9"
185,6.167,baseline,0+1+2,ebike+driver+passenger,28.000,35.714,0,"ebike:0, driver:0, passenger:0"
185,6.167,bifpn,0+1+2,ebike+driver+passenger,27.077,36.931,0,"ebike:0, driver:0, passenger:0"
185,6.167,yolov8n,1+3+0,bicycle+motorcycle+person,26.809,37.301,12,"bicycle:0, motorcycle:5, person:7"
186,6.200,baseline,0+1+2,ebike+driver+passenger,25.388,39.389,0,"ebike:0, driver:0, passenger:0"
186,6.200,bifpn,0+1+2,ebike+driver+passenger,24.895,40.168,0,"ebike:0, driver:0, passenger:0"
186,6.200,yolov8n,1+3+0,bicycle+motorcycle+person,24.199,41.323,14,"bicycle:0, motorcycle:5, person:9"
187,6.233,baseline,0+1+2,ebike+driver+passenger,25.234,39.629,0,"ebike:0, driver:0, passenger:0"
187,6.233,bifpn,0+1+2,ebike+driver+passenger,25.190,39.698,0,"ebike:0, driver:0, passenger:0"
187,6.233,yolov8n,1+3+0,bicycle+motorcycle+person,26.853,37.240,14,"bicycle:0, motorcycle:5, person:9"
188,6.267,baseline,0+1+2,ebike+driver+passenger,25.246,39.610,0,"ebike:0, driver:0, passenger:0"
188,6.267,bifpn,0+1+2,ebike+driver+passenger,25.007,39.989,0,"ebike:0, driver:0, passenger:0"
188,6.267,yolov8n,1+3+0,bicycle+motorcycle+person,27.329,36.591,13,"bicycle:0, motorcycle:5, person:8"
189,6.300,baseline,0+1+2,ebike+driver+passenger,26.217,38.143,0,"ebike:0, driver:0, passenger:0"
189,6.300,bifpn,0+1+2,ebike+driver+passenger,25.352,39.445,0,"ebike:0, driver:0, passenger:0"
189,6.300,yolov8n,1+3+0,bicycle+motorcycle+person,25.974,38.501,12,"bicycle:0, motorcycle:5, person:7"
190,6.333,baseline,0+1+2,ebike+driver+passenger,26.150,38.241,0,"ebike:0, driver:0, passenger:0"
190,6.333,bifpn,0+1+2,ebike+driver+passenger,26.196,38.173,0,"ebike:0, driver:0, passenger:0"
190,6.333,yolov8n,1+3+0,bicycle+motorcycle+person,25.610,39.048,12,"bicycle:0, motorcycle:5, person:7"
191,6.367,baseline,0+1+2,ebike+driver+passenger,24.629,40.602,0,"ebike:0, driver:0, passenger:0"
191,6.367,bifpn,0+1+2,ebike+driver+passenger,24.625,40.609,0,"ebike:0, driver:0, passenger:0"
191,6.367,yolov8n,1+3+0,bicycle+motorcycle+person,25.286,39.548,14,"bicycle:0, motorcycle:5, person:9"
192,6.400,baseline,0+1+2,ebike+driver+passenger,24.274,41.197,0,"ebike:0, driver:0, passenger:0"
192,6.400,bifpn,0+1+2,ebike+driver+passenger,25.014,39.978,0,"ebike:0, driver:0, passenger:0"
192,6.400,yolov8n,1+3+0,bicycle+motorcycle+person,26.146,38.246,15,"bicycle:0, motorcycle:5, person:10"
193,6.433,baseline,0+1+2,ebike+driver+passenger,24.549,40.735,0,"ebike:0, driver:0, passenger:0"
193,6.433,bifpn,0+1+2,ebike+driver+passenger,24.800,40.323,0,"ebike:0, driver:0, passenger:0"
193,6.433,yolov8n,1+3+0,bicycle+motorcycle+person,23.933,41.784,13,"bicycle:0, motorcycle:6, person:7"
194,6.467,baseline,0+1+2,ebike+driver+passenger,26.492,37.748,0,"ebike:0, driver:0, passenger:0"
194,6.467,bifpn,0+1+2,ebike+driver+passenger,24.778,40.358,0,"ebike:0, driver:0, passenger:0"
194,6.467,yolov8n,1+3+0,bicycle+motorcycle+person,28.621,34.940,13,"bicycle:0, motorcycle:6, person:7"
195,6.500,baseline,0+1+2,ebike+driver+passenger,25.827,38.719,0,"ebike:0, driver:0, passenger:0"
195,6.500,bifpn,0+1+2,ebike+driver+passenger,25.115,39.816,0,"ebike:0, driver:0, passenger:0"
195,6.500,yolov8n,1+3+0,bicycle+motorcycle+person,26.235,38.118,13,"bicycle:0, motorcycle:5, person:8"
196,6.533,baseline,0+1+2,ebike+driver+passenger,24.900,40.160,0,"ebike:0, driver:0, passenger:0"
196,6.533,bifpn,0+1+2,ebike+driver+passenger,25.667,38.961,0,"ebike:0, driver:0, passenger:0"
196,6.533,yolov8n,1+3+0,bicycle+motorcycle+person,25.906,38.601,13,"bicycle:0, motorcycle:6, person:7"
197,6.567,baseline,0+1+2,ebike+driver+passenger,27.111,36.886,0,"ebike:0, driver:0, passenger:0"
197,6.567,bifpn,0+1+2,ebike+driver+passenger,25.932,38.562,0,"ebike:0, driver:0, passenger:0"
197,6.567,yolov8n,1+3+0,bicycle+motorcycle+person,26.938,37.122,14,"bicycle:0, motorcycle:5, person:9"
198,6.600,baseline,0+1+2,ebike+driver+passenger,25.832,38.711,0,"ebike:0, driver:0, passenger:0"
198,6.600,bifpn,0+1+2,ebike+driver+passenger,24.763,40.383,0,"ebike:0, driver:0, passenger:0"
198,6.600,yolov8n,1+3+0,bicycle+motorcycle+person,28.091,35.598,12,"bicycle:0, motorcycle:5, person:7"
199,6.633,baseline,0+1+2,ebike+driver+passenger,24.181,41.355,0,"ebike:0, driver:0, passenger:0"
199,6.633,bifpn,0+1+2,ebike+driver+passenger,22.631,44.188,0,"ebike:0, driver:0, passenger:0"
199,6.633,yolov8n,1+3+0,bicycle+motorcycle+person,25.054,39.913,13,"bicycle:0, motorcycle:5, person:8"
200,6.667,baseline,0+1+2,ebike+driver+passenger,26.470,37.779,0,"ebike:0, driver:0, passenger:0"
200,6.667,bifpn,0+1+2,ebike+driver+passenger,25.654,38.980,0,"ebike:0, driver:0, passenger:0"
200,6.667,yolov8n,1+3+0,bicycle+motorcycle+person,26.916,37.153,12,"bicycle:0, motorcycle:4, person:8"
201,6.700,baseline,0+1+2,ebike+driver+passenger,25.423,39.334,0,"ebike:0, driver:0, passenger:0"
201,6.700,bifpn,0+1+2,ebike+driver+passenger,25.259,39.590,0,"ebike:0, driver:0, passenger:0"
201,6.700,yolov8n,1+3+0,bicycle+motorcycle+person,28.077,35.616,11,"bicycle:0, motorcycle:3, person:8"
202,6.733,baseline,0+1+2,ebike+driver+passenger,26.378,37.910,0,"ebike:0, driver:0, passenger:0"
202,6.733,bifpn,0+1+2,ebike+driver+passenger,25.023,39.964,0,"ebike:0, driver:0, passenger:0"
202,6.733,yolov8n,1+3+0,bicycle+motorcycle+person,26.676,37.487,14,"bicycle:0, motorcycle:6, person:8"
203,6.767,baseline,0+1+2,ebike+driver+passenger,24.473,40.862,0,"ebike:0, driver:0, passenger:0"
203,6.767,bifpn,0+1+2,ebike+driver+passenger,25.403,39.365,0,"ebike:0, driver:0, passenger:0"
203,6.767,yolov8n,1+3+0,bicycle+motorcycle+person,26.394,37.888,15,"bicycle:0, motorcycle:6, person:9"
204,6.800,baseline,0+1+2,ebike+driver+passenger,24.089,41.513,0,"ebike:0, driver:0, passenger:0"
204,6.800,bifpn,0+1+2,ebike+driver+passenger,24.794,40.333,0,"ebike:0, driver:0, passenger:0"
204,6.800,yolov8n,1+3+0,bicycle+motorcycle+person,27.217,36.742,12,"bicycle:0, motorcycle:4, person:8"
205,6.833,baseline,0+1+2,ebike+driver+passenger,25.715,38.888,0,"ebike:0, driver:0, passenger:0"
205,6.833,bifpn,0+1+2,ebike+driver+passenger,26.369,37.923,0,"ebike:0, driver:0, passenger:0"
205,6.833,yolov8n,1+3+0,bicycle+motorcycle+person,25.507,39.205,11,"bicycle:0, motorcycle:4, person:7"
206,6.867,baseline,0+1+2,ebike+driver+passenger,25.742,38.846,0,"ebike:0, driver:0, passenger:0"
206,6.867,bifpn,0+1+2,ebike+driver+passenger,26.868,37.219,0,"ebike:0, driver:0, passenger:0"
206,6.867,yolov8n,1+3+0,bicycle+motorcycle+person,26.197,38.173,15,"bicycle:0, motorcycle:6, person:9"
207,6.900,baseline,0+1+2,ebike+driver+passenger,26.916,37.153,0,"ebike:0, driver:0, passenger:0"
207,6.900,bifpn,0+1+2,ebike+driver+passenger,24.791,40.337,0,"ebike:0, driver:0, passenger:0"
207,6.900,yolov8n,1+3+0,bicycle+motorcycle+person,27.079,36.929,16,"bicycle:0, motorcycle:7, person:9"
208,6.933,baseline,0+1+2,ebike+driver+passenger,26.196,38.174,0,"ebike:0, driver:0, passenger:0"
208,6.933,bifpn,0+1+2,ebike+driver+passenger,23.646,42.290,0,"ebike:0, driver:0, passenger:0"
208,6.933,yolov8n,1+3+0,bicycle+motorcycle+person,25.164,39.739,13,"bicycle:0, motorcycle:6, person:7"
209,6.967,baseline,0+1+2,ebike+driver+passenger,25.855,38.677,0,"ebike:0, driver:0, passenger:0"
209,6.967,bifpn,0+1+2,ebike+driver+passenger,26.670,37.496,0,"ebike:0, driver:0, passenger:0"
209,6.967,yolov8n,1+3+0,bicycle+motorcycle+person,28.557,35.018,10,"bicycle:0, motorcycle:4, person:6"
210,7.000,baseline,0+1+2,ebike+driver+passenger,24.562,40.713,0,"ebike:0, driver:0, passenger:0"
210,7.000,bifpn,0+1+2,ebike+driver+passenger,25.760,38.820,0,"ebike:0, driver:0, passenger:0"
210,7.000,yolov8n,1+3+0,bicycle+motorcycle+person,29.116,34.345,11,"bicycle:0, motorcycle:4, person:7"
211,7.033,baseline,0+1+2,ebike+driver+passenger,26.123,38.280,0,"ebike:0, driver:0, passenger:0"
211,7.033,bifpn,0+1+2,ebike+driver+passenger,24.296,41.160,0,"ebike:0, driver:0, passenger:0"
211,7.033,yolov8n,1+3+0,bicycle+motorcycle+person,26.037,38.406,11,"bicycle:0, motorcycle:4, person:7"
212,7.067,baseline,0+1+2,ebike+driver+passenger,26.316,37.999,0,"ebike:0, driver:0, passenger:0"
212,7.067,bifpn,0+1+2,ebike+driver+passenger,24.373,41.028,0,"ebike:0, driver:0, passenger:0"
212,7.067,yolov8n,1+3+0,bicycle+motorcycle+person,26.083,38.339,11,"bicycle:0, motorcycle:4, person:7"
213,7.100,baseline,0+1+2,ebike+driver+passenger,24.286,41.176,0,"ebike:0, driver:0, passenger:0"
213,7.100,bifpn,0+1+2,ebike+driver+passenger,27.282,36.654,0,"ebike:0, driver:0, passenger:0"
213,7.100,yolov8n,1+3+0,bicycle+motorcycle+person,25.307,39.515,12,"bicycle:0, motorcycle:4, person:8"
214,7.133,baseline,0+1+2,ebike+driver+passenger,23.649,42.285,0,"ebike:0, driver:0, passenger:0"
214,7.133,bifpn,0+1+2,ebike+driver+passenger,25.494,39.224,0,"ebike:0, driver:0, passenger:0"
214,7.133,yolov8n,1+3+0,bicycle+motorcycle+person,26.941,37.118,11,"bicycle:0, motorcycle:4, person:7"
215,7.167,baseline,0+1+2,ebike+driver+passenger,25.564,39.117,0,"ebike:0, driver:0, passenger:0"
215,7.167,bifpn,0+1+2,ebike+driver+passenger,27.330,36.590,0,"ebike:0, driver:0, passenger:0"
215,7.167,yolov8n,1+3+0,bicycle+motorcycle+person,30.193,33.120,12,"bicycle:0, motorcycle:4, person:8"
216,7.200,baseline,0+1+2,ebike+driver+passenger,27.519,36.339,0,"ebike:0, driver:0, passenger:0"
216,7.200,bifpn,0+1+2,ebike+driver+passenger,24.840,40.257,0,"ebike:0, driver:0, passenger:0"
216,7.200,yolov8n,1+3+0,bicycle+motorcycle+person,26.334,37.973,11,"bicycle:0, motorcycle:3, person:8"
217,7.233,baseline,0+1+2,ebike+driver+passenger,27.356,36.555,0,"ebike:0, driver:0, passenger:0"
217,7.233,bifpn,0+1+2,ebike+driver+passenger,28.408,35.201,0,"ebike:0, driver:0, passenger:0"
217,7.233,yolov8n,1+3+0,bicycle+motorcycle+person,27.581,36.256,10,"bicycle:0, motorcycle:4, person:6"
218,7.267,baseline,0+1+2,ebike+driver+passenger,27.207,36.755,0,"ebike:0, driver:0, passenger:0"
218,7.267,bifpn,0+1+2,ebike+driver+passenger,27.453,36.425,0,"ebike:0, driver:0, passenger:0"
218,7.267,yolov8n,1+3+0,bicycle+motorcycle+person,26.550,37.665,10,"bicycle:0, motorcycle:4, person:6"
219,7.300,baseline,0+1+2,ebike+driver+passenger,26.128,38.274,0,"ebike:0, driver:0, passenger:0"
219,7.300,bifpn,0+1+2,ebike+driver+passenger,24.182,41.353,0,"ebike:0, driver:0, passenger:0"
219,7.300,yolov8n,1+3+0,bicycle+motorcycle+person,24.936,40.102,9,"bicycle:0, motorcycle:4, person:5"
220,7.333,baseline,0+1+2,ebike+driver+passenger,25.369,39.419,0,"ebike:0, driver:0, passenger:0"
220,7.333,bifpn,0+1+2,ebike+driver+passenger,25.487,39.235,0,"ebike:0, driver:0, passenger:0"
220,7.333,yolov8n,1+3+0,bicycle+motorcycle+person,26.682,37.478,13,"bicycle:0, motorcycle:4, person:9"
221,7.367,baseline,0+1+2,ebike+driver+passenger,23.788,42.038,0,"ebike:0, driver:0, passenger:0"
221,7.367,bifpn,0+1+2,ebike+driver+passenger,27.385,36.516,0,"ebike:0, driver:0, passenger:0"
221,7.367,yolov8n,1+3+0,bicycle+motorcycle+person,30.148,33.170,14,"bicycle:0, motorcycle:7, person:7"
222,7.400,baseline,0+1+2,ebike+driver+passenger,24.430,40.933,0,"ebike:0, driver:0, passenger:0"
222,7.400,bifpn,0+1+2,ebike+driver+passenger,26.639,37.538,0,"ebike:0, driver:0, passenger:0"
222,7.400,yolov8n,1+3+0,bicycle+motorcycle+person,25.005,39.992,14,"bicycle:0, motorcycle:6, person:8"
223,7.433,baseline,0+1+2,ebike+driver+passenger,24.121,41.457,0,"ebike:0, driver:0, passenger:0"
223,7.433,bifpn,0+1+2,ebike+driver+passenger,24.935,40.104,0,"ebike:0, driver:0, passenger:0"
223,7.433,yolov8n,1+3+0,bicycle+motorcycle+person,26.178,38.200,14,"bicycle:0, motorcycle:6, person:8"
224,7.467,baseline,0+1+2,ebike+driver+passenger,23.287,42.943,0,"ebike:0, driver:0, passenger:0"
224,7.467,bifpn,0+1+2,ebike+driver+passenger,24.867,40.215,0,"ebike:0, driver:0, passenger:0"
224,7.467,yolov8n,1+3+0,bicycle+motorcycle+person,24.721,40.452,16,"bicycle:0, motorcycle:6, person:10"
225,7.500,baseline,0+1+2,ebike+driver+passenger,26.325,37.987,0,"ebike:0, driver:0, passenger:0"
225,7.500,bifpn,0+1+2,ebike+driver+passenger,24.967,40.053,0,"ebike:0, driver:0, passenger:0"
225,7.500,yolov8n,1+3+0,bicycle+motorcycle+person,26.949,37.107,12,"bicycle:0, motorcycle:5, person:7"
226,7.533,baseline,0+1+2,ebike+driver+passenger,27.773,36.006,0,"ebike:0, driver:0, passenger:0"
226,7.533,bifpn,0+1+2,ebike+driver+passenger,26.377,37.912,0,"ebike:0, driver:0, passenger:0"
226,7.533,yolov8n,1+3+0,bicycle+motorcycle+person,31.815,31.432,10,"bicycle:0, motorcycle:4, person:6"
227,7.567,baseline,0+1+2,ebike+driver+passenger,27.370,36.536,0,"ebike:0, driver:0, passenger:0"
227,7.567,bifpn,0+1+2,ebike+driver+passenger,25.385,39.393,0,"ebike:0, driver:0, passenger:0"
227,7.567,yolov8n,1+3+0,bicycle+motorcycle+person,29.124,34.336,9,"bicycle:0, motorcycle:4, person:5"
228,7.600,baseline,0+1+2,ebike+driver+passenger,27.301,36.629,0,"ebike:0, driver:0, passenger:0"
228,7.600,bifpn,0+1+2,ebike+driver+passenger,27.285,36.650,0,"ebike:0, driver:0, passenger:0"
228,7.600,yolov8n,1+3+0,bicycle+motorcycle+person,27.262,36.681,9,"bicycle:0, motorcycle:4, person:5"
229,7.633,baseline,0+1+2,ebike+driver+passenger,27.769,36.011,0,"ebike:0, driver:0, passenger:0"
229,7.633,bifpn,0+1+2,ebike+driver+passenger,26.001,38.459,0,"ebike:0, driver:0, passenger:0"
229,7.633,yolov8n,1+3+0,bicycle+motorcycle+person,28.237,35.414,7,"bicycle:0, motorcycle:4, person:3"
230,7.667,baseline,0+1+2,ebike+driver+passenger,26.088,38.332,0,"ebike:0, driver:0, passenger:0"
230,7.667,bifpn,0+1+2,ebike+driver+passenger,25.251,39.602,0,"ebike:0, driver:0, passenger:0"
230,7.667,yolov8n,1+3+0,bicycle+motorcycle+person,26.119,38.286,9,"bicycle:0, motorcycle:3, person:6"
231,7.700,baseline,0+1+2,ebike+driver+passenger,24.794,40.332,0,"ebike:0, driver:0, passenger:0"
231,7.700,bifpn,0+1+2,ebike+driver+passenger,24.022,41.628,0,"ebike:0, driver:0, passenger:0"
231,7.700,yolov8n,1+3+0,bicycle+motorcycle+person,26.453,37.803,9,"bicycle:0, motorcycle:4, person:5"
232,7.733,baseline,0+1+2,ebike+driver+passenger,26.091,38.327,0,"ebike:0, driver:0, passenger:0"
232,7.733,bifpn,0+1+2,ebike+driver+passenger,25.724,38.874,0,"ebike:0, driver:0, passenger:0"
232,7.733,yolov8n,1+3+0,bicycle+motorcycle+person,27.497,36.367,11,"bicycle:0, motorcycle:4, person:7"
233,7.767,baseline,0+1+2,ebike+driver+passenger,25.695,38.918,0,"ebike:0, driver:0, passenger:0"
233,7.767,bifpn,0+1+2,ebike+driver+passenger,24.424,40.943,0,"ebike:0, driver:0, passenger:0"
233,7.767,yolov8n,1+3+0,bicycle+motorcycle+person,27.958,35.768,10,"bicycle:0, motorcycle:3, person:7"
234,7.800,baseline,0+1+2,ebike+driver+passenger,23.666,42.254,0,"ebike:0, driver:0, passenger:0"
234,7.800,bifpn,0+1+2,ebike+driver+passenger,25.829,38.716,1,"ebike:1, driver:0, passenger:0"
234,7.800,yolov8n,1+3+0,bicycle+motorcycle+person,26.317,37.998,7,"bicycle:0, motorcycle:2, person:5"
235,7.833,baseline,0+1+2,ebike+driver+passenger,24.959,40.065,0,"ebike:0, driver:0, passenger:0"
235,7.833,bifpn,0+1+2,ebike+driver+passenger,23.980,41.702,0,"ebike:0, driver:0, passenger:0"
235,7.833,yolov8n,1+3+0,bicycle+motorcycle+person,25.518,39.188,10,"bicycle:0, motorcycle:2, person:8"
236,7.867,baseline,0+1+2,ebike+driver+passenger,27.697,36.106,0,"ebike:0, driver:0, passenger:0"
236,7.867,bifpn,0+1+2,ebike+driver+passenger,26.657,37.514,0,"ebike:0, driver:0, passenger:0"
236,7.867,yolov8n,1+3+0,bicycle+motorcycle+person,28.966,34.523,9,"bicycle:0, motorcycle:3, person:6"
237,7.900,baseline,0+1+2,ebike+driver+passenger,25.804,38.753,0,"ebike:0, driver:0, passenger:0"
237,7.900,bifpn,0+1+2,ebike+driver+passenger,25.564,39.118,0,"ebike:0, driver:0, passenger:0"
237,7.900,yolov8n,1+3+0,bicycle+motorcycle+person,27.213,36.748,9,"bicycle:0, motorcycle:3, person:6"
238,7.933,baseline,0+1+2,ebike+driver+passenger,23.776,42.059,0,"ebike:0, driver:0, passenger:0"
238,7.933,bifpn,0+1+2,ebike+driver+passenger,24.644,40.579,0,"ebike:0, driver:0, passenger:0"
238,7.933,yolov8n,1+3+0,bicycle+motorcycle+person,27.002,37.034,10,"bicycle:0, motorcycle:5, person:5"
239,7.967,baseline,0+1+2,ebike+driver+passenger,26.358,37.939,0,"ebike:0, driver:0, passenger:0"
239,7.967,bifpn,0+1+2,ebike+driver+passenger,23.704,42.187,0,"ebike:0, driver:0, passenger:0"
239,7.967,yolov8n,1+3+0,bicycle+motorcycle+person,25.985,38.484,7,"bicycle:0, motorcycle:4, person:3"
240,8.000,baseline,0+1+2,ebike+driver+passenger,26.419,37.852,0,"ebike:0, driver:0, passenger:0"
240,8.000,bifpn,0+1+2,ebike+driver+passenger,25.979,38.492,0,"ebike:0, driver:0, passenger:0"
240,8.000,yolov8n,1+3+0,bicycle+motorcycle+person,27.932,35.801,7,"bicycle:0, motorcycle:4, person:3"
241,8.033,baseline,0+1+2,ebike+driver+passenger,27.322,36.600,0,"ebike:0, driver:0, passenger:0"
241,8.033,bifpn,0+1+2,ebike+driver+passenger,26.668,37.498,0,"ebike:0, driver:0, passenger:0"
241,8.033,yolov8n,1+3+0,bicycle+motorcycle+person,25.166,39.735,7,"bicycle:0, motorcycle:4, person:3"
242,8.067,baseline,0+1+2,ebike+driver+passenger,26.974,37.072,0,"ebike:0, driver:0, passenger:0"
242,8.067,bifpn,0+1+2,ebike+driver+passenger,26.207,38.158,0,"ebike:0, driver:0, passenger:0"
242,8.067,yolov8n,1+3+0,bicycle+motorcycle+person,27.307,36.620,8,"bicycle:0, motorcycle:3, person:5"
243,8.100,baseline,0+1+2,ebike+driver+passenger,25.355,39.441,0,"ebike:0, driver:0, passenger:0"
243,8.100,bifpn,0+1+2,ebike+driver+passenger,25.920,38.580,0,"ebike:0, driver:0, passenger:0"
243,8.100,yolov8n,1+3+0,bicycle+motorcycle+person,23.856,41.917,8,"bicycle:0, motorcycle:4, person:4"
244,8.133,baseline,0+1+2,ebike+driver+passenger,25.593,39.073,0,"ebike:0, driver:0, passenger:0"
244,8.133,bifpn,0+1+2,ebike+driver+passenger,24.989,40.018,0,"ebike:0, driver:0, passenger:0"
244,8.133,yolov8n,1+3+0,bicycle+motorcycle+person,25.176,39.720,9,"bicycle:0, motorcycle:4, person:5"
245,8.167,baseline,0+1+2,ebike+driver+passenger,24.784,40.348,0,"ebike:0, driver:0, passenger:0"
245,8.167,bifpn,0+1+2,ebike+driver+passenger,23.617,42.343,0,"ebike:0, driver:0, passenger:0"
245,8.167,yolov8n,1+3+0,bicycle+motorcycle+person,25.432,39.320,9,"bicycle:0, motorcycle:4, person:5"
246,8.200,baseline,0+1+2,ebike+driver+passenger,26.246,38.101,0,"ebike:0, driver:0, passenger:0"
246,8.200,bifpn,0+1+2,ebike+driver+passenger,24.655,40.560,0,"ebike:0, driver:0, passenger:0"
246,8.200,yolov8n,1+3+0,bicycle+motorcycle+person,26.217,38.144,9,"bicycle:0, motorcycle:4, person:5"
247,8.233,baseline,0+1+2,ebike+driver+passenger,25.907,38.599,0,"ebike:0, driver:0, passenger:0"
247,8.233,bifpn,0+1+2,ebike+driver+passenger,25.792,38.771,0,"ebike:0, driver:0, passenger:0"
247,8.233,yolov8n,1+3+0,bicycle+motorcycle+person,26.789,37.328,9,"bicycle:0, motorcycle:3, person:6"
248,8.267,baseline,0+1+2,ebike+driver+passenger,25.959,38.523,0,"ebike:0, driver:0, passenger:0"
248,8.267,bifpn,0+1+2,ebike+driver+passenger,26.497,37.741,0,"ebike:0, driver:0, passenger:0"
248,8.267,yolov8n,1+3+0,bicycle+motorcycle+person,25.317,39.500,8,"bicycle:0, motorcycle:3, person:5"
249,8.300,baseline,0+1+2,ebike+driver+passenger,27.605,36.225,0,"ebike:0, driver:0, passenger:0"
249,8.300,bifpn,0+1+2,ebike+driver+passenger,23.791,42.034,0,"ebike:0, driver:0, passenger:0"
249,8.300,yolov8n,1+3+0,bicycle+motorcycle+person,25.968,38.508,8,"bicycle:0, motorcycle:3, person:5"
250,8.333,baseline,0+1+2,ebike+driver+passenger,25.508,39.204,0,"ebike:0, driver:0, passenger:0"
250,8.333,bifpn,0+1+2,ebike+driver+passenger,25.041,39.934,0,"ebike:0, driver:0, passenger:0"
250,8.333,yolov8n,1+3+0,bicycle+motorcycle+person,25.184,39.708,5,"bicycle:0, motorcycle:3, person:2"
251,8.367,baseline,0+1+2,ebike+driver+passenger,24.884,40.187,0,"ebike:0, driver:0, passenger:0"
251,8.367,bifpn,0+1+2,ebike+driver+passenger,24.407,40.972,0,"ebike:0, driver:0, passenger:0"
251,8.367,yolov8n,1+3+0,bicycle+motorcycle+person,25.724,38.874,8,"bicycle:0, motorcycle:3, person:5"
252,8.400,baseline,0+1+2,ebike+driver+passenger,25.445,39.300,0,"ebike:0, driver:0, passenger:0"
252,8.400,bifpn,0+1+2,ebike+driver+passenger,25.466,39.268,0,"ebike:0, driver:0, passenger:0"
252,8.400,yolov8n,1+3+0,bicycle+motorcycle+person,23.482,42.586,8,"bicycle:0, motorcycle:3, person:5"
253,8.433,baseline,0+1+2,ebike+driver+passenger,25.830,38.714,0,"ebike:0, driver:0, passenger:0"
253,8.433,bifpn,0+1+2,ebike+driver+passenger,23.298,42.922,0,"ebike:0, driver:0, passenger:0"
253,8.433,yolov8n,1+3+0,bicycle+motorcycle+person,28.136,35.541,7,"bicycle:0, motorcycle:4, person:3"
254,8.467,baseline,0+1+2,ebike+driver+passenger,24.695,40.494,0,"ebike:0, driver:0, passenger:0"
254,8.467,bifpn,0+1+2,ebike+driver+passenger,23.758,42.092,0,"ebike:0, driver:0, passenger:0"
254,8.467,yolov8n,1+3+0,bicycle+motorcycle+person,25.437,39.313,6,"bicycle:0, motorcycle:4, person:2"
255,8.500,baseline,0+1+2,ebike+driver+passenger,25.021,39.966,0,"ebike:0, driver:0, passenger:0"
255,8.500,bifpn,0+1+2,ebike+driver+passenger,25.565,39.116,0,"ebike:0, driver:0, passenger:0"
255,8.500,yolov8n,1+3+0,bicycle+motorcycle+person,25.433,39.319,5,"bicycle:0, motorcycle:3, person:2"
256,8.533,baseline,0+1+2,ebike+driver+passenger,24.747,40.409,0,"ebike:0, driver:0, passenger:0"
256,8.533,bifpn,0+1+2,ebike+driver+passenger,23.725,42.150,0,"ebike:0, driver:0, passenger:0"
256,8.533,yolov8n,1+3+0,bicycle+motorcycle+person,23.592,42.387,7,"bicycle:0, motorcycle:4, person:3"
257,8.567,baseline,0+1+2,ebike+driver+passenger,28.491,35.099,0,"ebike:0, driver:0, passenger:0"
257,8.567,bifpn,0+1+2,ebike+driver+passenger,24.472,40.863,0,"ebike:0, driver:0, passenger:0"
257,8.567,yolov8n,1+3+0,bicycle+motorcycle+person,26.088,38.332,7,"bicycle:0, motorcycle:4, person:3"
258,8.600,baseline,0+1+2,ebike+driver+passenger,27.672,36.138,0,"ebike:0, driver:0, passenger:0"
258,8.600,bifpn,0+1+2,ebike+driver+passenger,24.931,40.111,0,"ebike:0, driver:0, passenger:0"
258,8.600,yolov8n,1+3+0,bicycle+motorcycle+person,26.959,37.093,9,"bicycle:0, motorcycle:4, person:5"
259,8.633,baseline,0+1+2,ebike+driver+passenger,24.791,40.337,0,"ebike:0, driver:0, passenger:0"
259,8.633,bifpn,0+1+2,ebike+driver+passenger,25.013,39.980,0,"ebike:0, driver:0, passenger:0"
259,8.633,yolov8n,1+3+0,bicycle+motorcycle+person,25.088,39.860,10,"bicycle:0, motorcycle:5, person:5"
260,8.667,baseline,0+1+2,ebike+driver+passenger,25.438,39.311,0,"ebike:0, driver:0, passenger:0"
260,8.667,bifpn,0+1+2,ebike+driver+passenger,24.390,41.000,0,"ebike:0, driver:0, passenger:0"
260,8.667,yolov8n,1+3+0,bicycle+motorcycle+person,26.997,37.041,9,"bicycle:0, motorcycle:5, person:4"
261,8.700,baseline,0+1+2,ebike+driver+passenger,25.399,39.371,0,"ebike:0, driver:0, passenger:0"
261,8.700,bifpn,0+1+2,ebike+driver+passenger,23.665,42.257,0,"ebike:0, driver:0, passenger:0"
261,8.700,yolov8n,1+3+0,bicycle+motorcycle+person,27.190,36.778,9,"bicycle:0, motorcycle:5, person:4"
262,8.733,baseline,0+1+2,ebike+driver+passenger,23.481,42.588,0,"ebike:0, driver:0, passenger:0"
262,8.733,bifpn,0+1+2,ebike+driver+passenger,23.754,42.099,0,"ebike:0, driver:0, passenger:0"
262,8.733,yolov8n,1+3+0,bicycle+motorcycle+person,26.756,37.375,9,"bicycle:0, motorcycle:5, person:4"
263,8.767,baseline,0+1+2,ebike+driver+passenger,24.414,40.960,0,"ebike:0, driver:0, passenger:0"
263,8.767,bifpn,0+1+2,ebike+driver+passenger,24.928,40.116,0,"ebike:0, driver:0, passenger:0"
263,8.767,yolov8n,1+3+0,bicycle+motorcycle+person,24.395,40.992,12,"bicycle:0, motorcycle:5, person:7"
264,8.800,baseline,0+1+2,ebike+driver+passenger,22.919,43.633,0,"ebike:0, driver:0, passenger:0"
264,8.800,bifpn,0+1+2,ebike+driver+passenger,24.217,41.293,0,"ebike:0, driver:0, passenger:0"
264,8.800,yolov8n,1+3+0,bicycle+motorcycle+person,25.013,39.980,13,"bicycle:0, motorcycle:6, person:7"
265,8.833,baseline,0+1+2,ebike+driver+passenger,25.246,39.610,0,"ebike:0, driver:0, passenger:0"
265,8.833,bifpn,0+1+2,ebike+driver+passenger,24.336,41.091,0,"ebike:0, driver:0, passenger:0"
265,8.833,yolov8n,1+3+0,bicycle+motorcycle+person,26.939,37.120,11,"bicycle:0, motorcycle:6, person:5"
266,8.867,baseline,0+1+2,ebike+driver+passenger,26.583,37.618,0,"ebike:0, driver:0, passenger:0"
266,8.867,bifpn,0+1+2,ebike+driver+passenger,26.435,37.829,0,"ebike:0, driver:0, passenger:0"
266,8.867,yolov8n,1+3+0,bicycle+motorcycle+person,27.604,36.227,9,"bicycle:0, motorcycle:5, person:4"
267,8.900,baseline,0+1+2,ebike+driver+passenger,25.556,39.130,0,"ebike:0, driver:0, passenger:0"
267,8.900,bifpn,0+1+2,ebike+driver+passenger,25.301,39.525,0,"ebike:0, driver:0, passenger:0"
267,8.900,yolov8n,1+3+0,bicycle+motorcycle+person,26.190,38.182,10,"bicycle:0, motorcycle:5, person:5"
268,8.933,baseline,0+1+2,ebike+driver+passenger,25.208,39.670,0,"ebike:0, driver:0, passenger:0"
268,8.933,bifpn,0+1+2,ebike+driver+passenger,23.402,42.731,0,"ebike:0, driver:0, passenger:0"
268,8.933,yolov8n,1+3+0,bicycle+motorcycle+person,26.715,37.432,11,"bicycle:0, motorcycle:5, person:6"
269,8.967,baseline,0+1+2,ebike+driver+passenger,24.678,40.523,0,"ebike:0, driver:0, passenger:0"
269,8.967,bifpn,0+1+2,ebike+driver+passenger,26.576,37.628,0,"ebike:0, driver:0, passenger:0"
269,8.967,yolov8n,1+3+0,bicycle+motorcycle+person,25.437,39.312,9,"bicycle:0, motorcycle:3, person:6"
270,9.000,baseline,0+1+2,ebike+driver+passenger,28.027,35.680,0,"ebike:0, driver:0, passenger:0"
270,9.000,bifpn,0+1+2,ebike+driver+passenger,27.657,36.157,0,"ebike:0, driver:0, passenger:0"
270,9.000,yolov8n,1+3+0,bicycle+motorcycle+person,26.349,37.952,9,"bicycle:0, motorcycle:4, person:5"
271,9.033,baseline,0+1+2,ebike+driver+passenger,25.686,38.932,0,"ebike:0, driver:0, passenger:0"
271,9.033,bifpn,0+1+2,ebike+driver+passenger,26.217,38.144,0,"ebike:0, driver:0, passenger:0"
271,9.033,yolov8n,1+3+0,bicycle+motorcycle+person,25.901,38.609,9,"bicycle:0, motorcycle:3, person:6"
272,9.067,baseline,0+1+2,ebike+driver+passenger,27.654,36.161,0,"ebike:0, driver:0, passenger:0"
272,9.067,bifpn,0+1+2,ebike+driver+passenger,24.437,40.922,0,"ebike:0, driver:0, passenger:0"
272,9.067,yolov8n,1+3+0,bicycle+motorcycle+person,25.692,38.922,12,"bicycle:0, motorcycle:4, person:8"
273,9.100,baseline,0+1+2,ebike+driver+passenger,26.186,38.188,0,"ebike:0, driver:0, passenger:0"
273,9.100,bifpn,0+1+2,ebike+driver+passenger,25.065,39.897,0,"ebike:0, driver:0, passenger:0"
273,9.100,yolov8n,1+3+0,bicycle+motorcycle+person,27.990,35.728,9,"bicycle:0, motorcycle:3, person:6"
274,9.133,baseline,0+1+2,ebike+driver+passenger,26.401,37.878,0,"ebike:0, driver:0, passenger:0"
274,9.133,bifpn,0+1+2,ebike+driver+passenger,25.345,39.456,0,"ebike:0, driver:0, passenger:0"
274,9.133,yolov8n,1+3+0,bicycle+motorcycle+person,27.504,36.359,9,"bicycle:0, motorcycle:4, person:5"
275,9.167,baseline,0+1+2,ebike+driver+passenger,25.534,39.164,0,"ebike:0, driver:0, passenger:0"
275,9.167,bifpn,0+1+2,ebike+driver+passenger,26.432,37.833,0,"ebike:0, driver:0, passenger:0"
275,9.167,yolov8n,1+3+0,bicycle+motorcycle+person,27.256,36.689,8,"bicycle:0, motorcycle:3, person:5"
276,9.200,baseline,0+1+2,ebike+driver+passenger,25.042,39.932,0,"ebike:0, driver:0, passenger:0"
276,9.200,bifpn,0+1+2,ebike+driver+passenger,26.813,37.296,0,"ebike:0, driver:0, passenger:0"
276,9.200,yolov8n,1+3+0,bicycle+motorcycle+person,27.372,36.533,11,"bicycle:0, motorcycle:4, person:7"
277,9.233,baseline,0+1+2,ebike+driver+passenger,25.496,39.222,0,"ebike:0, driver:0, passenger:0"
277,9.233,bifpn,0+1+2,ebike+driver+passenger,26.809,37.301,0,"ebike:0, driver:0, passenger:0"
277,9.233,yolov8n,1+3+0,bicycle+motorcycle+person,24.882,40.190,9,"bicycle:0, motorcycle:3, person:6"
278,9.267,baseline,0+1+2,ebike+driver+passenger,27.925,35.810,0,"ebike:0, driver:0, passenger:0"
278,9.267,bifpn,0+1+2,ebike+driver+passenger,24.839,40.259,0,"ebike:0, driver:0, passenger:0"
278,9.267,yolov8n,1+3+0,bicycle+motorcycle+person,28.920,34.578,7,"bicycle:0, motorcycle:3, person:4"
279,9.300,baseline,0+1+2,ebike+driver+passenger,24.684,40.513,0,"ebike:0, driver:0, passenger:0"
279,9.300,bifpn,0+1+2,ebike+driver+passenger,24.875,40.200,0,"ebike:0, driver:0, passenger:0"
279,9.300,yolov8n,1+3+0,bicycle+motorcycle+person,28.545,35.032,7,"bicycle:0, motorcycle:3, person:4"
280,9.333,baseline,0+1+2,ebike+driver+passenger,26.649,37.526,0,"ebike:0, driver:0, passenger:0"
280,9.333,bifpn,0+1+2,ebike+driver+passenger,26.903,37.170,0,"ebike:0, driver:0, passenger:0"
280,9.333,yolov8n,1+3+0,bicycle+motorcycle+person,27.607,36.223,8,"bicycle:0, motorcycle:4, person:4"
281,9.367,baseline,0+1+2,ebike+driver+passenger,28.255,35.392,0,"ebike:0, driver:0, passenger:0"
281,9.367,bifpn,0+1+2,ebike+driver+passenger,27.365,36.543,0,"ebike:0, driver:0, passenger:0"
281,9.367,yolov8n,1+3+0,bicycle+motorcycle+person,27.953,35.774,8,"bicycle:0, motorcycle:3, person:5"
282,9.400,baseline,0+1+2,ebike+driver+passenger,26.387,37.898,0,"ebike:0, driver:0, passenger:0"
282,9.400,bifpn,0+1+2,ebike+driver+passenger,28.121,35.560,0,"ebike:0, driver:0, passenger:0"
282,9.400,yolov8n,1+3+0,bicycle+motorcycle+person,25.726,38.871,8,"bicycle:0, motorcycle:4, person:4"
283,9.433,baseline,0+1+2,ebike+driver+passenger,26.963,37.088,0,"ebike:0, driver:0, passenger:0"
283,9.433,bifpn,0+1+2,ebike+driver+passenger,26.342,37.962,0,"ebike:0, driver:0, passenger:0"
283,9.433,yolov8n,1+3+0,bicycle+motorcycle+person,29.665,33.710,7,"bicycle:0, motorcycle:3, person:4"
284,9.467,baseline,0+1+2,ebike+driver+passenger,25.828,38.717,0,"ebike:0, driver:0, passenger:0"
284,9.467,bifpn,0+1+2,ebike+driver+passenger,26.235,38.117,0,"ebike:0, driver:0, passenger:0"
284,9.467,yolov8n,1+3+0,bicycle+motorcycle+person,25.580,39.093,7,"bicycle:0, motorcycle:3, person:4"
285,9.500,baseline,0+1+2,ebike+driver+passenger,27.268,36.673,0,"ebike:0, driver:0, passenger:0"
285,9.500,bifpn,0+1+2,ebike+driver+passenger,24.456,40.890,0,"ebike:0, driver:0, passenger:0"
285,9.500,yolov8n,1+3+0,bicycle+motorcycle+person,25.681,38.939,8,"bicycle:0, motorcycle:4, person:4"
286,9.533,baseline,0+1+2,ebike+driver+passenger,25.588,39.081,0,"ebike:0, driver:0, passenger:0"
286,9.533,bifpn,0+1+2,ebike+driver+passenger,25.873,38.651,0,"ebike:0, driver:0, passenger:0"
286,9.533,yolov8n,1+3+0,bicycle+motorcycle+person,25.836,38.705,8,"bicycle:0, motorcycle:4, person:4"
287,9.567,baseline,0+1+2,ebike+driver+passenger,26.250,38.095,0,"ebike:0, driver:0, passenger:0"
287,9.567,bifpn,0+1+2,ebike+driver+passenger,26.554,37.660,0,"ebike:0, driver:0, passenger:0"
287,9.567,yolov8n,1+3+0,bicycle+motorcycle+person,29.143,34.314,9,"bicycle:0, motorcycle:4, person:5"
288,9.600,baseline,0+1+2,ebike+driver+passenger,25.165,39.737,0,"ebike:0, driver:0, passenger:0"
288,9.600,bifpn,0+1+2,ebike+driver+passenger,24.943,40.091,0,"ebike:0, driver:0, passenger:0"
288,9.600,yolov8n,1+3+0,bicycle+motorcycle+person,28.191,35.472,8,"bicycle:0, motorcycle:4, person:4"
289,9.633,baseline,0+1+2,ebike+driver+passenger,27.108,36.889,0,"ebike:0, driver:0, passenger:0"
289,9.633,bifpn,0+1+2,ebike+driver+passenger,29.722,33.645,0,"ebike:0, driver:0, passenger:0"
289,9.633,yolov8n,1+3+0,bicycle+motorcycle+person,26.476,37.770,10,"bicycle:0, motorcycle:4, person:6"
290,9.667,baseline,0+1+2,ebike+driver+passenger,24.922,40.126,0,"ebike:0, driver:0, passenger:0"
290,9.667,bifpn,0+1+2,ebike+driver+passenger,25.409,39.356,0,"ebike:0, driver:0, passenger:0"
290,9.667,yolov8n,1+3+0,bicycle+motorcycle+person,27.856,35.899,10,"bicycle:0, motorcycle:3, person:7"
291,9.700,baseline,0+1+2,ebike+driver+passenger,27.351,36.561,0,"ebike:0, driver:0, passenger:0"
291,9.700,bifpn,0+1+2,ebike+driver+passenger,22.453,44.537,0,"ebike:0, driver:0, passenger:0"
291,9.700,yolov8n,1+3+0,bicycle+motorcycle+person,26.265,38.073,9,"bicycle:0, motorcycle:3, person:6"
292,9.733,baseline,0+1+2,ebike+driver+passenger,24.791,40.337,0,"ebike:0, driver:0, passenger:0"
292,9.733,bifpn,0+1+2,ebike+driver+passenger,26.676,37.487,0,"ebike:0, driver:0, passenger:0"
292,9.733,yolov8n,1+3+0,bicycle+motorcycle+person,24.566,40.706,9,"bicycle:0, motorcycle:3, person:6"
293,9.767,baseline,0+1+2,ebike+driver+passenger,25.055,39.911,0,"ebike:0, driver:0, passenger:0"
293,9.767,bifpn,0+1+2,ebike+driver+passenger,25.771,38.804,0,"ebike:0, driver:0, passenger:0"
293,9.767,yolov8n,1+3+0,bicycle+motorcycle+person,27.133,36.855,9,"bicycle:0, motorcycle:4, person:5"
294,9.800,baseline,0+1+2,ebike+driver+passenger,25.529,39.171,0,"ebike:0, driver:0, passenger:0"
294,9.800,bifpn,0+1+2,ebike+driver+passenger,25.692,38.923,0,"ebike:0, driver:0, passenger:0"
294,9.800,yolov8n,1+3+0,bicycle+motorcycle+person,26.549,37.666,6,"bicycle:0, motorcycle:3, person:3"
295,9.833,baseline,0+1+2,ebike+driver+passenger,24.890,40.177,0,"ebike:0, driver:0, passenger:0"
295,9.833,bifpn,0+1+2,ebike+driver+passenger,26.162,38.223,0,"ebike:0, driver:0, passenger:0"
295,9.833,yolov8n,1+3+0,bicycle+motorcycle+person,26.129,38.271,8,"bicycle:0, motorcycle:4, person:4"
296,9.867,baseline,0+1+2,ebike+driver+passenger,28.377,35.239,0,"ebike:0, driver:0, passenger:0"
296,9.867,bifpn,0+1+2,ebike+driver+passenger,25.816,38.736,0,"ebike:0, driver:0, passenger:0"
296,9.867,yolov8n,1+3+0,bicycle+motorcycle+person,28.681,34.867,7,"bicycle:0, motorcycle:4, person:3"
297,9.900,baseline,0+1+2,ebike+driver+passenger,23.909,41.825,0,"ebike:0, driver:0, passenger:0"
297,9.900,bifpn,0+1+2,ebike+driver+passenger,24.910,40.145,0,"ebike:0, driver:0, passenger:0"
297,9.900,yolov8n,1+3+0,bicycle+motorcycle+person,27.087,36.918,5,"bicycle:0, motorcycle:2, person:3"
298,9.933,baseline,0+1+2,ebike+driver+passenger,28.791,34.733,0,"ebike:0, driver:0, passenger:0"
298,9.933,bifpn,0+1+2,ebike+driver+passenger,23.990,41.684,0,"ebike:0, driver:0, passenger:0"
298,9.933,yolov8n,1+3+0,bicycle+motorcycle+person,26.827,37.275,5,"bicycle:0, motorcycle:2, person:3"
299,9.967,baseline,0+1+2,ebike+driver+passenger,26.060,38.373,0,"ebike:0, driver:0, passenger:0"
299,9.967,bifpn,0+1+2,ebike+driver+passenger,25.539,39.155,0,"ebike:0, driver:0, passenger:0"
299,9.967,yolov8n,1+3+0,bicycle+motorcycle+person,25.717,38.885,4,"bicycle:0, motorcycle:2, person:2"
300,10.000,baseline,0+1+2,ebike+driver+passenger,25.171,39.729,0,"ebike:0, driver:0, passenger:0"
300,10.000,bifpn,0+1+2,ebike+driver+passenger,25.077,39.878,0,"ebike:0, driver:0, passenger:0"
300,10.000,yolov8n,1+3+0,bicycle+motorcycle+person,24.281,41.184,7,"bicycle:0, motorcycle:3, person:4"
301,10.033,baseline,0+1+2,ebike+driver+passenger,26.471,37.777,0,"ebike:0, driver:0, passenger:0"
301,10.033,bifpn,0+1+2,ebike+driver+passenger,24.184,41.349,0,"ebike:0, driver:0, passenger:0"
301,10.033,yolov8n,1+3+0,bicycle+motorcycle+person,26.077,38.347,8,"bicycle:0, motorcycle:4, person:4"
302,10.067,baseline,0+1+2,ebike+driver+passenger,24.973,40.044,0,"ebike:0, driver:0, passenger:0"
302,10.067,bifpn,0+1+2,ebike+driver+passenger,26.925,37.140,0,"ebike:0, driver:0, passenger:0"
302,10.067,yolov8n,1+3+0,bicycle+motorcycle+person,26.437,37.825,6,"bicycle:0, motorcycle:3, person:3"
303,10.100,baseline,0+1+2,ebike+driver+passenger,26.209,38.155,0,"ebike:0, driver:0, passenger:0"
303,10.100,bifpn,0+1+2,ebike+driver+passenger,25.356,39.439,0,"ebike:0, driver:0, passenger:0"
303,10.100,yolov8n,1+3+0,bicycle+motorcycle+person,25.210,39.666,8,"bicycle:1, motorcycle:4, person:3"
304,10.133,baseline,0+1+2,ebike+driver+passenger,24.546,40.740,0,"ebike:0, driver:0, passenger:0"
304,10.133,bifpn,0+1+2,ebike+driver+passenger,26.474,37.772,0,"ebike:0, driver:0, passenger:0"
304,10.133,yolov8n,1+3+0,bicycle+motorcycle+person,27.262,36.681,8,"bicycle:1, motorcycle:3, person:4"
305,10.167,baseline,0+1+2,ebike+driver+passenger,25.105,39.833,0,"ebike:0, driver:0, passenger:0"
305,10.167,bifpn,0+1+2,ebike+driver+passenger,24.061,41.561,0,"ebike:0, driver:0, passenger:0"
305,10.167,yolov8n,1+3+0,bicycle+motorcycle+person,25.850,38.685,10,"bicycle:1, motorcycle:3, person:6"
306,10.200,baseline,0+1+2,ebike+driver+passenger,25.895,38.618,0,"ebike:0, driver:0, passenger:0"
306,10.200,bifpn,0+1+2,ebike+driver+passenger,24.734,40.431,0,"ebike:0, driver:0, passenger:0"
306,10.200,yolov8n,1+3+0,bicycle+motorcycle+person,26.184,38.192,13,"bicycle:1, motorcycle:3, person:9"
307,10.233,baseline,0+1+2,ebike+driver+passenger,25.704,38.904,0,"ebike:0, driver:0, passenger:0"
307,10.233,bifpn,0+1+2,ebike+driver+passenger,25.906,38.601,0,"ebike:0, driver:0, passenger:0"
307,10.233,yolov8n,1+3+0,bicycle+motorcycle+person,26.581,37.620,9,"bicycle:1, motorcycle:3, person:5"
308,10.267,baseline,0+1+2,ebike+driver+passenger,29.077,34.391,0,"ebike:0, driver:0, passenger:0"
308,10.267,bifpn,0+1+2,ebike+driver+passenger,25.959,38.523,0,"ebike:0, driver:0, passenger:0"
308,10.267,yolov8n,1+3+0,bicycle+motorcycle+person,26.515,37.715,10,"bicycle:1, motorcycle:3, person:6"
309,10.300,baseline,0+1+2,ebike+driver+passenger,24.907,40.149,0,"ebike:0, driver:0, passenger:0"
309,10.300,bifpn,0+1+2,ebike+driver+passenger,24.872,40.205,0,"ebike:0, driver:0, passenger:0"
309,10.300,yolov8n,1+3+0,bicycle+motorcycle+person,26.709,37.441,10,"bicycle:1, motorcycle:3, person:6"
310,10.333,baseline,0+1+2,ebike+driver+passenger,25.732,38.862,0,"ebike:0, driver:0, passenger:0"
310,10.333,bifpn,0+1+2,ebike+driver+passenger,24.988,40.019,0,"ebike:0, driver:0, passenger:0"
310,10.333,yolov8n,1+3+0,bicycle+motorcycle+person,26.645,37.530,8,"bicycle:1, motorcycle:2, person:5"
311,10.367,baseline,0+1+2,ebike+driver+passenger,24.713,40.465,0,"ebike:0, driver:0, passenger:0"
311,10.367,bifpn,0+1+2,ebike+driver+passenger,24.918,40.131,0,"ebike:0, driver:0, passenger:0"
311,10.367,yolov8n,1+3+0,bicycle+motorcycle+person,28.152,35.521,8,"bicycle:1, motorcycle:3, person:4"
312,10.400,baseline,0+1+2,ebike+driver+passenger,25.592,39.075,0,"ebike:0, driver:0, passenger:0"
312,10.400,bifpn,0+1+2,ebike+driver+passenger,26.589,37.610,0,"ebike:0, driver:0, passenger:0"
312,10.400,yolov8n,1+3+0,bicycle+motorcycle+person,25.590,39.077,8,"bicycle:1, motorcycle:2, person:5"
313,10.433,baseline,0+1+2,ebike+driver+passenger,26.256,38.087,0,"ebike:0, driver:0, passenger:0"
313,10.433,bifpn,0+1+2,ebike+driver+passenger,26.938,37.123,0,"ebike:0, driver:0, passenger:0"
313,10.433,yolov8n,1+3+0,bicycle+motorcycle+person,25.031,39.950,8,"bicycle:1, motorcycle:2, person:5"
314,10.467,baseline,0+1+2,ebike+driver+passenger,27.507,36.355,0,"ebike:0, driver:0, passenger:0"
314,10.467,bifpn,0+1+2,ebike+driver+passenger,25.946,38.542,0,"ebike:0, driver:0, passenger:0"
314,10.467,yolov8n,1+3+0,bicycle+motorcycle+person,26.100,38.314,9,"bicycle:1, motorcycle:3, person:5"
315,10.500,baseline,0+1+2,ebike+driver+passenger,28.313,35.319,0,"ebike:0, driver:0, passenger:0"
315,10.500,bifpn,0+1+2,ebike+driver+passenger,25.449,39.294,0,"ebike:0, driver:0, passenger:0"
315,10.500,yolov8n,1+3+0,bicycle+motorcycle+person,28.505,35.081,6,"bicycle:1, motorcycle:2, person:3"
316,10.533,baseline,0+1+2,ebike+driver+passenger,28.123,35.559,0,"ebike:0, driver:0, passenger:0"
316,10.533,bifpn,0+1+2,ebike+driver+passenger,26.826,37.278,0,"ebike:0, driver:0, passenger:0"
316,10.533,yolov8n,1+3+0,bicycle+motorcycle+person,28.512,35.074,8,"bicycle:1, motorcycle:3, person:4"
317,10.567,baseline,0+1+2,ebike+driver+passenger,27.715,36.082,0,"ebike:0, driver:0, passenger:0"
317,10.567,bifpn,0+1+2,ebike+driver+passenger,26.390,37.894,0,"ebike:0, driver:0, passenger:0"
317,10.567,yolov8n,1+3+0,bicycle+motorcycle+person,24.610,40.634,8,"bicycle:1, motorcycle:3, person:4"
318,10.600,baseline,0+1+2,ebike+driver+passenger,25.220,39.651,0,"ebike:0, driver:0, passenger:0"
318,10.600,bifpn,0+1+2,ebike+driver+passenger,36.244,27.591,0,"ebike:0, driver:0, passenger:0"
318,10.600,yolov8n,1+3+0,bicycle+motorcycle+person,34.833,28.708,5,"bicycle:0, motorcycle:2, person:3"
319,10.633,baseline,0+1+2,ebike+driver+passenger,29.114,34.348,0,"ebike:0, driver:0, passenger:0"
319,10.633,bifpn,0+1+2,ebike+driver+passenger,30.099,33.224,0,"ebike:0, driver:0, passenger:0"
319,10.633,yolov8n,1+3+0,bicycle+motorcycle+person,33.215,30.107,5,"bicycle:0, motorcycle:2, person:3"
320,10.667,baseline,0+1+2,ebike+driver+passenger,32.677,30.603,0,"ebike:0, driver:0, passenger:0"
320,10.667,bifpn,0+1+2,ebike+driver+passenger,31.288,31.962,0,"ebike:0, driver:0, passenger:0"
320,10.667,yolov8n,1+3+0,bicycle+motorcycle+person,32.756,30.529,7,"bicycle:0, motorcycle:3, person:4"
321,10.700,baseline,0+1+2,ebike+driver+passenger,32.886,30.408,0,"ebike:0, driver:0, passenger:0"
321,10.700,bifpn,0+1+2,ebike+driver+passenger,31.542,31.704,0,"ebike:0, driver:0, passenger:0"
321,10.700,yolov8n,1+3+0,bicycle+motorcycle+person,31.371,31.876,8,"bicycle:0, motorcycle:4, person:4"
322,10.733,baseline,0+1+2,ebike+driver+passenger,30.691,32.583,0,"ebike:0, driver:0, passenger:0"
322,10.733,bifpn,0+1+2,ebike+driver+passenger,29.355,34.066,0,"ebike:0, driver:0, passenger:0"
322,10.733,yolov8n,1+3+0,bicycle+motorcycle+person,31.407,31.840,8,"bicycle:0, motorcycle:4, person:4"
323,10.767,baseline,0+1+2,ebike+driver+passenger,28.755,34.776,0,"ebike:0, driver:0, passenger:0"
323,10.767,bifpn,0+1+2,ebike+driver+passenger,26.258,38.083,0,"ebike:0, driver:0, passenger:0"
323,10.767,yolov8n,1+3+0,bicycle+motorcycle+person,28.125,35.555,9,"bicycle:0, motorcycle:4, person:5"
324,10.800,baseline,0+1+2,ebike+driver+passenger,27.482,36.388,0,"ebike:0, driver:0, passenger:0"
324,10.800,bifpn,0+1+2,ebike+driver+passenger,28.276,35.365,0,"ebike:0, driver:0, passenger:0"
324,10.800,yolov8n,1+3+0,bicycle+motorcycle+person,30.409,32.885,8,"bicycle:0, motorcycle:4, person:4"
325,10.833,baseline,0+1+2,ebike+driver+passenger,32.114,31.139,0,"ebike:0, driver:0, passenger:0"
325,10.833,bifpn,0+1+2,ebike+driver+passenger,40.924,24.435,0,"ebike:0, driver:0, passenger:0"
325,10.833,yolov8n,1+3+0,bicycle+motorcycle+person,35.760,27.964,9,"bicycle:0, motorcycle:4, person:5"
326,10.867,baseline,0+1+2,ebike+driver+passenger,27.277,36.661,0,"ebike:0, driver:0, passenger:0"
326,10.867,bifpn,0+1+2,ebike+driver+passenger,26.535,37.686,0,"ebike:0, driver:0, passenger:0"
326,10.867,yolov8n,1+3+0,bicycle+motorcycle+person,29.391,34.024,9,"bicycle:0, motorcycle:3, person:6"
327,10.900,baseline,0+1+2,ebike+driver+passenger,28.748,34.785,0,"ebike:0, driver:0, passenger:0"
327,10.900,bifpn,0+1+2,ebike+driver+passenger,28.213,35.445,0,"ebike:0, driver:0, passenger:0"
327,10.900,yolov8n,1+3+0,bicycle+motorcycle+person,28.203,35.457,10,"bicycle:0, motorcycle:4, person:6"
328,10.933,baseline,0+1+2,ebike+driver+passenger,28.946,34.547,0,"ebike:0, driver:0, passenger:0"
328,10.933,bifpn,0+1+2,ebike+driver+passenger,28.563,35.011,0,"ebike:0, driver:0, passenger:0"
328,10.933,yolov8n,1+3+0,bicycle+motorcycle+person,29.532,33.861,11,"bicycle:0, motorcycle:4, person:7"
329,10.967,baseline,0+1+2,ebike+driver+passenger,26.441,37.819,0,"ebike:0, driver:0, passenger:0"
329,10.967,bifpn,0+1+2,ebike+driver+passenger,25.075,39.881,0,"ebike:0, driver:0, passenger:0"
329,10.967,yolov8n,1+3+0,bicycle+motorcycle+person,28.690,34.855,10,"bicycle:0, motorcycle:4, person:6"
330,11.000,baseline,0+1+2,ebike+driver+passenger,26.615,37.572,0,"ebike:0, driver:0, passenger:0"
330,11.000,bifpn,0+1+2,ebike+driver+passenger,26.020,38.432,0,"ebike:0, driver:0, passenger:0"
330,11.000,yolov8n,1+3+0,bicycle+motorcycle+person,27.908,35.832,9,"bicycle:0, motorcycle:4, person:5"
331,11.033,baseline,0+1+2,ebike+driver+passenger,25.061,39.903,0,"ebike:0, driver:0, passenger:0"
331,11.033,bifpn,0+1+2,ebike+driver+passenger,26.536,37.684,0,"ebike:0, driver:0, passenger:0"
331,11.033,yolov8n,1+3+0,bicycle+motorcycle+person,26.853,37.239,8,"bicycle:0, motorcycle:4, person:4"
332,11.067,baseline,0+1+2,ebike+driver+passenger,27.225,36.731,0,"ebike:0, driver:0, passenger:0"
332,11.067,bifpn,0+1+2,ebike+driver+passenger,26.023,38.428,0,"ebike:0, driver:0, passenger:0"
332,11.067,yolov8n,1+3+0,bicycle+motorcycle+person,27.655,36.159,7,"bicycle:0, motorcycle:4, person:3"
333,11.100,baseline,0+1+2,ebike+driver+passenger,27.589,36.246,0,"ebike:0, driver:0, passenger:0"
333,11.100,bifpn,0+1+2,ebike+driver+passenger,25.807,38.749,0,"ebike:0, driver:0, passenger:0"
333,11.100,yolov8n,1+3+0,bicycle+motorcycle+person,27.017,37.013,7,"bicycle:0, motorcycle:3, person:4"
334,11.133,baseline,0+1+2,ebike+driver+passenger,27.643,36.176,0,"ebike:0, driver:0, passenger:0"
334,11.133,bifpn,0+1+2,ebike+driver+passenger,24.998,40.003,0,"ebike:0, driver:0, passenger:0"
334,11.133,yolov8n,1+3+0,bicycle+motorcycle+person,28.615,34.946,8,"bicycle:0, motorcycle:3, person:5"
335,11.167,baseline,0+1+2,ebike+driver+passenger,27.907,35.834,0,"ebike:0, driver:0, passenger:0"
335,11.167,bifpn,0+1+2,ebike+driver+passenger,27.532,36.322,0,"ebike:0, driver:0, passenger:0"
335,11.167,yolov8n,1+3+0,bicycle+motorcycle+person,25.785,38.783,6,"bicycle:0, motorcycle:2, person:4"
336,11.200,baseline,0+1+2,ebike+driver+passenger,25.488,39.235,0,"ebike:0, driver:0, passenger:0"
336,11.200,bifpn,0+1+2,ebike+driver+passenger,26.293,38.033,0,"ebike:0, driver:0, passenger:0"
336,11.200,yolov8n,1+3+0,bicycle+motorcycle+person,28.952,34.540,4,"bicycle:0, motorcycle:2, person:2"
337,11.233,baseline,0+1+2,ebike+driver+passenger,27.651,36.165,0,"ebike:0, driver:0, passenger:0"
337,11.233,bifpn,0+1+2,ebike+driver+passenger,28.679,34.869,0,"ebike:0, driver:0, passenger:0"
337,11.233,yolov8n,1+3+0,bicycle+motorcycle+person,28.783,34.743,4,"bicycle:0, motorcycle:2, person:2"
338,11.267,baseline,0+1+2,ebike+driver+passenger,30.221,33.089,0,"ebike:0, driver:0, passenger:0"
338,11.267,bifpn,0+1+2,ebike+driver+passenger,26.017,38.437,0,"ebike:0, driver:0, passenger:0"
338,11.267,yolov8n,1+3+0,bicycle+motorcycle+person,27.353,36.559,9,"bicycle:0, motorcycle:3, person:6"
339,11.300,baseline,0+1+2,ebike+driver+passenger,27.662,36.151,0,"ebike:0, driver:0, passenger:0"
339,11.300,bifpn,0+1+2,ebike+driver+passenger,26.573,37.632,0,"ebike:0, driver:0, passenger:0"
339,11.300,yolov8n,1+3+0,bicycle+motorcycle+person,28.163,35.508,8,"bicycle:0, motorcycle:4, person:4"
340,11.333,baseline,0+1+2,ebike+driver+passenger,28.962,34.528,0,"ebike:0, driver:0, passenger:0"
340,11.333,bifpn,0+1+2,ebike+driver+passenger,26.237,38.114,0,"ebike:0, driver:0, passenger:0"
340,11.333,yolov8n,1+3+0,bicycle+motorcycle+person,28.195,35.467,6,"bicycle:0, motorcycle:3, person:3"
341,11.367,baseline,0+1+2,ebike+driver+passenger,26.712,37.437,0,"ebike:0, driver:0, passenger:0"
341,11.367,bifpn,0+1+2,ebike+driver+passenger,25.730,38.865,0,"ebike:0, driver:0, passenger:0"
341,11.367,yolov8n,1+3+0,bicycle+motorcycle+person,26.906,37.166,6,"bicycle:0, motorcycle:3, person:3"
342,11.400,baseline,0+1+2,ebike+driver+passenger,26.862,37.227,0,"ebike:0, driver:0, passenger:0"
342,11.400,bifpn,0+1+2,ebike+driver+passenger,25.609,39.049,0,"ebike:0, driver:0, passenger:0"
342,11.400,yolov8n,1+3+0,bicycle+motorcycle+person,26.385,37.900,10,"bicycle:0, motorcycle:6, person:4"
343,11.433,baseline,0+1+2,ebike+driver+passenger,24.480,40.850,0,"ebike:0, driver:0, passenger:0"
343,11.433,bifpn,0+1+2,ebike+driver+passenger,24.713,40.465,0,"ebike:0, driver:0, passenger:0"
343,11.433,yolov8n,1+3+0,bicycle+motorcycle+person,27.010,37.024,4,"bicycle:0, motorcycle:3, person:1"
344,11.467,baseline,0+1+2,ebike+driver+passenger,25.811,38.744,0,"ebike:0, driver:0, passenger:0"
344,11.467,bifpn,0+1+2,ebike+driver+passenger,26.831,37.270,0,"ebike:0, driver:0, passenger:0"
344,11.467,yolov8n,1+3+0,bicycle+motorcycle+person,27.739,36.050,5,"bicycle:0, motorcycle:2, person:3"
345,11.500,baseline,0+1+2,ebike+driver+passenger,27.681,36.126,0,"ebike:0, driver:0, passenger:0"
345,11.500,bifpn,0+1+2,ebike+driver+passenger,27.457,36.420,0,"ebike:0, driver:0, passenger:0"
345,11.500,yolov8n,1+3+0,bicycle+motorcycle+person,30.332,32.968,6,"bicycle:0, motorcycle:2, person:4"
346,11.533,baseline,0+1+2,ebike+driver+passenger,24.433,40.928,0,"ebike:0, driver:0, passenger:0"
346,11.533,bifpn,0+1+2,ebike+driver+passenger,24.767,40.376,0,"ebike:0, driver:0, passenger:0"
346,11.533,yolov8n,1+3+0,bicycle+motorcycle+person,26.607,37.584,5,"bicycle:0, motorcycle:2, person:3"
347,11.567,baseline,0+1+2,ebike+driver+passenger,27.367,36.540,0,"ebike:0, driver:0, passenger:0"
347,11.567,bifpn,0+1+2,ebike+driver+passenger,24.779,40.357,0,"ebike:0, driver:0, passenger:0"
347,11.567,yolov8n,1+3+0,bicycle+motorcycle+person,27.472,36.400,4,"bicycle:0, motorcycle:2, person:2"
348,11.600,baseline,0+1+2,ebike+driver+passenger,28.006,35.707,0,"ebike:0, driver:0, passenger:0"
348,11.600,bifpn,0+1+2,ebike+driver+passenger,26.285,38.045,0,"ebike:0, driver:0, passenger:0"
348,11.600,yolov8n,1+3+0,bicycle+motorcycle+person,28.665,34.885,4,"bicycle:0, motorcycle:2, person:2"
349,11.633,baseline,0+1+2,ebike+driver+passenger,29.471,33.932,0,"ebike:0, driver:0, passenger:0"
349,11.633,bifpn,0+1+2,ebike+driver+passenger,26.199,38.169,0,"ebike:0, driver:0, passenger:0"
349,11.633,yolov8n,1+3+0,bicycle+motorcycle+person,27.363,36.546,4,"bicycle:0, motorcycle:2, person:2"
350,11.667,baseline,0+1+2,ebike+driver+passenger,25.529,39.172,0,"ebike:0, driver:0, passenger:0"
350,11.667,bifpn,0+1+2,ebike+driver+passenger,23.902,41.838,0,"ebike:0, driver:0, passenger:0"
350,11.667,yolov8n,1+3+0,bicycle+motorcycle+person,25.187,39.704,4,"bicycle:0, motorcycle:2, person:2"
351,11.700,baseline,0+1+2,ebike+driver+passenger,24.256,41.227,0,"ebike:0, driver:0, passenger:0"
351,11.700,bifpn,0+1+2,ebike+driver+passenger,28.074,35.620,0,"ebike:0, driver:0, passenger:0"
351,11.700,yolov8n,1+3+0,bicycle+motorcycle+person,27.539,36.312,4,"bicycle:0, motorcycle:2, person:2"
352,11.733,baseline,0+1+2,ebike+driver+passenger,27.533,36.320,0,"ebike:0, driver:0, passenger:0"
352,11.733,bifpn,0+1+2,ebike+driver+passenger,27.236,36.716,0,"ebike:0, driver:0, passenger:0"
352,11.733,yolov8n,1+3+0,bicycle+motorcycle+person,28.478,35.115,4,"bicycle:0, motorcycle:2, person:2"
353,11.767,baseline,0+1+2,ebike+driver+passenger,28.260,35.386,0,"ebike:0, driver:0, passenger:0"
353,11.767,bifpn,0+1+2,ebike+driver+passenger,24.621,40.616,0,"ebike:0, driver:0, passenger:0"
353,11.767,yolov8n,1+3+0,bicycle+motorcycle+person,27.342,36.574,6,"bicycle:0, motorcycle:2, person:4"
354,11.800,baseline,0+1+2,ebike+driver+passenger,25.145,39.769,0,"ebike:0, driver:0, passenger:0"
354,11.800,bifpn,0+1+2,ebike+driver+passenger,26.418,37.854,0,"ebike:0, driver:0, passenger:0"
354,11.800,yolov8n,1+3+0,bicycle+motorcycle+person,28.402,35.209,6,"bicycle:0, motorcycle:2, person:4"
355,11.833,baseline,0+1+2,ebike+driver+passenger,26.556,37.657,0,"ebike:0, driver:0, passenger:0"
355,11.833,bifpn,0+1+2,ebike+driver+passenger,26.464,37.787,0,"ebike:0, driver:0, passenger:0"
355,11.833,yolov8n,1+3+0,bicycle+motorcycle+person,27.336,36.582,6,"bicycle:0, motorcycle:3, person:3"
356,11.867,baseline,0+1+2,ebike+driver+passenger,26.403,37.875,0,"ebike:0, driver:0, passenger:0"
356,11.867,bifpn,0+1+2,ebike+driver+passenger,26.603,37.589,0,"ebike:0, driver:0, passenger:0"
356,11.867,yolov8n,1+3+0,bicycle+motorcycle+person,28.738,34.797,8,"bicycle:0, motorcycle:3, person:5"
357,11.900,baseline,0+1+2,ebike+driver+passenger,26.616,37.572,0,"ebike:0, driver:0, passenger:0"
357,11.900,bifpn,0+1+2,ebike+driver+passenger,26.892,37.186,0,"ebike:0, driver:0, passenger:0"
357,11.900,yolov8n,1+3+0,bicycle+motorcycle+person,26.789,37.329,6,"bicycle:0, motorcycle:3, person:3"
358,11.933,baseline,0+1+2,ebike+driver+passenger,25.487,39.235,0,"ebike:0, driver:0, passenger:0"
358,11.933,bifpn,0+1+2,ebike+driver+passenger,27.114,36.882,0,"ebike:0, driver:0, passenger:0"
358,11.933,yolov8n,1+3+0,bicycle+motorcycle+person,26.938,37.122,5,"bicycle:0, motorcycle:1, person:4"
359,11.967,baseline,0+1+2,ebike+driver+passenger,26.682,37.478,0,"ebike:0, driver:0, passenger:0"
359,11.967,bifpn,0+1+2,ebike+driver+passenger,26.734,37.405,0,"ebike:0, driver:0, passenger:0"
359,11.967,yolov8n,1+3+0,bicycle+motorcycle+person,27.374,36.531,6,"bicycle:0, motorcycle:3, person:3"
360,12.000,baseline,0+1+2,ebike+driver+passenger,27.915,35.823,0,"ebike:0, driver:0, passenger:0"
360,12.000,bifpn,0+1+2,ebike+driver+passenger,29.362,34.058,0,"ebike:0, driver:0, passenger:0"
360,12.000,yolov8n,1+3+0,bicycle+motorcycle+person,28.389,35.225,4,"bicycle:0, motorcycle:2, person:2"
361,12.033,baseline,0+1+2,ebike+driver+passenger,25.985,38.484,0,"ebike:0, driver:0, passenger:0"
361,12.033,bifpn,0+1+2,ebike+driver+passenger,25.865,38.662,0,"ebike:0, driver:0, passenger:0"
361,12.033,yolov8n,1+3+0,bicycle+motorcycle+person,29.514,33.882,6,"bicycle:0, motorcycle:3, person:3"
362,12.067,baseline,0+1+2,ebike+driver+passenger,26.720,37.425,0,"ebike:0, driver:0, passenger:0"
362,12.067,bifpn,0+1+2,ebike+driver+passenger,25.567,39.112,0,"ebike:0, driver:0, passenger:0"
362,12.067,yolov8n,1+3+0,bicycle+motorcycle+person,28.017,35.692,2,"bicycle:0, motorcycle:2, person:0"
363,12.100,baseline,0+1+2,ebike+driver+passenger,27.057,36.959,0,"ebike:0, driver:0, passenger:0"
363,12.100,bifpn,0+1+2,ebike+driver+passenger,27.938,35.794,0,"ebike:0, driver:0, passenger:0"
363,12.100,yolov8n,1+3+0,bicycle+motorcycle+person,27.750,36.036,1,"bicycle:0, motorcycle:1, person:0"
364,12.133,baseline,0+1+2,ebike+driver+passenger,26.739,37.398,0,"ebike:0, driver:0, passenger:0"
364,12.133,bifpn,0+1+2,ebike+driver+passenger,28.141,35.535,0,"ebike:0, driver:0, passenger:0"
364,12.133,yolov8n,1+3+0,bicycle+motorcycle+person,30.200,33.113,7,"bicycle:0, motorcycle:3, person:4"
365,12.167,baseline,0+1+2,ebike+driver+passenger,27.944,35.786,0,"ebike:0, driver:0, passenger:0"
365,12.167,bifpn,0+1+2,ebike+driver+passenger,28.941,34.553,0,"ebike:0, driver:0, passenger:0"
365,12.167,yolov8n,1+3+0,bicycle+motorcycle+person,28.102,35.585,3,"bicycle:0, motorcycle:3, person:0"
366,12.200,baseline,0+1+2,ebike+driver+passenger,26.301,38.021,0,"ebike:0, driver:0, passenger:0"
366,12.200,bifpn,0+1+2,ebike+driver+passenger,26.407,37.869,0,"ebike:0, driver:0, passenger:0"
366,12.200,yolov8n,1+3+0,bicycle+motorcycle+person,29.582,33.805,3,"bicycle:0, motorcycle:3, person:0"
367,12.233,baseline,0+1+2,ebike+driver+passenger,27.635,36.186,0,"ebike:0, driver:0, passenger:0"
367,12.233,bifpn,0+1+2,ebike+driver+passenger,23.574,42.420,0,"ebike:0, driver:0, passenger:0"
367,12.233,yolov8n,1+3+0,bicycle+motorcycle+person,27.608,36.221,3,"bicycle:0, motorcycle:3, person:0"
368,12.267,baseline,0+1+2,ebike+driver+passenger,24.491,40.831,0,"ebike:0, driver:0, passenger:0"
368,12.267,bifpn,0+1+2,ebike+driver+passenger,25.474,39.255,0,"ebike:0, driver:0, passenger:0"
368,12.267,yolov8n,1+3+0,bicycle+motorcycle+person,27.994,35.721,2,"bicycle:0, motorcycle:1, person:1"
369,12.300,baseline,0+1+2,ebike+driver+passenger,27.397,36.500,0,"ebike:0, driver:0, passenger:0"
369,12.300,bifpn,0+1+2,ebike+driver+passenger,26.290,38.038,0,"ebike:0, driver:0, passenger:0"
369,12.300,yolov8n,1+3+0,bicycle+motorcycle+person,27.515,36.344,4,"bicycle:0, motorcycle:4, person:0"
370,12.333,baseline,0+1+2,ebike+driver+passenger,27.077,36.931,0,"ebike:0, driver:0, passenger:0"
370,12.333,bifpn,0+1+2,ebike+driver+passenger,29.113,34.349,0,"ebike:0, driver:0, passenger:0"
370,12.333,yolov8n,1+3+0,bicycle+motorcycle+person,28.126,35.554,2,"bicycle:0, motorcycle:2, person:0"
371,12.367,baseline,0+1+2,ebike+driver+passenger,27.799,35.973,0,"ebike:0, driver:0, passenger:0"
371,12.367,bifpn,0+1+2,ebike+driver+passenger,25.760,38.821,0,"ebike:0, driver:0, passenger:0"
371,12.367,yolov8n,1+3+0,bicycle+motorcycle+person,27.122,36.870,2,"bicycle:0, motorcycle:2, person:0"
372,12.400,baseline,0+1+2,ebike+driver+passenger,28.269,35.374,0,"ebike:0, driver:0, passenger:0"
372,12.400,bifpn,0+1+2,ebike+driver+passenger,27.046,36.974,0,"ebike:0, driver:0, passenger:0"
372,12.400,yolov8n,1+3+0,bicycle+motorcycle+person,31.100,32.154,6,"bicycle:0, motorcycle:3, person:3"
373,12.433,baseline,0+1+2,ebike+driver+passenger,28.401,35.210,0,"ebike:0, driver:0, passenger:0"
373,12.433,bifpn,0+1+2,ebike+driver+passenger,28.028,35.679,0,"ebike:0, driver:0, passenger:0"
373,12.433,yolov8n,1+3+0,bicycle+motorcycle+person,29.029,34.449,4,"bicycle:0, motorcycle:3, person:1"
374,12.467,baseline,0+1+2,ebike+driver+passenger,28.019,35.690,0,"ebike:0, driver:0, passenger:0"
374,12.467,bifpn,0+1+2,ebike+driver+passenger,27.330,36.590,0,"ebike:0, driver:0, passenger:0"
374,12.467,yolov8n,1+3+0,bicycle+motorcycle+person,26.252,38.093,3,"bicycle:0, motorcycle:2, person:1"
375,12.500,baseline,0+1+2,ebike+driver+passenger,30.257,33.050,0,"ebike:0, driver:0, passenger:0"
375,12.500,bifpn,0+1+2,ebike+driver+passenger,28.156,35.516,0,"ebike:0, driver:0, passenger:0"
375,12.500,yolov8n,1+3+0,bicycle+motorcycle+person,29.625,33.755,4,"bicycle:0, motorcycle:2, person:2"
376,12.533,baseline,0+1+2,ebike+driver+passenger,27.608,36.221,0,"ebike:0, driver:0, passenger:0"
376,12.533,bifpn,0+1+2,ebike+driver+passenger,27.130,36.860,0,"ebike:0, driver:0, passenger:0"
376,12.533,yolov8n,1+3+0,bicycle+motorcycle+person,26.454,37.801,5,"bicycle:0, motorcycle:2, person:3"
377,12.567,baseline,0+1+2,ebike+driver+passenger,27.300,36.630,0,"ebike:0, driver:0, passenger:0"
377,12.567,bifpn,0+1+2,ebike+driver+passenger,24.880,40.193,0,"ebike:0, driver:0, passenger:0"
377,12.567,yolov8n,1+3+0,bicycle+motorcycle+person,27.858,35.896,5,"bicycle:0, motorcycle:2, person:3"
378,12.600,baseline,0+1+2,ebike+driver+passenger,27.009,37.024,0,"ebike:0, driver:0, passenger:0"
378,12.600,bifpn,0+1+2,ebike+driver+passenger,27.196,36.770,0,"ebike:0, driver:0, passenger:0"
378,12.600,yolov8n,1+3+0,bicycle+motorcycle+person,26.895,37.182,5,"bicycle:0, motorcycle:2, person:3"
379,12.633,baseline,0+1+2,ebike+driver+passenger,29.004,34.478,0,"ebike:0, driver:0, passenger:0"
379,12.633,bifpn,0+1+2,ebike+driver+passenger,29.598,33.786,0,"ebike:0, driver:0, passenger:0"
379,12.633,yolov8n,1+3+0,bicycle+motorcycle+person,27.916,35.822,4,"bicycle:0, motorcycle:2, person:2"
380,12.667,baseline,0+1+2,ebike+driver+passenger,29.098,34.367,0,"ebike:0, driver:0, passenger:0"
380,12.667,bifpn,0+1+2,ebike+driver+passenger,28.771,34.757,0,"ebike:0, driver:0, passenger:0"
380,12.667,yolov8n,1+3+0,bicycle+motorcycle+person,30.591,32.689,3,"bicycle:0, motorcycle:2, person:1"
381,12.700,baseline,0+1+2,ebike+driver+passenger,25.197,39.687,0,"ebike:0, driver:0, passenger:0"
381,12.700,bifpn,0+1+2,ebike+driver+passenger,25.288,39.544,0,"ebike:0, driver:0, passenger:0"
381,12.700,yolov8n,1+3+0,bicycle+motorcycle+person,29.153,34.302,2,"bicycle:0, motorcycle:1, person:1"
382,12.733,baseline,0+1+2,ebike+driver+passenger,26.417,37.855,0,"ebike:0, driver:0, passenger:0"
382,12.733,bifpn,0+1+2,ebike+driver+passenger,25.926,38.572,0,"ebike:0, driver:0, passenger:0"
382,12.733,yolov8n,1+3+0,bicycle+motorcycle+person,29.818,33.537,5,"bicycle:0, motorcycle:1, person:4"
383,12.767,baseline,0+1+2,ebike+driver+passenger,26.171,38.210,0,"ebike:0, driver:0, passenger:0"
383,12.767,bifpn,0+1+2,ebike+driver+passenger,26.379,37.909,0,"ebike:0, driver:0, passenger:0"
383,12.767,yolov8n,1+3+0,bicycle+motorcycle+person,27.187,36.782,6,"bicycle:0, motorcycle:3, person:3"
384,12.800,baseline,0+1+2,ebike+driver+passenger,26.317,37.998,0,"ebike:0, driver:0, passenger:0"
384,12.800,bifpn,0+1+2,ebike+driver+passenger,25.069,39.890,0,"ebike:0, driver:0, passenger:0"
384,12.800,yolov8n,1+3+0,bicycle+motorcycle+person,28.546,35.031,5,"bicycle:0, motorcycle:2, person:3"
385,12.833,baseline,0+1+2,ebike+driver+passenger,26.099,38.316,0,"ebike:0, driver:0, passenger:0"
385,12.833,bifpn,0+1+2,ebike+driver+passenger,26.347,37.955,0,"ebike:0, driver:0, passenger:0"
385,12.833,yolov8n,1+3+0,bicycle+motorcycle+person,27.444,36.437,4,"bicycle:0, motorcycle:1, person:3"
386,12.867,baseline,0+1+2,ebike+driver+passenger,28.264,35.380,0,"ebike:0, driver:0, passenger:0"
386,12.867,bifpn,0+1+2,ebike+driver+passenger,28.328,35.301,0,"ebike:0, driver:0, passenger:0"
386,12.867,yolov8n,1+3+0,bicycle+motorcycle+person,28.819,34.700,3,"bicycle:0, motorcycle:1, person:2"
387,12.900,baseline,0+1+2,ebike+driver+passenger,27.009,37.024,0,"ebike:0, driver:0, passenger:0"
387,12.900,bifpn,0+1+2,ebike+driver+passenger,26.600,37.594,0,"ebike:0, driver:0, passenger:0"
387,12.900,yolov8n,1+3+0,bicycle+motorcycle+person,27.980,35.739,3,"bicycle:0, motorcycle:1, person:2"
388,12.933,baseline,0+1+2,ebike+driver+passenger,28.217,35.440,0,"ebike:0, driver:0, passenger:0"
388,12.933,bifpn,0+1+2,ebike+driver+passenger,25.566,39.114,0,"ebike:0, driver:0, passenger:0"
388,12.933,yolov8n,1+3+0,bicycle+motorcycle+person,27.239,36.712,3,"bicycle:0, motorcycle:1, person:2"
389,12.967,baseline,0+1+2,ebike+driver+passenger,26.742,37.394,0,"ebike:0, driver:0, passenger:0"
389,12.967,bifpn,0+1+2,ebike+driver+passenger,28.281,35.360,0,"ebike:0, driver:0, passenger:0"
389,12.967,yolov8n,1+3+0,bicycle+motorcycle+person,27.793,35.980,8,"bicycle:0, motorcycle:3, person:5"
390,13.000,baseline,0+1+2,ebike+driver+passenger,27.414,36.477,0,"ebike:0, driver:0, passenger:0"
390,13.000,bifpn,0+1+2,ebike+driver+passenger,26.504,37.730,0,"ebike:0, driver:0, passenger:0"
390,13.000,yolov8n,1+3+0,bicycle+motorcycle+person,26.805,37.306,7,"bicycle:0, motorcycle:3, person:4"
391,13.033,baseline,0+1+2,ebike+driver+passenger,27.988,35.730,0,"ebike:0, driver:0, passenger:0"
391,13.033,bifpn,0+1+2,ebike+driver+passenger,27.294,36.639,0,"ebike:0, driver:0, passenger:0"
391,13.033,yolov8n,1+3+0,bicycle+motorcycle+person,28.236,35.416,7,"bicycle:0, motorcycle:1, person:6"
392,13.067,baseline,0+1+2,ebike+driver+passenger,27.095,36.908,0,"ebike:0, driver:0, passenger:0"
392,13.067,bifpn,0+1+2,ebike+driver+passenger,26.092,38.325,0,"ebike:0, driver:0, passenger:0"
392,13.067,yolov8n,1+3+0,bicycle+motorcycle+person,26.402,37.875,4,"bicycle:0, motorcycle:1, person:3"
393,13.100,baseline,0+1+2,ebike+driver+passenger,25.242,39.617,0,"ebike:0, driver:0, passenger:0"
393,13.100,bifpn,0+1+2,ebike+driver+passenger,25.147,39.766,0,"ebike:0, driver:0, passenger:0"
393,13.100,yolov8n,1+3+0,bicycle+motorcycle+person,26.601,37.592,5,"bicycle:0, motorcycle:1, person:4"
394,13.133,baseline,0+1+2,ebike+driver+passenger,26.425,37.842,0,"ebike:0, driver:0, passenger:0"
394,13.133,bifpn,0+1+2,ebike+driver+passenger,24.674,40.528,0,"ebike:0, driver:0, passenger:0"
394,13.133,yolov8n,1+3+0,bicycle+motorcycle+person,27.520,36.337,6,"bicycle:0, motorcycle:2, person:4"
395,13.167,baseline,0+1+2,ebike+driver+passenger,27.919,35.818,0,"ebike:0, driver:0, passenger:0"
395,13.167,bifpn,0+1+2,ebike+driver+passenger,26.662,37.507,0,"ebike:0, driver:0, passenger:0"
395,13.167,yolov8n,1+3+0,bicycle+motorcycle+person,26.929,37.135,6,"bicycle:0, motorcycle:2, person:4"
396,13.200,baseline,0+1+2,ebike+driver+passenger,27.577,36.262,0,"ebike:0, driver:0, passenger:0"
396,13.200,bifpn,0+1+2,ebike+driver+passenger,26.607,37.584,0,"ebike:0, driver:0, passenger:0"
396,13.200,yolov8n,1+3+0,bicycle+motorcycle+person,27.228,36.727,8,"bicycle:0, motorcycle:2, person:6"
397,13.233,baseline,0+1+2,ebike+driver+passenger,27.024,37.004,0,"ebike:0, driver:0, passenger:0"
397,13.233,bifpn,0+1+2,ebike+driver+passenger,28.239,35.412,0,"ebike:0, driver:0, passenger:0"
397,13.233,yolov8n,1+3+0,bicycle+motorcycle+person,28.891,34.613,5,"bicycle:0, motorcycle:2, person:3"
398,13.267,baseline,0+1+2,ebike+driver+passenger,28.943,34.550,0,"ebike:0, driver:0, passenger:0"
398,13.267,bifpn,0+1+2,ebike+driver+passenger,29.695,33.676,0,"ebike:0, driver:0, passenger:0"
398,13.267,yolov8n,1+3+0,bicycle+motorcycle+person,27.023,37.006,5,"bicycle:0, motorcycle:2, person:3"
399,13.300,baseline,0+1+2,ebike+driver+passenger,26.951,37.104,0,"ebike:0, driver:0, passenger:0"
399,13.300,bifpn,0+1+2,ebike+driver+passenger,24.328,41.104,0,"ebike:0, driver:0, passenger:0"
399,13.300,yolov8n,1+3+0,bicycle+motorcycle+person,28.574,34.997,5,"bicycle:0, motorcycle:2, person:3"
400,13.333,baseline,0+1+2,ebike+driver+passenger,26.861,37.228,0,"ebike:0, driver:0, passenger:0"
400,13.333,bifpn,0+1+2,ebike+driver+passenger,26.150,38.240,0,"ebike:0, driver:0, passenger:0"
400,13.333,yolov8n,1+3+0,bicycle+motorcycle+person,25.931,38.563,6,"bicycle:0, motorcycle:2, person:4"
401,13.367,baseline,0+1+2,ebike+driver+passenger,25.280,39.557,0,"ebike:0, driver:0, passenger:0"
401,13.367,bifpn,0+1+2,ebike+driver+passenger,26.155,38.234,0,"ebike:0, driver:0, passenger:0"
401,13.367,yolov8n,1+3+0,bicycle+motorcycle+person,27.742,36.046,6,"bicycle:0, motorcycle:3, person:3"
402,13.400,baseline,0+1+2,ebike+driver+passenger,28.592,34.975,0,"ebike:0, driver:0, passenger:0"
402,13.400,bifpn,0+1+2,ebike+driver+passenger,24.989,40.017,0,"ebike:0, driver:0, passenger:0"
402,13.400,yolov8n,1+3+0,bicycle+motorcycle+person,29.519,33.877,6,"bicycle:0, motorcycle:2, person:4"
403,13.433,baseline,0+1+2,ebike+driver+passenger,24.930,40.113,0,"ebike:0, driver:0, passenger:0"
403,13.433,bifpn,0+1+2,ebike+driver+passenger,27.311,36.616,0,"ebike:0, driver:0, passenger:0"
403,13.433,yolov8n,1+3+0,bicycle+motorcycle+person,27.353,36.559,3,"bicycle:0, motorcycle:2, person:1"
404,13.467,baseline,0+1+2,ebike+driver+passenger,26.512,37.718,0,"ebike:0, driver:0, passenger:0"
404,13.467,bifpn,0+1+2,ebike+driver+passenger,27.396,36.502,0,"ebike:0, driver:0, passenger:0"
404,13.467,yolov8n,1+3+0,bicycle+motorcycle+person,27.013,37.019,3,"bicycle:0, motorcycle:2, person:1"
405,13.500,baseline,0+1+2,ebike+driver+passenger,28.139,35.538,0,"ebike:0, driver:0, passenger:0"
405,13.500,bifpn,0+1+2,ebike+driver+passenger,27.350,36.563,0,"ebike:0, driver:0, passenger:0"
405,13.500,yolov8n,1+3+0,bicycle+motorcycle+person,27.078,36.931,4,"bicycle:0, motorcycle:2, person:2"
406,13.533,baseline,0+1+2,ebike+driver+passenger,26.864,37.224,0,"ebike:0, driver:0, passenger:0"
406,13.533,bifpn,0+1+2,ebike+driver+passenger,27.142,36.843,0,"ebike:0, driver:0, passenger:0"
406,13.533,yolov8n,1+3+0,bicycle+motorcycle+person,28.713,34.828,3,"bicycle:0, motorcycle:2, person:1"
407,13.567,baseline,0+1+2,ebike+driver+passenger,30.101,33.222,0,"ebike:0, driver:0, passenger:0"
407,13.567,bifpn,0+1+2,ebike+driver+passenger,30.939,32.322,0,"ebike:0, driver:0, passenger:0"
407,13.567,yolov8n,1+3+0,bicycle+motorcycle+person,28.457,35.141,7,"bicycle:0, motorcycle:3, person:4"
408,13.600,baseline,0+1+2,ebike+driver+passenger,29.103,34.361,0,"ebike:0, driver:0, passenger:0"
408,13.600,bifpn,0+1+2,ebike+driver+passenger,28.874,34.633,0,"ebike:0, driver:0, passenger:0"
408,13.600,yolov8n,1+3+0,bicycle+motorcycle+person,27.055,36.961,5,"bicycle:0, motorcycle:2, person:3"
409,13.633,baseline,0+1+2,ebike+driver+passenger,26.613,37.576,0,"ebike:0, driver:0, passenger:0"
409,13.633,bifpn,0+1+2,ebike+driver+passenger,25.417,39.344,0,"ebike:0, driver:0, passenger:0"
409,13.633,yolov8n,1+3+0,bicycle+motorcycle+person,27.515,36.344,4,"bicycle:0, motorcycle:1, person:3"
410,13.667,baseline,0+1+2,ebike+driver+passenger,28.222,35.433,0,"ebike:0, driver:0, passenger:0"
410,13.667,bifpn,0+1+2,ebike+driver+passenger,27.453,36.425,0,"ebike:0, driver:0, passenger:0"
410,13.667,yolov8n,1+3+0,bicycle+motorcycle+person,38.782,25.785,4,"bicycle:0, motorcycle:1, person:3"
411,13.700,baseline,0+1+2,ebike+driver+passenger,27.582,36.255,0,"ebike:0, driver:0, passenger:0"
411,13.700,bifpn,0+1+2,ebike+driver+passenger,27.099,36.902,0,"ebike:0, driver:0, passenger:0"
411,13.700,yolov8n,1+3+0,bicycle+motorcycle+person,28.575,34.996,4,"bicycle:0, motorcycle:1, person:3"
412,13.733,baseline,0+1+2,ebike+driver+passenger,26.931,37.131,0,"ebike:0, driver:0, passenger:0"
412,13.733,bifpn,0+1+2,ebike+driver+passenger,26.589,37.609,0,"ebike:0, driver:0, passenger:0"
412,13.733,yolov8n,1+3+0,bicycle+motorcycle+person,29.020,34.459,6,"bicycle:0, motorcycle:2, person:4"
413,13.767,baseline,0+1+2,ebike+driver+passenger,30.862,32.402,0,"ebike:0, driver:0, passenger:0"
413,13.767,bifpn,0+1+2,ebike+driver+passenger,29.551,33.840,0,"ebike:0, driver:0, passenger:0"
413,13.767,yolov8n,1+3+0,bicycle+motorcycle+person,27.688,36.117,4,"bicycle:0, motorcycle:2, person:2"
414,13.800,baseline,0+1+2,ebike+driver+passenger,29.992,33.342,0,"ebike:0, driver:0, passenger:0"
414,13.800,bifpn,0+1+2,ebike+driver+passenger,25.964,38.515,0,"ebike:0, driver:0, passenger:0"
414,13.800,yolov8n,1+3+0,bicycle+motorcycle+person,28.596,34.970,7,"bicycle:0, motorcycle:3, person:4"
415,13.833,baseline,0+1+2,ebike+driver+passenger,28.323,35.307,0,"ebike:0, driver:0, passenger:0"
415,13.833,bifpn,0+1+2,ebike+driver+passenger,27.092,36.911,0,"ebike:0, driver:0, passenger:0"
415,13.833,yolov8n,1+3+0,bicycle+motorcycle+person,27.806,35.963,5,"bicycle:0, motorcycle:3, person:2"
416,13.867,baseline,0+1+2,ebike+driver+passenger,27.600,36.232,0,"ebike:0, driver:0, passenger:0"
416,13.867,bifpn,0+1+2,ebike+driver+passenger,27.424,36.465,0,"ebike:0, driver:0, passenger:0"
416,13.867,yolov8n,1+3+0,bicycle+motorcycle+person,31.217,32.034,4,"bicycle:0, motorcycle:2, person:2"
417,13.900,baseline,0+1+2,ebike+driver+passenger,28.788,34.736,0,"ebike:0, driver:0, passenger:0"
417,13.900,bifpn,0+1+2,ebike+driver+passenger,27.007,37.028,0,"ebike:0, driver:0, passenger:0"
417,13.900,yolov8n,1+3+0,bicycle+motorcycle+person,27.954,35.773,4,"bicycle:0, motorcycle:2, person:2"
418,13.933,baseline,0+1+2,ebike+driver+passenger,29.287,34.145,0,"ebike:0, driver:0, passenger:0"
418,13.933,bifpn,0+1+2,ebike+driver+passenger,26.486,37.755,0,"ebike:0, driver:0, passenger:0"
418,13.933,yolov8n,1+3+0,bicycle+motorcycle+person,27.353,36.560,5,"bicycle:0, motorcycle:2, person:3"
419,13.967,baseline,0+1+2,ebike+driver+passenger,28.418,35.189,0,"ebike:0, driver:0, passenger:0"
419,13.967,bifpn,0+1+2,ebike+driver+passenger,27.493,36.372,0,"ebike:0, driver:0, passenger:0"
419,13.967,yolov8n,1+3+0,bicycle+motorcycle+person,29.749,33.614,4,"bicycle:0, motorcycle:2, person:2"
420,14.000,baseline,0+1+2,ebike+driver+passenger,29.768,33.593,0,"ebike:0, driver:0, passenger:0"
420,14.000,bifpn,0+1+2,ebike+driver+passenger,27.409,36.484,0,"ebike:0, driver:0, passenger:0"
420,14.000,yolov8n,1+3+0,bicycle+motorcycle+person,28.221,35.435,6,"bicycle:0, motorcycle:3, person:3"
421,14.033,baseline,0+1+2,ebike+driver+passenger,26.013,38.443,0,"ebike:0, driver:0, passenger:0"
421,14.033,bifpn,0+1+2,ebike+driver+passenger,26.096,38.320,0,"ebike:0, driver:0, passenger:0"
421,14.033,yolov8n,1+3+0,bicycle+motorcycle+person,25.793,38.770,5,"bicycle:0, motorcycle:3, person:2"
422,14.067,baseline,0+1+2,ebike+driver+passenger,30.370,32.928,0,"ebike:0, driver:0, passenger:0"
422,14.067,bifpn,0+1+2,ebike+driver+passenger,29.122,34.338,0,"ebike:0, driver:0, passenger:0"
422,14.067,yolov8n,1+3+0,bicycle+motorcycle+person,28.567,35.006,7,"bicycle:0, motorcycle:3, person:4"
423,14.100,baseline,0+1+2,ebike+driver+passenger,27.336,36.582,0,"ebike:0, driver:0, passenger:0"
423,14.100,bifpn,0+1+2,ebike+driver+passenger,28.045,35.657,0,"ebike:0, driver:0, passenger:0"
423,14.100,yolov8n,1+3+0,bicycle+motorcycle+person,31.467,31.780,4,"bicycle:0, motorcycle:2, person:2"
424,14.133,baseline,0+1+2,ebike+driver+passenger,28.047,35.654,0,"ebike:0, driver:0, passenger:0"
424,14.133,bifpn,0+1+2,ebike+driver+passenger,25.968,38.508,0,"ebike:0, driver:0, passenger:0"
424,14.133,yolov8n,1+3+0,bicycle+motorcycle+person,27.235,36.717,3,"bicycle:0, motorcycle:1, person:2"
425,14.167,baseline,0+1+2,ebike+driver+passenger,27.985,35.734,0,"ebike:0, driver:0, passenger:0"
425,14.167,bifpn,0+1+2,ebike+driver+passenger,27.858,35.896,0,"ebike:0, driver:0, passenger:0"
425,14.167,yolov8n,1+3+0,bicycle+motorcycle+person,27.911,35.828,4,"bicycle:0, motorcycle:2, person:2"
426,14.200,baseline,0+1+2,ebike+driver+passenger,28.659,34.893,0,"ebike:0, driver:0, passenger:0"
426,14.200,bifpn,0+1+2,ebike+driver+passenger,27.600,36.232,0,"ebike:0, driver:0, passenger:0"
426,14.200,yolov8n,1+3+0,bicycle+motorcycle+person,29.151,34.304,5,"bicycle:0, motorcycle:2, person:3"
427,14.233,baseline,0+1+2,ebike+driver+passenger,27.535,36.318,0,"ebike:0, driver:0, passenger:0"
427,14.233,bifpn,0+1+2,ebike+driver+passenger,27.849,35.908,0,"ebike:0, driver:0, passenger:0"
427,14.233,yolov8n,1+3+0,bicycle+motorcycle+person,29.679,33.693,7,"bicycle:0, motorcycle:3, person:4"
428,14.267,baseline,0+1+2,ebike+driver+passenger,26.890,37.189,0,"ebike:0, driver:0, passenger:0"
428,14.267,bifpn,0+1+2,ebike+driver+passenger,27.959,35.766,0,"ebike:0, driver:0, passenger:0"
428,14.267,yolov8n,1+3+0,bicycle+motorcycle+person,27.421,36.469,3,"bicycle:0, motorcycle:2, person:1"
429,14.300,baseline,0+1+2,ebike+driver+passenger,27.499,36.365,0,"ebike:0, driver:0, passenger:0"
429,14.300,bifpn,0+1+2,ebike+driver+passenger,25.928,38.569,0,"ebike:0, driver:0, passenger:0"
429,14.300,yolov8n,1+3+0,bicycle+motorcycle+person,30.312,32.990,4,"bicycle:0, motorcycle:2, person:2"
430,14.333,baseline,0+1+2,ebike+driver+passenger,24.846,40.247,0,"ebike:0, driver:0, passenger:0"
430,14.333,bifpn,0+1+2,ebike+driver+passenger,25.553,39.134,0,"ebike:0, driver:0, passenger:0"
430,14.333,yolov8n,1+3+0,bicycle+motorcycle+person,27.083,36.923,4,"bicycle:0, motorcycle:2, person:2"
431,14.367,baseline,0+1+2,ebike+driver+passenger,26.863,37.226,0,"ebike:0, driver:0, passenger:0"
431,14.367,bifpn,0+1+2,ebike+driver+passenger,27.865,35.887,0,"ebike:0, driver:0, passenger:0"
431,14.367,yolov8n,1+3+0,bicycle+motorcycle+person,29.121,34.340,4,"bicycle:0, motorcycle:2, person:2"
432,14.400,baseline,0+1+2,ebike+driver+passenger,26.732,37.408,0,"ebike:0, driver:0, passenger:0"
432,14.400,bifpn,0+1+2,ebike+driver+passenger,26.592,37.605,0,"ebike:0, driver:0, passenger:0"
432,14.400,yolov8n,1+3+0,bicycle+motorcycle+person,29.100,34.365,6,"bicycle:0, motorcycle:2, person:4"
433,14.433,baseline,0+1+2,ebike+driver+passenger,24.670,40.535,0,"ebike:0, driver:0, passenger:0"
433,14.433,bifpn,0+1+2,ebike+driver+passenger,25.075,39.881,0,"ebike:0, driver:0, passenger:0"
433,14.433,yolov8n,1+3+0,bicycle+motorcycle+person,27.256,36.689,5,"bicycle:0, motorcycle:2, person:3"
434,14.467,baseline,0+1+2,ebike+driver+passenger,26.655,37.517,0,"ebike:0, driver:0, passenger:0"
434,14.467,bifpn,0+1+2,ebike+driver+passenger,28.245,35.404,0,"ebike:0, driver:0, passenger:0"
434,14.467,yolov8n,1+3+0,bicycle+motorcycle+person,28.582,34.987,5,"bicycle:0, motorcycle:3, person:2"
435,14.500,baseline,0+1+2,ebike+driver+passenger,25.503,39.210,0,"ebike:0, driver:0, passenger:0"
435,14.500,bifpn,0+1+2,ebike+driver+passenger,25.280,39.557,0,"ebike:0, driver:0, passenger:0"
435,14.500,yolov8n,1+3+0,bicycle+motorcycle+person,28.064,35.633,4,"bicycle:0, motorcycle:2, person:2"
436,14.533,baseline,0+1+2,ebike+driver+passenger,27.189,36.780,0,"ebike:0, driver:0, passenger:0"
436,14.533,bifpn,0+1+2,ebike+driver+passenger,25.779,38.791,0,"ebike:0, driver:0, passenger:0"
436,14.533,yolov8n,1+3+0,bicycle+motorcycle+person,28.016,35.693,5,"bicycle:0, motorcycle:2, person:3"
437,14.567,baseline,0+1+2,ebike+driver+passenger,24.908,40.147,0,"ebike:0, driver:0, passenger:0"
437,14.567,bifpn,0+1+2,ebike+driver+passenger,26.073,38.354,0,"ebike:0, driver:0, passenger:0"
437,14.567,yolov8n,1+3+0,bicycle+motorcycle+person,25.633,39.012,3,"bicycle:0, motorcycle:1, person:2"
438,14.600,baseline,0+1+2,ebike+driver+passenger,24.812,40.303,0,"ebike:0, driver:0, passenger:0"
438,14.600,bifpn,0+1+2,ebike+driver+passenger,24.133,41.437,0,"ebike:0, driver:0, passenger:0"
438,14.600,yolov8n,1+3+0,bicycle+motorcycle+person,26.838,37.261,3,"bicycle:0, motorcycle:2, person:1"
439,14.633,baseline,0+1+2,ebike+driver+passenger,30.044,33.284,0,"ebike:0, driver:0, passenger:0"
439,14.633,bifpn,0+1+2,ebike+driver+passenger,26.996,37.043,0,"ebike:0, driver:0, passenger:0"
439,14.633,yolov8n,1+3+0,bicycle+motorcycle+person,29.055,34.418,4,"bicycle:0, motorcycle:2, person:2"
440,14.667,baseline,0+1+2,ebike+driver+passenger,27.763,36.019,0,"ebike:0, driver:0, passenger:0"
440,14.667,bifpn,0+1+2,ebike+driver+passenger,26.496,37.741,0,"ebike:0, driver:0, passenger:0"
440,14.667,yolov8n,1+3+0,bicycle+motorcycle+person,26.220,38.139,1,"bicycle:0, motorcycle:1, person:0"
441,14.700,baseline,0+1+2,ebike+driver+passenger,28.464,35.132,0,"ebike:0, driver:0, passenger:0"
441,14.700,bifpn,0+1+2,ebike+driver+passenger,27.142,36.843,0,"ebike:0, driver:0, passenger:0"
441,14.700,yolov8n,1+3+0,bicycle+motorcycle+person,28.777,34.750,3,"bicycle:0, motorcycle:2, person:1"
442,14.733,baseline,0+1+2,ebike+driver+passenger,25.866,38.660,0,"ebike:0, driver:0, passenger:0"
442,14.733,bifpn,0+1+2,ebike+driver+passenger,26.027,38.421,0,"ebike:0, driver:0, passenger:0"
442,14.733,yolov8n,1+3+0,bicycle+motorcycle+person,27.381,36.521,3,"bicycle:0, motorcycle:2, person:1"
443,14.767,baseline,0+1+2,ebike+driver+passenger,27.115,36.880,0,"ebike:0, driver:0, passenger:0"
443,14.767,bifpn,0+1+2,ebike+driver+passenger,27.554,36.292,0,"ebike:0, driver:0, passenger:0"
443,14.767,yolov8n,1+3+0,bicycle+motorcycle+person,27.708,36.091,4,"bicycle:0, motorcycle:2, person:2"
444,14.800,baseline,0+1+2,ebike+driver+passenger,27.542,36.309,0,"ebike:0, driver:0, passenger:0"
444,14.800,bifpn,0+1+2,ebike+driver+passenger,26.419,37.852,0,"ebike:0, driver:0, passenger:0"
444,14.800,yolov8n,1+3+0,bicycle+motorcycle+person,26.278,38.055,6,"bicycle:0, motorcycle:2, person:4"
445,14.833,baseline,0+1+2,ebike+driver+passenger,27.047,36.973,0,"ebike:0, driver:0, passenger:0"
445,14.833,bifpn,0+1+2,ebike+driver+passenger,27.034,36.991,0,"ebike:0, driver:0, passenger:0"
445,14.833,yolov8n,1+3+0,bicycle+motorcycle+person,26.571,37.636,1,"bicycle:0, motorcycle:0, person:1"
446,14.867,baseline,0+1+2,ebike+driver+passenger,28.551,35.025,0,"ebike:0, driver:0, passenger:0"
446,14.867,bifpn,0+1+2,ebike+driver+passenger,27.025,37.003,0,"ebike:0, driver:0, passenger:0"
446,14.867,yolov8n,1+3+0,bicycle+motorcycle+person,27.635,36.186,2,"bicycle:0, motorcycle:1, person:1"
447,14.900,baseline,0+1+2,ebike+driver+passenger,27.103,36.897,0,"ebike:0, driver:0, passenger:0"
447,14.900,bifpn,0+1+2,ebike+driver+passenger,25.291,39.540,0,"ebike:0, driver:0, passenger:0"
447,14.900,yolov8n,1+3+0,bicycle+motorcycle+person,29.762,33.600,1,"bicycle:0, motorcycle:0, person:1"
448,14.933,baseline,0+1+2,ebike+driver+passenger,27.868,35.884,0,"ebike:0, driver:0, passenger:0"
448,14.933,bifpn,0+1+2,ebike+driver+passenger,27.600,36.231,0,"ebike:0, driver:0, passenger:0"
448,14.933,yolov8n,1+3+0,bicycle+motorcycle+person,26.482,37.762,2,"bicycle:0, motorcycle:0, person:2"
449,14.967,baseline,0+1+2,ebike+driver+passenger,29.784,33.575,0,"ebike:0, driver:0, passenger:0"
449,14.967,bifpn,0+1+2,ebike+driver+passenger,28.654,34.899,0,"ebike:0, driver:0, passenger:0"
449,14.967,yolov8n,1+3+0,bicycle+motorcycle+person,30.208,33.104,1,"bicycle:0, motorcycle:0, person:1"
450,15.000,baseline,0+1+2,ebike+driver+passenger,27.050,36.969,0,"ebike:0, driver:0, passenger:0"
450,15.000,bifpn,0+1+2,ebike+driver+passenger,26.765,37.362,0,"ebike:0, driver:0, passenger:0"
450,15.000,yolov8n,1+3+0,bicycle+motorcycle+person,28.092,35.598,2,"bicycle:0, motorcycle:1, person:1"
451,15.033,baseline,0+1+2,ebike+driver+passenger,27.440,36.443,0,"ebike:0, driver:0, passenger:0"
451,15.033,bifpn,0+1+2,ebike+driver+passenger,27.092,36.911,0,"ebike:0, driver:0, passenger:0"
451,15.033,yolov8n,1+3+0,bicycle+motorcycle+person,27.911,35.828,2,"bicycle:0, motorcycle:1, person:1"
452,15.067,baseline,0+1+2,ebike+driver+passenger,25.816,38.736,0,"ebike:0, driver:0, passenger:0"
452,15.067,bifpn,0+1+2,ebike+driver+passenger,26.801,37.312,0,"ebike:0, driver:0, passenger:0"
452,15.067,yolov8n,1+3+0,bicycle+motorcycle+person,27.258,36.687,1,"bicycle:0, motorcycle:0, person:1"
453,15.100,baseline,0+1+2,ebike+driver+passenger,30.673,32.602,0,"ebike:0, driver:0, passenger:0"
453,15.100,bifpn,0+1+2,ebike+driver+passenger,26.900,37.175,0,"ebike:0, driver:0, passenger:0"
453,15.100,yolov8n,1+3+0,bicycle+motorcycle+person,31.607,31.639,2,"bicycle:0, motorcycle:1, person:1"
454,15.133,baseline,0+1+2,ebike+driver+passenger,31.422,31.825,0,"ebike:0, driver:0, passenger:0"
454,15.133,bifpn,0+1+2,ebike+driver+passenger,28.851,34.661,0,"ebike:0, driver:0, passenger:0"
454,15.133,yolov8n,1+3+0,bicycle+motorcycle+person,29.157,34.297,3,"bicycle:0, motorcycle:2, person:1"
455,15.167,baseline,0+1+2,ebike+driver+passenger,26.582,37.619,0,"ebike:0, driver:0, passenger:0"
455,15.167,bifpn,0+1+2,ebike+driver+passenger,27.401,36.495,0,"ebike:0, driver:0, passenger:0"
455,15.167,yolov8n,1+3+0,bicycle+motorcycle+person,29.293,34.137,3,"bicycle:0, motorcycle:1, person:2"
456,15.200,baseline,0+1+2,ebike+driver+passenger,28.242,35.409,0,"ebike:0, driver:0, passenger:0"
456,15.200,bifpn,0+1+2,ebike+driver+passenger,28.462,35.135,0,"ebike:0, driver:0, passenger:0"
456,15.200,yolov8n,1+3+0,bicycle+motorcycle+person,27.965,35.758,1,"bicycle:0, motorcycle:1, person:0"
457,15.233,baseline,0+1+2,ebike+driver+passenger,31.358,31.890,0,"ebike:0, driver:0, passenger:0"
457,15.233,bifpn,0+1+2,ebike+driver+passenger,28.246,35.403,0,"ebike:0, driver:0, passenger:0"
457,15.233,yolov8n,1+3+0,bicycle+motorcycle+person,29.936,33.405,1,"bicycle:0, motorcycle:1, person:0"
458,15.267,baseline,0+1+2,ebike+driver+passenger,28.079,35.614,0,"ebike:0, driver:0, passenger:0"
458,15.267,bifpn,0+1+2,ebike+driver+passenger,27.214,36.745,0,"ebike:0, driver:0, passenger:0"
458,15.267,yolov8n,1+3+0,bicycle+motorcycle+person,31.109,32.145,1,"bicycle:0, motorcycle:1, person:0"
459,15.300,baseline,0+1+2,ebike+driver+passenger,26.539,37.681,0,"ebike:0, driver:0, passenger:0"
459,15.300,bifpn,0+1+2,ebike+driver+passenger,28.089,35.602,0,"ebike:0, driver:0, passenger:0"
459,15.300,yolov8n,1+3+0,bicycle+motorcycle+person,27.287,36.648,1,"bicycle:0, motorcycle:1, person:0"
460,15.333,baseline,0+1+2,ebike+driver+passenger,26.450,37.807,0,"ebike:0, driver:0, passenger:0"
460,15.333,bifpn,0+1+2,ebike+driver+passenger,26.145,38.248,0,"ebike:0, driver:0, passenger:0"
460,15.333,yolov8n,1+3+0,bicycle+motorcycle+person,27.521,36.336,0,"bicycle:0, motorcycle:0, person:0"
461,15.367,baseline,0+1+2,ebike+driver+passenger,26.872,37.213,0,"ebike:0, driver:0, passenger:0"
461,15.367,bifpn,0+1+2,ebike+driver+passenger,26.578,37.625,0,"ebike:0, driver:0, passenger:0"
461,15.367,yolov8n,1+3+0,bicycle+motorcycle+person,26.207,38.157,0,"bicycle:0, motorcycle:0, person:0"
462,15.400,baseline,0+1+2,ebike+driver+passenger,26.531,37.691,0,"ebike:0, driver:0, passenger:0"
462,15.400,bifpn,0+1+2,ebike+driver+passenger,27.606,36.224,0,"ebike:0, driver:0, passenger:0"
462,15.400,yolov8n,1+3+0,bicycle+motorcycle+person,28.475,35.119,1,"bicycle:0, motorcycle:0, person:1"
463,15.433,baseline,0+1+2,ebike+driver+passenger,27.557,36.289,0,"ebike:0, driver:0, passenger:0"
463,15.433,bifpn,0+1+2,ebike+driver+passenger,27.008,37.027,0,"ebike:0, driver:0, passenger:0"
463,15.433,yolov8n,1+3+0,bicycle+motorcycle+person,25.798,38.763,1,"bicycle:0, motorcycle:0, person:1"
464,15.467,baseline,0+1+2,ebike+driver+passenger,29.000,34.482,0,"ebike:0, driver:0, passenger:0"
464,15.467,bifpn,0+1+2,ebike+driver+passenger,27.685,36.121,0,"ebike:0, driver:0, passenger:0"
464,15.467,yolov8n,1+3+0,bicycle+motorcycle+person,28.321,35.309,0,"bicycle:0, motorcycle:0, person:0"
465,15.500,baseline,0+1+2,ebike+driver+passenger,27.591,36.243,0,"ebike:0, driver:0, passenger:0"
465,15.500,bifpn,0+1+2,ebike+driver+passenger,27.119,36.874,0,"ebike:0, driver:0, passenger:0"
465,15.500,yolov8n,1+3+0,bicycle+motorcycle+person,28.369,35.249,0,"bicycle:0, motorcycle:0, person:0"
466,15.533,baseline,0+1+2,ebike+driver+passenger,29.572,33.816,0,"ebike:0, driver:0, passenger:0"
466,15.533,bifpn,0+1+2,ebike+driver+passenger,27.858,35.897,0,"ebike:0, driver:0, passenger:0"
466,15.533,yolov8n,1+3+0,bicycle+motorcycle+person,28.794,34.729,0,"bicycle:0, motorcycle:0, person:0"
467,15.567,baseline,0+1+2,ebike+driver+passenger,28.186,35.479,0,"ebike:0, driver:0, passenger:0"
467,15.567,bifpn,0+1+2,ebike+driver+passenger,26.818,37.289,0,"ebike:0, driver:0, passenger:0"
467,15.567,yolov8n,1+3+0,bicycle+motorcycle+person,28.778,34.749,0,"bicycle:0, motorcycle:0, person:0"
468,15.600,baseline,0+1+2,ebike+driver+passenger,27.622,36.204,0,"ebike:0, driver:0, passenger:0"
468,15.600,bifpn,0+1+2,ebike+driver+passenger,26.523,37.703,0,"ebike:0, driver:0, passenger:0"
468,15.600,yolov8n,1+3+0,bicycle+motorcycle+person,29.404,34.009,0,"bicycle:0, motorcycle:0, person:0"
469,15.633,baseline,0+1+2,ebike+driver+passenger,28.044,35.658,0,"ebike:0, driver:0, passenger:0"
469,15.633,bifpn,0+1+2,ebike+driver+passenger,26.898,37.178,0,"ebike:0, driver:0, passenger:0"
469,15.633,yolov8n,1+3+0,bicycle+motorcycle+person,27.930,35.803,0,"bicycle:0, motorcycle:0, person:0"
470,15.667,baseline,0+1+2,ebike+driver+passenger,29.754,33.609,0,"ebike:0, driver:0, passenger:0"
470,15.667,bifpn,0+1+2,ebike+driver+passenger,27.303,36.625,0,"ebike:0, driver:0, passenger:0"
470,15.667,yolov8n,1+3+0,bicycle+motorcycle+person,28.387,35.227,0,"bicycle:0, motorcycle:0, person:0"
471,15.700,baseline,0+1+2,ebike+driver+passenger,27.504,36.359,0,"ebike:0, driver:0, passenger:0"
471,15.700,bifpn,0+1+2,ebike+driver+passenger,25.967,38.511,0,"ebike:0, driver:0, passenger:0"
471,15.700,yolov8n,1+3+0,bicycle+motorcycle+person,28.529,35.053,0,"bicycle:0, motorcycle:0, person:0"
472,15.733,baseline,0+1+2,ebike+driver+passenger,26.132,38.268,0,"ebike:0, driver:0, passenger:0"
472,15.733,bifpn,0+1+2,ebike+driver+passenger,24.092,41.507,0,"ebike:0, driver:0, passenger:0"
472,15.733,yolov8n,1+3+0,bicycle+motorcycle+person,28.646,34.909,1,"bicycle:0, motorcycle:0, person:1"
473,15.767,baseline,0+1+2,ebike+driver+passenger,27.056,36.961,0,"ebike:0, driver:0, passenger:0"
473,15.767,bifpn,0+1+2,ebike+driver+passenger,27.359,36.551,0,"ebike:0, driver:0, passenger:0"
473,15.767,yolov8n,1+3+0,bicycle+motorcycle+person,27.493,36.373,0,"bicycle:0, motorcycle:0, person:0"
474,15.800,baseline,0+1+2,ebike+driver+passenger,28.797,34.725,0,"ebike:0, driver:0, passenger:0"
474,15.800,bifpn,0+1+2,ebike+driver+passenger,28.871,34.637,0,"ebike:0, driver:0, passenger:0"
474,15.800,yolov8n,1+3+0,bicycle+motorcycle+person,28.384,35.231,0,"bicycle:0, motorcycle:0, person:0"
475,15.833,baseline,0+1+2,ebike+driver+passenger,26.125,38.277,0,"ebike:0, driver:0, passenger:0"
475,15.833,bifpn,0+1+2,ebike+driver+passenger,27.348,36.566,0,"ebike:0, driver:0, passenger:0"
475,15.833,yolov8n,1+3+0,bicycle+motorcycle+person,29.219,34.225,0,"bicycle:0, motorcycle:0, person:0"
476,15.867,baseline,0+1+2,ebike+driver+passenger,25.738,38.852,0,"ebike:0, driver:0, passenger:0"
476,15.867,bifpn,0+1+2,ebike+driver+passenger,24.706,40.477,0,"ebike:0, driver:0, passenger:0"
476,15.867,yolov8n,1+3+0,bicycle+motorcycle+person,27.200,36.765,0,"bicycle:0, motorcycle:0, person:0"
477,15.900,baseline,0+1+2,ebike+driver+passenger,26.407,37.869,0,"ebike:0, driver:0, passenger:0"
477,15.900,bifpn,0+1+2,ebike+driver+passenger,24.436,40.924,0,"ebike:0, driver:0, passenger:0"
477,15.900,yolov8n,1+3+0,bicycle+motorcycle+person,28.949,34.543,0,"bicycle:0, motorcycle:0, person:0"
478,15.933,baseline,0+1+2,ebike+driver+passenger,27.816,35.951,0,"ebike:0, driver:0, passenger:0"
478,15.933,bifpn,0+1+2,ebike+driver+passenger,26.592,37.606,0,"ebike:0, driver:0, passenger:0"
478,15.933,yolov8n,1+3+0,bicycle+motorcycle+person,26.850,37.244,0,"bicycle:0, motorcycle:0, person:0"
479,15.967,baseline,0+1+2,ebike+driver+passenger,28.109,35.576,0,"ebike:0, driver:0, passenger:0"
479,15.967,bifpn,0+1+2,ebike+driver+passenger,27.869,35.882,0,"ebike:0, driver:0, passenger:0"
479,15.967,yolov8n,1+3+0,bicycle+motorcycle+person,30.753,32.517,0,"bicycle:0, motorcycle:0, person:0"
480,16.000,baseline,0+1+2,ebike+driver+passenger,26.435,37.829,0,"ebike:0, driver:0, passenger:0"
480,16.000,bifpn,0+1+2,ebike+driver+passenger,28.215,35.442,0,"ebike:0, driver:0, passenger:0"
480,16.000,yolov8n,1+3+0,bicycle+motorcycle+person,26.246,38.102,0,"bicycle:0, motorcycle:0, person:0"
481,16.033,baseline,0+1+2,ebike+driver+passenger,27.235,36.718,0,"ebike:0, driver:0, passenger:0"
481,16.033,bifpn,0+1+2,ebike+driver+passenger,24.780,40.356,0,"ebike:0, driver:0, passenger:0"
481,16.033,yolov8n,1+3+0,bicycle+motorcycle+person,28.865,34.643,0,"bicycle:0, motorcycle:0, person:0"
482,16.067,baseline,0+1+2,ebike+driver+passenger,26.875,37.209,0,"ebike:0, driver:0, passenger:0"
482,16.067,bifpn,0+1+2,ebike+driver+passenger,24.542,40.747,0,"ebike:0, driver:0, passenger:0"
482,16.067,yolov8n,1+3+0,bicycle+motorcycle+person,29.190,34.258,0,"bicycle:0, motorcycle:0, person:0"
483,16.100,baseline,0+1+2,ebike+driver+passenger,25.705,38.903,0,"ebike:0, driver:0, passenger:0"
483,16.100,bifpn,0+1+2,ebike+driver+passenger,27.355,36.556,0,"ebike:0, driver:0, passenger:0"
483,16.100,yolov8n,1+3+0,bicycle+motorcycle+person,28.965,34.524,0,"bicycle:0, motorcycle:0, person:0"
484,16.133,baseline,0+1+2,ebike+driver+passenger,28.531,35.049,0,"ebike:0, driver:0, passenger:0"
484,16.133,bifpn,0+1+2,ebike+driver+passenger,26.860,37.230,0,"ebike:0, driver:0, passenger:0"
484,16.133,yolov8n,1+3+0,bicycle+motorcycle+person,30.029,33.301,0,"bicycle:0, motorcycle:0, person:0"
485,16.167,baseline,0+1+2,ebike+driver+passenger,27.486,36.382,0,"ebike:0, driver:0, passenger:0"
485,16.167,bifpn,0+1+2,ebike+driver+passenger,25.897,38.615,0,"ebike:0, driver:0, passenger:0"
485,16.167,yolov8n,1+3+0,bicycle+motorcycle+person,29.932,33.409,0,"bicycle:0, motorcycle:0, person:0"
486,16.200,baseline,0+1+2,ebike+driver+passenger,28.938,34.557,0,"ebike:0, driver:0, passenger:0"
486,16.200,bifpn,0+1+2,ebike+driver+passenger,27.457,36.420,0,"ebike:0, driver:0, passenger:0"
486,16.200,yolov8n,1+3+0,bicycle+motorcycle+person,26.345,37.958,0,"bicycle:0, motorcycle:0, person:0"
487,16.233,baseline,0+1+2,ebike+driver+passenger,26.429,37.837,0,"ebike:0, driver:0, passenger:0"
487,16.233,bifpn,0+1+2,ebike+driver+passenger,26.450,37.807,0,"ebike:0, driver:0, passenger:0"
487,16.233,yolov8n,1+3+0,bicycle+motorcycle+person,27.579,36.259,0,"bicycle:0, motorcycle:0, person:0"
488,16.267,baseline,0+1+2,ebike+driver+passenger,25.783,38.785,0,"ebike:0, driver:0, passenger:0"
488,16.267,bifpn,0+1+2,ebike+driver+passenger,25.879,38.642,0,"ebike:0, driver:0, passenger:0"
488,16.267,yolov8n,1+3+0,bicycle+motorcycle+person,29.974,33.362,0,"bicycle:0, motorcycle:0, person:0"
489,16.300,baseline,0+1+2,ebike+driver+passenger,30.337,32.963,0,"ebike:0, driver:0, passenger:0"
489,16.300,bifpn,0+1+2,ebike+driver+passenger,27.887,35.858,0,"ebike:0, driver:0, passenger:0"
489,16.300,yolov8n,1+3+0,bicycle+motorcycle+person,31.359,31.889,0,"bicycle:0, motorcycle:0, person:0"
490,16.333,baseline,0+1+2,ebike+driver+passenger,27.275,36.664,0,"ebike:0, driver:0, passenger:0"
490,16.333,bifpn,0+1+2,ebike+driver+passenger,27.295,36.636,0,"ebike:0, driver:0, passenger:0"
490,16.333,yolov8n,1+3+0,bicycle+motorcycle+person,29.665,33.710,0,"bicycle:0, motorcycle:0, person:0"
491,16.367,baseline,0+1+2,ebike+driver+passenger,27.272,36.668,0,"ebike:0, driver:0, passenger:0"
491,16.367,bifpn,0+1+2,ebike+driver+passenger,27.689,36.116,0,"ebike:0, driver:0, passenger:0"
491,16.367,yolov8n,1+3+0,bicycle+motorcycle+person,31.127,32.126,1,"bicycle:0, motorcycle:0, person:1"
492,16.400,baseline,0+1+2,ebike+driver+passenger,30.043,33.285,0,"ebike:0, driver:0, passenger:0"
492,16.400,bifpn,0+1+2,ebike+driver+passenger,27.285,36.651,0,"ebike:0, driver:0, passenger:0"
492,16.400,yolov8n,1+3+0,bicycle+motorcycle+person,28.074,35.621,1,"bicycle:0, motorcycle:0, person:1"
493,16.433,baseline,0+1+2,ebike+driver+passenger,25.678,38.944,0,"ebike:0, driver:0, passenger:0"
493,16.433,bifpn,0+1+2,ebike+driver+passenger,28.992,34.492,0,"ebike:0, driver:0, passenger:0"
493,16.433,yolov8n,1+3+0,bicycle+motorcycle+person,27.582,36.255,0,"bicycle:0, motorcycle:0, person:0"
494,16.467,baseline,0+1+2,ebike+driver+passenger,26.799,37.314,0,"ebike:0, driver:0, passenger:0"
494,16.467,bifpn,0+1+2,ebike+driver+passenger,26.724,37.420,0,"ebike:0, driver:0, passenger:0"
494,16.467,yolov8n,1+3+0,bicycle+motorcycle+person,26.637,37.542,1,"bicycle:0, motorcycle:0, person:1"
495,16.500,baseline,0+1+2,ebike+driver+passenger,27.842,35.917,0,"ebike:0, driver:0, passenger:0"
495,16.500,bifpn,0+1+2,ebike+driver+passenger,27.803,35.968,0,"ebike:0, driver:0, passenger:0"
495,16.500,yolov8n,1+3+0,bicycle+motorcycle+person,28.433,35.170,4,"bicycle:0, motorcycle:0, person:4"
496,16.533,baseline,0+1+2,ebike+driver+passenger,27.067,36.946,0,"ebike:0, driver:0, passenger:0"
496,16.533,bifpn,0+1+2,ebike+driver+passenger,28.083,35.609,0,"ebike:0, driver:0, passenger:0"
496,16.533,yolov8n,1+3+0,bicycle+motorcycle+person,29.578,33.808,2,"bicycle:0, motorcycle:0, person:2"
497,16.567,baseline,0+1+2,ebike+driver+passenger,28.564,35.010,0,"ebike:0, driver:0, passenger:0"
497,16.567,bifpn,0+1+2,ebike+driver+passenger,27.504,36.358,0,"ebike:0, driver:0, passenger:0"
497,16.567,yolov8n,1+3+0,bicycle+motorcycle+person,29.626,33.755,1,"bicycle:0, motorcycle:0, person:1"
498,16.600,baseline,0+1+2,ebike+driver+passenger,30.815,32.452,0,"ebike:0, driver:0, passenger:0"
498,16.600,bifpn,0+1+2,ebike+driver+passenger,29.162,34.291,0,"ebike:0, driver:0, passenger:0"
498,16.600,yolov8n,1+3+0,bicycle+motorcycle+person,31.083,32.172,1,"bicycle:0, motorcycle:0, person:1"
499,16.633,baseline,0+1+2,ebike+driver+passenger,27.558,36.287,0,"ebike:0, driver:0, passenger:0"
499,16.633,bifpn,0+1+2,ebike+driver+passenger,27.901,35.841,0,"ebike:0, driver:0, passenger:0"
499,16.633,yolov8n,1+3+0,bicycle+motorcycle+person,27.960,35.765,2,"bicycle:0, motorcycle:0, person:2"
500,16.667,baseline,0+1+2,ebike+driver+passenger,28.870,34.638,0,"ebike:0, driver:0, passenger:0"
500,16.667,bifpn,0+1+2,ebike+driver+passenger,30.208,33.103,0,"ebike:0, driver:0, passenger:0"
500,16.667,yolov8n,1+3+0,bicycle+motorcycle+person,31.929,31.319,1,"bicycle:0, motorcycle:0, person:1"
501,16.700,baseline,0+1+2,ebike+driver+passenger,26.243,38.105,0,"ebike:0, driver:0, passenger:0"
501,16.700,bifpn,0+1+2,ebike+driver+passenger,27.394,36.504,0,"ebike:0, driver:0, passenger:0"
501,16.700,yolov8n,1+3+0,bicycle+motorcycle+person,26.994,37.045,1,"bicycle:0, motorcycle:0, person:1"
502,16.733,baseline,0+1+2,ebike+driver+passenger,28.595,34.971,0,"ebike:0, driver:0, passenger:0"
502,16.733,bifpn,0+1+2,ebike+driver+passenger,27.784,35.992,0,"ebike:0, driver:0, passenger:0"
502,16.733,yolov8n,1+3+0,bicycle+motorcycle+person,27.398,36.500,1,"bicycle:0, motorcycle:0, person:1"
503,16.767,baseline,0+1+2,ebike+driver+passenger,27.637,36.184,0,"ebike:0, driver:0, passenger:0"
503,16.767,bifpn,0+1+2,ebike+driver+passenger,26.252,38.092,0,"ebike:0, driver:0, passenger:0"
503,16.767,yolov8n,1+3+0,bicycle+motorcycle+person,29.854,33.497,1,"bicycle:0, motorcycle:0, person:1"
504,16.800,baseline,0+1+2,ebike+driver+passenger,29.029,34.448,0,"ebike:0, driver:0, passenger:0"
504,16.800,bifpn,0+1+2,ebike+driver+passenger,27.067,36.946,0,"ebike:0, driver:0, passenger:0"
504,16.800,yolov8n,1+3+0,bicycle+motorcycle+person,27.368,36.538,1,"bicycle:0, motorcycle:0, person:1"
505,16.833,baseline,0+1+2,ebike+driver+passenger,28.586,34.982,0,"ebike:0, driver:0, passenger:0"
505,16.833,bifpn,0+1+2,ebike+driver+passenger,26.902,37.172,0,"ebike:0, driver:0, passenger:0"
505,16.833,yolov8n,1+3+0,bicycle+motorcycle+person,27.987,35.731,0,"bicycle:0, motorcycle:0, person:0"
506,16.867,baseline,0+1+2,ebike+driver+passenger,27.348,36.566,0,"ebike:0, driver:0, passenger:0"
506,16.867,bifpn,0+1+2,ebike+driver+passenger,26.715,37.432,0,"ebike:0, driver:0, passenger:0"
506,16.867,yolov8n,1+3+0,bicycle+motorcycle+person,26.507,37.726,0,"bicycle:0, motorcycle:0, person:0"
507,16.900,baseline,0+1+2,ebike+driver+passenger,27.045,36.976,0,"ebike:0, driver:0, passenger:0"
507,16.900,bifpn,0+1+2,ebike+driver+passenger,28.108,35.577,0,"ebike:0, driver:0, passenger:0"
507,16.900,yolov8n,1+3+0,bicycle+motorcycle+person,30.597,32.683,0,"bicycle:0, motorcycle:0, person:0"
508,16.933,baseline,0+1+2,ebike+driver+passenger,27.484,36.385,0,"ebike:0, driver:0, passenger:0"
508,16.933,bifpn,0+1+2,ebike+driver+passenger,26.933,37.130,0,"ebike:0, driver:0, passenger:0"
508,16.933,yolov8n,1+3+0,bicycle+motorcycle+person,28.984,34.502,0,"bicycle:0, motorcycle:0, person:0"
509,16.967,baseline,0+1+2,ebike+driver+passenger,27.264,36.678,0,"ebike:0, driver:0, passenger:0"
509,16.967,bifpn,0+1+2,ebike+driver+passenger,27.353,36.559,0,"ebike:0, driver:0, passenger:0"
509,16.967,yolov8n,1+3+0,bicycle+motorcycle+person,29.982,33.353,0,"bicycle:0, motorcycle:0, person:0"
510,17.000,baseline,0+1+2,ebike+driver+passenger,29.166,34.287,0,"ebike:0, driver:0, passenger:0"
510,17.000,bifpn,0+1+2,ebike+driver+passenger,30.386,32.910,0,"ebike:0, driver:0, passenger:0"
510,17.000,yolov8n,1+3+0,bicycle+motorcycle+person,28.576,34.994,0,"bicycle:0, motorcycle:0, person:0"
511,17.033,baseline,0+1+2,ebike+driver+passenger,26.394,37.887,0,"ebike:0, driver:0, passenger:0"
511,17.033,bifpn,0+1+2,ebike+driver+passenger,25.883,38.635,0,"ebike:0, driver:0, passenger:0"
511,17.033,yolov8n,1+3+0,bicycle+motorcycle+person,27.879,35.869,0,"bicycle:0, motorcycle:0, person:0"
512,17.067,baseline,0+1+2,ebike+driver+passenger,27.768,36.013,0,"ebike:0, driver:0, passenger:0"
512,17.067,bifpn,0+1+2,ebike+driver+passenger,27.317,36.608,0,"ebike:0, driver:0, passenger:0"
512,17.067,yolov8n,1+3+0,bicycle+motorcycle+person,30.278,33.027,0,"bicycle:0, motorcycle:0, person:0"
513,17.100,baseline,0+1+2,ebike+driver+passenger,27.670,36.140,0,"ebike:0, driver:0, passenger:0"
513,17.100,bifpn,0+1+2,ebike+driver+passenger,24.332,41.098,0,"ebike:0, driver:0, passenger:0"
513,17.100,yolov8n,1+3+0,bicycle+motorcycle+person,28.671,34.879,0,"bicycle:0, motorcycle:0, person:0"
514,17.133,baseline,0+1+2,ebike+driver+passenger,28.622,34.938,0,"ebike:0, driver:0, passenger:0"
514,17.133,bifpn,0+1+2,ebike+driver+passenger,27.698,36.104,0,"ebike:0, driver:0, passenger:0"
514,17.133,yolov8n,1+3+0,bicycle+motorcycle+person,28.805,34.716,0,"bicycle:0, motorcycle:0, person:0"
515,17.167,baseline,0+1+2,ebike+driver+passenger,26.213,38.149,0,"ebike:0, driver:0, passenger:0"
515,17.167,bifpn,0+1+2,ebike+driver+passenger,27.247,36.701,0,"ebike:0, driver:0, passenger:0"
515,17.167,yolov8n,1+3+0,bicycle+motorcycle+person,27.360,36.550,0,"bicycle:0, motorcycle:0, person:0"
516,17.200,baseline,0+1+2,ebike+driver+passenger,29.359,34.061,0,"ebike:0, driver:0, passenger:0"
516,17.200,bifpn,0+1+2,ebike+driver+passenger,28.300,35.336,0,"ebike:0, driver:0, passenger:0"
516,17.200,yolov8n,1+3+0,bicycle+motorcycle+person,30.051,33.277,0,"bicycle:0, motorcycle:0, person:0"
517,17.233,baseline,0+1+2,ebike+driver+passenger,28.598,34.968,0,"ebike:0, driver:0, passenger:0"
517,17.233,bifpn,0+1+2,ebike+driver+passenger,26.052,38.384,0,"ebike:0, driver:0, passenger:0"
517,17.233,yolov8n,1+3+0,bicycle+motorcycle+person,26.783,37.337,0,"bicycle:0, motorcycle:0, person:0"
518,17.267,baseline,0+1+2,ebike+driver+passenger,24.108,41.480,0,"ebike:0, driver:0, passenger:0"
518,17.267,bifpn,0+1+2,ebike+driver+passenger,25.615,39.040,0,"ebike:0, driver:0, passenger:0"
518,17.267,yolov8n,1+3+0,bicycle+motorcycle+person,26.548,37.668,0,"bicycle:0, motorcycle:0, person:0"
519,17.300,baseline,0+1+2,ebike+driver+passenger,25.641,39.001,0,"ebike:0, driver:0, passenger:0"
519,17.300,bifpn,0+1+2,ebike+driver+passenger,28.272,35.371,0,"ebike:0, driver:0, passenger:0"
519,17.300,yolov8n,1+3+0,bicycle+motorcycle+person,28.394,35.219,0,"bicycle:0, motorcycle:0, person:0"
520,17.333,baseline,0+1+2,ebike+driver+passenger,26.791,37.326,0,"ebike:0, driver:0, passenger:0"
520,17.333,bifpn,0+1+2,ebike+driver+passenger,24.502,40.813,0,"ebike:0, driver:0, passenger:0"
520,17.333,yolov8n,1+3+0,bicycle+motorcycle+person,29.183,34.266,0,"bicycle:0, motorcycle:0, person:0"
521,17.367,baseline,0+1+2,ebike+driver+passenger,25.033,39.948,0,"ebike:0, driver:0, passenger:0"
521,17.367,bifpn,0+1+2,ebike+driver+passenger,28.717,34.823,0,"ebike:0, driver:0, passenger:0"
521,17.367,yolov8n,1+3+0,bicycle+motorcycle+person,28.048,35.653,0,"bicycle:0, motorcycle:0, person:0"
522,17.400,baseline,0+1+2,ebike+driver+passenger,26.196,38.174,0,"ebike:0, driver:0, passenger:0"
522,17.400,bifpn,0+1+2,ebike+driver+passenger,25.655,38.979,0,"ebike:0, driver:0, passenger:0"
522,17.400,yolov8n,1+3+0,bicycle+motorcycle+person,27.780,35.997,0,"bicycle:0, motorcycle:0, person:0"
523,17.433,baseline,0+1+2,ebike+driver+passenger,26.606,37.585,0,"ebike:0, driver:0, passenger:0"
523,17.433,bifpn,0+1+2,ebike+driver+passenger,26.803,37.309,0,"ebike:0, driver:0, passenger:0"
523,17.433,yolov8n,1+3+0,bicycle+motorcycle+person,29.816,33.539,0,"bicycle:0, motorcycle:0, person:0"
524,17.467,baseline,0+1+2,ebike+driver+passenger,29.499,33.899,0,"ebike:0, driver:0, passenger:0"
524,17.467,bifpn,0+1+2,ebike+driver+passenger,27.169,36.807,0,"ebike:0, driver:0, passenger:0"
524,17.467,yolov8n,1+3+0,bicycle+motorcycle+person,27.215,36.744,0,"bicycle:0, motorcycle:0, person:0"
525,17.500,baseline,0+1+2,ebike+driver+passenger,26.298,38.025,0,"ebike:0, driver:0, passenger:0"
525,17.500,bifpn,0+1+2,ebike+driver+passenger,27.136,36.852,0,"ebike:0, driver:0, passenger:0"
525,17.500,yolov8n,1+3+0,bicycle+motorcycle+person,28.663,34.888,0,"bicycle:0, motorcycle:0, person:0"
526,17.533,baseline,0+1+2,ebike+driver+passenger,28.354,35.269,0,"ebike:0, driver:0, passenger:0"
526,17.533,bifpn,0+1+2,ebike+driver+passenger,26.594,37.603,0,"ebike:0, driver:0, passenger:0"
526,17.533,yolov8n,1+3+0,bicycle+motorcycle+person,29.600,33.783,0,"bicycle:0, motorcycle:0, person:0"
527,17.567,baseline,0+1+2,ebike+driver+passenger,25.740,38.850,0,"ebike:0, driver:0, passenger:0"
527,17.567,bifpn,0+1+2,ebike+driver+passenger,26.929,37.135,0,"ebike:0, driver:0, passenger:0"
527,17.567,yolov8n,1+3+0,bicycle+motorcycle+person,26.820,37.286,0,"bicycle:0, motorcycle:0, person:0"
528,17.600,baseline,0+1+2,ebike+driver+passenger,27.747,36.040,0,"ebike:0, driver:0, passenger:0"
528,17.600,bifpn,0+1+2,ebike+driver+passenger,25.885,38.632,0,"ebike:0, driver:0, passenger:0"
528,17.600,yolov8n,1+3+0,bicycle+motorcycle+person,29.678,33.695,0,"bicycle:0, motorcycle:0, person:0"
529,17.633,baseline,0+1+2,ebike+driver+passenger,27.300,36.630,0,"ebike:0, driver:0, passenger:0"
529,17.633,bifpn,0+1+2,ebike+driver+passenger,27.916,35.822,0,"ebike:0, driver:0, passenger:0"
529,17.633,yolov8n,1+3+0,bicycle+motorcycle+person,26.198,38.170,0,"bicycle:0, motorcycle:0, person:0"
530,17.667,baseline,0+1+2,ebike+driver+passenger,26.876,37.208,0,"ebike:0, driver:0, passenger:0"
530,17.667,bifpn,0+1+2,ebike+driver+passenger,25.725,38.872,0,"ebike:0, driver:0, passenger:0"
530,17.667,yolov8n,1+3+0,bicycle+motorcycle+person,27.243,36.707,0,"bicycle:0, motorcycle:0, person:0"
531,17.700,baseline,0+1+2,ebike+driver+passenger,26.545,37.671,0,"ebike:0, driver:0, passenger:0"
531,17.700,bifpn,0+1+2,ebike+driver+passenger,28.388,35.226,0,"ebike:0, driver:0, passenger:0"
531,17.700,yolov8n,1+3+0,bicycle+motorcycle+person,30.991,32.267,0,"bicycle:0, motorcycle:0, person:0"
532,17.733,baseline,0+1+2,ebike+driver+passenger,27.894,35.850,0,"ebike:0, driver:0, passenger:0"
532,17.733,bifpn,0+1+2,ebike+driver+passenger,26.864,37.224,0,"ebike:0, driver:0, passenger:0"
532,17.733,yolov8n,1+3+0,bicycle+motorcycle+person,28.128,35.552,0,"bicycle:0, motorcycle:0, person:0"
533,17.767,baseline,0+1+2,ebike+driver+passenger,27.495,36.371,0,"ebike:0, driver:0, passenger:0"
533,17.767,bifpn,0+1+2,ebike+driver+passenger,26.826,37.278,0,"ebike:0, driver:0, passenger:0"
533,17.767,yolov8n,1+3+0,bicycle+motorcycle+person,29.465,33.938,0,"bicycle:0, motorcycle:0, person:0"
534,17.800,baseline,0+1+2,ebike+driver+passenger,28.334,35.293,0,"ebike:0, driver:0, passenger:0"
534,17.800,bifpn,0+1+2,ebike+driver+passenger,27.158,36.822,0,"ebike:0, driver:0, passenger:0"
534,17.800,yolov8n,1+3+0,bicycle+motorcycle+person,30.679,32.595,0,"bicycle:0, motorcycle:0, person:0"
535,17.833,baseline,0+1+2,ebike+driver+passenger,28.215,35.442,0,"ebike:0, driver:0, passenger:0"
535,17.833,bifpn,0+1+2,ebike+driver+passenger,24.894,40.170,0,"ebike:0, driver:0, passenger:0"
535,17.833,yolov8n,1+3+0,bicycle+motorcycle+person,28.008,35.704,0,"bicycle:0, motorcycle:0, person:0"
536,17.867,baseline,0+1+2,ebike+driver+passenger,27.984,35.735,0,"ebike:0, driver:0, passenger:0"
536,17.867,bifpn,0+1+2,ebike+driver+passenger,27.649,36.168,0,"ebike:0, driver:0, passenger:0"
536,17.867,yolov8n,1+3+0,bicycle+motorcycle+person,29.915,33.428,0,"bicycle:0, motorcycle:0, person:0"
537,17.900,baseline,0+1+2,ebike+driver+passenger,29.713,33.655,0,"ebike:0, driver:0, passenger:0"
537,17.900,bifpn,0+1+2,ebike+driver+passenger,27.362,36.548,0,"ebike:0, driver:0, passenger:0"
537,17.900,yolov8n,1+3+0,bicycle+motorcycle+person,29.586,33.800,0,"bicycle:0, motorcycle:0, person:0"
538,17.933,baseline,0+1+2,ebike+driver+passenger,29.677,33.696,0,"ebike:0, driver:0, passenger:0"
538,17.933,bifpn,0+1+2,ebike+driver+passenger,27.670,36.140,0,"ebike:0, driver:0, passenger:0"
538,17.933,yolov8n,1+3+0,bicycle+motorcycle+person,28.155,35.518,1,"bicycle:0, motorcycle:0, person:1"
539,17.967,baseline,0+1+2,ebike+driver+passenger,27.697,36.105,0,"ebike:0, driver:0, passenger:0"
539,17.967,bifpn,0+1+2,ebike+driver+passenger,26.455,37.800,0,"ebike:0, driver:0, passenger:0"
539,17.967,yolov8n,1+3+0,bicycle+motorcycle+person,27.865,35.887,0,"bicycle:0, motorcycle:0, person:0"
540,18.000,baseline,0+1+2,ebike+driver+passenger,28.163,35.507,0,"ebike:0, driver:0, passenger:0"
540,18.000,bifpn,0+1+2,ebike+driver+passenger,28.212,35.446,0,"ebike:0, driver:0, passenger:0"
540,18.000,yolov8n,1+3+0,bicycle+motorcycle+person,28.815,34.704,0,"bicycle:0, motorcycle:0, person:0"
541,18.033,baseline,0+1+2,ebike+driver+passenger,28.528,35.053,0,"ebike:0, driver:0, passenger:0"
541,18.033,bifpn,0+1+2,ebike+driver+passenger,29.336,34.088,0,"ebike:0, driver:0, passenger:0"
541,18.033,yolov8n,1+3+0,bicycle+motorcycle+person,27.141,36.845,1,"bicycle:0, motorcycle:0, person:1"
542,18.067,baseline,0+1+2,ebike+driver+passenger,30.025,33.305,0,"ebike:0, driver:0, passenger:0"
542,18.067,bifpn,0+1+2,ebike+driver+passenger,27.224,36.732,0,"ebike:0, driver:0, passenger:0"
542,18.067,yolov8n,1+3+0,bicycle+motorcycle+person,29.822,33.532,0,"bicycle:0, motorcycle:0, person:0"
543,18.100,baseline,0+1+2,ebike+driver+passenger,27.831,35.931,0,"ebike:0, driver:0, passenger:0"
543,18.100,bifpn,0+1+2,ebike+driver+passenger,27.973,35.748,0,"ebike:0, driver:0, passenger:0"
543,18.100,yolov8n,1+3+0,bicycle+motorcycle+person,28.057,35.641,0,"bicycle:0, motorcycle:0, person:0"
544,18.133,baseline,0+1+2,ebike+driver+passenger,29.760,33.602,0,"ebike:0, driver:0, passenger:0"
544,18.133,bifpn,0+1+2,ebike+driver+passenger,26.459,37.794,0,"ebike:0, driver:0, passenger:0"
544,18.133,yolov8n,1+3+0,bicycle+motorcycle+person,28.902,34.600,1,"bicycle:0, motorcycle:0, person:1"
545,18.167,baseline,0+1+2,ebike+driver+passenger,26.973,37.074,0,"ebike:0, driver:0, passenger:0"
545,18.167,bifpn,0+1+2,ebike+driver+passenger,25.670,38.956,0,"ebike:0, driver:0, passenger:0"
545,18.167,yolov8n,1+3+0,bicycle+motorcycle+person,28.236,35.416,1,"bicycle:0, motorcycle:0, person:1"
546,18.200,baseline,0+1+2,ebike+driver+passenger,25.366,39.423,0,"ebike:0, driver:0, passenger:0"
546,18.200,bifpn,0+1+2,ebike+driver+passenger,26.882,37.200,0,"ebike:0, driver:0, passenger:0"
546,18.200,yolov8n,1+3+0,bicycle+motorcycle+person,26.059,38.375,0,"bicycle:0, motorcycle:0, person:0"
547,18.233,baseline,0+1+2,ebike+driver+passenger,28.918,34.580,0,"ebike:0, driver:0, passenger:0"
547,18.233,bifpn,0+1+2,ebike+driver+passenger,25.101,39.839,0,"ebike:0, driver:0, passenger:0"
547,18.233,yolov8n,1+3+0,bicycle+motorcycle+person,26.791,37.325,0,"bicycle:0, motorcycle:0, person:0"
548,18.267,baseline,0+1+2,ebike+driver+passenger,28.397,35.215,0,"ebike:0, driver:0, passenger:0"
548,18.267,bifpn,0+1+2,ebike+driver+passenger,26.620,37.566,0,"ebike:0, driver:0, passenger:0"
548,18.267,yolov8n,1+3+0,bicycle+motorcycle+person,28.870,34.638,0,"bicycle:0, motorcycle:0, person:0"
549,18.300,baseline,0+1+2,ebike+driver+passenger,27.450,36.430,0,"ebike:0, driver:0, passenger:0"
549,18.300,bifpn,0+1+2,ebike+driver+passenger,27.208,36.754,0,"ebike:0, driver:0, passenger:0"
549,18.300,yolov8n,1+3+0,bicycle+motorcycle+person,27.144,36.841,0,"bicycle:0, motorcycle:0, person:0"
550,18.333,baseline,0+1+2,ebike+driver+passenger,27.970,35.752,0,"ebike:0, driver:0, passenger:0"
550,18.333,bifpn,0+1+2,ebike+driver+passenger,26.575,37.629,0,"ebike:0, driver:0, passenger:0"
550,18.333,yolov8n,1+3+0,bicycle+motorcycle+person,29.068,34.402,0,"bicycle:0, motorcycle:0, person:0"
551,18.367,baseline,0+1+2,ebike+driver+passenger,28.213,35.444,0,"ebike:0, driver:0, passenger:0"
551,18.367,bifpn,0+1+2,ebike+driver+passenger,25.536,39.161,0,"ebike:0, driver:0, passenger:0"
551,18.367,yolov8n,1+3+0,bicycle+motorcycle+person,28.909,34.591,0,"bicycle:0, motorcycle:0, person:0"
552,18.400,baseline,0+1+2,ebike+driver+passenger,25.959,38.523,0,"ebike:0, driver:0, passenger:0"
552,18.400,bifpn,0+1+2,ebike+driver+passenger,25.326,39.485,0,"ebike:0, driver:0, passenger:0"
552,18.400,yolov8n,1+3+0,bicycle+motorcycle+person,26.633,37.548,0,"bicycle:0, motorcycle:0, person:0"
553,18.433,baseline,0+1+2,ebike+driver+passenger,25.562,39.121,0,"ebike:0, driver:0, passenger:0"
553,18.433,bifpn,0+1+2,ebike+driver+passenger,26.678,37.484,0,"ebike:0, driver:0, passenger:0"
553,18.433,yolov8n,1+3+0,bicycle+motorcycle+person,27.358,36.552,0,"bicycle:0, motorcycle:0, person:0"
554,18.467,baseline,0+1+2,ebike+driver+passenger,26.596,37.599,0,"ebike:0, driver:0, passenger:0"
554,18.467,bifpn,0+1+2,ebike+driver+passenger,26.419,37.851,0,"ebike:0, driver:0, passenger:0"
554,18.467,yolov8n,1+3+0,bicycle+motorcycle+person,25.403,39.365,0,"bicycle:0, motorcycle:0, person:0"
555,18.500,baseline,0+1+2,ebike+driver+passenger,27.608,36.222,0,"ebike:0, driver:0, passenger:0"
555,18.500,bifpn,0+1+2,ebike+driver+passenger,27.915,35.823,0,"ebike:0, driver:0, passenger:0"
555,18.500,yolov8n,1+3+0,bicycle+motorcycle+person,27.090,36.915,0,"bicycle:0, motorcycle:0, person:0"
556,18.533,baseline,0+1+2,ebike+driver+passenger,26.606,37.585,0,"ebike:0, driver:0, passenger:0"
556,18.533,bifpn,0+1+2,ebike+driver+passenger,26.277,38.056,0,"ebike:0, driver:0, passenger:0"
556,18.533,yolov8n,1+3+0,bicycle+motorcycle+person,27.819,35.947,0,"bicycle:0, motorcycle:0, person:0"
557,18.567,baseline,0+1+2,ebike+driver+passenger,25.996,38.467,0,"ebike:0, driver:0, passenger:0"
557,18.567,bifpn,0+1+2,ebike+driver+passenger,27.324,36.598,0,"ebike:0, driver:0, passenger:0"
557,18.567,yolov8n,1+3+0,bicycle+motorcycle+person,28.342,35.283,0,"bicycle:0, motorcycle:0, person:0"
558,18.600,baseline,0+1+2,ebike+driver+passenger,29.344,34.079,0,"ebike:0, driver:0, passenger:0"
558,18.600,bifpn,0+1+2,ebike+driver+passenger,30.207,33.105,0,"ebike:0, driver:0, passenger:0"
558,18.600,yolov8n,1+3+0,bicycle+motorcycle+person,29.886,33.460,0,"bicycle:0, motorcycle:0, person:0"
559,18.633,baseline,0+1+2,ebike+driver+passenger,26.493,37.746,0,"ebike:0, driver:0, passenger:0"
559,18.633,bifpn,0+1+2,ebike+driver+passenger,28.478,35.115,0,"ebike:0, driver:0, passenger:0"
559,18.633,yolov8n,1+3+0,bicycle+motorcycle+person,28.206,35.453,0,"bicycle:0, motorcycle:0, person:0"
560,18.667,baseline,0+1+2,ebike+driver+passenger,26.568,37.640,0,"ebike:0, driver:0, passenger:0"
560,18.667,bifpn,0+1+2,ebike+driver+passenger,27.284,36.651,0,"ebike:0, driver:0, passenger:0"
560,18.667,yolov8n,1+3+0,bicycle+motorcycle+person,27.884,35.863,0,"bicycle:0, motorcycle:0, person:0"
561,18.700,baseline,0+1+2,ebike+driver+passenger,29.099,34.365,0,"ebike:0, driver:0, passenger:0"
561,18.700,bifpn,0+1+2,ebike+driver+passenger,29.259,34.178,0,"ebike:0, driver:0, passenger:0"
561,18.700,yolov8n,1+3+0,bicycle+motorcycle+person,29.675,33.698,0,"bicycle:0, motorcycle:0, person:0"
562,18.733,baseline,0+1+2,ebike+driver+passenger,31.525,31.721,0,"ebike:0, driver:0, passenger:0"
562,18.733,bifpn,0+1+2,ebike+driver+passenger,28.579,34.991,0,"ebike:0, driver:0, passenger:0"
562,18.733,yolov8n,1+3+0,bicycle+motorcycle+person,29.376,34.042,0,"bicycle:0, motorcycle:0, person:0"
563,18.767,baseline,0+1+2,ebike+driver+passenger,31.007,32.251,0,"ebike:0, driver:0, passenger:0"
563,18.767,bifpn,0+1+2,ebike+driver+passenger,30.369,32.928,0,"ebike:0, driver:0, passenger:0"
563,18.767,yolov8n,1+3+0,bicycle+motorcycle+person,27.787,35.987,0,"bicycle:0, motorcycle:0, person:0"
564,18.800,baseline,0+1+2,ebike+driver+passenger,28.822,34.695,0,"ebike:0, driver:0, passenger:0"
564,18.800,bifpn,0+1+2,ebike+driver+passenger,30.408,32.886,0,"ebike:0, driver:0, passenger:0"
564,18.800,yolov8n,1+3+0,bicycle+motorcycle+person,29.968,33.369,0,"bicycle:0, motorcycle:0, person:0"
565,18.833,baseline,0+1+2,ebike+driver+passenger,29.145,34.311,0,"ebike:0, driver:0, passenger:0"
565,18.833,bifpn,0+1+2,ebike+driver+passenger,25.921,38.579,0,"ebike:0, driver:0, passenger:0"
565,18.833,yolov8n,1+3+0,bicycle+motorcycle+person,27.836,35.925,0,"bicycle:0, motorcycle:0, person:0"
566,18.867,baseline,0+1+2,ebike+driver+passenger,27.224,36.732,0,"ebike:0, driver:0, passenger:0"
566,18.867,bifpn,0+1+2,ebike+driver+passenger,26.217,38.144,0,"ebike:0, driver:0, passenger:0"
566,18.867,yolov8n,1+3+0,bicycle+motorcycle+person,27.416,36.476,0,"bicycle:0, motorcycle:0, person:0"
567,18.900,baseline,0+1+2,ebike+driver+passenger,26.664,37.504,0,"ebike:0, driver:0, passenger:0"
567,18.900,bifpn,0+1+2,ebike+driver+passenger,28.195,35.467,0,"ebike:0, driver:0, passenger:0"
567,18.900,yolov8n,1+3+0,bicycle+motorcycle+person,27.677,36.132,0,"bicycle:0, motorcycle:0, person:0"
568,18.933,baseline,0+1+2,ebike+driver+passenger,30.465,32.825,0,"ebike:0, driver:0, passenger:0"
568,18.933,bifpn,0+1+2,ebike+driver+passenger,26.426,37.842,0,"ebike:0, driver:0, passenger:0"
568,18.933,yolov8n,1+3+0,bicycle+motorcycle+person,28.776,34.751,0,"bicycle:0, motorcycle:0, person:0"
569,18.967,baseline,0+1+2,ebike+driver+passenger,28.375,35.242,0,"ebike:0, driver:0, passenger:0"
569,18.967,bifpn,0+1+2,ebike+driver+passenger,28.787,34.738,0,"ebike:0, driver:0, passenger:0"
569,18.967,yolov8n,1+3+0,bicycle+motorcycle+person,28.643,34.913,0,"bicycle:0, motorcycle:0, person:0"
570,19.000,baseline,0+1+2,ebike+driver+passenger,28.168,35.501,0,"ebike:0, driver:0, passenger:0"
570,19.000,bifpn,0+1+2,ebike+driver+passenger,25.888,38.628,0,"ebike:0, driver:0, passenger:0"
570,19.000,yolov8n,1+3+0,bicycle+motorcycle+person,29.182,34.268,0,"bicycle:0, motorcycle:0, person:0"
571,19.033,baseline,0+1+2,ebike+driver+passenger,28.717,34.822,0,"ebike:0, driver:0, passenger:0"
571,19.033,bifpn,0+1+2,ebike+driver+passenger,27.975,35.746,0,"ebike:0, driver:0, passenger:0"
571,19.033,yolov8n,1+3+0,bicycle+motorcycle+person,30.154,33.163,0,"bicycle:0, motorcycle:0, person:0"
572,19.067,baseline,0+1+2,ebike+driver+passenger,26.710,37.439,0,"ebike:0, driver:0, passenger:0"
572,19.067,bifpn,0+1+2,ebike+driver+passenger,28.215,35.442,0,"ebike:0, driver:0, passenger:0"
572,19.067,yolov8n,1+3+0,bicycle+motorcycle+person,26.621,37.564,0,"bicycle:0, motorcycle:0, person:0"
573,19.100,baseline,0+1+2,ebike+driver+passenger,27.089,36.915,0,"ebike:0, driver:0, passenger:0"
573,19.100,bifpn,0+1+2,ebike+driver+passenger,27.074,36.936,0,"ebike:0, driver:0, passenger:0"
573,19.100,yolov8n,1+3+0,bicycle+motorcycle+person,30.000,33.333,0,"bicycle:0, motorcycle:0, person:0"
574,19.133,baseline,0+1+2,ebike+driver+passenger,27.944,35.786,0,"ebike:0, driver:0, passenger:0"
574,19.133,bifpn,0+1+2,ebike+driver+passenger,26.578,37.626,0,"ebike:0, driver:0, passenger:0"
574,19.133,yolov8n,1+3+0,bicycle+motorcycle+person,27.663,36.149,0,"bicycle:0, motorcycle:0, person:0"
575,19.167,baseline,0+1+2,ebike+driver+passenger,26.934,37.128,0,"ebike:0, driver:0, passenger:0"
575,19.167,bifpn,0+1+2,ebike+driver+passenger,30.913,32.348,0,"ebike:0, driver:0, passenger:0"
575,19.167,yolov8n,1+3+0,bicycle+motorcycle+person,27.251,36.696,0,"bicycle:0, motorcycle:0, person:0"
576,19.200,baseline,0+1+2,ebike+driver+passenger,27.363,36.546,0,"ebike:0, driver:0, passenger:0"
576,19.200,bifpn,0+1+2,ebike+driver+passenger,27.983,35.735,0,"ebike:0, driver:0, passenger:0"
576,19.200,yolov8n,1+3+0,bicycle+motorcycle+person,29.781,33.578,0,"bicycle:0, motorcycle:0, person:0"
577,19.233,baseline,0+1+2,ebike+driver+passenger,28.139,35.537,0,"ebike:0, driver:0, passenger:0"
577,19.233,bifpn,0+1+2,ebike+driver+passenger,25.440,39.308,0,"ebike:0, driver:0, passenger:0"
577,19.233,yolov8n,1+3+0,bicycle+motorcycle+person,26.798,37.316,0,"bicycle:0, motorcycle:0, person:0"
578,19.267,baseline,0+1+2,ebike+driver+passenger,27.924,35.811,0,"ebike:0, driver:0, passenger:0"
578,19.267,bifpn,0+1+2,ebike+driver+passenger,26.995,37.043,0,"ebike:0, driver:0, passenger:0"
578,19.267,yolov8n,1+3+0,bicycle+motorcycle+person,26.766,37.361,0,"bicycle:0, motorcycle:0, person:0"
579,19.300,baseline,0+1+2,ebike+driver+passenger,26.686,37.473,0,"ebike:0, driver:0, passenger:0"
579,19.300,bifpn,0+1+2,ebike+driver+passenger,26.328,37.982,0,"ebike:0, driver:0, passenger:0"
579,19.300,yolov8n,1+3+0,bicycle+motorcycle+person,27.028,36.998,0,"bicycle:0, motorcycle:0, person:0"
580,19.333,baseline,0+1+2,ebike+driver+passenger,25.517,39.190,0,"ebike:0, driver:0, passenger:0"
580,19.333,bifpn,0+1+2,ebike+driver+passenger,26.540,37.679,0,"ebike:0, driver:0, passenger:0"
580,19.333,yolov8n,1+3+0,bicycle+motorcycle+person,26.293,38.033,0,"bicycle:0, motorcycle:0, person:0"
581,19.367,baseline,0+1+2,ebike+driver+passenger,26.718,37.429,0,"ebike:0, driver:0, passenger:0"
581,19.367,bifpn,0+1+2,ebike+driver+passenger,25.232,39.632,0,"ebike:0, driver:0, passenger:0"
581,19.367,yolov8n,1+3+0,bicycle+motorcycle+person,27.871,35.880,0,"bicycle:0, motorcycle:0, person:0"
582,19.400,baseline,0+1+2,ebike+driver+passenger,27.815,35.952,0,"ebike:0, driver:0, passenger:0"
582,19.400,bifpn,0+1+2,ebike+driver+passenger,26.859,37.231,0,"ebike:0, driver:0, passenger:0"
582,19.400,yolov8n,1+3+0,bicycle+motorcycle+person,27.070,36.941,0,"bicycle:0, motorcycle:0, person:0"
583,19.433,baseline,0+1+2,ebike+driver+passenger,26.583,37.618,0,"ebike:0, driver:0, passenger:0"
583,19.433,bifpn,0+1+2,ebike+driver+passenger,28.336,35.291,0,"ebike:0, driver:0, passenger:0"
583,19.433,yolov8n,1+3+0,bicycle+motorcycle+person,28.228,35.425,0,"bicycle:0, motorcycle:0, person:0"
584,19.467,baseline,0+1+2,ebike+driver+passenger,25.784,38.784,0,"ebike:0, driver:0, passenger:0"
584,19.467,bifpn,0+1+2,ebike+driver+passenger,26.563,37.646,0,"ebike:0, driver:0, passenger:0"
584,19.467,yolov8n,1+3+0,bicycle+motorcycle+person,28.023,35.685,0,"bicycle:0, motorcycle:0, person:0"
585,19.500,baseline,0+1+2,ebike+driver+passenger,26.989,37.052,0,"ebike:0, driver:0, passenger:0"
585,19.500,bifpn,0+1+2,ebike+driver+passenger,26.403,37.874,0,"ebike:0, driver:0, passenger:0"
585,19.500,yolov8n,1+3+0,bicycle+motorcycle+person,27.376,36.529,1,"bicycle:1, motorcycle:0, person:0"
586,19.533,baseline,0+1+2,ebike+driver+passenger,24.856,40.232,0,"ebike:0, driver:0, passenger:0"
586,19.533,bifpn,0+1+2,ebike+driver+passenger,26.416,37.855,0,"ebike:0, driver:0, passenger:0"
586,19.533,yolov8n,1+3+0,bicycle+motorcycle+person,27.142,36.843,1,"bicycle:1, motorcycle:0, person:0"
587,19.567,baseline,0+1+2,ebike+driver+passenger,24.825,40.283,0,"ebike:0, driver:0, passenger:0"
587,19.567,bifpn,0+1+2,ebike+driver+passenger,27.985,35.733,0,"ebike:0, driver:0, passenger:0"
587,19.567,yolov8n,1+3+0,bicycle+motorcycle+person,26.906,37.166,1,"bicycle:1, motorcycle:0, person:0"
588,19.600,baseline,0+1+2,ebike+driver+passenger,25.906,38.601,0,"ebike:0, driver:0, passenger:0"
588,19.600,bifpn,0+1+2,ebike+driver+passenger,25.853,38.680,0,"ebike:0, driver:0, passenger:0"
588,19.600,yolov8n,1+3+0,bicycle+motorcycle+person,27.665,36.147,3,"bicycle:1, motorcycle:0, person:2"
589,19.633,baseline,0+1+2,ebike+driver+passenger,27.290,36.644,0,"ebike:0, driver:0, passenger:0"
589,19.633,bifpn,0+1+2,ebike+driver+passenger,27.513,36.347,0,"ebike:0, driver:0, passenger:0"
589,19.633,yolov8n,1+3+0,bicycle+motorcycle+person,29.998,33.335,2,"bicycle:1, motorcycle:0, person:1"
590,19.667,baseline,0+1+2,ebike+driver+passenger,28.207,35.453,1,"ebike:1, driver:0, passenger:0"
590,19.667,bifpn,0+1+2,ebike+driver+passenger,25.244,39.614,0,"ebike:0, driver:0, passenger:0"
590,19.667,yolov8n,1+3+0,bicycle+motorcycle+person,29.567,33.822,3,"bicycle:1, motorcycle:1, person:1"
591,19.700,baseline,0+1+2,ebike+driver+passenger,28.741,34.794,0,"ebike:0, driver:0, passenger:0"
591,19.700,bifpn,0+1+2,ebike+driver+passenger,26.135,38.263,0,"ebike:0, driver:0, passenger:0"
591,19.700,yolov8n,1+3+0,bicycle+motorcycle+person,26.493,37.745,3,"bicycle:1, motorcycle:1, person:1"
592,19.733,baseline,0+1+2,ebike+driver+passenger,26.502,37.733,0,"ebike:0, driver:0, passenger:0"
592,19.733,bifpn,0+1+2,ebike+driver+passenger,27.214,36.746,0,"ebike:0, driver:0, passenger:0"
592,19.733,yolov8n,1+3+0,bicycle+motorcycle+person,28.535,35.045,2,"bicycle:1, motorcycle:0, person:1"
593,19.767,baseline,0+1+2,ebike+driver+passenger,27.892,35.853,0,"ebike:0, driver:0, passenger:0"
593,19.767,bifpn,0+1+2,ebike+driver+passenger,25.716,38.887,0,"ebike:0, driver:0, passenger:0"
593,19.767,yolov8n,1+3+0,bicycle+motorcycle+person,26.256,38.087,3,"bicycle:1, motorcycle:1, person:1"
594,19.800,baseline,0+1+2,ebike+driver+passenger,24.693,40.497,0,"ebike:0, driver:0, passenger:0"
594,19.800,bifpn,0+1+2,ebike+driver+passenger,25.784,38.784,0,"ebike:0, driver:0, passenger:0"
594,19.800,yolov8n,1+3+0,bicycle+motorcycle+person,29.168,34.284,3,"bicycle:1, motorcycle:0, person:2"
595,19.833,baseline,0+1+2,ebike+driver+passenger,25.926,38.571,0,"ebike:0, driver:0, passenger:0"
595,19.833,bifpn,0+1+2,ebike+driver+passenger,28.656,34.897,0,"ebike:0, driver:0, passenger:0"
595,19.833,yolov8n,1+3+0,bicycle+motorcycle+person,28.406,35.204,2,"bicycle:1, motorcycle:0, person:1"
596,19.867,baseline,0+1+2,ebike+driver+passenger,26.995,37.043,0,"ebike:0, driver:0, passenger:0"
596,19.867,bifpn,0+1+2,ebike+driver+passenger,23.723,42.153,0,"ebike:0, driver:0, passenger:0"
596,19.867,yolov8n,1+3+0,bicycle+motorcycle+person,29.391,34.024,2,"bicycle:1, motorcycle:0, person:1"
597,19.900,baseline,0+1+2,ebike+driver+passenger,27.913,35.826,0,"ebike:0, driver:0, passenger:0"
597,19.900,bifpn,0+1+2,ebike+driver+passenger,28.952,34.540,0,"ebike:0, driver:0, passenger:0"
597,19.900,yolov8n,1+3+0,bicycle+motorcycle+person,27.486,36.382,2,"bicycle:1, motorcycle:0, person:1"
598,19.933,baseline,0+1+2,ebike+driver+passenger,26.102,38.311,0,"ebike:0, driver:0, passenger:0"
598,19.933,bifpn,0+1+2,ebike+driver+passenger,27.449,36.431,0,"ebike:0, driver:0, passenger:0"
598,19.933,yolov8n,1+3+0,bicycle+motorcycle+person,28.819,34.699,2,"bicycle:1, motorcycle:0, person:1"
599,19.967,baseline,0+1+2,ebike+driver+passenger,25.453,39.289,0,"ebike:0, driver:0, passenger:0"
599,19.967,bifpn,0+1+2,ebike+driver+passenger,26.230,38.124,0,"ebike:0, driver:0, passenger:0"
599,19.967,yolov8n,1+3+0,bicycle+motorcycle+person,27.896,35.848,2,"bicycle:1, motorcycle:0, person:1"
600,20.000,baseline,0+1+2,ebike+driver+passenger,29.439,33.968,0,"ebike:0, driver:0, passenger:0"
600,20.000,bifpn,0+1+2,ebike+driver+passenger,27.179,36.793,0,"ebike:0, driver:0, passenger:0"
600,20.000,yolov8n,1+3+0,bicycle+motorcycle+person,28.925,34.572,2,"bicycle:1, motorcycle:0, person:1"
601,20.033,baseline,0+1+2,ebike+driver+passenger,27.873,35.877,0,"ebike:0, driver:0, passenger:0"
601,20.033,bifpn,0+1+2,ebike+driver+passenger,26.406,37.871,0,"ebike:0, driver:0, passenger:0"
601,20.033,yolov8n,1+3+0,bicycle+motorcycle+person,28.571,35.001,2,"bicycle:1, motorcycle:0, person:1"
602,20.067,baseline,0+1+2,ebike+driver+passenger,27.023,37.005,0,"ebike:0, driver:0, passenger:0"
602,20.067,bifpn,0+1+2,ebike+driver+passenger,26.567,37.641,0,"ebike:0, driver:0, passenger:0"
602,20.067,yolov8n,1+3+0,bicycle+motorcycle+person,26.793,37.323,2,"bicycle:1, motorcycle:0, person:1"
603,20.100,baseline,0+1+2,ebike+driver+passenger,29.334,34.090,0,"ebike:0, driver:0, passenger:0"
603,20.100,bifpn,0+1+2,ebike+driver+passenger,27.622,36.202,0,"ebike:0, driver:0, passenger:0"
603,20.100,yolov8n,1+3+0,bicycle+motorcycle+person,29.383,34.033,2,"bicycle:1, motorcycle:0, person:1"
604,20.133,baseline,0+1+2,ebike+driver+passenger,31.813,31.434,0,"ebike:0, driver:0, passenger:0"
604,20.133,bifpn,0+1+2,ebike+driver+passenger,27.444,36.437,0,"ebike:0, driver:0, passenger:0"
604,20.133,yolov8n,1+3+0,bicycle+motorcycle+person,29.077,34.392,2,"bicycle:1, motorcycle:0, person:1"
605,20.167,baseline,0+1+2,ebike+driver+passenger,27.989,35.729,0,"ebike:0, driver:0, passenger:0"
605,20.167,bifpn,0+1+2,ebike+driver+passenger,26.178,38.201,0,"ebike:0, driver:0, passenger:0"
605,20.167,yolov8n,1+3+0,bicycle+motorcycle+person,27.306,36.622,2,"bicycle:1, motorcycle:0, person:1"
606,20.200,baseline,0+1+2,ebike+driver+passenger,29.780,33.580,0,"ebike:0, driver:0, passenger:0"
606,20.200,bifpn,0+1+2,ebike+driver+passenger,29.070,34.400,0,"ebike:0, driver:0, passenger:0"
606,20.200,yolov8n,1+3+0,bicycle+motorcycle+person,30.619,32.659,2,"bicycle:1, motorcycle:0, person:1"
607,20.233,baseline,0+1+2,ebike+driver+passenger,27.434,36.451,0,"ebike:0, driver:0, passenger:0"
607,20.233,bifpn,0+1+2,ebike+driver+passenger,28.852,34.660,0,"ebike:0, driver:0, passenger:0"
607,20.233,yolov8n,1+3+0,bicycle+motorcycle+person,27.106,36.892,2,"bicycle:1, motorcycle:0, person:1"
608,20.267,baseline,0+1+2,ebike+driver+passenger,26.830,37.272,0,"ebike:0, driver:0, passenger:0"
608,20.267,bifpn,0+1+2,ebike+driver+passenger,27.855,35.900,0,"ebike:0, driver:0, passenger:0"
608,20.267,yolov8n,1+3+0,bicycle+motorcycle+person,29.344,34.079,2,"bicycle:1, motorcycle:0, person:1"
609,20.300,baseline,0+1+2,ebike+driver+passenger,27.392,36.507,0,"ebike:0, driver:0, passenger:0"
609,20.300,bifpn,0+1+2,ebike+driver+passenger,30.190,33.124,0,"ebike:0, driver:0, passenger:0"
609,20.300,yolov8n,1+3+0,bicycle+motorcycle+person,28.999,34.484,2,"bicycle:1, motorcycle:0, person:1"
610,20.333,baseline,0+1+2,ebike+driver+passenger,28.227,35.427,0,"ebike:0, driver:0, passenger:0"
610,20.333,bifpn,0+1+2,ebike+driver+passenger,27.202,36.762,0,"ebike:0, driver:0, passenger:0"
610,20.333,yolov8n,1+3+0,bicycle+motorcycle+person,29.728,33.638,2,"bicycle:1, motorcycle:0, person:1"
611,20.367,baseline,0+1+2,ebike+driver+passenger,30.145,33.173,0,"ebike:0, driver:0, passenger:0"
611,20.367,bifpn,0+1+2,ebike+driver+passenger,29.482,33.919,0,"ebike:0, driver:0, passenger:0"
611,20.367,yolov8n,1+3+0,bicycle+motorcycle+person,30.436,32.855,2,"bicycle:1, motorcycle:0, person:1"
612,20.400,baseline,0+1+2,ebike+driver+passenger,29.252,34.186,0,"ebike:0, driver:0, passenger:0"
612,20.400,bifpn,0+1+2,ebike+driver+passenger,27.886,35.860,0,"ebike:0, driver:0, passenger:0"
612,20.400,yolov8n,1+3+0,bicycle+motorcycle+person,28.392,35.221,2,"bicycle:1, motorcycle:0, person:1"
613,20.433,baseline,0+1+2,ebike+driver+passenger,29.290,34.141,0,"ebike:0, driver:0, passenger:0"
613,20.433,bifpn,0+1+2,ebike+driver+passenger,28.912,34.588,0,"ebike:0, driver:0, passenger:0"
613,20.433,yolov8n,1+3+0,bicycle+motorcycle+person,29.192,34.255,2,"bicycle:1, motorcycle:0, person:1"
614,20.467,baseline,0+1+2,ebike+driver+passenger,26.653,37.519,0,"ebike:0, driver:0, passenger:0"
614,20.467,bifpn,0+1+2,ebike+driver+passenger,25.979,38.493,0,"ebike:0, driver:0, passenger:0"
614,20.467,yolov8n,1+3+0,bicycle+motorcycle+person,27.597,36.236,2,"bicycle:1, motorcycle:0, person:1"
615,20.500,baseline,0+1+2,ebike+driver+passenger,25.649,38.988,0,"ebike:0, driver:0, passenger:0"
615,20.500,bifpn,0+1+2,ebike+driver+passenger,27.459,36.418,0,"ebike:0, driver:0, passenger:0"
615,20.500,yolov8n,1+3+0,bicycle+motorcycle+person,27.536,36.316,2,"bicycle:1, motorcycle:0, person:1"
616,20.533,baseline,0+1+2,ebike+driver+passenger,28.302,35.334,0,"ebike:0, driver:0, passenger:0"
616,20.533,bifpn,0+1+2,ebike+driver+passenger,27.105,36.894,0,"ebike:0, driver:0, passenger:0"
616,20.533,yolov8n,1+3+0,bicycle+motorcycle+person,29.000,34.482,2,"bicycle:1, motorcycle:0, person:1"
617,20.567,baseline,0+1+2,ebike+driver+passenger,25.350,39.448,0,"ebike:0, driver:0, passenger:0"
617,20.567,bifpn,0+1+2,ebike+driver+passenger,27.793,35.981,0,"ebike:0, driver:0, passenger:0"
617,20.567,yolov8n,1+3+0,bicycle+motorcycle+person,27.679,36.129,2,"bicycle:1, motorcycle:0, person:1"
618,20.600,baseline,0+1+2,ebike+driver+passenger,27.775,36.004,0,"ebike:0, driver:0, passenger:0"
618,20.600,bifpn,0+1+2,ebike+driver+passenger,27.495,36.370,0,"ebike:0, driver:0, passenger:0"
618,20.600,yolov8n,1+3+0,bicycle+motorcycle+person,29.010,34.471,2,"bicycle:1, motorcycle:0, person:1"
619,20.633,baseline,0+1+2,ebike+driver+passenger,29.670,33.704,0,"ebike:0, driver:0, passenger:0"
619,20.633,bifpn,0+1+2,ebike+driver+passenger,26.098,38.317,0,"ebike:0, driver:0, passenger:0"
619,20.633,yolov8n,1+3+0,bicycle+motorcycle+person,26.788,37.330,2,"bicycle:1, motorcycle:0, person:1"
620,20.667,baseline,0+1+2,ebike+driver+passenger,27.123,36.869,0,"ebike:0, driver:0, passenger:0"
620,20.667,bifpn,0+1+2,ebike+driver+passenger,25.325,39.486,0,"ebike:0, driver:0, passenger:0"
620,20.667,yolov8n,1+3+0,bicycle+motorcycle+person,28.758,34.773,2,"bicycle:1, motorcycle:0, person:1"
621,20.700,baseline,0+1+2,ebike+driver+passenger,29.386,34.030,0,"ebike:0, driver:0, passenger:0"
621,20.700,bifpn,0+1+2,ebike+driver+passenger,25.508,39.204,0,"ebike:0, driver:0, passenger:0"
621,20.700,yolov8n,1+3+0,bicycle+motorcycle+person,27.959,35.767,2,"bicycle:1, motorcycle:0, person:1"
622,20.733,baseline,0+1+2,ebike+driver+passenger,27.390,36.510,0,"ebike:0, driver:0, passenger:0"
622,20.733,bifpn,0+1+2,ebike+driver+passenger,28.545,35.033,0,"ebike:0, driver:0, passenger:0"
622,20.733,yolov8n,1+3+0,bicycle+motorcycle+person,29.415,33.997,2,"bicycle:1, motorcycle:0, person:1"
623,20.767,baseline,0+1+2,ebike+driver+passenger,28.185,35.480,0,"ebike:0, driver:0, passenger:0"
623,20.767,bifpn,0+1+2,ebike+driver+passenger,26.841,37.256,0,"ebike:0, driver:0, passenger:0"
623,20.767,yolov8n,1+3+0,bicycle+motorcycle+person,26.137,38.260,2,"bicycle:1, motorcycle:0, person:1"
624,20.800,baseline,0+1+2,ebike+driver+passenger,25.144,39.770,0,"ebike:0, driver:0, passenger:0"
624,20.800,bifpn,0+1+2,ebike+driver+passenger,24.582,40.681,0,"ebike:0, driver:0, passenger:0"
624,20.800,yolov8n,1+3+0,bicycle+motorcycle+person,28.449,35.150,2,"bicycle:1, motorcycle:0, person:1"
625,20.833,baseline,0+1+2,ebike+driver+passenger,26.426,37.841,0,"ebike:0, driver:0, passenger:0"
625,20.833,bifpn,0+1+2,ebike+driver+passenger,28.033,35.672,0,"ebike:0, driver:0, passenger:0"
625,20.833,yolov8n,1+3+0,bicycle+motorcycle+person,27.098,36.903,2,"bicycle:1, motorcycle:0, person:1"
626,20.867,baseline,0+1+2,ebike+driver+passenger,26.663,37.505,0,"ebike:0, driver:0, passenger:0"
626,20.867,bifpn,0+1+2,ebike+driver+passenger,26.722,37.422,0,"ebike:0, driver:0, passenger:0"
626,20.867,yolov8n,1+3+0,bicycle+motorcycle+person,27.950,35.778,2,"bicycle:1, motorcycle:0, person:1"
627,20.900,baseline,0+1+2,ebike+driver+passenger,25.283,39.552,0,"ebike:0, driver:0, passenger:0"
627,20.900,bifpn,0+1+2,ebike+driver+passenger,25.171,39.728,0,"ebike:0, driver:0, passenger:0"
627,20.900,yolov8n,1+3+0,bicycle+motorcycle+person,27.720,36.075,3,"bicycle:1, motorcycle:0, person:2"
628,20.933,baseline,0+1+2,ebike+driver+passenger,26.245,38.103,0,"ebike:0, driver:0, passenger:0"
628,20.933,bifpn,0+1+2,ebike+driver+passenger,26.303,38.018,0,"ebike:0, driver:0, passenger:0"
628,20.933,yolov8n,1+3+0,bicycle+motorcycle+person,25.930,38.566,2,"bicycle:1, motorcycle:0, person:1"
629,20.967,baseline,0+1+2,ebike+driver+passenger,26.583,37.618,0,"ebike:0, driver:0, passenger:0"
629,20.967,bifpn,0+1+2,ebike+driver+passenger,28.042,35.660,0,"ebike:0, driver:0, passenger:0"
629,20.967,yolov8n,1+3+0,bicycle+motorcycle+person,28.450,35.149,2,"bicycle:1, motorcycle:0, person:1"
630,21.000,baseline,0+1+2,ebike+driver+passenger,27.290,36.644,0,"ebike:0, driver:0, passenger:0"
630,21.000,bifpn,0+1+2,ebike+driver+passenger,28.427,35.178,0,"ebike:0, driver:0, passenger:0"
630,21.000,yolov8n,1+3+0,bicycle+motorcycle+person,27.677,36.131,2,"bicycle:1, motorcycle:0, person:1"
631,21.033,baseline,0+1+2,ebike+driver+passenger,25.781,38.788,0,"ebike:0, driver:0, passenger:0"
631,21.033,bifpn,0+1+2,ebike+driver+passenger,26.916,37.152,0,"ebike:0, driver:0, passenger:0"
631,21.033,yolov8n,1+3+0,bicycle+motorcycle+person,28.722,34.817,2,"bicycle:1, motorcycle:0, person:1"
632,21.067,baseline,0+1+2,ebike+driver+passenger,27.775,36.003,0,"ebike:0, driver:0, passenger:0"
632,21.067,bifpn,0+1+2,ebike+driver+passenger,25.551,39.137,0,"ebike:0, driver:0, passenger:0"
632,21.067,yolov8n,1+3+0,bicycle+motorcycle+person,25.380,39.400,2,"bicycle:1, motorcycle:0, person:1"
633,21.100,baseline,0+1+2,ebike+driver+passenger,25.486,39.237,0,"ebike:0, driver:0, passenger:0"
633,21.100,bifpn,0+1+2,ebike+driver+passenger,24.896,40.166,0,"ebike:0, driver:0, passenger:0"
633,21.100,yolov8n,1+3+0,bicycle+motorcycle+person,28.222,35.433,2,"bicycle:1, motorcycle:0, person:1"
634,21.133,baseline,0+1+2,ebike+driver+passenger,27.011,37.022,0,"ebike:0, driver:0, passenger:0"
634,21.133,bifpn,0+1+2,ebike+driver+passenger,25.250,39.604,0,"ebike:0, driver:0, passenger:0"
634,21.133,yolov8n,1+3+0,bicycle+motorcycle+person,28.899,34.603,2,"bicycle:1, motorcycle:0, person:1"
635,21.167,baseline,0+1+2,ebike+driver+passenger,29.182,34.268,0,"ebike:0, driver:0, passenger:0"
635,21.167,bifpn,0+1+2,ebike+driver+passenger,25.395,39.377,0,"ebike:0, driver:0, passenger:0"
635,21.167,yolov8n,1+3+0,bicycle+motorcycle+person,28.484,35.108,2,"bicycle:1, motorcycle:0, person:1"
636,21.200,baseline,0+1+2,ebike+driver+passenger,26.483,37.760,0,"ebike:0, driver:0, passenger:0"
636,21.200,bifpn,0+1+2,ebike+driver+passenger,26.381,37.906,0,"ebike:0, driver:0, passenger:0"
636,21.200,yolov8n,1+3+0,bicycle+motorcycle+person,27.370,36.536,2,"bicycle:1, motorcycle:0, person:1"
637,21.233,baseline,0+1+2,ebike+driver+passenger,29.952,33.387,0,"ebike:0, driver:0, passenger:0"
637,21.233,bifpn,0+1+2,ebike+driver+passenger,26.575,37.629,0,"ebike:0, driver:0, passenger:0"
637,21.233,yolov8n,1+3+0,bicycle+motorcycle+person,28.677,34.871,2,"bicycle:1, motorcycle:0, person:1"
638,21.267,baseline,0+1+2,ebike+driver+passenger,28.420,35.187,0,"ebike:0, driver:0, passenger:0"
638,21.267,bifpn,0+1+2,ebike+driver+passenger,27.601,36.230,0,"ebike:0, driver:0, passenger:0"
638,21.267,yolov8n,1+3+0,bicycle+motorcycle+person,27.647,36.170,2,"bicycle:1, motorcycle:0, person:1"
639,21.300,baseline,0+1+2,ebike+driver+passenger,26.085,38.336,0,"ebike:0, driver:0, passenger:0"
639,21.300,bifpn,0+1+2,ebike+driver+passenger,28.047,35.654,0,"ebike:0, driver:0, passenger:0"
639,21.300,yolov8n,1+3+0,bicycle+motorcycle+person,29.590,33.795,2,"bicycle:1, motorcycle:0, person:1"
640,21.333,baseline,0+1+2,ebike+driver+passenger,29.006,34.476,0,"ebike:0, driver:0, passenger:0"
640,21.333,bifpn,0+1+2,ebike+driver+passenger,23.957,41.741,0,"ebike:0, driver:0, passenger:0"
640,21.333,yolov8n,1+3+0,bicycle+motorcycle+person,26.518,37.711,2,"bicycle:1, motorcycle:0, person:1"
641,21.367,baseline,0+1+2,ebike+driver+passenger,26.235,38.117,0,"ebike:0, driver:0, passenger:0"
641,21.367,bifpn,0+1+2,ebike+driver+passenger,27.084,36.922,0,"ebike:0, driver:0, passenger:0"
641,21.367,yolov8n,1+3+0,bicycle+motorcycle+person,28.025,35.683,2,"bicycle:1, motorcycle:0, person:1"
642,21.400,baseline,0+1+2,ebike+driver+passenger,28.387,35.228,0,"ebike:0, driver:0, passenger:0"
642,21.400,bifpn,0+1+2,ebike+driver+passenger,29.705,33.664,0,"ebike:0, driver:0, passenger:0"
642,21.400,yolov8n,1+3+0,bicycle+motorcycle+person,30.535,32.750,2,"bicycle:1, motorcycle:0, person:1"
643,21.433,baseline,0+1+2,ebike+driver+passenger,28.391,35.223,0,"ebike:0, driver:0, passenger:0"
643,21.433,bifpn,0+1+2,ebike+driver+passenger,25.812,38.742,0,"ebike:0, driver:0, passenger:0"
643,21.433,yolov8n,1+3+0,bicycle+motorcycle+person,27.703,36.097,2,"bicycle:1, motorcycle:0, person:1"
644,21.467,baseline,0+1+2,ebike+driver+passenger,26.888,37.192,0,"ebike:0, driver:0, passenger:0"
644,21.467,bifpn,0+1+2,ebike+driver+passenger,27.722,36.073,0,"ebike:0, driver:0, passenger:0"
644,21.467,yolov8n,1+3+0,bicycle+motorcycle+person,27.223,36.733,2,"bicycle:1, motorcycle:0, person:1"
645,21.500,baseline,0+1+2,ebike+driver+passenger,27.246,36.702,0,"ebike:0, driver:0, passenger:0"
645,21.500,bifpn,0+1+2,ebike+driver+passenger,26.847,37.249,0,"ebike:0, driver:0, passenger:0"
645,21.500,yolov8n,1+3+0,bicycle+motorcycle+person,29.978,33.358,2,"bicycle:1, motorcycle:0, person:1"
646,21.533,baseline,0+1+2,ebike+driver+passenger,26.751,37.381,0,"ebike:0, driver:0, passenger:0"
646,21.533,bifpn,0+1+2,ebike+driver+passenger,29.290,34.142,0,"ebike:0, driver:0, passenger:0"
646,21.533,yolov8n,1+3+0,bicycle+motorcycle+person,29.963,33.374,2,"bicycle:1, motorcycle:0, person:1"
647,21.567,baseline,0+1+2,ebike+driver+passenger,27.178,36.795,0,"ebike:0, driver:0, passenger:0"
647,21.567,bifpn,0+1+2,ebike+driver+passenger,27.651,36.166,0,"ebike:0, driver:0, passenger:0"
647,21.567,yolov8n,1+3+0,bicycle+motorcycle+person,26.723,37.421,2,"bicycle:1, motorcycle:0, person:1"
648,21.600,baseline,0+1+2,ebike+driver+passenger,29.118,34.342,0,"ebike:0, driver:0, passenger:0"
648,21.600,bifpn,0+1+2,ebike+driver+passenger,28.327,35.302,0,"ebike:0, driver:0, passenger:0"
648,21.600,yolov8n,1+3+0,bicycle+motorcycle+person,28.546,35.031,2,"bicycle:1, motorcycle:0, person:1"
649,21.633,baseline,0+1+2,ebike+driver+passenger,29.117,34.344,0,"ebike:0, driver:0, passenger:0"
649,21.633,bifpn,0+1+2,ebike+driver+passenger,26.494,37.744,0,"ebike:0, driver:0, passenger:0"
649,21.633,yolov8n,1+3+0,bicycle+motorcycle+person,26.727,37.415,2,"bicycle:1, motorcycle:0, person:1"
650,21.667,baseline,0+1+2,ebike+driver+passenger,28.439,35.163,0,"ebike:0, driver:0, passenger:0"
650,21.667,bifpn,0+1+2,ebike+driver+passenger,29.823,33.531,0,"ebike:0, driver:0, passenger:0"
650,21.667,yolov8n,1+3+0,bicycle+motorcycle+person,28.169,35.500,2,"bicycle:1, motorcycle:0, person:1"
651,21.700,baseline,0+1+2,ebike+driver+passenger,28.245,35.405,0,"ebike:0, driver:0, passenger:0"
651,21.700,bifpn,0+1+2,ebike+driver+passenger,29.677,33.697,0,"ebike:0, driver:0, passenger:0"
651,21.700,yolov8n,1+3+0,bicycle+motorcycle+person,30.018,33.314,2,"bicycle:1, motorcycle:0, person:1"
652,21.733,baseline,0+1+2,ebike+driver+passenger,29.659,33.717,0,"ebike:0, driver:0, passenger:0"
652,21.733,bifpn,0+1+2,ebike+driver+passenger,26.262,38.077,0,"ebike:0, driver:0, passenger:0"
652,21.733,yolov8n,1+3+0,bicycle+motorcycle+person,26.942,37.117,2,"bicycle:1, motorcycle:0, person:1"
653,21.767,baseline,0+1+2,ebike+driver+passenger,28.502,35.085,0,"ebike:0, driver:0, passenger:0"
653,21.767,bifpn,0+1+2,ebike+driver+passenger,24.859,40.226,0,"ebike:0, driver:0, passenger:0"
653,21.767,yolov8n,1+3+0,bicycle+motorcycle+person,29.689,33.683,2,"bicycle:1, motorcycle:0, person:1"
654,21.800,baseline,0+1+2,ebike+driver+passenger,28.291,35.347,0,"ebike:0, driver:0, passenger:0"
654,21.800,bifpn,0+1+2,ebike+driver+passenger,25.081,39.871,0,"ebike:0, driver:0, passenger:0"
654,21.800,yolov8n,1+3+0,bicycle+motorcycle+person,28.074,35.620,2,"bicycle:1, motorcycle:0, person:1"
655,21.833,baseline,0+1+2,ebike+driver+passenger,28.668,34.882,0,"ebike:0, driver:0, passenger:0"
655,21.833,bifpn,0+1+2,ebike+driver+passenger,28.122,35.559,0,"ebike:0, driver:0, passenger:0"
655,21.833,yolov8n,1+3+0,bicycle+motorcycle+person,31.070,32.185,2,"bicycle:1, motorcycle:0, person:1"
656,21.867,baseline,0+1+2,ebike+driver+passenger,28.858,34.653,0,"ebike:0, driver:0, passenger:0"
656,21.867,bifpn,0+1+2,ebike+driver+passenger,27.006,37.029,0,"ebike:0, driver:0, passenger:0"
656,21.867,yolov8n,1+3+0,bicycle+motorcycle+person,27.938,35.794,2,"bicycle:1, motorcycle:0, person:1"
657,21.900,baseline,0+1+2,ebike+driver+passenger,27.650,36.167,0,"ebike:0, driver:0, passenger:0"
657,21.900,bifpn,0+1+2,ebike+driver+passenger,27.446,36.435,0,"ebike:0, driver:0, passenger:0"
657,21.900,yolov8n,1+3+0,bicycle+motorcycle+person,27.892,35.853,2,"bicycle:1, motorcycle:0, person:1"
658,21.933,baseline,0+1+2,ebike+driver+passenger,28.587,34.981,0,"ebike:0, driver:0, passenger:0"
658,21.933,bifpn,0+1+2,ebike+driver+passenger,29.303,34.126,0,"ebike:0, driver:0, passenger:0"
658,21.933,yolov8n,1+3+0,bicycle+motorcycle+person,29.661,33.714,2,"bicycle:1, motorcycle:0, person:1"
659,21.967,baseline,0+1+2,ebike+driver+passenger,27.895,35.849,0,"ebike:0, driver:0, passenger:0"
659,21.967,bifpn,0+1+2,ebike+driver+passenger,29.160,34.293,0,"ebike:0, driver:0, passenger:0"
659,21.967,yolov8n,1+3+0,bicycle+motorcycle+person,28.291,35.347,2,"bicycle:1, motorcycle:0, person:1"
660,22.000,baseline,0+1+2,ebike+driver+passenger,31.989,31.261,0,"ebike:0, driver:0, passenger:0"
660,22.000,bifpn,0+1+2,ebike+driver+passenger,32.077,31.175,0,"ebike:0, driver:0, passenger:0"
660,22.000,yolov8n,1+3+0,bicycle+motorcycle+person,28.944,34.549,2,"bicycle:1, motorcycle:0, person:1"
661,22.033,baseline,0+1+2,ebike+driver+passenger,27.380,36.523,0,"ebike:0, driver:0, passenger:0"
661,22.033,bifpn,0+1+2,ebike+driver+passenger,26.777,37.346,0,"ebike:0, driver:0, passenger:0"
661,22.033,yolov8n,1+3+0,bicycle+motorcycle+person,28.479,35.113,2,"bicycle:1, motorcycle:0, person:1"
662,22.067,baseline,0+1+2,ebike+driver+passenger,25.923,38.576,0,"ebike:0, driver:0, passenger:0"
662,22.067,bifpn,0+1+2,ebike+driver+passenger,26.757,37.373,0,"ebike:0, driver:0, passenger:0"
662,22.067,yolov8n,1+3+0,bicycle+motorcycle+person,30.087,33.236,2,"bicycle:1, motorcycle:0, person:1"
663,22.100,baseline,0+1+2,ebike+driver+passenger,28.412,35.196,0,"ebike:0, driver:0, passenger:0"
663,22.100,bifpn,0+1+2,ebike+driver+passenger,28.168,35.501,0,"ebike:0, driver:0, passenger:0"
663,22.100,yolov8n,1+3+0,bicycle+motorcycle+person,28.003,35.710,2,"bicycle:1, motorcycle:0, person:1"
664,22.133,baseline,0+1+2,ebike+driver+passenger,28.199,35.462,0,"ebike:0, driver:0, passenger:0"
664,22.133,bifpn,0+1+2,ebike+driver+passenger,27.683,36.123,0,"ebike:0, driver:0, passenger:0"
664,22.133,yolov8n,1+3+0,bicycle+motorcycle+person,28.094,35.595,2,"bicycle:1, motorcycle:0, person:1"
665,22.167,baseline,0+1+2,ebike+driver+passenger,29.402,34.011,0,"ebike:0, driver:0, passenger:0"
665,22.167,bifpn,0+1+2,ebike+driver+passenger,27.047,36.972,0,"ebike:0, driver:0, passenger:0"
665,22.167,yolov8n,1+3+0,bicycle+motorcycle+person,29.573,33.814,2,"bicycle:1, motorcycle:0, person:1"
666,22.200,baseline,0+1+2,ebike+driver+passenger,26.360,37.936,0,"ebike:0, driver:0, passenger:0"
666,22.200,bifpn,0+1+2,ebike+driver+passenger,25.525,39.177,0,"ebike:0, driver:0, passenger:0"
666,22.200,yolov8n,1+3+0,bicycle+motorcycle+person,30.582,32.699,2,"bicycle:1, motorcycle:0, person:1"
667,22.233,baseline,0+1+2,ebike+driver+passenger,27.374,36.530,0,"ebike:0, driver:0, passenger:0"
667,22.233,bifpn,0+1+2,ebike+driver+passenger,28.246,35.403,0,"ebike:0, driver:0, passenger:0"
667,22.233,yolov8n,1+3+0,bicycle+motorcycle+person,28.865,34.644,2,"bicycle:1, motorcycle:0, person:1"
668,22.267,baseline,0+1+2,ebike+driver+passenger,27.893,35.851,0,"ebike:0, driver:0, passenger:0"
668,22.267,bifpn,0+1+2,ebike+driver+passenger,27.630,36.192,0,"ebike:0, driver:0, passenger:0"
668,22.267,yolov8n,1+3+0,bicycle+motorcycle+person,28.969,34.519,2,"bicycle:1, motorcycle:0, person:1"
669,22.300,baseline,0+1+2,ebike+driver+passenger,27.638,36.182,0,"ebike:0, driver:0, passenger:0"
669,22.300,bifpn,0+1+2,ebike+driver+passenger,25.390,39.386,0,"ebike:0, driver:0, passenger:0"
669,22.300,yolov8n,1+3+0,bicycle+motorcycle+person,29.031,34.446,2,"bicycle:1, motorcycle:0, person:1"
670,22.333,baseline,0+1+2,ebike+driver+passenger,30.079,33.245,0,"ebike:0, driver:0, passenger:0"
670,22.333,bifpn,0+1+2,ebike+driver+passenger,27.313,36.612,0,"ebike:0, driver:0, passenger:0"
670,22.333,yolov8n,1+3+0,bicycle+motorcycle+person,28.255,35.392,2,"bicycle:1, motorcycle:0, person:1"
671,22.367,baseline,0+1+2,ebike+driver+passenger,25.319,39.496,0,"ebike:0, driver:0, passenger:0"
671,22.367,bifpn,0+1+2,ebike+driver+passenger,26.900,37.174,0,"ebike:0, driver:0, passenger:0"
671,22.367,yolov8n,1+3+0,bicycle+motorcycle+person,26.960,37.092,2,"bicycle:1, motorcycle:0, person:1"
672,22.400,baseline,0+1+2,ebike+driver+passenger,25.714,38.889,0,"ebike:0, driver:0, passenger:0"
672,22.400,bifpn,0+1+2,ebike+driver+passenger,25.584,39.087,0,"ebike:0, driver:0, passenger:0"
672,22.400,yolov8n,1+3+0,bicycle+motorcycle+person,28.167,35.503,2,"bicycle:1, motorcycle:0, person:1"
673,22.433,baseline,0+1+2,ebike+driver+passenger,27.009,37.024,0,"ebike:0, driver:0, passenger:0"
673,22.433,bifpn,0+1+2,ebike+driver+passenger,26.232,38.122,0,"ebike:0, driver:0, passenger:0"
673,22.433,yolov8n,1+3+0,bicycle+motorcycle+person,27.284,36.652,2,"bicycle:1, motorcycle:0, person:1"
674,22.467,baseline,0+1+2,ebike+driver+passenger,26.908,37.164,0,"ebike:0, driver:0, passenger:0"
674,22.467,bifpn,0+1+2,ebike+driver+passenger,25.096,39.847,0,"ebike:0, driver:0, passenger:0"
674,22.467,yolov8n,1+3+0,bicycle+motorcycle+person,27.261,36.682,2,"bicycle:1, motorcycle:0, person:1"
675,22.500,baseline,0+1+2,ebike+driver+passenger,26.802,37.311,0,"ebike:0, driver:0, passenger:0"
675,22.500,bifpn,0+1+2,ebike+driver+passenger,26.826,37.277,0,"ebike:0, driver:0, passenger:0"
675,22.500,yolov8n,1+3+0,bicycle+motorcycle+person,32.299,30.960,2,"bicycle:1, motorcycle:0, person:1"
676,22.533,baseline,0+1+2,ebike+driver+passenger,24.540,40.749,0,"ebike:0, driver:0, passenger:0"
676,22.533,bifpn,0+1+2,ebike+driver+passenger,26.410,37.864,0,"ebike:0, driver:0, passenger:0"
676,22.533,yolov8n,1+3+0,bicycle+motorcycle+person,25.417,39.344,2,"bicycle:1, motorcycle:0, person:1"
677,22.567,baseline,0+1+2,ebike+driver+passenger,28.971,34.517,0,"ebike:0, driver:0, passenger:0"
677,22.567,bifpn,0+1+2,ebike+driver+passenger,26.845,37.251,0,"ebike:0, driver:0, passenger:0"
677,22.567,yolov8n,1+3+0,bicycle+motorcycle+person,28.483,35.108,2,"bicycle:1, motorcycle:0, person:1"
678,22.600,baseline,0+1+2,ebike+driver+passenger,28.490,35.100,0,"ebike:0, driver:0, passenger:0"
678,22.600,bifpn,0+1+2,ebike+driver+passenger,28.056,35.643,0,"ebike:0, driver:0, passenger:0"
678,22.600,yolov8n,1+3+0,bicycle+motorcycle+person,27.933,35.800,2,"bicycle:1, motorcycle:0, person:1"
679,22.633,baseline,0+1+2,ebike+driver+passenger,25.068,39.891,0,"ebike:0, driver:0, passenger:0"
679,22.633,bifpn,0+1+2,ebike+driver+passenger,26.176,38.202,0,"ebike:0, driver:0, passenger:0"
679,22.633,yolov8n,1+3+0,bicycle+motorcycle+person,29.457,33.948,2,"bicycle:1, motorcycle:0, person:1"
680,22.667,baseline,0+1+2,ebike+driver+passenger,26.376,37.913,0,"ebike:0, driver:0, passenger:0"
680,22.667,bifpn,0+1+2,ebike+driver+passenger,26.695,37.460,0,"ebike:0, driver:0, passenger:0"
680,22.667,yolov8n,1+3+0,bicycle+motorcycle+person,27.156,36.825,2,"bicycle:1, motorcycle:0, person:1"
681,22.700,baseline,0+1+2,ebike+driver+passenger,29.073,34.396,0,"ebike:0, driver:0, passenger:0"
681,22.700,bifpn,0+1+2,ebike+driver+passenger,28.529,35.052,0,"ebike:0, driver:0, passenger:0"
681,22.700,yolov8n,1+3+0,bicycle+motorcycle+person,30.220,33.091,2,"bicycle:1, motorcycle:0, person:1"
682,22.733,baseline,0+1+2,ebike+driver+passenger,27.392,36.507,0,"ebike:0, driver:0, passenger:0"
682,22.733,bifpn,0+1+2,ebike+driver+passenger,26.881,37.201,0,"ebike:0, driver:0, passenger:0"
682,22.733,yolov8n,1+3+0,bicycle+motorcycle+person,29.637,33.741,2,"bicycle:1, motorcycle:0, person:1"
683,22.767,baseline,0+1+2,ebike+driver+passenger,27.900,35.843,0,"ebike:0, driver:0, passenger:0"
683,22.767,bifpn,0+1+2,ebike+driver+passenger,29.467,33.937,0,"ebike:0, driver:0, passenger:0"
683,22.767,yolov8n,1+3+0,bicycle+motorcycle+person,29.232,34.209,2,"bicycle:1, motorcycle:0, person:1"
684,22.800,baseline,0+1+2,ebike+driver+passenger,25.952,38.533,0,"ebike:0, driver:0, passenger:0"
684,22.800,bifpn,0+1+2,ebike+driver+passenger,26.360,37.936,0,"ebike:0, driver:0, passenger:0"
684,22.800,yolov8n,1+3+0,bicycle+motorcycle+person,29.414,33.998,2,"bicycle:1, motorcycle:0, person:1"
685,22.833,baseline,0+1+2,ebike+driver+passenger,25.365,39.425,0,"ebike:0, driver:0, passenger:0"
685,22.833,bifpn,0+1+2,ebike+driver+passenger,25.431,39.323,0,"ebike:0, driver:0, passenger:0"
685,22.833,yolov8n,1+3+0,bicycle+motorcycle+person,26.436,37.827,2,"bicycle:1, motorcycle:0, person:1"
686,22.867,baseline,0+1+2,ebike+driver+passenger,26.438,37.824,0,"ebike:0, driver:0, passenger:0"
686,22.867,bifpn,0+1+2,ebike+driver+passenger,26.292,38.034,0,"ebike:0, driver:0, passenger:0"
686,22.867,yolov8n,1+3+0,bicycle+motorcycle+person,28.845,34.669,3,"bicycle:2, motorcycle:0, person:1"
687,22.900,baseline,0+1+2,ebike+driver+passenger,25.280,39.556,0,"ebike:0, driver:0, passenger:0"
687,22.900,bifpn,0+1+2,ebike+driver+passenger,24.898,40.164,0,"ebike:0, driver:0, passenger:0"
687,22.900,yolov8n,1+3+0,bicycle+motorcycle+person,27.443,36.439,3,"bicycle:2, motorcycle:0, person:1"
688,22.933,baseline,0+1+2,ebike+driver+passenger,28.046,35.655,0,"ebike:0, driver:0, passenger:0"
688,22.933,bifpn,0+1+2,ebike+driver+passenger,27.404,36.492,0,"ebike:0, driver:0, passenger:0"
688,22.933,yolov8n,1+3+0,bicycle+motorcycle+person,29.909,33.435,2,"bicycle:1, motorcycle:0, person:1"
689,22.967,baseline,0+1+2,ebike+driver+passenger,28.499,35.089,0,"ebike:0, driver:0, passenger:0"
689,22.967,bifpn,0+1+2,ebike+driver+passenger,28.235,35.417,0,"ebike:0, driver:0, passenger:0"
689,22.967,yolov8n,1+3+0,bicycle+motorcycle+person,31.530,31.716,2,"bicycle:1, motorcycle:0, person:1"
690,23.000,baseline,0+1+2,ebike+driver+passenger,28.774,34.753,0,"ebike:0, driver:0, passenger:0"
690,23.000,bifpn,0+1+2,ebike+driver+passenger,25.744,38.845,0,"ebike:0, driver:0, passenger:0"
690,23.000,yolov8n,1+3+0,bicycle+motorcycle+person,27.240,36.711,2,"bicycle:1, motorcycle:0, person:1"
691,23.033,baseline,0+1+2,ebike+driver+passenger,29.872,33.476,0,"ebike:0, driver:0, passenger:0"
691,23.033,bifpn,0+1+2,ebike+driver+passenger,28.338,35.289,0,"ebike:0, driver:0, passenger:0"
691,23.033,yolov8n,1+3+0,bicycle+motorcycle+person,30.134,33.185,2,"bicycle:1, motorcycle:0, person:1"
692,23.067,baseline,0+1+2,ebike+driver+passenger,29.016,34.464,0,"ebike:0, driver:0, passenger:0"
692,23.067,bifpn,0+1+2,ebike+driver+passenger,26.392,37.891,0,"ebike:0, driver:0, passenger:0"
692,23.067,yolov8n,1+3+0,bicycle+motorcycle+person,28.984,34.502,2,"bicycle:1, motorcycle:0, person:1"
693,23.100,baseline,0+1+2,ebike+driver+passenger,28.599,34.967,0,"ebike:0, driver:0, passenger:0"
693,23.100,bifpn,0+1+2,ebike+driver+passenger,27.455,36.424,0,"ebike:0, driver:0, passenger:0"
693,23.100,yolov8n,1+3+0,bicycle+motorcycle+person,29.606,33.777,2,"bicycle:1, motorcycle:0, person:1"
694,23.133,baseline,0+1+2,ebike+driver+passenger,27.961,35.764,0,"ebike:0, driver:0, passenger:0"
694,23.133,bifpn,0+1+2,ebike+driver+passenger,25.807,38.749,0,"ebike:0, driver:0, passenger:0"
694,23.133,yolov8n,1+3+0,bicycle+motorcycle+person,28.794,34.729,2,"bicycle:1, motorcycle:0, person:1"
695,23.167,baseline,0+1+2,ebike+driver+passenger,28.616,34.945,0,"ebike:0, driver:0, passenger:0"
695,23.167,bifpn,0+1+2,ebike+driver+passenger,28.798,34.725,0,"ebike:0, driver:0, passenger:0"
695,23.167,yolov8n,1+3+0,bicycle+motorcycle+person,29.281,34.152,2,"bicycle:1, motorcycle:0, person:1"
696,23.200,baseline,0+1+2,ebike+driver+passenger,28.205,35.454,0,"ebike:0, driver:0, passenger:0"
696,23.200,bifpn,0+1+2,ebike+driver+passenger,27.130,36.860,0,"ebike:0, driver:0, passenger:0"
696,23.200,yolov8n,1+3+0,bicycle+motorcycle+person,29.085,34.382,2,"bicycle:1, motorcycle:0, person:1"
697,23.233,baseline,0+1+2,ebike+driver+passenger,28.461,35.136,0,"ebike:0, driver:0, passenger:0"
697,23.233,bifpn,0+1+2,ebike+driver+passenger,31.381,31.866,0,"ebike:0, driver:0, passenger:0"
697,23.233,yolov8n,1+3+0,bicycle+motorcycle+person,30.728,32.544,2,"bicycle:1, motorcycle:0, person:1"
698,23.267,baseline,0+1+2,ebike+driver+passenger,26.828,37.275,0,"ebike:0, driver:0, passenger:0"
698,23.267,bifpn,0+1+2,ebike+driver+passenger,27.445,36.437,0,"ebike:0, driver:0, passenger:0"
698,23.267,yolov8n,1+3+0,bicycle+motorcycle+person,29.244,34.195,2,"bicycle:1, motorcycle:0, person:1"
699,23.300,baseline,0+1+2,ebike+driver+passenger,28.019,35.690,0,"ebike:0, driver:0, passenger:0"
699,23.300,bifpn,0+1+2,ebike+driver+passenger,26.679,37.482,0,"ebike:0, driver:0, passenger:0"
699,23.300,yolov8n,1+3+0,bicycle+motorcycle+person,28.923,34.575,2,"bicycle:1, motorcycle:0, person:1"
700,23.333,baseline,0+1+2,ebike+driver+passenger,28.143,35.533,0,"ebike:0, driver:0, passenger:0"
700,23.333,bifpn,0+1+2,ebike+driver+passenger,26.337,37.969,0,"ebike:0, driver:0, passenger:0"
700,23.333,yolov8n,1+3+0,bicycle+motorcycle+person,27.307,36.621,2,"bicycle:1, motorcycle:0, person:1"
701,23.367,baseline,0+1+2,ebike+driver+passenger,30.964,32.295,0,"ebike:0, driver:0, passenger:0"
701,23.367,bifpn,0+1+2,ebike+driver+passenger,28.940,34.554,0,"ebike:0, driver:0, passenger:0"
701,23.367,yolov8n,1+3+0,bicycle+motorcycle+person,29.000,34.482,3,"bicycle:2, motorcycle:0, person:1"
702,23.400,baseline,0+1+2,ebike+driver+passenger,28.794,34.730,0,"ebike:0, driver:0, passenger:0"
702,23.400,bifpn,0+1+2,ebike+driver+passenger,25.617,39.037,0,"ebike:0, driver:0, passenger:0"
702,23.400,yolov8n,1+3+0,bicycle+motorcycle+person,25.944,38.544,2,"bicycle:1, motorcycle:0, person:1"
703,23.433,baseline,0+1+2,ebike+driver+passenger,27.823,35.942,0,"ebike:0, driver:0, passenger:0"
703,23.433,bifpn,0+1+2,ebike+driver+passenger,26.257,38.084,0,"ebike:0, driver:0, passenger:0"
703,23.433,yolov8n,1+3+0,bicycle+motorcycle+person,26.944,37.115,2,"bicycle:1, motorcycle:0, person:1"
704,23.467,baseline,0+1+2,ebike+driver+passenger,27.770,36.011,0,"ebike:0, driver:0, passenger:0"
704,23.467,bifpn,0+1+2,ebike+driver+passenger,27.996,35.720,0,"ebike:0, driver:0, passenger:0"
704,23.467,yolov8n,1+3+0,bicycle+motorcycle+person,27.691,36.112,3,"bicycle:2, motorcycle:0, person:1"
705,23.500,baseline,0+1+2,ebike+driver+passenger,30.307,32.995,0,"ebike:0, driver:0, passenger:0"
705,23.500,bifpn,0+1+2,ebike+driver+passenger,28.148,35.527,0,"ebike:0, driver:0, passenger:0"
705,23.500,yolov8n,1+3+0,bicycle+motorcycle+person,28.609,34.954,2,"bicycle:1, motorcycle:0, person:1"
706,23.533,baseline,0+1+2,ebike+driver+passenger,29.729,33.637,0,"ebike:0, driver:0, passenger:0"
706,23.533,bifpn,0+1+2,ebike+driver+passenger,27.962,35.763,0,"ebike:0, driver:0, passenger:0"
706,23.533,yolov8n,1+3+0,bicycle+motorcycle+person,28.844,34.670,4,"bicycle:3, motorcycle:0, person:1"
707,23.567,baseline,0+1+2,ebike+driver+passenger,26.118,38.288,0,"ebike:0, driver:0, passenger:0"
707,23.567,bifpn,0+1+2,ebike+driver+passenger,26.764,37.363,0,"ebike:0, driver:0, passenger:0"
707,23.567,yolov8n,1+3+0,bicycle+motorcycle+person,25.957,38.526,2,"bicycle:1, motorcycle:0, person:1"
708,23.600,baseline,0+1+2,ebike+driver+passenger,27.420,36.469,0,"ebike:0, driver:0, passenger:0"
708,23.600,bifpn,0+1+2,ebike+driver+passenger,27.207,36.756,0,"ebike:0, driver:0, passenger:0"
708,23.600,yolov8n,1+3+0,bicycle+motorcycle+person,27.067,36.946,2,"bicycle:1, motorcycle:0, person:1"
709,23.633,baseline,0+1+2,ebike+driver+passenger,25.513,39.195,0,"ebike:0, driver:0, passenger:0"
709,23.633,bifpn,0+1+2,ebike+driver+passenger,25.047,39.925,0,"ebike:0, driver:0, passenger:0"
709,23.633,yolov8n,1+3+0,bicycle+motorcycle+person,29.204,34.242,3,"bicycle:2, motorcycle:0, person:1"
710,23.667,baseline,0+1+2,ebike+driver+passenger,27.952,35.775,0,"ebike:0, driver:0, passenger:0"
710,23.667,bifpn,0+1+2,ebike+driver+passenger,27.101,36.899,0,"ebike:0, driver:0, passenger:0"
710,23.667,yolov8n,1+3+0,bicycle+motorcycle+person,29.540,33.853,3,"bicycle:1, motorcycle:0, person:2"
711,23.700,baseline,0+1+2,ebike+driver+passenger,27.799,35.972,0,"ebike:0, driver:0, passenger:0"
711,23.700,bifpn,0+1+2,ebike+driver+passenger,29.606,33.777,0,"ebike:0, driver:0, passenger:0"
711,23.700,yolov8n,1+3+0,bicycle+motorcycle+person,29.692,33.679,2,"bicycle:1, motorcycle:0, person:1"
712,23.733,baseline,0+1+2,ebike+driver+passenger,26.572,37.633,0,"ebike:0, driver:0, passenger:0"
712,23.733,bifpn,0+1+2,ebike+driver+passenger,26.426,37.842,0,"ebike:0, driver:0, passenger:0"
712,23.733,yolov8n,1+3+0,bicycle+motorcycle+person,25.475,39.254,3,"bicycle:2, motorcycle:0, person:1"
713,23.767,baseline,0+1+2,ebike+driver+passenger,27.396,36.501,0,"ebike:0, driver:0, passenger:0"
713,23.767,bifpn,0+1+2,ebike+driver+passenger,28.063,35.634,0,"ebike:0, driver:0, passenger:0"
713,23.767,yolov8n,1+3+0,bicycle+motorcycle+person,28.381,35.234,3,"bicycle:2, motorcycle:0, person:1"
714,23.800,baseline,0+1+2,ebike+driver+passenger,27.773,36.006,0,"ebike:0, driver:0, passenger:0"
714,23.800,bifpn,0+1+2,ebike+driver+passenger,27.068,36.944,0,"ebike:0, driver:0, passenger:0"
714,23.800,yolov8n,1+3+0,bicycle+motorcycle+person,29.191,34.258,2,"bicycle:1, motorcycle:0, person:1"
715,23.833,baseline,0+1+2,ebike+driver+passenger,26.802,37.311,0,"ebike:0, driver:0, passenger:0"
715,23.833,bifpn,0+1+2,ebike+driver+passenger,26.748,37.385,0,"ebike:0, driver:0, passenger:0"
715,23.833,yolov8n,1+3+0,bicycle+motorcycle+person,27.118,36.876,2,"bicycle:1, motorcycle:0, person:1"
716,23.867,baseline,0+1+2,ebike+driver+passenger,27.179,36.793,0,"ebike:0, driver:0, passenger:0"
716,23.867,bifpn,0+1+2,ebike+driver+passenger,26.821,37.285,0,"ebike:0, driver:0, passenger:0"
716,23.867,yolov8n,1+3+0,bicycle+motorcycle+person,26.503,37.732,2,"bicycle:1, motorcycle:0, person:1"
717,23.900,baseline,0+1+2,ebike+driver+passenger,26.695,37.460,0,"ebike:0, driver:0, passenger:0"
717,23.900,bifpn,0+1+2,ebike+driver+passenger,26.732,37.409,0,"ebike:0, driver:0, passenger:0"
717,23.900,yolov8n,1+3+0,bicycle+motorcycle+person,27.491,36.375,2,"bicycle:1, motorcycle:0, person:1"
718,23.933,baseline,0+1+2,ebike+driver+passenger,26.727,37.416,0,"ebike:0, driver:0, passenger:0"
718,23.933,bifpn,0+1+2,ebike+driver+passenger,24.533,40.761,0,"ebike:0, driver:0, passenger:0"
718,23.933,yolov8n,1+3+0,bicycle+motorcycle+person,26.247,38.099,2,"bicycle:1, motorcycle:0, person:1"
719,23.967,baseline,0+1+2,ebike+driver+passenger,26.339,37.966,0,"ebike:0, driver:0, passenger:0"
719,23.967,bifpn,0+1+2,ebike+driver+passenger,28.569,35.003,0,"ebike:0, driver:0, passenger:0"
719,23.967,yolov8n,1+3+0,bicycle+motorcycle+person,29.039,34.437,3,"bicycle:2, motorcycle:0, person:1"
720,24.000,baseline,0+1+2,ebike+driver+passenger,26.961,37.090,0,"ebike:0, driver:0, passenger:0"
720,24.000,bifpn,0+1+2,ebike+driver+passenger,26.571,37.635,0,"ebike:0, driver:0, passenger:0"
720,24.000,yolov8n,1+3+0,bicycle+motorcycle+person,28.560,35.014,3,"bicycle:1, motorcycle:0, person:2"
721,24.033,baseline,0+1+2,ebike+driver+passenger,26.808,37.302,0,"ebike:0, driver:0, passenger:0"
721,24.033,bifpn,0+1+2,ebike+driver+passenger,27.412,36.480,0,"ebike:0, driver:0, passenger:0"
721,24.033,yolov8n,1+3+0,bicycle+motorcycle+person,27.232,36.721,2,"bicycle:1, motorcycle:0, person:1"
722,24.067,baseline,0+1+2,ebike+driver+passenger,28.428,35.176,0,"ebike:0, driver:0, passenger:0"
722,24.067,bifpn,0+1+2,ebike+driver+passenger,27.490,36.377,0,"ebike:0, driver:0, passenger:0"
722,24.067,yolov8n,1+3+0,bicycle+motorcycle+person,29.014,34.466,3,"bicycle:1, motorcycle:0, person:2"
723,24.100,baseline,0+1+2,ebike+driver+passenger,28.772,34.756,0,"ebike:0, driver:0, passenger:0"
723,24.100,bifpn,0+1+2,ebike+driver+passenger,26.806,37.305,0,"ebike:0, driver:0, passenger:0"
723,24.100,yolov8n,1+3+0,bicycle+motorcycle+person,26.859,37.232,3,"bicycle:2, motorcycle:0, person:1"
724,24.133,baseline,0+1+2,ebike+driver+passenger,26.669,37.496,0,"ebike:0, driver:0, passenger:0"
724,24.133,bifpn,0+1+2,ebike+driver+passenger,26.911,37.159,0,"ebike:0, driver:0, passenger:0"
724,24.133,yolov8n,1+3+0,bicycle+motorcycle+person,27.183,36.788,2,"bicycle:1, motorcycle:0, person:1"
725,24.167,baseline,0+1+2,ebike+driver+passenger,26.349,37.952,0,"ebike:0, driver:0, passenger:0"
725,24.167,bifpn,0+1+2,ebike+driver+passenger,25.591,39.076,0,"ebike:0, driver:0, passenger:0"
725,24.167,yolov8n,1+3+0,bicycle+motorcycle+person,27.589,36.247,2,"bicycle:1, motorcycle:0, person:1"
726,24.200,baseline,0+1+2,ebike+driver+passenger,29.527,33.867,0,"ebike:0, driver:0, passenger:0"
726,24.200,bifpn,0+1+2,ebike+driver+passenger,26.670,37.496,0,"ebike:0, driver:0, passenger:0"
726,24.200,yolov8n,1+3+0,bicycle+motorcycle+person,28.311,35.322,2,"bicycle:1, motorcycle:0, person:1"
727,24.233,baseline,0+1+2,ebike+driver+passenger,27.402,36.493,0,"ebike:0, driver:0, passenger:0"
727,24.233,bifpn,0+1+2,ebike+driver+passenger,25.167,39.735,0,"ebike:0, driver:0, passenger:0"
727,24.233,yolov8n,1+3+0,bicycle+motorcycle+person,26.041,38.401,2,"bicycle:1, motorcycle:0, person:1"
728,24.267,baseline,0+1+2,ebike+driver+passenger,29.086,34.380,0,"ebike:0, driver:0, passenger:0"
728,24.267,bifpn,0+1+2,ebike+driver+passenger,23.566,42.434,0,"ebike:0, driver:0, passenger:0"
728,24.267,yolov8n,1+3+0,bicycle+motorcycle+person,25.078,39.876,3,"bicycle:1, motorcycle:0, person:2"
729,24.300,baseline,0+1+2,ebike+driver+passenger,24.968,40.052,0,"ebike:0, driver:0, passenger:0"
729,24.300,bifpn,0+1+2,ebike+driver+passenger,26.790,37.327,0,"ebike:0, driver:0, passenger:0"
729,24.300,yolov8n,1+3+0,bicycle+motorcycle+person,28.061,35.637,3,"bicycle:1, motorcycle:0, person:2"
730,24.333,baseline,0+1+2,ebike+driver+passenger,25.867,38.659,0,"ebike:0, driver:0, passenger:0"
730,24.333,bifpn,0+1+2,ebike+driver+passenger,28.075,35.619,0,"ebike:0, driver:0, passenger:0"
730,24.333,yolov8n,1+3+0,bicycle+motorcycle+person,26.781,37.339,2,"bicycle:1, motorcycle:0, person:1"
731,24.367,baseline,0+1+2,ebike+driver+passenger,29.086,34.381,0,"ebike:0, driver:0, passenger:0"
731,24.367,bifpn,0+1+2,ebike+driver+passenger,25.304,39.519,0,"ebike:0, driver:0, passenger:0"
731,24.367,yolov8n,1+3+0,bicycle+motorcycle+person,27.082,36.925,2,"bicycle:1, motorcycle:0, person:1"
732,24.400,baseline,0+1+2,ebike+driver+passenger,27.093,36.910,0,"ebike:0, driver:0, passenger:0"
732,24.400,bifpn,0+1+2,ebike+driver+passenger,26.412,37.862,0,"ebike:0, driver:0, passenger:0"
732,24.400,yolov8n,1+3+0,bicycle+motorcycle+person,28.294,35.343,2,"bicycle:1, motorcycle:0, person:1"
733,24.433,baseline,0+1+2,ebike+driver+passenger,27.558,36.286,0,"ebike:0, driver:0, passenger:0"
733,24.433,bifpn,0+1+2,ebike+driver+passenger,24.803,40.318,0,"ebike:0, driver:0, passenger:0"
733,24.433,yolov8n,1+3+0,bicycle+motorcycle+person,27.672,36.138,2,"bicycle:1, motorcycle:0, person:1"
734,24.467,baseline,0+1+2,ebike+driver+passenger,26.540,37.680,0,"ebike:0, driver:0, passenger:0"
734,24.467,bifpn,0+1+2,ebike+driver+passenger,24.551,40.732,0,"ebike:0, driver:0, passenger:0"
734,24.467,yolov8n,1+3+0,bicycle+motorcycle+person,29.082,34.386,2,"bicycle:1, motorcycle:0, person:1"
735,24.500,baseline,0+1+2,ebike+driver+passenger,25.885,38.633,0,"ebike:0, driver:0, passenger:0"
735,24.500,bifpn,0+1+2,ebike+driver+passenger,27.151,36.831,0,"ebike:0, driver:0, passenger:0"
735,24.500,yolov8n,1+3+0,bicycle+motorcycle+person,26.123,38.281,2,"bicycle:1, motorcycle:0, person:1"
736,24.533,baseline,0+1+2,ebike+driver+passenger,25.977,38.495,0,"ebike:0, driver:0, passenger:0"
736,24.533,bifpn,0+1+2,ebike+driver+passenger,26.770,37.356,0,"ebike:0, driver:0, passenger:0"
736,24.533,yolov8n,1+3+0,bicycle+motorcycle+person,30.127,33.193,2,"bicycle:1, motorcycle:0, person:1"
737,24.567,baseline,0+1+2,ebike+driver+passenger,27.007,37.028,0,"ebike:0, driver:0, passenger:0"
737,24.567,bifpn,0+1+2,ebike+driver+passenger,24.567,40.705,0,"ebike:0, driver:0, passenger:0"
737,24.567,yolov8n,1+3+0,bicycle+motorcycle+person,29.350,34.071,2,"bicycle:1, motorcycle:0, person:1"
738,24.600,baseline,0+1+2,ebike+driver+passenger,29.563,33.826,0,"ebike:0, driver:0, passenger:0"
738,24.600,bifpn,0+1+2,ebike+driver+passenger,28.824,34.693,0,"ebike:0, driver:0, passenger:0"
738,24.600,yolov8n,1+3+0,bicycle+motorcycle+person,26.478,37.768,2,"bicycle:1, motorcycle:0, person:1"
739,24.633,baseline,0+1+2,ebike+driver+passenger,27.505,36.357,0,"ebike:0, driver:0, passenger:0"
739,24.633,bifpn,0+1+2,ebike+driver+passenger,25.583,39.088,0,"ebike:0, driver:0, passenger:0"
739,24.633,yolov8n,1+3+0,bicycle+motorcycle+person,26.839,37.260,2,"bicycle:1, motorcycle:0, person:1"
740,24.667,baseline,0+1+2,ebike+driver+passenger,27.994,35.722,0,"ebike:0, driver:0, passenger:0"
740,24.667,bifpn,0+1+2,ebike+driver+passenger,28.600,34.965,0,"ebike:0, driver:0, passenger:0"
740,24.667,yolov8n,1+3+0,bicycle+motorcycle+person,29.297,34.133,2,"bicycle:1, motorcycle:0, person:1"
741,24.700,baseline,0+1+2,ebike+driver+passenger,28.405,35.205,0,"ebike:0, driver:0, passenger:0"
741,24.700,bifpn,0+1+2,ebike+driver+passenger,25.682,38.938,0,"ebike:0, driver:0, passenger:0"
741,24.700,yolov8n,1+3+0,bicycle+motorcycle+person,27.985,35.733,2,"bicycle:1, motorcycle:0, person:1"
742,24.733,baseline,0+1+2,ebike+driver+passenger,25.798,38.762,0,"ebike:0, driver:0, passenger:0"
742,24.733,bifpn,0+1+2,ebike+driver+passenger,26.167,38.216,0,"ebike:0, driver:0, passenger:0"
742,24.733,yolov8n,1+3+0,bicycle+motorcycle+person,29.612,33.771,2,"bicycle:1, motorcycle:0, person:1"
743,24.767,baseline,0+1+2,ebike+driver+passenger,25.462,39.274,0,"ebike:0, driver:0, passenger:0"
743,24.767,bifpn,0+1+2,ebike+driver+passenger,26.258,38.084,0,"ebike:0, driver:0, passenger:0"
743,24.767,yolov8n,1+3+0,bicycle+motorcycle+person,29.055,34.418,2,"bicycle:1, motorcycle:0, person:1"
744,24.800,baseline,0+1+2,ebike+driver+passenger,27.147,36.836,0,"ebike:0, driver:0, passenger:0"
744,24.800,bifpn,0+1+2,ebike+driver+passenger,26.512,37.719,0,"ebike:0, driver:0, passenger:0"
744,24.800,yolov8n,1+3+0,bicycle+motorcycle+person,27.675,36.133,2,"bicycle:1, motorcycle:0, person:1"
745,24.833,baseline,0+1+2,ebike+driver+passenger,26.768,37.359,0,"ebike:0, driver:0, passenger:0"
745,24.833,bifpn,0+1+2,ebike+driver+passenger,25.102,39.838,0,"ebike:0, driver:0, passenger:0"
745,24.833,yolov8n,1+3+0,bicycle+motorcycle+person,28.779,34.748,3,"bicycle:2, motorcycle:0, person:1"
746,24.867,baseline,0+1+2,ebike+driver+passenger,25.888,38.628,0,"ebike:0, driver:0, passenger:0"
746,24.867,bifpn,0+1+2,ebike+driver+passenger,29.066,34.404,0,"ebike:0, driver:0, passenger:0"
746,24.867,yolov8n,1+3+0,bicycle+motorcycle+person,27.609,36.220,2,"bicycle:1, motorcycle:0, person:1"
747,24.900,baseline,0+1+2,ebike+driver+passenger,25.980,38.491,0,"ebike:0, driver:0, passenger:0"
747,24.900,bifpn,0+1+2,ebike+driver+passenger,25.741,38.848,0,"ebike:0, driver:0, passenger:0"
747,24.900,yolov8n,1+3+0,bicycle+motorcycle+person,30.084,33.240,2,"bicycle:1, motorcycle:0, person:1"
748,24.933,baseline,0+1+2,ebike+driver+passenger,29.882,33.465,0,"ebike:0, driver:0, passenger:0"
748,24.933,bifpn,0+1+2,ebike+driver+passenger,27.633,36.188,0,"ebike:0, driver:0, passenger:0"
748,24.933,yolov8n,1+3+0,bicycle+motorcycle+person,28.958,34.533,2,"bicycle:1, motorcycle:0, person:1"
749,24.967,baseline,0+1+2,ebike+driver+passenger,28.031,35.675,0,"ebike:0, driver:0, passenger:0"
749,24.967,bifpn,0+1+2,ebike+driver+passenger,25.508,39.203,0,"ebike:0, driver:0, passenger:0"
749,24.967,yolov8n,1+3+0,bicycle+motorcycle+person,26.966,37.084,1,"bicycle:1, motorcycle:0, person:0"
750,25.000,baseline,0+1+2,ebike+driver+passenger,29.908,33.436,0,"ebike:0, driver:0, passenger:0"
750,25.000,bifpn,0+1+2,ebike+driver+passenger,28.079,35.614,0,"ebike:0, driver:0, passenger:0"
750,25.000,yolov8n,1+3+0,bicycle+motorcycle+person,29.211,34.234,2,"bicycle:1, motorcycle:0, person:1"
751,25.033,baseline,0+1+2,ebike+driver+passenger,30.050,33.278,0,"ebike:0, driver:0, passenger:0"
751,25.033,bifpn,0+1+2,ebike+driver+passenger,29.570,33.818,0,"ebike:0, driver:0, passenger:0"
751,25.033,yolov8n,1+3+0,bicycle+motorcycle+person,28.747,34.786,2,"bicycle:1, motorcycle:0, person:1"
752,25.067,baseline,0+1+2,ebike+driver+passenger,29.316,34.111,0,"ebike:0, driver:0, passenger:0"
752,25.067,bifpn,0+1+2,ebike+driver+passenger,28.183,35.482,0,"ebike:0, driver:0, passenger:0"
752,25.067,yolov8n,1+3+0,bicycle+motorcycle+person,30.894,32.369,1,"bicycle:1, motorcycle:0, person:0"
753,25.100,baseline,0+1+2,ebike+driver+passenger,28.064,35.632,0,"ebike:0, driver:0, passenger:0"
753,25.100,bifpn,0+1+2,ebike+driver+passenger,26.690,37.467,0,"ebike:0, driver:0, passenger:0"
753,25.100,yolov8n,1+3+0,bicycle+motorcycle+person,28.131,35.548,1,"bicycle:1, motorcycle:0, person:0"
754,25.133,baseline,0+1+2,ebike+driver+passenger,29.384,34.032,0,"ebike:0, driver:0, passenger:0"
754,25.133,bifpn,0+1+2,ebike+driver+passenger,27.933,35.800,0,"ebike:0, driver:0, passenger:0"
754,25.133,yolov8n,1+3+0,bicycle+motorcycle+person,30.655,32.621,1,"bicycle:1, motorcycle:0, person:0"
755,25.167,baseline,0+1+2,ebike+driver+passenger,28.561,35.012,0,"ebike:0, driver:0, passenger:0"
755,25.167,bifpn,0+1+2,ebike+driver+passenger,26.816,37.292,0,"ebike:0, driver:0, passenger:0"
755,25.167,yolov8n,1+3+0,bicycle+motorcycle+person,26.508,37.724,1,"bicycle:1, motorcycle:0, person:0"
756,25.200,baseline,0+1+2,ebike+driver+passenger,26.949,37.107,0,"ebike:0, driver:0, passenger:0"
756,25.200,bifpn,0+1+2,ebike+driver+passenger,26.454,37.801,0,"ebike:0, driver:0, passenger:0"
756,25.200,yolov8n,1+3+0,bicycle+motorcycle+person,26.584,37.617,0,"bicycle:0, motorcycle:0, person:0"
757,25.233,baseline,0+1+2,ebike+driver+passenger,27.232,36.721,0,"ebike:0, driver:0, passenger:0"
757,25.233,bifpn,0+1+2,ebike+driver+passenger,27.130,36.859,0,"ebike:0, driver:0, passenger:0"
757,25.233,yolov8n,1+3+0,bicycle+motorcycle+person,27.924,35.812,0,"bicycle:0, motorcycle:0, person:0"
758,25.267,baseline,0+1+2,ebike+driver+passenger,28.099,35.588,0,"ebike:0, driver:0, passenger:0"
758,25.267,bifpn,0+1+2,ebike+driver+passenger,29.467,33.936,0,"ebike:0, driver:0, passenger:0"
758,25.267,yolov8n,1+3+0,bicycle+motorcycle+person,29.101,34.364,0,"bicycle:0, motorcycle:0, person:0"
759,25.300,baseline,0+1+2,ebike+driver+passenger,25.979,38.492,0,"ebike:0, driver:0, passenger:0"
759,25.300,bifpn,0+1+2,ebike+driver+passenger,27.582,36.255,0,"ebike:0, driver:0, passenger:0"
759,25.300,yolov8n,1+3+0,bicycle+motorcycle+person,26.906,37.167,0,"bicycle:0, motorcycle:0, person:0"
760,25.333,baseline,0+1+2,ebike+driver+passenger,28.561,35.013,0,"ebike:0, driver:0, passenger:0"
760,25.333,bifpn,0+1+2,ebike+driver+passenger,26.781,37.339,0,"ebike:0, driver:0, passenger:0"
760,25.333,yolov8n,1+3+0,bicycle+motorcycle+person,26.335,37.972,0,"bicycle:0, motorcycle:0, person:0"
761,25.367,baseline,0+1+2,ebike+driver+passenger,29.039,34.436,0,"ebike:0, driver:0, passenger:0"
761,25.367,bifpn,0+1+2,ebike+driver+passenger,27.336,36.582,0,"ebike:0, driver:0, passenger:0"
761,25.367,yolov8n,1+3+0,bicycle+motorcycle+person,26.923,37.143,1,"bicycle:0, motorcycle:1, person:0"
762,25.400,baseline,0+1+2,ebike+driver+passenger,27.453,36.425,0,"ebike:0, driver:0, passenger:0"
762,25.400,bifpn,0+1+2,ebike+driver+passenger,27.712,36.085,0,"ebike:0, driver:0, passenger:0"
762,25.400,yolov8n,1+3+0,bicycle+motorcycle+person,29.228,34.214,2,"bicycle:1, motorcycle:1, person:0"
763,25.433,baseline,0+1+2,ebike+driver+passenger,28.429,35.176,0,"ebike:0, driver:0, passenger:0"
763,25.433,bifpn,0+1+2,ebike+driver+passenger,25.902,38.607,0,"ebike:0, driver:0, passenger:0"
763,25.433,yolov8n,1+3+0,bicycle+motorcycle+person,27.557,36.289,2,"bicycle:1, motorcycle:1, person:0"
764,25.467,baseline,0+1+2,ebike+driver+passenger,30.476,32.813,0,"ebike:0, driver:0, passenger:0"
764,25.467,bifpn,0+1+2,ebike+driver+passenger,27.204,36.760,0,"ebike:0, driver:0, passenger:0"
764,25.467,yolov8n,1+3+0,bicycle+motorcycle+person,30.192,33.121,2,"bicycle:1, motorcycle:1, person:0"
765,25.500,baseline,0+1+2,ebike+driver+passenger,28.151,35.523,0,"ebike:0, driver:0, passenger:0"
765,25.500,bifpn,0+1+2,ebike+driver+passenger,27.733,36.058,0,"ebike:0, driver:0, passenger:0"
765,25.500,yolov8n,1+3+0,bicycle+motorcycle+person,28.062,35.636,2,"bicycle:1, motorcycle:1, person:0"
766,25.533,baseline,0+1+2,ebike+driver+passenger,27.497,36.367,0,"ebike:0, driver:0, passenger:0"
766,25.533,bifpn,0+1+2,ebike+driver+passenger,29.045,34.429,0,"ebike:0, driver:0, passenger:0"
766,25.533,yolov8n,1+3+0,bicycle+motorcycle+person,32.375,30.888,2,"bicycle:1, motorcycle:1, person:0"
767,25.567,baseline,0+1+2,ebike+driver+passenger,27.745,36.043,0,"ebike:0, driver:0, passenger:0"
767,25.567,bifpn,0+1+2,ebike+driver+passenger,24.931,40.111,0,"ebike:0, driver:0, passenger:0"
767,25.567,yolov8n,1+3+0,bicycle+motorcycle+person,28.142,35.534,2,"bicycle:1, motorcycle:1, person:0"
768,25.600,baseline,0+1+2,ebike+driver+passenger,26.966,37.084,0,"ebike:0, driver:0, passenger:0"
768,25.600,bifpn,0+1+2,ebike+driver+passenger,25.945,38.543,0,"ebike:0, driver:0, passenger:0"
768,25.600,yolov8n,1+3+0,bicycle+motorcycle+person,25.418,39.342,2,"bicycle:2, motorcycle:0, person:0"
769,25.633,baseline,0+1+2,ebike+driver+passenger,29.003,34.479,0,"ebike:0, driver:0, passenger:0"
769,25.633,bifpn,0+1+2,ebike+driver+passenger,27.291,36.642,0,"ebike:0, driver:0, passenger:0"
769,25.633,yolov8n,1+3+0,bicycle+motorcycle+person,29.430,33.979,2,"bicycle:2, motorcycle:0, person:0"
770,25.667,baseline,0+1+2,ebike+driver+passenger,29.664,33.711,0,"ebike:0, driver:0, passenger:0"
770,25.667,bifpn,0+1+2,ebike+driver+passenger,25.305,39.517,0,"ebike:0, driver:0, passenger:0"
770,25.667,yolov8n,1+3+0,bicycle+motorcycle+person,29.067,34.403,1,"bicycle:1, motorcycle:0, person:0"
771,25.700,baseline,0+1+2,ebike+driver+passenger,24.397,40.988,0,"ebike:0, driver:0, passenger:0"
771,25.700,bifpn,0+1+2,ebike+driver+passenger,26.875,37.209,0,"ebike:0, driver:0, passenger:0"
771,25.700,yolov8n,1+3+0,bicycle+motorcycle+person,27.484,36.385,1,"bicycle:1, motorcycle:0, person:0"
772,25.733,baseline,0+1+2,ebike+driver+passenger,28.194,35.468,0,"ebike:0, driver:0, passenger:0"
772,25.733,bifpn,0+1+2,ebike+driver+passenger,27.313,36.612,0,"ebike:0, driver:0, passenger:0"
772,25.733,yolov8n,1+3+0,bicycle+motorcycle+person,27.831,35.931,0,"bicycle:0, motorcycle:0, person:0"
773,25.767,baseline,0+1+2,ebike+driver+passenger,28.251,35.397,0,"ebike:0, driver:0, passenger:0"
773,25.767,bifpn,0+1+2,ebike+driver+passenger,27.201,36.764,0,"ebike:0, driver:0, passenger:0"
773,25.767,yolov8n,1+3+0,bicycle+motorcycle+person,28.944,34.550,0,"bicycle:0, motorcycle:0, person:0"
774,25.800,baseline,0+1+2,ebike+driver+passenger,27.024,37.004,0,"ebike:0, driver:0, passenger:0"
774,25.800,bifpn,0+1+2,ebike+driver+passenger,29.502,33.896,0,"ebike:0, driver:0, passenger:0"
774,25.800,yolov8n,1+3+0,bicycle+motorcycle+person,28.648,34.906,0,"bicycle:0, motorcycle:0, person:0"
775,25.833,baseline,0+1+2,ebike+driver+passenger,27.391,36.508,0,"ebike:0, driver:0, passenger:0"
775,25.833,bifpn,0+1+2,ebike+driver+passenger,24.838,40.260,0,"ebike:0, driver:0, passenger:0"
775,25.833,yolov8n,1+3+0,bicycle+motorcycle+person,27.061,36.954,0,"bicycle:0, motorcycle:0, person:0"
776,25.867,baseline,0+1+2,ebike+driver+passenger,27.061,36.953,0,"ebike:0, driver:0, passenger:0"
776,25.867,bifpn,0+1+2,ebike+driver+passenger,26.650,37.524,0,"ebike:0, driver:0, passenger:0"
776,25.867,yolov8n,1+3+0,bicycle+motorcycle+person,25.736,38.856,0,"bicycle:0, motorcycle:0, person:0"
777,25.900,baseline,0+1+2,ebike+driver+passenger,27.049,36.970,0,"ebike:0, driver:0, passenger:0"
777,25.900,bifpn,0+1+2,ebike+driver+passenger,25.818,38.733,0,"ebike:0, driver:0, passenger:0"
777,25.900,yolov8n,1+3+0,bicycle+motorcycle+person,26.791,37.326,0,"bicycle:0, motorcycle:0, person:0"
778,25.933,baseline,0+1+2,ebike+driver+passenger,28.860,34.650,0,"ebike:0, driver:0, passenger:0"
778,25.933,bifpn,0+1+2,ebike+driver+passenger,27.728,36.064,0,"ebike:0, driver:0, passenger:0"
778,25.933,yolov8n,1+3+0,bicycle+motorcycle+person,28.791,34.733,0,"bicycle:0, motorcycle:0, person:0"
779,25.967,baseline,0+1+2,ebike+driver+passenger,27.366,36.542,0,"ebike:0, driver:0, passenger:0"
779,25.967,bifpn,0+1+2,ebike+driver+passenger,27.638,36.182,0,"ebike:0, driver:0, passenger:0"
779,25.967,yolov8n,1+3+0,bicycle+motorcycle+person,27.354,36.557,0,"bicycle:0, motorcycle:0, person:0"
780,26.000,baseline,0+1+2,ebike+driver+passenger,24.804,40.316,0,"ebike:0, driver:0, passenger:0"
780,26.000,bifpn,0+1+2,ebike+driver+passenger,27.990,35.727,0,"ebike:0, driver:0, passenger:0"
780,26.000,yolov8n,1+3+0,bicycle+motorcycle+person,25.735,38.857,0,"bicycle:0, motorcycle:0, person:0"
781,26.033,baseline,0+1+2,ebike+driver+passenger,27.451,36.428,0,"ebike:0, driver:0, passenger:0"
781,26.033,bifpn,0+1+2,ebike+driver+passenger,26.258,38.084,0,"ebike:0, driver:0, passenger:0"
781,26.033,yolov8n,1+3+0,bicycle+motorcycle+person,24.644,40.577,0,"bicycle:0, motorcycle:0, person:0"
782,26.067,baseline,0+1+2,ebike+driver+passenger,25.133,39.788,0,"ebike:0, driver:0, passenger:0"
782,26.067,bifpn,0+1+2,ebike+driver+passenger,25.279,39.559,0,"ebike:0, driver:0, passenger:0"
782,26.067,yolov8n,1+3+0,bicycle+motorcycle+person,25.835,38.706,0,"bicycle:0, motorcycle:0, person:0"
783,26.100,baseline,0+1+2,ebike+driver+passenger,27.148,36.835,0,"ebike:0, driver:0, passenger:0"
783,26.100,bifpn,0+1+2,ebike+driver+passenger,25.708,38.899,0,"ebike:0, driver:0, passenger:0"
783,26.100,yolov8n,1+3+0,bicycle+motorcycle+person,26.129,38.272,0,"bicycle:0, motorcycle:0, person:0"
784,26.133,baseline,0+1+2,ebike+driver+passenger,27.622,36.202,0,"ebike:0, driver:0, passenger:0"
784,26.133,bifpn,0+1+2,ebike+driver+passenger,29.287,34.145,0,"ebike:0, driver:0, passenger:0"
784,26.133,yolov8n,1+3+0,bicycle+motorcycle+person,27.298,36.632,1,"bicycle:1, motorcycle:0, person:0"
785,26.167,baseline,0+1+2,ebike+driver+passenger,26.728,37.414,0,"ebike:0, driver:0, passenger:0"
785,26.167,bifpn,0+1+2,ebike+driver+passenger,27.049,36.970,0,"ebike:0, driver:0, passenger:0"
785,26.167,yolov8n,1+3+0,bicycle+motorcycle+person,28.172,35.496,3,"bicycle:2, motorcycle:0, person:1"
786,26.200,baseline,0+1+2,ebike+driver+passenger,26.617,37.569,0,"ebike:0, driver:0, passenger:0"
786,26.200,bifpn,0+1+2,ebike+driver+passenger,26.911,37.160,0,"ebike:0, driver:0, passenger:0"
786,26.200,yolov8n,1+3+0,bicycle+motorcycle+person,29.807,33.550,2,"bicycle:1, motorcycle:0, person:1"
787,26.233,baseline,0+1+2,ebike+driver+passenger,24.975,40.040,0,"ebike:0, driver:0, passenger:0"
787,26.233,bifpn,0+1+2,ebike+driver+passenger,25.061,39.903,0,"ebike:0, driver:0, passenger:0"
787,26.233,yolov8n,1+3+0,bicycle+motorcycle+person,27.432,36.454,1,"bicycle:1, motorcycle:0, person:0"
788,26.267,baseline,0+1+2,ebike+driver+passenger,26.542,37.675,0,"ebike:0, driver:0, passenger:0"
788,26.267,bifpn,0+1+2,ebike+driver+passenger,25.506,39.206,0,"ebike:0, driver:0, passenger:0"
788,26.267,yolov8n,1+3+0,bicycle+motorcycle+person,26.250,38.095,1,"bicycle:1, motorcycle:0, person:0"
789,26.300,baseline,0+1+2,ebike+driver+passenger,27.308,36.620,0,"ebike:0, driver:0, passenger:0"
789,26.300,bifpn,0+1+2,ebike+driver+passenger,25.007,39.989,0,"ebike:0, driver:0, passenger:0"
789,26.300,yolov8n,1+3+0,bicycle+motorcycle+person,29.590,33.795,1,"bicycle:1, motorcycle:0, person:0"
790,26.333,baseline,0+1+2,ebike+driver+passenger,27.539,36.312,0,"ebike:0, driver:0, passenger:0"
790,26.333,bifpn,0+1+2,ebike+driver+passenger,25.819,38.730,0,"ebike:0, driver:0, passenger:0"
790,26.333,yolov8n,1+3+0,bicycle+motorcycle+person,28.999,34.484,1,"bicycle:1, motorcycle:0, person:0"
791,26.367,baseline,0+1+2,ebike+driver+passenger,27.232,36.722,0,"ebike:0, driver:0, passenger:0"
791,26.367,bifpn,0+1+2,ebike+driver+passenger,25.597,39.068,0,"ebike:0, driver:0, passenger:0"
791,26.367,yolov8n,1+3+0,bicycle+motorcycle+person,28.801,34.721,0,"bicycle:0, motorcycle:0, person:0"
792,26.400,baseline,0+1+2,ebike+driver+passenger,25.730,38.865,0,"ebike:0, driver:0, passenger:0"
792,26.400,bifpn,0+1+2,ebike+driver+passenger,28.988,34.497,0,"ebike:0, driver:0, passenger:0"
792,26.400,yolov8n,1+3+0,bicycle+motorcycle+person,29.148,34.308,0,"bicycle:0, motorcycle:0, person:0"
793,26.433,baseline,0+1+2,ebike+driver+passenger,27.700,36.101,0,"ebike:0, driver:0, passenger:0"
793,26.433,bifpn,0+1+2,ebike+driver+passenger,28.224,35.431,0,"ebike:0, driver:0, passenger:0"
793,26.433,yolov8n,1+3+0,bicycle+motorcycle+person,29.441,33.966,1,"bicycle:1, motorcycle:0, person:0"
794,26.467,baseline,0+1+2,ebike+driver+passenger,27.090,36.914,0,"ebike:0, driver:0, passenger:0"
794,26.467,bifpn,0+1+2,ebike+driver+passenger,25.934,38.559,0,"ebike:0, driver:0, passenger:0"
794,26.467,yolov8n,1+3+0,bicycle+motorcycle+person,28.970,34.518,2,"bicycle:1, motorcycle:0, person:1"
795,26.500,baseline,0+1+2,ebike+driver+passenger,28.049,35.652,0,"ebike:0, driver:0, passenger:0"
795,26.500,bifpn,0+1+2,ebike+driver+passenger,27.697,36.104,0,"ebike:0, driver:0, passenger:0"
795,26.500,yolov8n,1+3+0,bicycle+motorcycle+person,30.225,33.085,2,"bicycle:1, motorcycle:0, person:1"
796,26.533,baseline,0+1+2,ebike+driver+passenger,27.613,36.215,0,"ebike:0, driver:0, passenger:0"
796,26.533,bifpn,0+1+2,ebike+driver+passenger,27.918,35.819,0,"ebike:0, driver:0, passenger:0"
796,26.533,yolov8n,1+3+0,bicycle+motorcycle+person,28.703,34.840,2,"bicycle:2, motorcycle:0, person:0"
797,26.567,baseline,0+1+2,ebike+driver+passenger,27.977,35.744,0,"ebike:0, driver:0, passenger:0"
797,26.567,bifpn,0+1+2,ebike+driver+passenger,25.268,39.576,0,"ebike:0, driver:0, passenger:0"
797,26.567,yolov8n,1+3+0,bicycle+motorcycle+person,29.278,34.156,1,"bicycle:1, motorcycle:0, person:0"
798,26.600,baseline,0+1+2,ebike+driver+passenger,29.979,33.357,0,"ebike:0, driver:0, passenger:0"
798,26.600,bifpn,0+1+2,ebike+driver+passenger,28.078,35.615,0,"ebike:0, driver:0, passenger:0"
798,26.600,yolov8n,1+3+0,bicycle+motorcycle+person,27.192,36.775,2,"bicycle:2, motorcycle:0, person:0"
799,26.633,baseline,0+1+2,ebike+driver+passenger,26.263,38.077,0,"ebike:0, driver:0, passenger:0"
799,26.633,bifpn,0+1+2,ebike+driver+passenger,27.371,36.535,0,"ebike:0, driver:0, passenger:0"
799,26.633,yolov8n,1+3+0,bicycle+motorcycle+person,28.344,35.280,2,"bicycle:2, motorcycle:0, person:0"
800,26.667,baseline,0+1+2,ebike+driver+passenger,28.168,35.501,0,"ebike:0, driver:0, passenger:0"
800,26.667,bifpn,0+1+2,ebike+driver+passenger,25.506,39.206,0,"ebike:0, driver:0, passenger:0"
800,26.667,yolov8n,1+3+0,bicycle+motorcycle+person,25.853,38.680,1,"bicycle:1, motorcycle:0, person:0"
801,26.700,baseline,0+1+2,ebike+driver+passenger,29.108,34.355,0,"ebike:0, driver:0, passenger:0"
801,26.700,bifpn,0+1+2,ebike+driver+passenger,28.989,34.495,0,"ebike:0, driver:0, passenger:0"
801,26.700,yolov8n,1+3+0,bicycle+motorcycle+person,27.867,35.885,0,"bicycle:0, motorcycle:0, person:0"
802,26.733,baseline,0+1+2,ebike+driver+passenger,27.924,35.811,0,"ebike:0, driver:0, passenger:0"
802,26.733,bifpn,0+1+2,ebike+driver+passenger,25.425,39.331,0,"ebike:0, driver:0, passenger:0"
802,26.733,yolov8n,1+3+0,bicycle+motorcycle+person,28.943,34.551,1,"bicycle:1, motorcycle:0, person:0"
803,26.767,baseline,0+1+2,ebike+driver+passenger,28.779,34.748,0,"ebike:0, driver:0, passenger:0"
803,26.767,bifpn,0+1+2,ebike+driver+passenger,32.170,31.085,0,"ebike:0, driver:0, passenger:0"
803,26.767,yolov8n,1+3+0,bicycle+motorcycle+person,30.428,32.865,2,"bicycle:1, motorcycle:0, person:1"
804,26.800,baseline,0+1+2,ebike+driver+passenger,27.389,36.511,0,"ebike:0, driver:0, passenger:0"
804,26.800,bifpn,0+1+2,ebike+driver+passenger,26.953,37.101,0,"ebike:0, driver:0, passenger:0"
804,26.800,yolov8n,1+3+0,bicycle+motorcycle+person,28.525,35.057,0,"bicycle:0, motorcycle:0, person:0"
805,26.833,baseline,0+1+2,ebike+driver+passenger,30.222,33.088,0,"ebike:0, driver:0, passenger:0"
805,26.833,bifpn,0+1+2,ebike+driver+passenger,28.966,34.523,0,"ebike:0, driver:0, passenger:0"
805,26.833,yolov8n,1+3+0,bicycle+motorcycle+person,29.382,34.035,1,"bicycle:1, motorcycle:0, person:0"
806,26.867,baseline,0+1+2,ebike+driver+passenger,28.223,35.432,0,"ebike:0, driver:0, passenger:0"
806,26.867,bifpn,0+1+2,ebike+driver+passenger,28.683,34.864,0,"ebike:0, driver:0, passenger:0"
806,26.867,yolov8n,1+3+0,bicycle+motorcycle+person,27.303,36.626,1,"bicycle:1, motorcycle:0, person:0"
807,26.900,baseline,0+1+2,ebike+driver+passenger,28.864,34.645,0,"ebike:0, driver:0, passenger:0"
807,26.900,bifpn,0+1+2,ebike+driver+passenger,26.973,37.075,0,"ebike:0, driver:0, passenger:0"
807,26.900,yolov8n,1+3+0,bicycle+motorcycle+person,30.330,32.971,0,"bicycle:0, motorcycle:0, person:0"
808,26.933,baseline,0+1+2,ebike+driver+passenger,26.638,37.541,0,"ebike:0, driver:0, passenger:0"
808,26.933,bifpn,0+1+2,ebike+driver+passenger,28.000,35.714,0,"ebike:0, driver:0, passenger:0"
808,26.933,yolov8n,1+3+0,bicycle+motorcycle+person,28.105,35.581,0,"bicycle:0, motorcycle:0, person:0"
809,26.967,baseline,0+1+2,ebike+driver+passenger,37.461,26.694,0,"ebike:0, driver:0, passenger:0"
809,26.967,bifpn,0+1+2,ebike+driver+passenger,25.448,39.296,0,"ebike:0, driver:0, passenger:0"
809,26.967,yolov8n,1+3+0,bicycle+motorcycle+person,26.164,38.221,1,"bicycle:0, motorcycle:0, person:1"
810,27.000,baseline,0+1+2,ebike+driver+passenger,25.994,38.470,0,"ebike:0, driver:0, passenger:0"
810,27.000,bifpn,0+1+2,ebike+driver+passenger,26.802,37.310,0,"ebike:0, driver:0, passenger:0"
810,27.000,yolov8n,1+3+0,bicycle+motorcycle+person,28.286,35.353,0,"bicycle:0, motorcycle:0, person:0"
811,27.033,baseline,0+1+2,ebike+driver+passenger,28.604,34.960,0,"ebike:0, driver:0, passenger:0"
811,27.033,bifpn,0+1+2,ebike+driver+passenger,28.953,34.539,0,"ebike:0, driver:0, passenger:0"
811,27.033,yolov8n,1+3+0,bicycle+motorcycle+person,29.138,34.319,1,"bicycle:0, motorcycle:0, person:1"
812,27.067,baseline,0+1+2,ebike+driver+passenger,26.929,37.135,0,"ebike:0, driver:0, passenger:0"
812,27.067,bifpn,0+1+2,ebike+driver+passenger,28.738,34.797,0,"ebike:0, driver:0, passenger:0"
812,27.067,yolov8n,1+3+0,bicycle+motorcycle+person,28.798,34.724,1,"bicycle:0, motorcycle:0, person:1"
813,27.100,baseline,0+1+2,ebike+driver+passenger,27.536,36.316,0,"ebike:0, driver:0, passenger:0"
813,27.100,bifpn,0+1+2,ebike+driver+passenger,26.028,38.420,0,"ebike:0, driver:0, passenger:0"
813,27.100,yolov8n,1+3+0,bicycle+motorcycle+person,28.137,35.540,1,"bicycle:0, motorcycle:0, person:1"
814,27.133,baseline,0+1+2,ebike+driver+passenger,28.167,35.503,0,"ebike:0, driver:0, passenger:0"
814,27.133,bifpn,0+1+2,ebike+driver+passenger,28.533,35.047,0,"ebike:0, driver:0, passenger:0"
814,27.133,yolov8n,1+3+0,bicycle+motorcycle+person,31.728,31.518,1,"bicycle:0, motorcycle:0, person:1"
815,27.167,baseline,0+1+2,ebike+driver+passenger,25.653,38.982,0,"ebike:0, driver:0, passenger:0"
815,27.167,bifpn,0+1+2,ebike+driver+passenger,25.405,39.362,0,"ebike:0, driver:0, passenger:0"
815,27.167,yolov8n,1+3+0,bicycle+motorcycle+person,27.548,36.301,1,"bicycle:0, motorcycle:0, person:1"
816,27.200,baseline,0+1+2,ebike+driver+passenger,28.170,35.499,0,"ebike:0, driver:0, passenger:0"
816,27.200,bifpn,0+1+2,ebike+driver+passenger,29.771,33.589,0,"ebike:0, driver:0, passenger:0"
816,27.200,yolov8n,1+3+0,bicycle+motorcycle+person,29.629,33.750,0,"bicycle:0, motorcycle:0, person:0"
817,27.233,baseline,0+1+2,ebike+driver+passenger,28.175,35.492,0,"ebike:0, driver:0, passenger:0"
817,27.233,bifpn,0+1+2,ebike+driver+passenger,27.559,36.286,0,"ebike:0, driver:0, passenger:0"
817,27.233,yolov8n,1+3+0,bicycle+motorcycle+person,27.334,36.585,0,"bicycle:0, motorcycle:0, person:0"
818,27.267,baseline,0+1+2,ebike+driver+passenger,25.164,39.739,0,"ebike:0, driver:0, passenger:0"
818,27.267,bifpn,0+1+2,ebike+driver+passenger,27.710,36.089,0,"ebike:0, driver:0, passenger:0"
818,27.267,yolov8n,1+3+0,bicycle+motorcycle+person,26.802,37.311,0,"bicycle:0, motorcycle:0, person:0"
819,27.300,baseline,0+1+2,ebike+driver+passenger,28.935,34.560,0,"ebike:0, driver:0, passenger:0"
819,27.300,bifpn,0+1+2,ebike+driver+passenger,28.477,35.116,0,"ebike:0, driver:0, passenger:0"
819,27.300,yolov8n,1+3+0,bicycle+motorcycle+person,24.692,40.498,0,"bicycle:0, motorcycle:0, person:0"
820,27.333,baseline,0+1+2,ebike+driver+passenger,29.511,33.886,0,"ebike:0, driver:0, passenger:0"
820,27.333,bifpn,0+1+2,ebike+driver+passenger,26.897,37.179,0,"ebike:0, driver:0, passenger:0"
820,27.333,yolov8n,1+3+0,bicycle+motorcycle+person,27.256,36.689,0,"bicycle:0, motorcycle:0, person:0"
821,27.367,baseline,0+1+2,ebike+driver+passenger,24.627,40.606,0,"ebike:0, driver:0, passenger:0"
821,27.367,bifpn,0+1+2,ebike+driver+passenger,26.434,37.830,0,"ebike:0, driver:0, passenger:0"
821,27.367,yolov8n,1+3+0,bicycle+motorcycle+person,28.724,34.814,0,"bicycle:0, motorcycle:0, person:0"
822,27.400,baseline,0+1+2,ebike+driver+passenger,28.014,35.697,0,"ebike:0, driver:0, passenger:0"
822,27.400,bifpn,0+1+2,ebike+driver+passenger,26.432,37.833,0,"ebike:0, driver:0, passenger:0"
822,27.400,yolov8n,1+3+0,bicycle+motorcycle+person,25.913,38.591,0,"bicycle:0, motorcycle:0, person:0"
823,27.433,baseline,0+1+2,ebike+driver+passenger,27.093,36.910,0,"ebike:0, driver:0, passenger:0"
823,27.433,bifpn,0+1+2,ebike+driver+passenger,26.438,37.824,0,"ebike:0, driver:0, passenger:0"
823,27.433,yolov8n,1+3+0,bicycle+motorcycle+person,28.995,34.488,0,"bicycle:0, motorcycle:0, person:0"
824,27.467,baseline,0+1+2,ebike+driver+passenger,27.693,36.110,0,"ebike:0, driver:0, passenger:0"
824,27.467,bifpn,0+1+2,ebike+driver+passenger,27.593,36.241,0,"ebike:0, driver:0, passenger:0"
824,27.467,yolov8n,1+3+0,bicycle+motorcycle+person,27.773,36.007,0,"bicycle:0, motorcycle:0, person:0"
825,27.500,baseline,0+1+2,ebike+driver+passenger,26.879,37.204,0,"ebike:0, driver:0, passenger:0"
825,27.500,bifpn,0+1+2,ebike+driver+passenger,27.293,36.639,0,"ebike:0, driver:0, passenger:0"
825,27.500,yolov8n,1+3+0,bicycle+motorcycle+person,28.068,35.627,0,"bicycle:0, motorcycle:0, person:0"
826,27.533,baseline,0+1+2,ebike+driver+passenger,27.079,36.930,0,"ebike:0, driver:0, passenger:0"
826,27.533,bifpn,0+1+2,ebike+driver+passenger,28.545,35.032,0,"ebike:0, driver:0, passenger:0"
826,27.533,yolov8n,1+3+0,bicycle+motorcycle+person,28.526,35.056,0,"bicycle:0, motorcycle:0, person:0"
827,27.567,baseline,0+1+2,ebike+driver+passenger,28.209,35.450,0,"ebike:0, driver:0, passenger:0"
827,27.567,bifpn,0+1+2,ebike+driver+passenger,26.839,37.259,0,"ebike:0, driver:0, passenger:0"
827,27.567,yolov8n,1+3+0,bicycle+motorcycle+person,28.518,35.066,0,"bicycle:0, motorcycle:0, person:0"
828,27.600,baseline,0+1+2,ebike+driver+passenger,26.627,37.556,0,"ebike:0, driver:0, passenger:0"
828,27.600,bifpn,0+1+2,ebike+driver+passenger,25.752,38.831,0,"ebike:0, driver:0, passenger:0"
828,27.600,yolov8n,1+3+0,bicycle+motorcycle+person,26.814,37.294,0,"bicycle:0, motorcycle:0, person:0"
829,27.633,baseline,0+1+2,ebike+driver+passenger,28.626,34.933,0,"ebike:0, driver:0, passenger:0"
829,27.633,bifpn,0+1+2,ebike+driver+passenger,26.921,37.145,0,"ebike:0, driver:0, passenger:0"
829,27.633,yolov8n,1+3+0,bicycle+motorcycle+person,28.612,34.950,0,"bicycle:0, motorcycle:0, person:0"
830,27.667,baseline,0+1+2,ebike+driver+passenger,27.223,36.734,0,"ebike:0, driver:0, passenger:0"
830,27.667,bifpn,0+1+2,ebike+driver+passenger,26.906,37.167,0,"ebike:0, driver:0, passenger:0"
830,27.667,yolov8n,1+3+0,bicycle+motorcycle+person,25.848,38.688,0,"bicycle:0, motorcycle:0, person:0"
831,27.700,baseline,0+1+2,ebike+driver+passenger,25.547,39.144,0,"ebike:0, driver:0, passenger:0"
831,27.700,bifpn,0+1+2,ebike+driver+passenger,26.048,38.391,0,"ebike:0, driver:0, passenger:0"
831,27.700,yolov8n,1+3+0,bicycle+motorcycle+person,24.919,40.130,0,"bicycle:0, motorcycle:0, person:0"
832,27.733,baseline,0+1+2,ebike+driver+passenger,23.950,41.754,0,"ebike:0, driver:0, passenger:0"
832,27.733,bifpn,0+1+2,ebike+driver+passenger,25.688,38.928,0,"ebike:0, driver:0, passenger:0"
832,27.733,yolov8n,1+3+0,bicycle+motorcycle+person,26.725,37.419,0,"bicycle:0, motorcycle:0, person:0"
833,27.767,baseline,0+1+2,ebike+driver+passenger,26.862,37.227,0,"ebike:0, driver:0, passenger:0"
833,27.767,bifpn,0+1+2,ebike+driver+passenger,27.208,36.754,0,"ebike:0, driver:0, passenger:0"
833,27.767,yolov8n,1+3+0,bicycle+motorcycle+person,27.004,37.031,0,"bicycle:0, motorcycle:0, person:0"
834,27.800,baseline,0+1+2,ebike+driver+passenger,24.146,41.414,0,"ebike:0, driver:0, passenger:0"
834,27.800,bifpn,0+1+2,ebike+driver+passenger,27.716,36.081,0,"ebike:0, driver:0, passenger:0"
834,27.800,yolov8n,1+3+0,bicycle+motorcycle+person,26.885,37.196,0,"bicycle:0, motorcycle:0, person:0"
835,27.833,baseline,0+1+2,ebike+driver+passenger,27.267,36.674,0,"ebike:0, driver:0, passenger:0"
835,27.833,bifpn,0+1+2,ebike+driver+passenger,28.592,34.975,0,"ebike:0, driver:0, passenger:0"
835,27.833,yolov8n,1+3+0,bicycle+motorcycle+person,29.074,34.395,0,"bicycle:0, motorcycle:0, person:0"
836,27.867,baseline,0+1+2,ebike+driver+passenger,25.906,38.601,0,"ebike:0, driver:0, passenger:0"
836,27.867,bifpn,0+1+2,ebike+driver+passenger,28.150,35.524,0,"ebike:0, driver:0, passenger:0"
836,27.867,yolov8n,1+3+0,bicycle+motorcycle+person,27.992,35.725,0,"bicycle:0, motorcycle:0, person:0"
837,27.900,baseline,0+1+2,ebike+driver+passenger,27.360,36.550,0,"ebike:0, driver:0, passenger:0"
837,27.900,bifpn,0+1+2,ebike+driver+passenger,27.300,36.630,0,"ebike:0, driver:0, passenger:0"
837,27.900,yolov8n,1+3+0,bicycle+motorcycle+person,30.586,32.695,0,"bicycle:0, motorcycle:0, person:0"
838,27.933,baseline,0+1+2,ebike+driver+passenger,27.590,36.245,0,"ebike:0, driver:0, passenger:0"
838,27.933,bifpn,0+1+2,ebike+driver+passenger,26.258,38.084,0,"ebike:0, driver:0, passenger:0"
838,27.933,yolov8n,1+3+0,bicycle+motorcycle+person,28.630,34.929,0,"bicycle:0, motorcycle:0, person:0"
839,27.967,baseline,0+1+2,ebike+driver+passenger,28.562,35.012,0,"ebike:0, driver:0, passenger:0"
839,27.967,bifpn,0+1+2,ebike+driver+passenger,27.758,36.025,0,"ebike:0, driver:0, passenger:0"
839,27.967,yolov8n,1+3+0,bicycle+motorcycle+person,28.946,34.547,0,"bicycle:0, motorcycle:0, person:0"
840,28.000,baseline,0+1+2,ebike+driver+passenger,29.206,34.239,0,"ebike:0, driver:0, passenger:0"
840,28.000,bifpn,0+1+2,ebike+driver+passenger,26.829,37.273,0,"ebike:0, driver:0, passenger:0"
840,28.000,yolov8n,1+3+0,bicycle+motorcycle+person,29.348,34.074,0,"bicycle:0, motorcycle:0, person:0"
841,28.033,baseline,0+1+2,ebike+driver+passenger,26.735,37.404,0,"ebike:0, driver:0, passenger:0"
841,28.033,bifpn,0+1+2,ebike+driver+passenger,28.500,35.087,0,"ebike:0, driver:0, passenger:0"
841,28.033,yolov8n,1+3+0,bicycle+motorcycle+person,29.852,33.499,0,"bicycle:0, motorcycle:0, person:0"
842,28.067,baseline,0+1+2,ebike+driver+passenger,26.824,37.279,0,"ebike:0, driver:0, passenger:0"
842,28.067,bifpn,0+1+2,ebike+driver+passenger,25.517,39.190,0,"ebike:0, driver:0, passenger:0"
842,28.067,yolov8n,1+3+0,bicycle+motorcycle+person,27.523,36.333,0,"bicycle:0, motorcycle:0, person:0"
843,28.100,baseline,0+1+2,ebike+driver+passenger,27.945,35.784,0,"ebike:0, driver:0, passenger:0"
843,28.100,bifpn,0+1+2,ebike+driver+passenger,25.111,39.823,0,"ebike:0, driver:0, passenger:0"
843,28.100,yolov8n,1+3+0,bicycle+motorcycle+person,26.928,37.136,0,"bicycle:0, motorcycle:0, person:0"
844,28.133,baseline,0+1+2,ebike+driver+passenger,29.858,33.492,0,"ebike:0, driver:0, passenger:0"
844,28.133,bifpn,0+1+2,ebike+driver+passenger,26.211,38.152,0,"ebike:0, driver:0, passenger:0"
844,28.133,yolov8n,1+3+0,bicycle+motorcycle+person,29.443,33.964,0,"bicycle:0, motorcycle:0, person:0"
845,28.167,baseline,0+1+2,ebike+driver+passenger,29.335,34.089,0,"ebike:0, driver:0, passenger:0"
845,28.167,bifpn,0+1+2,ebike+driver+passenger,27.179,36.793,0,"ebike:0, driver:0, passenger:0"
845,28.167,yolov8n,1+3+0,bicycle+motorcycle+person,27.667,36.144,0,"bicycle:0, motorcycle:0, person:0"
846,28.200,baseline,0+1+2,ebike+driver+passenger,27.018,37.013,0,"ebike:0, driver:0, passenger:0"
846,28.200,bifpn,0+1+2,ebike+driver+passenger,26.490,37.750,0,"ebike:0, driver:0, passenger:0"
846,28.200,yolov8n,1+3+0,bicycle+motorcycle+person,27.820,35.945,0,"bicycle:0, motorcycle:0, person:0"
847,28.233,baseline,0+1+2,ebike+driver+passenger,29.250,34.188,0,"ebike:0, driver:0, passenger:0"
847,28.233,bifpn,0+1+2,ebike+driver+passenger,26.081,38.342,0,"ebike:0, driver:0, passenger:0"
847,28.233,yolov8n,1+3+0,bicycle+motorcycle+person,28.663,34.888,0,"bicycle:0, motorcycle:0, person:0"
848,28.267,baseline,0+1+2,ebike+driver+passenger,29.434,33.974,0,"ebike:0, driver:0, passenger:0"
848,28.267,bifpn,0+1+2,ebike+driver+passenger,27.142,36.843,0,"ebike:0, driver:0, passenger:0"
848,28.267,yolov8n,1+3+0,bicycle+motorcycle+person,28.720,34.819,0,"bicycle:0, motorcycle:0, person:0"
849,28.300,baseline,0+1+2,ebike+driver+passenger,27.101,36.900,0,"ebike:0, driver:0, passenger:0"
849,28.300,bifpn,0+1+2,ebike+driver+passenger,29.636,33.742,0,"ebike:0, driver:0, passenger:0"
849,28.300,yolov8n,1+3+0,bicycle+motorcycle+person,29.981,33.355,0,"bicycle:0, motorcycle:0, person:0"
850,28.333,baseline,0+1+2,ebike+driver+passenger,29.481,33.921,0,"ebike:0, driver:0, passenger:0"
850,28.333,bifpn,0+1+2,ebike+driver+passenger,29.499,33.900,0,"ebike:0, driver:0, passenger:0"
850,28.333,yolov8n,1+3+0,bicycle+motorcycle+person,29.028,34.449,0,"bicycle:0, motorcycle:0, person:0"
851,28.367,baseline,0+1+2,ebike+driver+passenger,28.513,35.071,0,"ebike:0, driver:0, passenger:0"
851,28.367,bifpn,0+1+2,ebike+driver+passenger,26.606,37.585,0,"ebike:0, driver:0, passenger:0"
851,28.367,yolov8n,1+3+0,bicycle+motorcycle+person,26.737,37.402,0,"bicycle:0, motorcycle:0, person:0"
852,28.400,baseline,0+1+2,ebike+driver+passenger,27.368,36.539,0,"ebike:0, driver:0, passenger:0"
852,28.400,bifpn,0+1+2,ebike+driver+passenger,26.312,38.005,0,"ebike:0, driver:0, passenger:0"
852,28.400,yolov8n,1+3+0,bicycle+motorcycle+person,26.905,37.168,0,"bicycle:0, motorcycle:0, person:0"
853,28.433,baseline,0+1+2,ebike+driver+passenger,27.072,36.938,0,"ebike:0, driver:0, passenger:0"
853,28.433,bifpn,0+1+2,ebike+driver+passenger,27.591,36.244,0,"ebike:0, driver:0, passenger:0"
853,28.433,yolov8n,1+3+0,bicycle+motorcycle+person,26.984,37.059,1,"bicycle:0, motorcycle:1, person:0"
854,28.467,baseline,0+1+2,ebike+driver+passenger,27.589,36.246,0,"ebike:0, driver:0, passenger:0"
854,28.467,bifpn,0+1+2,ebike+driver+passenger,26.523,37.703,0,"ebike:0, driver:0, passenger:0"
854,28.467,yolov8n,1+3+0,bicycle+motorcycle+person,27.678,36.130,1,"bicycle:0, motorcycle:1, person:0"
855,28.500,baseline,0+1+2,ebike+driver+passenger,27.972,35.749,0,"ebike:0, driver:0, passenger:0"
855,28.500,bifpn,0+1+2,ebike+driver+passenger,26.862,37.228,0,"ebike:0, driver:0, passenger:0"
855,28.500,yolov8n,1+3+0,bicycle+motorcycle+person,29.051,34.422,1,"bicycle:0, motorcycle:1, person:0"
856,28.533,baseline,0+1+2,ebike+driver+passenger,27.292,36.641,0,"ebike:0, driver:0, passenger:0"
856,28.533,bifpn,0+1+2,ebike+driver+passenger,26.028,38.420,0,"ebike:0, driver:0, passenger:0"
856,28.533,yolov8n,1+3+0,bicycle+motorcycle+person,27.934,35.799,0,"bicycle:0, motorcycle:0, person:0"
857,28.567,baseline,0+1+2,ebike+driver+passenger,25.412,39.351,0,"ebike:0, driver:0, passenger:0"
857,28.567,bifpn,0+1+2,ebike+driver+passenger,27.274,36.665,0,"ebike:0, driver:0, passenger:0"
857,28.567,yolov8n,1+3+0,bicycle+motorcycle+person,27.623,36.202,1,"bicycle:0, motorcycle:1, person:0"
858,28.600,baseline,0+1+2,ebike+driver+passenger,26.739,37.399,0,"ebike:0, driver:0, passenger:0"
858,28.600,bifpn,0+1+2,ebike+driver+passenger,26.838,37.260,0,"ebike:0, driver:0, passenger:0"
858,28.600,yolov8n,1+3+0,bicycle+motorcycle+person,26.280,38.052,2,"bicycle:0, motorcycle:1, person:1"
859,28.633,baseline,0+1+2,ebike+driver+passenger,28.487,35.104,0,"ebike:0, driver:0, passenger:0"
859,28.633,bifpn,0+1+2,ebike+driver+passenger,28.034,35.670,0,"ebike:0, driver:0, passenger:0"
859,28.633,yolov8n,1+3+0,bicycle+motorcycle+person,28.897,34.606,1,"bicycle:0, motorcycle:1, person:0"
860,28.667,baseline,0+1+2,ebike+driver+passenger,31.976,31.274,0,"ebike:0, driver:0, passenger:0"
860,28.667,bifpn,0+1+2,ebike+driver+passenger,27.605,36.225,0,"ebike:0, driver:0, passenger:0"
860,28.667,yolov8n,1+3+0,bicycle+motorcycle+person,29.567,33.822,1,"bicycle:0, motorcycle:1, person:0"
861,28.700,baseline,0+1+2,ebike+driver+passenger,29.386,34.030,0,"ebike:0, driver:0, passenger:0"
861,28.700,bifpn,0+1+2,ebike+driver+passenger,30.436,32.856,0,"ebike:0, driver:0, passenger:0"
861,28.700,yolov8n,1+3+0,bicycle+motorcycle+person,30.283,33.022,1,"bicycle:0, motorcycle:1, person:0"
862,28.733,baseline,0+1+2,ebike+driver+passenger,28.831,34.685,0,"ebike:0, driver:0, passenger:0"
862,28.733,bifpn,0+1+2,ebike+driver+passenger,27.522,36.335,0,"ebike:0, driver:0, passenger:0"
862,28.733,yolov8n,1+3+0,bicycle+motorcycle+person,27.936,35.797,2,"bicycle:0, motorcycle:1, person:1"
863,28.767,baseline,0+1+2,ebike+driver+passenger,28.336,35.291,0,"ebike:0, driver:0, passenger:0"
863,28.767,bifpn,0+1+2,ebike+driver+passenger,26.465,37.786,0,"ebike:0, driver:0, passenger:0"
863,28.767,yolov8n,1+3+0,bicycle+motorcycle+person,28.976,34.511,2,"bicycle:0, motorcycle:1, person:1"
864,28.800,baseline,0+1+2,ebike+driver+passenger,29.459,33.945,0,"ebike:0, driver:0, passenger:0"
864,28.800,bifpn,0+1+2,ebike+driver+passenger,27.552,36.295,0,"ebike:0, driver:0, passenger:0"
864,28.800,yolov8n,1+3+0,bicycle+motorcycle+person,26.595,37.601,3,"bicycle:0, motorcycle:1, person:2"
865,28.833,baseline,0+1+2,ebike+driver+passenger,28.446,35.155,0,"ebike:0, driver:0, passenger:0"
865,28.833,bifpn,0+1+2,ebike+driver+passenger,26.832,37.269,0,"ebike:0, driver:0, passenger:0"
865,28.833,yolov8n,1+3+0,bicycle+motorcycle+person,27.322,36.601,4,"bicycle:0, motorcycle:1, person:3"
866,28.867,baseline,0+1+2,ebike+driver+passenger,27.549,36.299,0,"ebike:0, driver:0, passenger:0"
866,28.867,bifpn,0+1+2,ebike+driver+passenger,29.124,34.336,0,"ebike:0, driver:0, passenger:0"
866,28.867,yolov8n,1+3+0,bicycle+motorcycle+person,29.053,34.420,4,"bicycle:0, motorcycle:1, person:3"
867,28.900,baseline,0+1+2,ebike+driver+passenger,26.426,37.841,0,"ebike:0, driver:0, passenger:0"
867,28.900,bifpn,0+1+2,ebike+driver+passenger,26.696,37.459,0,"ebike:0, driver:0, passenger:0"
867,28.900,yolov8n,1+3+0,bicycle+motorcycle+person,25.780,38.790,4,"bicycle:0, motorcycle:2, person:2"
868,28.933,baseline,0+1+2,ebike+driver+passenger,26.200,38.168,0,"ebike:0, driver:0, passenger:0"
868,28.933,bifpn,0+1+2,ebike+driver+passenger,26.356,37.942,0,"ebike:0, driver:0, passenger:0"
868,28.933,yolov8n,1+3+0,bicycle+motorcycle+person,27.691,36.112,4,"bicycle:0, motorcycle:1, person:3"
869,28.967,baseline,0+1+2,ebike+driver+passenger,24.564,40.711,0,"ebike:0, driver:0, passenger:0"
869,28.967,bifpn,0+1+2,ebike+driver+passenger,26.573,37.632,0,"ebike:0, driver:0, passenger:0"
869,28.967,yolov8n,1+3+0,bicycle+motorcycle+person,27.921,35.815,4,"bicycle:0, motorcycle:1, person:3"
870,29.000,baseline,0+1+2,ebike+driver+passenger,26.745,37.390,0,"ebike:0, driver:0, passenger:0"
870,29.000,bifpn,0+1+2,ebike+driver+passenger,27.690,36.114,0,"ebike:0, driver:0, passenger:0"
870,29.000,yolov8n,1+3+0,bicycle+motorcycle+person,25.928,38.568,4,"bicycle:0, motorcycle:2, person:2"
871,29.033,baseline,0+1+2,ebike+driver+passenger,26.676,37.487,0,"ebike:0, driver:0, passenger:0"
871,29.033,bifpn,0+1+2,ebike+driver+passenger,26.002,38.459,0,"ebike:0, driver:0, passenger:0"
871,29.033,yolov8n,1+3+0,bicycle+motorcycle+person,27.679,36.129,5,"bicycle:0, motorcycle:3, person:2"
872,29.067,baseline,0+1+2,ebike+driver+passenger,28.222,35.433,0,"ebike:0, driver:0, passenger:0"
872,29.067,bifpn,0+1+2,ebike+driver+passenger,25.576,39.099,0,"ebike:0, driver:0, passenger:0"
872,29.067,yolov8n,1+3+0,bicycle+motorcycle+person,26.126,38.275,5,"bicycle:0, motorcycle:2, person:3"
873,29.100,baseline,0+1+2,ebike+driver+passenger,28.094,35.595,0,"ebike:0, driver:0, passenger:0"
873,29.100,bifpn,0+1+2,ebike+driver+passenger,28.603,34.962,0,"ebike:0, driver:0, passenger:0"
873,29.100,yolov8n,1+3+0,bicycle+motorcycle+person,29.459,33.945,5,"bicycle:0, motorcycle:2, person:3"
874,29.133,baseline,0+1+2,ebike+driver+passenger,27.586,36.250,0,"ebike:0, driver:0, passenger:0"
874,29.133,bifpn,0+1+2,ebike+driver+passenger,27.276,36.662,0,"ebike:0, driver:0, passenger:0"
874,29.133,yolov8n,1+3+0,bicycle+motorcycle+person,27.503,36.359,6,"bicycle:0, motorcycle:2, person:4"
875,29.167,baseline,0+1+2,ebike+driver+passenger,27.895,35.849,0,"ebike:0, driver:0, passenger:0"
875,29.167,bifpn,0+1+2,ebike+driver+passenger,27.094,36.908,0,"ebike:0, driver:0, passenger:0"
875,29.167,yolov8n,1+3+0,bicycle+motorcycle+person,26.893,37.185,5,"bicycle:0, motorcycle:2, person:3"
876,29.200,baseline,0+1+2,ebike+driver+passenger,28.385,35.230,0,"ebike:0, driver:0, passenger:0"
876,29.200,bifpn,0+1+2,ebike+driver+passenger,26.668,37.498,0,"ebike:0, driver:0, passenger:0"
876,29.200,yolov8n,1+3+0,bicycle+motorcycle+person,28.335,35.292,5,"bicycle:0, motorcycle:2, person:3"
877,29.233,baseline,0+1+2,ebike+driver+passenger,28.997,34.486,0,"ebike:0, driver:0, passenger:0"
877,29.233,bifpn,0+1+2,ebike+driver+passenger,25.832,38.712,0,"ebike:0, driver:0, passenger:0"
877,29.233,yolov8n,1+3+0,bicycle+motorcycle+person,26.408,37.867,5,"bicycle:0, motorcycle:2, person:3"
878,29.267,baseline,0+1+2,ebike+driver+passenger,27.170,36.805,0,"ebike:0, driver:0, passenger:0"
878,29.267,bifpn,0+1+2,ebike+driver+passenger,26.070,38.359,0,"ebike:0, driver:0, passenger:0"
878,29.267,yolov8n,1+3+0,bicycle+motorcycle+person,32.053,31.198,8,"bicycle:0, motorcycle:2, person:6"
879,29.300,baseline,0+1+2,ebike+driver+passenger,27.062,36.953,0,"ebike:0, driver:0, passenger:0"
879,29.300,bifpn,0+1+2,ebike+driver+passenger,27.564,36.279,0,"ebike:0, driver:0, passenger:0"
879,29.300,yolov8n,1+3+0,bicycle+motorcycle+person,28.952,34.540,6,"bicycle:0, motorcycle:2, person:4"
880,29.333,baseline,0+1+2,ebike+driver+passenger,26.653,37.520,0,"ebike:0, driver:0, passenger:0"
880,29.333,bifpn,0+1+2,ebike+driver+passenger,27.684,36.122,0,"ebike:0, driver:0, passenger:0"
880,29.333,yolov8n,1+3+0,bicycle+motorcycle+person,27.577,36.262,6,"bicycle:0, motorcycle:2, person:4"
881,29.367,baseline,0+1+2,ebike+driver+passenger,26.002,38.459,0,"ebike:0, driver:0, passenger:0"
881,29.367,bifpn,0+1+2,ebike+driver+passenger,26.858,37.233,0,"ebike:0, driver:0, passenger:0"
881,29.367,yolov8n,1+3+0,bicycle+motorcycle+person,28.084,35.608,5,"bicycle:0, motorcycle:2, person:3"
882,29.400,baseline,0+1+2,ebike+driver+passenger,26.051,38.387,0,"ebike:0, driver:0, passenger:0"
882,29.400,bifpn,0+1+2,ebike+driver+passenger,28.971,34.518,0,"ebike:0, driver:0, passenger:0"
882,29.400,yolov8n,1+3+0,bicycle+motorcycle+person,27.512,36.347,5,"bicycle:0, motorcycle:2, person:3"
883,29.433,baseline,0+1+2,ebike+driver+passenger,27.831,35.931,0,"ebike:0, driver:0, passenger:0"
883,29.433,bifpn,0+1+2,ebike+driver+passenger,26.795,37.320,0,"ebike:0, driver:0, passenger:0"
883,29.433,yolov8n,1+3+0,bicycle+motorcycle+person,25.559,39.125,5,"bicycle:0, motorcycle:2, person:3"
884,29.467,baseline,0+1+2,ebike+driver+passenger,28.130,35.550,0,"ebike:0, driver:0, passenger:0"
884,29.467,bifpn,0+1+2,ebike+driver+passenger,25.164,39.739,0,"ebike:0, driver:0, passenger:0"
884,29.467,yolov8n,1+3+0,bicycle+motorcycle+person,25.788,38.777,6,"bicycle:0, motorcycle:2, person:4"
885,29.500,baseline,0+1+2,ebike+driver+passenger,28.976,34.512,0,"ebike:0, driver:0, passenger:0"
885,29.500,bifpn,0+1+2,ebike+driver+passenger,28.093,35.596,0,"ebike:0, driver:0, passenger:0"
885,29.500,yolov8n,1+3+0,bicycle+motorcycle+person,30.443,32.848,5,"bicycle:0, motorcycle:2, person:3"
886,29.533,baseline,0+1+2,ebike+driver+passenger,29.133,34.325,0,"ebike:0, driver:0, passenger:0"
886,29.533,bifpn,0+1+2,ebike+driver+passenger,26.233,38.120,0,"ebike:0, driver:0, passenger:0"
886,29.533,yolov8n,1+3+0,bicycle+motorcycle+person,28.185,35.480,5,"bicycle:0, motorcycle:2, person:3"
887,29.567,baseline,0+1+2,ebike+driver+passenger,26.439,37.824,0,"ebike:0, driver:0, passenger:0"
887,29.567,bifpn,0+1+2,ebike+driver+passenger,25.862,38.667,0,"ebike:0, driver:0, passenger:0"
887,29.567,yolov8n,1+3+0,bicycle+motorcycle+person,26.804,37.308,8,"bicycle:0, motorcycle:3, person:5"
888,29.600,baseline,0+1+2,ebike+driver+passenger,27.395,36.503,0,"ebike:0, driver:0, passenger:0"
888,29.600,bifpn,0+1+2,ebike+driver+passenger,27.156,36.824,0,"ebike:0, driver:0, passenger:0"
888,29.600,yolov8n,1+3+0,bicycle+motorcycle+person,29.993,33.341,4,"bicycle:0, motorcycle:1, person:3"
889,29.633,baseline,0+1+2,ebike+driver+passenger,26.537,37.683,0,"ebike:0, driver:0, passenger:0"
889,29.633,bifpn,0+1+2,ebike+driver+passenger,24.392,40.996,0,"ebike:0, driver:0, passenger:0"
889,29.633,yolov8n,1+3+0,bicycle+motorcycle+person,27.796,35.976,4,"bicycle:0, motorcycle:1, person:3"
890,29.667,baseline,0+1+2,ebike+driver+passenger,27.754,36.031,0,"ebike:0, driver:0, passenger:0"
890,29.667,bifpn,0+1+2,ebike+driver+passenger,26.737,37.401,0,"ebike:0, driver:0, passenger:0"
890,29.667,yolov8n,1+3+0,bicycle+motorcycle+person,29.803,33.553,5,"bicycle:0, motorcycle:1, person:4"
891,29.700,baseline,0+1+2,ebike+driver+passenger,26.870,37.216,0,"ebike:0, driver:0, passenger:0"
891,29.700,bifpn,0+1+2,ebike+driver+passenger,27.159,36.820,0,"ebike:0, driver:0, passenger:0"
891,29.700,yolov8n,1+3+0,bicycle+motorcycle+person,26.417,37.855,2,"bicycle:0, motorcycle:1, person:1"
892,29.733,baseline,0+1+2,ebike+driver+passenger,27.795,35.977,0,"ebike:0, driver:0, passenger:0"
892,29.733,bifpn,0+1+2,ebike+driver+passenger,27.220,36.737,0,"ebike:0, driver:0, passenger:0"
892,29.733,yolov8n,1+3+0,bicycle+motorcycle+person,29.628,33.752,3,"bicycle:0, motorcycle:1, person:2"
893,29.767,baseline,0+1+2,ebike+driver+passenger,27.831,35.931,0,"ebike:0, driver:0, passenger:0"
893,29.767,bifpn,0+1+2,ebike+driver+passenger,27.942,35.789,0,"ebike:0, driver:0, passenger:0"
893,29.767,yolov8n,1+3+0,bicycle+motorcycle+person,30.595,32.685,5,"bicycle:0, motorcycle:2, person:3"
894,29.800,baseline,0+1+2,ebike+driver+passenger,27.647,36.170,0,"ebike:0, driver:0, passenger:0"
894,29.800,bifpn,0+1+2,ebike+driver+passenger,27.086,36.920,0,"ebike:0, driver:0, passenger:0"
894,29.800,yolov8n,1+3+0,bicycle+motorcycle+person,27.996,35.720,5,"bicycle:0, motorcycle:2, person:3"
895,29.833,baseline,0+1+2,ebike+driver+passenger,27.913,35.825,0,"ebike:0, driver:0, passenger:0"
895,29.833,bifpn,0+1+2,ebike+driver+passenger,25.418,39.342,0,"ebike:0, driver:0, passenger:0"
895,29.833,yolov8n,1+3+0,bicycle+motorcycle+person,29.617,33.764,6,"bicycle:0, motorcycle:2, person:4"
896,29.867,baseline,0+1+2,ebike+driver+passenger,30.176,33.138,0,"ebike:0, driver:0, passenger:0"
896,29.867,bifpn,0+1+2,ebike+driver+passenger,27.734,36.057,0,"ebike:0, driver:0, passenger:0"
896,29.867,yolov8n,1+3+0,bicycle+motorcycle+person,28.770,34.758,7,"bicycle:0, motorcycle:3, person:4"
897,29.900,baseline,0+1+2,ebike+driver+passenger,27.667,36.144,0,"ebike:0, driver:0, passenger:0"
897,29.900,bifpn,0+1+2,ebike+driver+passenger,27.456,36.422,0,"ebike:0, driver:0, passenger:0"
897,29.900,yolov8n,1+3+0,bicycle+motorcycle+person,27.968,35.755,6,"bicycle:0, motorcycle:2, person:4"
898,29.933,baseline,0+1+2,ebike+driver+passenger,29.960,33.378,0,"ebike:0, driver:0, passenger:0"
898,29.933,bifpn,0+1+2,ebike+driver+passenger,27.038,36.985,0,"ebike:0, driver:0, passenger:0"
898,29.933,yolov8n,1+3+0,bicycle+motorcycle+person,28.857,34.653,6,"bicycle:0, motorcycle:3, person:3"
899,29.967,baseline,0+1+2,ebike+driver+passenger,27.922,35.814,0,"ebike:0, driver:0, passenger:0"
899,29.967,bifpn,0+1+2,ebike+driver+passenger,28.236,35.416,0,"ebike:0, driver:0, passenger:0"
899,29.967,yolov8n,1+3+0,bicycle+motorcycle+person,29.339,34.085,5,"bicycle:0, motorcycle:2, person:3"
900,30.000,baseline,0+1+2,ebike+driver+passenger,26.870,37.216,0,"ebike:0, driver:0, passenger:0"
900,30.000,bifpn,0+1+2,ebike+driver+passenger,26.053,38.384,0,"ebike:0, driver:0, passenger:0"
900,30.000,yolov8n,1+3+0,bicycle+motorcycle+person,29.073,34.396,5,"bicycle:0, motorcycle:2, person:3"
901,30.033,baseline,0+1+2,ebike+driver+passenger,28.025,35.683,0,"ebike:0, driver:0, passenger:0"
901,30.033,bifpn,0+1+2,ebike+driver+passenger,27.453,36.426,0,"ebike:0, driver:0, passenger:0"
901,30.033,yolov8n,1+3+0,bicycle+motorcycle+person,28.083,35.609,5,"bicycle:0, motorcycle:2, person:3"
902,30.067,baseline,0+1+2,ebike+driver+passenger,27.022,37.006,0,"ebike:0, driver:0, passenger:0"
902,30.067,bifpn,0+1+2,ebike+driver+passenger,27.556,36.290,0,"ebike:0, driver:0, passenger:0"
902,30.067,yolov8n,1+3+0,bicycle+motorcycle+person,27.046,36.974,6,"bicycle:0, motorcycle:2, person:4"
903,30.100,baseline,0+1+2,ebike+driver+passenger,28.540,35.038,0,"ebike:0, driver:0, passenger:0"
903,30.100,bifpn,0+1+2,ebike+driver+passenger,28.265,35.380,0,"ebike:0, driver:0, passenger:0"
903,30.100,yolov8n,1+3+0,bicycle+motorcycle+person,30.239,33.070,5,"bicycle:0, motorcycle:2, person:3"
904,30.133,baseline,0+1+2,ebike+driver+passenger,29.761,33.601,0,"ebike:0, driver:0, passenger:0"
904,30.133,bifpn,0+1+2,ebike+driver+passenger,26.473,37.774,0,"ebike:0, driver:0, passenger:0"
904,30.133,yolov8n,1+3+0,bicycle+motorcycle+person,26.437,37.826,6,"bicycle:0, motorcycle:2, person:4"
905,30.167,baseline,0+1+2,ebike+driver+passenger,28.987,34.499,0,"ebike:0, driver:0, passenger:0"
905,30.167,bifpn,0+1+2,ebike+driver+passenger,30.763,32.507,0,"ebike:0, driver:0, passenger:0"
905,30.167,yolov8n,1+3+0,bicycle+motorcycle+person,29.524,33.870,7,"bicycle:0, motorcycle:2, person:5"
906,30.200,baseline,0+1+2,ebike+driver+passenger,27.228,36.727,0,"ebike:0, driver:0, passenger:0"
906,30.200,bifpn,0+1+2,ebike+driver+passenger,26.614,37.575,0,"ebike:0, driver:0, passenger:0"
906,30.200,yolov8n,1+3+0,bicycle+motorcycle+person,29.624,33.757,5,"bicycle:0, motorcycle:2, person:3"
907,30.233,baseline,0+1+2,ebike+driver+passenger,26.695,37.460,0,"ebike:0, driver:0, passenger:0"
907,30.233,bifpn,0+1+2,ebike+driver+passenger,27.657,36.157,0,"ebike:0, driver:0, passenger:0"
907,30.233,yolov8n,1+3+0,bicycle+motorcycle+person,27.434,36.451,4,"bicycle:0, motorcycle:2, person:2"
908,30.267,baseline,0+1+2,ebike+driver+passenger,27.435,36.450,0,"ebike:0, driver:0, passenger:0"
908,30.267,bifpn,0+1+2,ebike+driver+passenger,26.842,37.255,0,"ebike:0, driver:0, passenger:0"
908,30.267,yolov8n,1+3+0,bicycle+motorcycle+person,30.955,32.305,5,"bicycle:0, motorcycle:2, person:3"
909,30.300,baseline,0+1+2,ebike+driver+passenger,27.537,36.315,0,"ebike:0, driver:0, passenger:0"
909,30.300,bifpn,0+1+2,ebike+driver+passenger,26.702,37.450,0,"ebike:0, driver:0, passenger:0"
909,30.300,yolov8n,1+3+0,bicycle+motorcycle+person,26.659,37.511,5,"bicycle:0, motorcycle:2, person:3"
910,30.333,baseline,0+1+2,ebike+driver+passenger,25.348,39.450,0,"ebike:0, driver:0, passenger:0"
910,30.333,bifpn,0+1+2,ebike+driver+passenger,25.546,39.144,0,"ebike:0, driver:0, passenger:0"
910,30.333,yolov8n,1+3+0,bicycle+motorcycle+person,28.214,35.444,6,"bicycle:0, motorcycle:2, person:4"
911,30.367,baseline,0+1+2,ebike+driver+passenger,26.110,38.299,0,"ebike:0, driver:0, passenger:0"
911,30.367,bifpn,0+1+2,ebike+driver+passenger,26.417,37.855,0,"ebike:0, driver:0, passenger:0"
911,30.367,yolov8n,1+3+0,bicycle+motorcycle+person,29.251,34.186,6,"bicycle:0, motorcycle:2, person:4"
912,30.400,baseline,0+1+2,ebike+driver+passenger,25.608,39.051,0,"ebike:0, driver:0, passenger:0"
912,30.400,bifpn,0+1+2,ebike+driver+passenger,26.042,38.399,0,"ebike:0, driver:0, passenger:0"
912,30.400,yolov8n,1+3+0,bicycle+motorcycle+person,27.855,35.901,4,"bicycle:0, motorcycle:2, person:2"
913,30.433,baseline,0+1+2,ebike+driver+passenger,28.235,35.417,0,"ebike:0, driver:0, passenger:0"
913,30.433,bifpn,0+1+2,ebike+driver+passenger,26.690,37.467,0,"ebike:0, driver:0, passenger:0"
913,30.433,yolov8n,1+3+0,bicycle+motorcycle+person,29.647,33.730,4,"bicycle:0, motorcycle:2, person:2"
914,30.467,baseline,0+1+2,ebike+driver+passenger,26.783,37.338,0,"ebike:0, driver:0, passenger:0"
914,30.467,bifpn,0+1+2,ebike+driver+passenger,27.124,36.867,0,"ebike:0, driver:0, passenger:0"
914,30.467,yolov8n,1+3+0,bicycle+motorcycle+person,29.496,33.902,4,"bicycle:0, motorcycle:2, person:2"
915,30.500,baseline,0+1+2,ebike+driver+passenger,26.256,38.087,0,"ebike:0, driver:0, passenger:0"
915,30.500,bifpn,0+1+2,ebike+driver+passenger,27.924,35.812,0,"ebike:0, driver:0, passenger:0"
915,30.500,yolov8n,1+3+0,bicycle+motorcycle+person,27.776,36.003,5,"bicycle:0, motorcycle:2, person:3"
916,30.533,baseline,0+1+2,ebike+driver+passenger,28.045,35.657,0,"ebike:0, driver:0, passenger:0"
916,30.533,bifpn,0+1+2,ebike+driver+passenger,26.897,37.179,0,"ebike:0, driver:0, passenger:0"
916,30.533,yolov8n,1+3+0,bicycle+motorcycle+person,29.104,34.360,4,"bicycle:0, motorcycle:2, person:2"
917,30.567,baseline,0+1+2,ebike+driver+passenger,26.838,37.260,0,"ebike:0, driver:0, passenger:0"
917,30.567,bifpn,0+1+2,ebike+driver+passenger,28.228,35.426,0,"ebike:0, driver:0, passenger:0"
917,30.567,yolov8n,1+3+0,bicycle+motorcycle+person,29.141,34.316,5,"bicycle:0, motorcycle:2, person:3"
918,30.600,baseline,0+1+2,ebike+driver+passenger,30.005,33.328,0,"ebike:0, driver:0, passenger:0"
918,30.600,bifpn,0+1+2,ebike+driver+passenger,27.585,36.252,0,"ebike:0, driver:0, passenger:0"
918,30.600,yolov8n,1+3+0,bicycle+motorcycle+person,29.415,33.997,4,"bicycle:0, motorcycle:2, person:2"
919,30.633,baseline,0+1+2,ebike+driver+passenger,29.513,33.883,0,"ebike:0, driver:0, passenger:0"
919,30.633,bifpn,0+1+2,ebike+driver+passenger,27.615,36.213,0,"ebike:0, driver:0, passenger:0"
919,30.633,yolov8n,1+3+0,bicycle+motorcycle+person,27.795,35.977,4,"bicycle:0, motorcycle:2, person:2"
920,30.667,baseline,0+1+2,ebike+driver+passenger,28.315,35.317,0,"ebike:0, driver:0, passenger:0"
920,30.667,bifpn,0+1+2,ebike+driver+passenger,28.217,35.440,0,"ebike:0, driver:0, passenger:0"
920,30.667,yolov8n,1+3+0,bicycle+motorcycle+person,27.965,35.759,3,"bicycle:0, motorcycle:1, person:2"
921,30.700,baseline,0+1+2,ebike+driver+passenger,27.797,35.976,0,"ebike:0, driver:0, passenger:0"
921,30.700,bifpn,0+1+2,ebike+driver+passenger,26.746,37.389,0,"ebike:0, driver:0, passenger:0"
921,30.700,yolov8n,1+3+0,bicycle+motorcycle+person,31.651,31.595,4,"bicycle:0, motorcycle:2, person:2"
922,30.733,baseline,0+1+2,ebike+driver+passenger,27.666,36.145,0,"ebike:0, driver:0, passenger:0"
922,30.733,bifpn,0+1+2,ebike+driver+passenger,26.730,37.411,0,"ebike:0, driver:0, passenger:0"
922,30.733,yolov8n,1+3+0,bicycle+motorcycle+person,27.893,35.851,4,"bicycle:0, motorcycle:1, person:3"
923,30.767,baseline,0+1+2,ebike+driver+passenger,26.825,37.278,0,"ebike:0, driver:0, passenger:0"
923,30.767,bifpn,0+1+2,ebike+driver+passenger,26.203,38.164,0,"ebike:0, driver:0, passenger:0"
923,30.767,yolov8n,1+3+0,bicycle+motorcycle+person,28.012,35.699,3,"bicycle:0, motorcycle:1, person:2"
924,30.800,baseline,0+1+2,ebike+driver+passenger,26.772,37.353,0,"ebike:0, driver:0, passenger:0"
924,30.800,bifpn,0+1+2,ebike+driver+passenger,26.847,37.248,0,"ebike:0, driver:0, passenger:0"
924,30.800,yolov8n,1+3+0,bicycle+motorcycle+person,27.049,36.970,4,"bicycle:0, motorcycle:1, person:3"
925,30.833,baseline,0+1+2,ebike+driver+passenger,27.975,35.746,0,"ebike:0, driver:0, passenger:0"
925,30.833,bifpn,0+1+2,ebike+driver+passenger,27.126,36.865,0,"ebike:0, driver:0, passenger:0"
925,30.833,yolov8n,1+3+0,bicycle+motorcycle+person,27.529,36.326,3,"bicycle:0, motorcycle:0, person:3"
926,30.867,baseline,0+1+2,ebike+driver+passenger,27.903,35.839,0,"ebike:0, driver:0, passenger:0"
926,30.867,bifpn,0+1+2,ebike+driver+passenger,26.158,38.229,0,"ebike:0, driver:0, passenger:0"
926,30.867,yolov8n,1+3+0,bicycle+motorcycle+person,28.692,34.853,2,"bicycle:0, motorcycle:1, person:1"
927,30.900,baseline,0+1+2,ebike+driver+passenger,29.243,34.197,0,"ebike:0, driver:0, passenger:0"
927,30.900,bifpn,0+1+2,ebike+driver+passenger,27.734,36.056,0,"ebike:0, driver:0, passenger:0"
927,30.900,yolov8n,1+3+0,bicycle+motorcycle+person,26.558,37.653,0,"bicycle:0, motorcycle:0, person:0"
928,30.933,baseline,0+1+2,ebike+driver+passenger,25.768,38.807,0,"ebike:0, driver:0, passenger:0"
928,30.933,bifpn,0+1+2,ebike+driver+passenger,25.098,39.844,0,"ebike:0, driver:0, passenger:0"
928,30.933,yolov8n,1+3+0,bicycle+motorcycle+person,28.628,34.930,0,"bicycle:0, motorcycle:0, person:0"
929,30.967,baseline,0+1+2,ebike+driver+passenger,25.227,39.641,0,"ebike:0, driver:0, passenger:0"
929,30.967,bifpn,0+1+2,ebike+driver+passenger,24.547,40.737,0,"ebike:0, driver:0, passenger:0"
929,30.967,yolov8n,1+3+0,bicycle+motorcycle+person,26.015,38.440,0,"bicycle:0, motorcycle:0, person:0"
930,31.000,baseline,0+1+2,ebike+driver+passenger,24.419,40.951,0,"ebike:0, driver:0, passenger:0"
930,31.000,bifpn,0+1+2,ebike+driver+passenger,25.122,39.805,0,"ebike:0, driver:0, passenger:0"
930,31.000,yolov8n,1+3+0,bicycle+motorcycle+person,26.124,38.280,0,"bicycle:0, motorcycle:0, person:0"
931,31.033,baseline,0+1+2,ebike+driver+passenger,25.860,38.670,0,"ebike:0, driver:0, passenger:0"
931,31.033,bifpn,0+1+2,ebike+driver+passenger,26.786,37.333,0,"ebike:0, driver:0, passenger:0"
931,31.033,yolov8n,1+3+0,bicycle+motorcycle+person,27.311,36.615,0,"bicycle:0, motorcycle:0, person:0"
932,31.067,baseline,0+1+2,ebike+driver+passenger,26.991,37.049,0,"ebike:0, driver:0, passenger:0"
932,31.067,bifpn,0+1+2,ebike+driver+passenger,26.224,38.133,0,"ebike:0, driver:0, passenger:0"
932,31.067,yolov8n,1+3+0,bicycle+motorcycle+person,27.308,36.620,0,"bicycle:0, motorcycle:0, person:0"
933,31.100,baseline,0+1+2,ebike+driver+passenger,26.193,38.179,0,"ebike:0, driver:0, passenger:0"
933,31.100,bifpn,0+1+2,ebike+driver+passenger,27.054,36.964,0,"ebike:0, driver:0, passenger:0"
933,31.100,yolov8n,1+3+0,bicycle+motorcycle+person,31.090,32.165,0,"bicycle:0, motorcycle:0, person:0"
934,31.133,baseline,0+1+2,ebike+driver+passenger,26.643,37.533,0,"ebike:0, driver:0, passenger:0"
934,31.133,bifpn,0+1+2,ebike+driver+passenger,25.607,39.052,0,"ebike:0, driver:0, passenger:0"
934,31.133,yolov8n,1+3+0,bicycle+motorcycle+person,26.570,37.637,0,"bicycle:0, motorcycle:0, person:0"
935,31.167,baseline,0+1+2,ebike+driver+passenger,27.506,36.355,0,"ebike:0, driver:0, passenger:0"
935,31.167,bifpn,0+1+2,ebike+driver+passenger,26.834,37.266,0,"ebike:0, driver:0, passenger:0"
935,31.167,yolov8n,1+3+0,bicycle+motorcycle+person,29.888,33.458,0,"bicycle:0, motorcycle:0, person:0"
936,31.200,baseline,0+1+2,ebike+driver+passenger,26.765,37.363,0,"ebike:0, driver:0, passenger:0"
936,31.200,bifpn,0+1+2,ebike+driver+passenger,25.123,39.804,0,"ebike:0, driver:0, passenger:0"
936,31.200,yolov8n,1+3+0,bicycle+motorcycle+person,26.791,37.326,0,"bicycle:0, motorcycle:0, person:0"
937,31.233,baseline,0+1+2,ebike+driver+passenger,27.508,36.352,0,"ebike:0, driver:0, passenger:0"
937,31.233,bifpn,0+1+2,ebike+driver+passenger,27.629,36.194,0,"ebike:0, driver:0, passenger:0"
937,31.233,yolov8n,1+3+0,bicycle+motorcycle+person,27.610,36.219,0,"bicycle:0, motorcycle:0, person:0"
938,31.267,baseline,0+1+2,ebike+driver+passenger,28.891,34.613,0,"ebike:0, driver:0, passenger:0"
938,31.267,bifpn,0+1+2,ebike+driver+passenger,26.489,37.752,0,"ebike:0, driver:0, passenger:0"
938,31.267,yolov8n,1+3+0,bicycle+motorcycle+person,28.078,35.615,0,"bicycle:0, motorcycle:0, person:0"
939,31.300,baseline,0+1+2,ebike+driver+passenger,26.687,37.471,0,"ebike:0, driver:0, passenger:0"
939,31.300,bifpn,0+1+2,ebike+driver+passenger,27.051,36.967,0,"ebike:0, driver:0, passenger:0"
939,31.300,yolov8n,1+3+0,bicycle+motorcycle+person,26.445,37.814,0,"bicycle:0, motorcycle:0, person:0"
940,31.333,baseline,0+1+2,ebike+driver+passenger,27.623,36.201,0,"ebike:0, driver:0, passenger:0"
940,31.333,bifpn,0+1+2,ebike+driver+passenger,25.453,39.288,0,"ebike:0, driver:0, passenger:0"
940,31.333,yolov8n,1+3+0,bicycle+motorcycle+person,28.733,34.804,0,"bicycle:0, motorcycle:0, person:0"
941,31.367,baseline,0+1+2,ebike+driver+passenger,25.865,38.662,0,"ebike:0, driver:0, passenger:0"
941,31.367,bifpn,0+1+2,ebike+driver+passenger,27.375,36.530,0,"ebike:0, driver:0, passenger:0"
941,31.367,yolov8n,1+3+0,bicycle+motorcycle+person,28.526,35.056,0,"bicycle:0, motorcycle:0, person:0"
942,31.400,baseline,0+1+2,ebike+driver+passenger,28.247,35.402,0,"ebike:0, driver:0, passenger:0"
942,31.400,bifpn,0+1+2,ebike+driver+passenger,36.368,27.496,0,"ebike:0, driver:0, passenger:0"
942,31.400,yolov8n,1+3+0,bicycle+motorcycle+person,28.045,35.657,0,"bicycle:0, motorcycle:0, person:0"
943,31.433,baseline,0+1+2,ebike+driver+passenger,30.883,32.380,0,"ebike:0, driver:0, passenger:0"
943,31.433,bifpn,0+1+2,ebike+driver+passenger,31.667,31.579,0,"ebike:0, driver:0, passenger:0"
943,31.433,yolov8n,1+3+0,bicycle+motorcycle+person,29.868,33.480,0,"bicycle:0, motorcycle:0, person:0"
944,31.467,baseline,0+1+2,ebike+driver+passenger,29.330,34.095,0,"ebike:0, driver:0, passenger:0"
944,31.467,bifpn,0+1+2,ebike+driver+passenger,26.543,37.675,0,"ebike:0, driver:0, passenger:0"
944,31.467,yolov8n,1+3+0,bicycle+motorcycle+person,28.086,35.605,0,"bicycle:0, motorcycle:0, person:0"
945,31.500,baseline,0+1+2,ebike+driver+passenger,30.336,32.964,0,"ebike:0, driver:0, passenger:0"
945,31.500,bifpn,0+1+2,ebike+driver+passenger,26.823,37.281,0,"ebike:0, driver:0, passenger:0"
945,31.500,yolov8n,1+3+0,bicycle+motorcycle+person,27.266,36.675,0,"bicycle:0, motorcycle:0, person:0"
946,31.533,baseline,0+1+2,ebike+driver+passenger,26.764,37.364,0,"ebike:0, driver:0, passenger:0"
946,31.533,bifpn,0+1+2,ebike+driver+passenger,25.286,39.547,0,"ebike:0, driver:0, passenger:0"
946,31.533,yolov8n,1+3+0,bicycle+motorcycle+person,29.950,33.389,0,"bicycle:0, motorcycle:0, person:0"
947,31.567,baseline,0+1+2,ebike+driver+passenger,28.165,35.505,0,"ebike:0, driver:0, passenger:0"
947,31.567,bifpn,0+1+2,ebike+driver+passenger,28.601,34.963,0,"ebike:0, driver:0, passenger:0"
947,31.567,yolov8n,1+3+0,bicycle+motorcycle+person,29.384,34.032,0,"bicycle:0, motorcycle:0, person:0"
948,31.600,baseline,0+1+2,ebike+driver+passenger,26.604,37.589,0,"ebike:0, driver:0, passenger:0"
948,31.600,bifpn,0+1+2,ebike+driver+passenger,26.063,38.369,0,"ebike:0, driver:0, passenger:0"
948,31.600,yolov8n,1+3+0,bicycle+motorcycle+person,27.840,35.919,0,"bicycle:0, motorcycle:0, person:0"
949,31.633,baseline,0+1+2,ebike+driver+passenger,27.058,36.958,0,"ebike:0, driver:0, passenger:0"
949,31.633,bifpn,0+1+2,ebike+driver+passenger,26.608,37.583,0,"ebike:0, driver:0, passenger:0"
949,31.633,yolov8n,1+3+0,bicycle+motorcycle+person,27.343,36.572,0,"bicycle:0, motorcycle:0, person:0"
950,31.667,baseline,0+1+2,ebike+driver+passenger,28.414,35.194,0,"ebike:0, driver:0, passenger:0"
950,31.667,bifpn,0+1+2,ebike+driver+passenger,25.125,39.801,0,"ebike:0, driver:0, passenger:0"
950,31.667,yolov8n,1+3+0,bicycle+motorcycle+person,27.794,35.979,0,"bicycle:0, motorcycle:0, person:0"
951,31.700,baseline,0+1+2,ebike+driver+passenger,27.455,36.424,0,"ebike:0, driver:0, passenger:0"
951,31.700,bifpn,0+1+2,ebike+driver+passenger,26.588,37.611,0,"ebike:0, driver:0, passenger:0"
951,31.700,yolov8n,1+3+0,bicycle+motorcycle+person,28.411,35.197,0,"bicycle:0, motorcycle:0, person:0"
952,31.733,baseline,0+1+2,ebike+driver+passenger,27.034,36.991,0,"ebike:0, driver:0, passenger:0"
952,31.733,bifpn,0+1+2,ebike+driver+passenger,27.198,36.767,0,"ebike:0, driver:0, passenger:0"
952,31.733,yolov8n,1+3+0,bicycle+motorcycle+person,28.111,35.573,0,"bicycle:0, motorcycle:0, person:0"
953,31.767,baseline,0+1+2,ebike+driver+passenger,27.399,36.498,0,"ebike:0, driver:0, passenger:0"
953,31.767,bifpn,0+1+2,ebike+driver+passenger,26.865,37.223,0,"ebike:0, driver:0, passenger:0"
953,31.767,yolov8n,1+3+0,bicycle+motorcycle+person,27.960,35.765,0,"bicycle:0, motorcycle:0, person:0"
954,31.800,baseline,0+1+2,ebike+driver+passenger,29.172,34.280,0,"ebike:0, driver:0, passenger:0"
954,31.800,bifpn,0+1+2,ebike+driver+passenger,28.979,34.507,0,"ebike:0, driver:0, passenger:0"
954,31.800,yolov8n,1+3+0,bicycle+motorcycle+person,30.821,32.445,0,"bicycle:0, motorcycle:0, person:0"
955,31.833,baseline,0+1+2,ebike+driver+passenger,29.284,34.148,0,"ebike:0, driver:0, passenger:0"
955,31.833,bifpn,0+1+2,ebike+driver+passenger,30.180,33.134,0,"ebike:0, driver:0, passenger:0"
955,31.833,yolov8n,1+3+0,bicycle+motorcycle+person,29.337,34.087,0,"bicycle:0, motorcycle:0, person:0"
956,31.867,baseline,0+1+2,ebike+driver+passenger,26.473,37.775,0,"ebike:0, driver:0, passenger:0"
956,31.867,bifpn,0+1+2,ebike+driver+passenger,24.898,40.163,0,"ebike:0, driver:0, passenger:0"
956,31.867,yolov8n,1+3+0,bicycle+motorcycle+person,28.073,35.621,0,"bicycle:0, motorcycle:0, person:0"
957,31.900,baseline,0+1+2,ebike+driver+passenger,26.221,38.138,0,"ebike:0, driver:0, passenger:0"
957,31.900,bifpn,0+1+2,ebike+driver+passenger,25.891,38.624,0,"ebike:0, driver:0, passenger:0"
957,31.900,yolov8n,1+3+0,bicycle+motorcycle+person,27.321,36.602,0,"bicycle:0, motorcycle:0, person:0"
958,31.933,baseline,0+1+2,ebike+driver+passenger,25.550,39.139,0,"ebike:0, driver:0, passenger:0"
958,31.933,bifpn,0+1+2,ebike+driver+passenger,25.918,38.583,0,"ebike:0, driver:0, passenger:0"
958,31.933,yolov8n,1+3+0,bicycle+motorcycle+person,30.563,32.720,0,"bicycle:0, motorcycle:0, person:0"
959,31.967,baseline,0+1+2,ebike+driver+passenger,28.714,34.826,0,"ebike:0, driver:0, passenger:0"
959,31.967,bifpn,0+1+2,ebike+driver+passenger,30.812,32.454,0,"ebike:0, driver:0, passenger:0"
959,31.967,yolov8n,1+3+0,bicycle+motorcycle+person,29.464,33.940,0,"bicycle:0, motorcycle:0, person:0"
960,32.000,baseline,0+1+2,ebike+driver+passenger,27.325,36.597,0,"ebike:0, driver:0, passenger:0"
960,32.000,bifpn,0+1+2,ebike+driver+passenger,27.023,37.005,0,"ebike:0, driver:0, passenger:0"
960,32.000,yolov8n,1+3+0,bicycle+motorcycle+person,26.831,37.271,0,"bicycle:0, motorcycle:0, person:0"
961,32.033,baseline,0+1+2,ebike+driver+passenger,27.547,36.302,0,"ebike:0, driver:0, passenger:0"
961,32.033,bifpn,0+1+2,ebike+driver+passenger,28.103,35.583,0,"ebike:0, driver:0, passenger:0"
961,32.033,yolov8n,1+3+0,bicycle+motorcycle+person,27.921,35.815,0,"bicycle:0, motorcycle:0, person:0"
962,32.067,baseline,0+1+2,ebike+driver+passenger,28.953,34.539,0,"ebike:0, driver:0, passenger:0"
962,32.067,bifpn,0+1+2,ebike+driver+passenger,28.027,35.680,0,"ebike:0, driver:0, passenger:0"
962,32.067,yolov8n,1+3+0,bicycle+motorcycle+person,27.996,35.720,0,"bicycle:0, motorcycle:0, person:0"
963,32.100,baseline,0+1+2,ebike+driver+passenger,24.480,40.849,0,"ebike:0, driver:0, passenger:0"
963,32.100,bifpn,0+1+2,ebike+driver+passenger,25.417,39.343,0,"ebike:0, driver:0, passenger:0"
963,32.100,yolov8n,1+3+0,bicycle+motorcycle+person,28.305,35.329,0,"bicycle:0, motorcycle:0, person:0"
964,32.133,baseline,0+1+2,ebike+driver+passenger,28.621,34.940,0,"ebike:0, driver:0, passenger:0"
964,32.133,bifpn,0+1+2,ebike+driver+passenger,31.004,32.254,0,"ebike:0, driver:0, passenger:0"
964,32.133,yolov8n,1+3+0,bicycle+motorcycle+person,31.331,31.917,0,"bicycle:0, motorcycle:0, person:0"
965,32.167,baseline,0+1+2,ebike+driver+passenger,27.449,36.432,0,"ebike:0, driver:0, passenger:0"
965,32.167,bifpn,0+1+2,ebike+driver+passenger,28.929,34.567,0,"ebike:0, driver:0, passenger:0"
965,32.167,yolov8n,1+3+0,bicycle+motorcycle+person,27.859,35.895,0,"bicycle:0, motorcycle:0, person:0"
966,32.200,baseline,0+1+2,ebike+driver+passenger,27.350,36.564,0,"ebike:0, driver:0, passenger:0"
966,32.200,bifpn,0+1+2,ebike+driver+passenger,26.715,37.433,0,"ebike:0, driver:0, passenger:0"
966,32.200,yolov8n,1+3+0,bicycle+motorcycle+person,27.697,36.105,0,"bicycle:0, motorcycle:0, person:0"
967,32.233,baseline,0+1+2,ebike+driver+passenger,27.935,35.797,0,"ebike:0, driver:0, passenger:0"
967,32.233,bifpn,0+1+2,ebike+driver+passenger,26.346,37.956,0,"ebike:0, driver:0, passenger:0"
967,32.233,yolov8n,1+3+0,bicycle+motorcycle+person,27.973,35.748,0,"bicycle:0, motorcycle:0, person:0"
968,32.267,baseline,0+1+2,ebike+driver+passenger,29.200,34.247,0,"ebike:0, driver:0, passenger:0"
968,32.267,bifpn,0+1+2,ebike+driver+passenger,29.096,34.369,0,"ebike:0, driver:0, passenger:0"
968,32.267,yolov8n,1+3+0,bicycle+motorcycle+person,29.182,34.268,0,"bicycle:0, motorcycle:0, person:0"
969,32.300,baseline,0+1+2,ebike+driver+passenger,28.956,34.535,0,"ebike:0, driver:0, passenger:0"
969,32.300,bifpn,0+1+2,ebike+driver+passenger,25.275,39.565,0,"ebike:0, driver:0, passenger:0"
969,32.300,yolov8n,1+3+0,bicycle+motorcycle+person,27.202,36.762,0,"bicycle:0, motorcycle:0, person:0"
970,32.333,baseline,0+1+2,ebike+driver+passenger,24.884,40.187,0,"ebike:0, driver:0, passenger:0"
970,32.333,bifpn,0+1+2,ebike+driver+passenger,24.492,40.829,0,"ebike:0, driver:0, passenger:0"
970,32.333,yolov8n,1+3+0,bicycle+motorcycle+person,26.754,37.378,0,"bicycle:0, motorcycle:0, person:0"
971,32.367,baseline,0+1+2,ebike+driver+passenger,26.426,37.841,0,"ebike:0, driver:0, passenger:0"
971,32.367,bifpn,0+1+2,ebike+driver+passenger,23.788,42.039,0,"ebike:0, driver:0, passenger:0"
971,32.367,yolov8n,1+3+0,bicycle+motorcycle+person,27.959,35.766,0,"bicycle:0, motorcycle:0, person:0"
972,32.400,baseline,0+1+2,ebike+driver+passenger,23.938,41.774,0,"ebike:0, driver:0, passenger:0"
972,32.400,bifpn,0+1+2,ebike+driver+passenger,26.345,37.958,0,"ebike:0, driver:0, passenger:0"
972,32.400,yolov8n,1+3+0,bicycle+motorcycle+person,27.333,36.586,0,"bicycle:0, motorcycle:0, person:0"
973,32.433,baseline,0+1+2,ebike+driver+passenger,25.414,39.348,0,"ebike:0, driver:0, passenger:0"
973,32.433,bifpn,0+1+2,ebike+driver+passenger,27.151,36.831,0,"ebike:0, driver:0, passenger:0"
973,32.433,yolov8n,1+3+0,bicycle+motorcycle+person,27.475,36.397,0,"bicycle:0, motorcycle:0, person:0"
974,32.467,baseline,0+1+2,ebike+driver+passenger,26.316,38.000,0,"ebike:0, driver:0, passenger:0"
974,32.467,bifpn,0+1+2,ebike+driver+passenger,25.328,39.483,0,"ebike:0, driver:0, passenger:0"
974,32.467,yolov8n,1+3+0,bicycle+motorcycle+person,28.331,35.296,0,"bicycle:0, motorcycle:0, person:0"
975,32.500,baseline,0+1+2,ebike+driver+passenger,27.445,36.437,0,"ebike:0, driver:0, passenger:0"
975,32.500,bifpn,0+1+2,ebike+driver+passenger,27.327,36.594,0,"ebike:0, driver:0, passenger:0"
975,32.500,yolov8n,1+3+0,bicycle+motorcycle+person,27.411,36.482,0,"bicycle:0, motorcycle:0, person:0"
976,32.533,baseline,0+1+2,ebike+driver+passenger,27.683,36.123,0,"ebike:0, driver:0, passenger:0"
976,32.533,bifpn,0+1+2,ebike+driver+passenger,27.395,36.503,0,"ebike:0, driver:0, passenger:0"
976,32.533,yolov8n,1+3+0,bicycle+motorcycle+person,25.972,38.504,0,"bicycle:0, motorcycle:0, person:0"
977,32.567,baseline,0+1+2,ebike+driver+passenger,25.652,38.984,0,"ebike:0, driver:0, passenger:0"
977,32.567,bifpn,0+1+2,ebike+driver+passenger,26.454,37.801,0,"ebike:0, driver:0, passenger:0"
977,32.567,yolov8n,1+3+0,bicycle+motorcycle+person,25.471,39.261,0,"bicycle:0, motorcycle:0, person:0"
978,32.600,baseline,0+1+2,ebike+driver+passenger,25.140,39.777,0,"ebike:0, driver:0, passenger:0"
978,32.600,bifpn,0+1+2,ebike+driver+passenger,25.671,38.954,0,"ebike:0, driver:0, passenger:0"
978,32.600,yolov8n,1+3+0,bicycle+motorcycle+person,30.542,32.741,0,"bicycle:0, motorcycle:0, person:0"
979,32.633,baseline,0+1+2,ebike+driver+passenger,25.972,38.503,0,"ebike:0, driver:0, passenger:0"
979,32.633,bifpn,0+1+2,ebike+driver+passenger,25.606,39.054,0,"ebike:0, driver:0, passenger:0"
979,32.633,yolov8n,1+3+0,bicycle+motorcycle+person,28.784,34.741,0,"bicycle:0, motorcycle:0, person:0"
980,32.667,baseline,0+1+2,ebike+driver+passenger,29.974,33.362,0,"ebike:0, driver:0, passenger:0"
980,32.667,bifpn,0+1+2,ebike+driver+passenger,26.636,37.544,0,"ebike:0, driver:0, passenger:0"
980,32.667,yolov8n,1+3+0,bicycle+motorcycle+person,28.122,35.559,0,"bicycle:0, motorcycle:0, person:0"
981,32.700,baseline,0+1+2,ebike+driver+passenger,26.528,37.695,0,"ebike:0, driver:0, passenger:0"
981,32.700,bifpn,0+1+2,ebike+driver+passenger,24.392,40.997,0,"ebike:0, driver:0, passenger:0"
981,32.700,yolov8n,1+3+0,bicycle+motorcycle+person,27.385,36.517,0,"bicycle:0, motorcycle:0, person:0"
982,32.733,baseline,0+1+2,ebike+driver+passenger,25.750,38.835,0,"ebike:0, driver:0, passenger:0"
982,32.733,bifpn,0+1+2,ebike+driver+passenger,25.905,38.603,0,"ebike:0, driver:0, passenger:0"
982,32.733,yolov8n,1+3+0,bicycle+motorcycle+person,27.919,35.818,0,"bicycle:0, motorcycle:0, person:0"
983,32.767,baseline,0+1+2,ebike+driver+passenger,25.802,38.757,0,"ebike:0, driver:0, passenger:0"
983,32.767,bifpn,0+1+2,ebike+driver+passenger,25.865,38.663,0,"ebike:0, driver:0, passenger:0"
983,32.767,yolov8n,1+3+0,bicycle+motorcycle+person,28.315,35.317,0,"bicycle:0, motorcycle:0, person:0"
984,32.800,baseline,0+1+2,ebike+driver+passenger,28.670,34.880,0,"ebike:0, driver:0, passenger:0"
984,32.800,bifpn,0+1+2,ebike+driver+passenger,26.371,37.921,0,"ebike:0, driver:0, passenger:0"
984,32.800,yolov8n,1+3+0,bicycle+motorcycle+person,30.827,32.439,0,"bicycle:0, motorcycle:0, person:0"
985,32.833,baseline,0+1+2,ebike+driver+passenger,25.783,38.785,0,"ebike:0, driver:0, passenger:0"
985,32.833,bifpn,0+1+2,ebike+driver+passenger,25.905,38.602,0,"ebike:0, driver:0, passenger:0"
985,32.833,yolov8n,1+3+0,bicycle+motorcycle+person,24.817,40.295,0,"bicycle:0, motorcycle:0, person:0"
986,32.867,baseline,0+1+2,ebike+driver+passenger,26.420,37.850,0,"ebike:0, driver:0, passenger:0"
986,32.867,bifpn,0+1+2,ebike+driver+passenger,27.934,35.798,0,"ebike:0, driver:0, passenger:0"
986,32.867,yolov8n,1+3+0,bicycle+motorcycle+person,27.807,35.962,0,"bicycle:0, motorcycle:0, person:0"
987,32.900,baseline,0+1+2,ebike+driver+passenger,28.210,35.448,0,"ebike:0, driver:0, passenger:0"
987,32.900,bifpn,0+1+2,ebike+driver+passenger,25.830,38.714,0,"ebike:0, driver:0, passenger:0"
987,32.900,yolov8n,1+3+0,bicycle+motorcycle+person,28.051,35.649,0,"bicycle:0, motorcycle:0, person:0"
988,32.933,baseline,0+1+2,ebike+driver+passenger,27.138,36.849,0,"ebike:0, driver:0, passenger:0"
988,32.933,bifpn,0+1+2,ebike+driver+passenger,26.434,37.830,0,"ebike:0, driver:0, passenger:0"
988,32.933,yolov8n,1+3+0,bicycle+motorcycle+person,27.996,35.719,0,"bicycle:0, motorcycle:0, person:0"
989,32.967,baseline,0+1+2,ebike+driver+passenger,27.904,35.838,0,"ebike:0, driver:0, passenger:0"
989,32.967,bifpn,0+1+2,ebike+driver+passenger,27.183,36.788,0,"ebike:0, driver:0, passenger:0"
989,32.967,yolov8n,1+3+0,bicycle+motorcycle+person,27.670,36.140,0,"bicycle:0, motorcycle:0, person:0"
990,33.000,baseline,0+1+2,ebike+driver+passenger,27.134,36.854,0,"ebike:0, driver:0, passenger:0"
990,33.000,bifpn,0+1+2,ebike+driver+passenger,25.434,39.317,0,"ebike:0, driver:0, passenger:0"
990,33.000,yolov8n,1+3+0,bicycle+motorcycle+person,26.772,37.353,0,"bicycle:0, motorcycle:0, person:0"
991,33.033,baseline,0+1+2,ebike+driver+passenger,28.323,35.307,0,"ebike:0, driver:0, passenger:0"
991,33.033,bifpn,0+1+2,ebike+driver+passenger,26.611,37.579,0,"ebike:0, driver:0, passenger:0"
991,33.033,yolov8n,1+3+0,bicycle+motorcycle+person,28.238,35.413,0,"bicycle:0, motorcycle:0, person:0"
992,33.067,baseline,0+1+2,ebike+driver+passenger,27.083,36.923,0,"ebike:0, driver:0, passenger:0"
992,33.067,bifpn,0+1+2,ebike+driver+passenger,29.464,33.940,0,"ebike:0, driver:0, passenger:0"
992,33.067,yolov8n,1+3+0,bicycle+motorcycle+person,28.887,34.618,0,"bicycle:0, motorcycle:0, person:0"
993,33.100,baseline,0+1+2,ebike+driver+passenger,26.008,38.449,0,"ebike:0, driver:0, passenger:0"
993,33.100,bifpn,0+1+2,ebike+driver+passenger,26.711,37.438,0,"ebike:0, driver:0, passenger:0"
993,33.100,yolov8n,1+3+0,bicycle+motorcycle+person,28.188,35.476,0,"bicycle:0, motorcycle:0, person:0"
994,33.133,baseline,0+1+2,ebike+driver+passenger,26.292,38.035,0,"ebike:0, driver:0, passenger:0"
994,33.133,bifpn,0+1+2,ebike+driver+passenger,24.972,40.046,0,"ebike:0, driver:0, passenger:0"
994,33.133,yolov8n,1+3+0,bicycle+motorcycle+person,27.943,35.788,0,"bicycle:0, motorcycle:0, person:0"
995,33.167,baseline,0+1+2,ebike+driver+passenger,28.389,35.225,0,"ebike:0, driver:0, passenger:0"
995,33.167,bifpn,0+1+2,ebike+driver+passenger,26.465,37.785,0,"ebike:0, driver:0, passenger:0"
995,33.167,yolov8n,1+3+0,bicycle+motorcycle+person,26.867,37.221,0,"bicycle:0, motorcycle:0, person:0"
996,33.200,baseline,0+1+2,ebike+driver+passenger,27.993,35.723,0,"ebike:0, driver:0, passenger:0"
996,33.200,bifpn,0+1+2,ebike+driver+passenger,26.908,37.164,0,"ebike:0, driver:0, passenger:0"
996,33.200,yolov8n,1+3+0,bicycle+motorcycle+person,29.780,33.579,0,"bicycle:0, motorcycle:0, person:0"
997,33.233,baseline,0+1+2,ebike+driver+passenger,27.986,35.732,0,"ebike:0, driver:0, passenger:0"
997,33.233,bifpn,0+1+2,ebike+driver+passenger,25.440,39.309,0,"ebike:0, driver:0, passenger:0"
997,33.233,yolov8n,1+3+0,bicycle+motorcycle+person,29.727,33.640,0,"bicycle:0, motorcycle:0, person:0"
998,33.267,baseline,0+1+2,ebike+driver+passenger,28.090,35.600,0,"ebike:0, driver:0, passenger:0"
998,33.267,bifpn,0+1+2,ebike+driver+passenger,24.802,40.319,0,"ebike:0, driver:0, passenger:0"
998,33.267,yolov8n,1+3+0,bicycle+motorcycle+person,28.557,35.018,0,"bicycle:0, motorcycle:0, person:0"
999,33.300,baseline,0+1+2,ebike+driver+passenger,24.957,40.069,0,"ebike:0, driver:0, passenger:0"
999,33.300,bifpn,0+1+2,ebike+driver+passenger,27.268,36.673,0,"ebike:0, driver:0, passenger:0"
999,33.300,yolov8n,1+3+0,bicycle+motorcycle+person,26.628,37.555,0,"bicycle:0, motorcycle:0, person:0"
1000,33.333,baseline,0+1+2,ebike+driver+passenger,24.994,40.009,0,"ebike:0, driver:0, passenger:0"
1000,33.333,bifpn,0+1+2,ebike+driver+passenger,26.568,37.640,0,"ebike:0, driver:0, passenger:0"
1000,33.333,yolov8n,1+3+0,bicycle+motorcycle+person,26.629,37.554,0,"bicycle:0, motorcycle:0, person:0"
1001,33.367,baseline,0+1+2,ebike+driver+passenger,26.219,38.140,0,"ebike:0, driver:0, passenger:0"
1001,33.367,bifpn,0+1+2,ebike+driver+passenger,24.746,40.411,0,"ebike:0, driver:0, passenger:0"
1001,33.367,yolov8n,1+3+0,bicycle+motorcycle+person,26.044,38.396,0,"bicycle:0, motorcycle:0, person:0"
1002,33.400,baseline,0+1+2,ebike+driver+passenger,28.998,34.485,0,"ebike:0, driver:0, passenger:0"
1002,33.400,bifpn,0+1+2,ebike+driver+passenger,25.288,39.545,0,"ebike:0, driver:0, passenger:0"
1002,33.400,yolov8n,1+3+0,bicycle+motorcycle+person,26.950,37.106,0,"bicycle:0, motorcycle:0, person:0"
1003,33.433,baseline,0+1+2,ebike+driver+passenger,26.041,38.401,0,"ebike:0, driver:0, passenger:0"
1003,33.433,bifpn,0+1+2,ebike+driver+passenger,25.234,39.629,0,"ebike:0, driver:0, passenger:0"
1003,33.433,yolov8n,1+3+0,bicycle+motorcycle+person,28.013,35.698,0,"bicycle:0, motorcycle:0, person:0"
1004,33.467,baseline,0+1+2,ebike+driver+passenger,26.899,37.176,0,"ebike:0, driver:0, passenger:0"
1004,33.467,bifpn,0+1+2,ebike+driver+passenger,26.592,37.605,0,"ebike:0, driver:0, passenger:0"
1004,33.467,yolov8n,1+3+0,bicycle+motorcycle+person,30.658,32.618,0,"bicycle:0, motorcycle:0, person:0"
1005,33.500,baseline,0+1+2,ebike+driver+passenger,26.645,37.531,0,"ebike:0, driver:0, passenger:0"
1005,33.500,bifpn,0+1+2,ebike+driver+passenger,26.814,37.294,0,"ebike:0, driver:0, passenger:0"
1005,33.500,yolov8n,1+3+0,bicycle+motorcycle+person,26.714,37.434,0,"bicycle:0, motorcycle:0, person:0"
1006,33.533,baseline,0+1+2,ebike+driver+passenger,24.900,40.160,0,"ebike:0, driver:0, passenger:0"
1006,33.533,bifpn,0+1+2,ebike+driver+passenger,23.667,42.253,0,"ebike:0, driver:0, passenger:0"
1006,33.533,yolov8n,1+3+0,bicycle+motorcycle+person,26.432,37.832,0,"bicycle:0, motorcycle:0, person:0"
1007,33.567,baseline,0+1+2,ebike+driver+passenger,26.249,38.097,0,"ebike:0, driver:0, passenger:0"
1007,33.567,bifpn,0+1+2,ebike+driver+passenger,26.427,37.840,0,"ebike:0, driver:0, passenger:0"
1007,33.567,yolov8n,1+3+0,bicycle+motorcycle+person,27.701,36.100,2,"bicycle:0, motorcycle:1, person:1"
1008,33.600,baseline,0+1+2,ebike+driver+passenger,26.094,38.324,0,"ebike:0, driver:0, passenger:0"
1008,33.600,bifpn,0+1+2,ebike+driver+passenger,26.877,37.207,0,"ebike:0, driver:0, passenger:0"
1008,33.600,yolov8n,1+3+0,bicycle+motorcycle+person,28.997,34.486,2,"bicycle:0, motorcycle:1, person:1"
1009,33.633,baseline,0+1+2,ebike+driver+passenger,27.165,36.812,0,"ebike:0, driver:0, passenger:0"
1009,33.633,bifpn,0+1+2,ebike+driver+passenger,27.114,36.881,0,"ebike:0, driver:0, passenger:0"
1009,33.633,yolov8n,1+3+0,bicycle+motorcycle+person,30.690,32.584,2,"bicycle:0, motorcycle:1, person:1"
1010,33.667,baseline,0+1+2,ebike+driver+passenger,27.277,36.661,0,"ebike:0, driver:0, passenger:0"
1010,33.667,bifpn,0+1+2,ebike+driver+passenger,26.329,37.981,0,"ebike:0, driver:0, passenger:0"
1010,33.667,yolov8n,1+3+0,bicycle+motorcycle+person,28.945,34.548,2,"bicycle:0, motorcycle:1, person:1"
1011,33.700,baseline,0+1+2,ebike+driver+passenger,30.238,33.071,0,"ebike:0, driver:0, passenger:0"
1011,33.700,bifpn,0+1+2,ebike+driver+passenger,24.910,40.145,0,"ebike:0, driver:0, passenger:0"
1011,33.700,yolov8n,1+3+0,bicycle+motorcycle+person,29.542,33.851,1,"bicycle:0, motorcycle:1, person:0"
1012,33.733,baseline,0+1+2,ebike+driver+passenger,25.055,39.912,0,"ebike:0, driver:0, passenger:0"
1012,33.733,bifpn,0+1+2,ebike+driver+passenger,26.034,38.411,0,"ebike:0, driver:0, passenger:0"
1012,33.733,yolov8n,1+3+0,bicycle+motorcycle+person,28.084,35.608,2,"bicycle:0, motorcycle:1, person:1"
1013,33.767,baseline,0+1+2,ebike+driver+passenger,26.869,37.218,0,"ebike:0, driver:0, passenger:0"
1013,33.767,bifpn,0+1+2,ebike+driver+passenger,25.640,39.001,0,"ebike:0, driver:0, passenger:0"
1013,33.767,yolov8n,1+3+0,bicycle+motorcycle+person,27.679,36.128,1,"bicycle:0, motorcycle:1, person:0"
1014,33.800,baseline,0+1+2,ebike+driver+passenger,28.296,35.340,0,"ebike:0, driver:0, passenger:0"
1014,33.800,bifpn,0+1+2,ebike+driver+passenger,26.191,38.181,0,"ebike:0, driver:0, passenger:0"
1014,33.800,yolov8n,1+3+0,bicycle+motorcycle+person,28.189,35.475,2,"bicycle:0, motorcycle:2, person:0"
1015,33.833,baseline,0+1+2,ebike+driver+passenger,24.969,40.050,0,"ebike:0, driver:0, passenger:0"
1015,33.833,bifpn,0+1+2,ebike+driver+passenger,27.986,35.732,0,"ebike:0, driver:0, passenger:0"
1015,33.833,yolov8n,1+3+0,bicycle+motorcycle+person,26.920,37.147,2,"bicycle:0, motorcycle:2, person:0"
1016,33.867,baseline,0+1+2,ebike+driver+passenger,23.029,43.424,0,"ebike:0, driver:0, passenger:0"
1016,33.867,bifpn,0+1+2,ebike+driver+passenger,24.672,40.532,0,"ebike:0, driver:0, passenger:0"
1016,33.867,yolov8n,1+3+0,bicycle+motorcycle+person,26.616,37.571,1,"bicycle:0, motorcycle:1, person:0"
1017,33.900,baseline,0+1+2,ebike+driver+passenger,25.818,38.732,0,"ebike:0, driver:0, passenger:0"
1017,33.900,bifpn,0+1+2,ebike+driver+passenger,25.089,39.858,0,"ebike:0, driver:0, passenger:0"
1017,33.900,yolov8n,1+3+0,bicycle+motorcycle+person,27.925,35.811,1,"bicycle:0, motorcycle:1, person:0"
1018,33.933,baseline,0+1+2,ebike+driver+passenger,26.636,37.543,0,"ebike:0, driver:0, passenger:0"
1018,33.933,bifpn,0+1+2,ebike+driver+passenger,25.990,38.477,0,"ebike:0, driver:0, passenger:0"
1018,33.933,yolov8n,1+3+0,bicycle+motorcycle+person,23.723,42.154,1,"bicycle:0, motorcycle:1, person:0"
1019,33.967,baseline,0+1+2,ebike+driver+passenger,25.896,38.615,0,"ebike:0, driver:0, passenger:0"
1019,33.967,bifpn,0+1+2,ebike+driver+passenger,26.383,37.904,0,"ebike:0, driver:0, passenger:0"
1019,33.967,yolov8n,1+3+0,bicycle+motorcycle+person,28.649,34.905,1,"bicycle:0, motorcycle:1, person:0"
1020,34.000,baseline,0+1+2,ebike+driver+passenger,25.854,38.678,0,"ebike:0, driver:0, passenger:0"
1020,34.000,bifpn,0+1+2,ebike+driver+passenger,27.285,36.650,0,"ebike:0, driver:0, passenger:0"
1020,34.000,yolov8n,1+3+0,bicycle+motorcycle+person,27.552,36.295,1,"bicycle:0, motorcycle:1, person:0"
1021,34.033,baseline,0+1+2,ebike+driver+passenger,29.743,33.622,0,"ebike:0, driver:0, passenger:0"
1021,34.033,bifpn,0+1+2,ebike+driver+passenger,27.556,36.290,0,"ebike:0, driver:0, passenger:0"
1021,34.033,yolov8n,1+3+0,bicycle+motorcycle+person,28.514,35.071,1,"bicycle:0, motorcycle:1, person:0"
1022,34.067,baseline,0+1+2,ebike+driver+passenger,25.646,38.993,0,"ebike:0, driver:0, passenger:0"
1022,34.067,bifpn,0+1+2,ebike+driver+passenger,25.974,38.500,0,"ebike:0, driver:0, passenger:0"
1022,34.067,yolov8n,1+3+0,bicycle+motorcycle+person,27.765,36.016,1,"bicycle:0, motorcycle:1, person:0"
1023,34.100,baseline,0+1+2,ebike+driver+passenger,27.391,36.509,0,"ebike:0, driver:0, passenger:0"
1023,34.100,bifpn,0+1+2,ebike+driver+passenger,26.307,38.013,0,"ebike:0, driver:0, passenger:0"
1023,34.100,yolov8n,1+3+0,bicycle+motorcycle+person,28.768,34.761,1,"bicycle:0, motorcycle:1, person:0"
1024,34.133,baseline,0+1+2,ebike+driver+passenger,28.187,35.477,0,"ebike:0, driver:0, passenger:0"
1024,34.133,bifpn,0+1+2,ebike+driver+passenger,26.177,38.201,0,"ebike:0, driver:0, passenger:0"
1024,34.133,yolov8n,1+3+0,bicycle+motorcycle+person,27.140,36.846,1,"bicycle:0, motorcycle:1, person:0"
1025,34.167,baseline,0+1+2,ebike+driver+passenger,26.401,37.877,0,"ebike:0, driver:0, passenger:0"
1025,34.167,bifpn,0+1+2,ebike+driver+passenger,25.144,39.771,0,"ebike:0, driver:0, passenger:0"
1025,34.167,yolov8n,1+3+0,bicycle+motorcycle+person,27.411,36.481,1,"bicycle:0, motorcycle:1, person:0"
1026,34.200,baseline,0+1+2,ebike+driver+passenger,28.531,35.049,0,"ebike:0, driver:0, passenger:0"
1026,34.200,bifpn,0+1+2,ebike+driver+passenger,25.970,38.506,0,"ebike:0, driver:0, passenger:0"
1026,34.200,yolov8n,1+3+0,bicycle+motorcycle+person,27.718,36.078,2,"bicycle:0, motorcycle:1, person:1"
1027,34.233,baseline,0+1+2,ebike+driver+passenger,25.731,38.864,0,"ebike:0, driver:0, passenger:0"
1027,34.233,bifpn,0+1+2,ebike+driver+passenger,24.833,40.269,0,"ebike:0, driver:0, passenger:0"
1027,34.233,yolov8n,1+3+0,bicycle+motorcycle+person,28.521,35.062,2,"bicycle:0, motorcycle:1, person:1"
1028,34.267,baseline,0+1+2,ebike+driver+passenger,27.034,36.991,0,"ebike:0, driver:0, passenger:0"
1028,34.267,bifpn,0+1+2,ebike+driver+passenger,24.440,40.917,0,"ebike:0, driver:0, passenger:0"
1028,34.267,yolov8n,1+3+0,bicycle+motorcycle+person,29.141,34.316,2,"bicycle:0, motorcycle:1, person:1"
1029,34.300,baseline,0+1+2,ebike+driver+passenger,25.739,38.851,0,"ebike:0, driver:0, passenger:0"
1029,34.300,bifpn,0+1+2,ebike+driver+passenger,28.696,34.849,0,"ebike:0, driver:0, passenger:0"
1029,34.300,yolov8n,1+3+0,bicycle+motorcycle+person,26.732,37.408,2,"bicycle:0, motorcycle:1, person:1"
1030,34.333,baseline,0+1+2,ebike+driver+passenger,26.652,37.521,0,"ebike:0, driver:0, passenger:0"
1030,34.333,bifpn,0+1+2,ebike+driver+passenger,28.650,34.904,0,"ebike:0, driver:0, passenger:0"
1030,34.333,yolov8n,1+3+0,bicycle+motorcycle+person,26.406,37.870,2,"bicycle:0, motorcycle:1, person:1"
1031,34.367,baseline,0+1+2,ebike+driver+passenger,28.365,35.255,0,"ebike:0, driver:0, passenger:0"
1031,34.367,bifpn,0+1+2,ebike+driver+passenger,28.009,35.703,0,"ebike:0, driver:0, passenger:0"
1031,34.367,yolov8n,1+3+0,bicycle+motorcycle+person,27.816,35.950,2,"bicycle:0, motorcycle:1, person:1"
1032,34.400,baseline,0+1+2,ebike+driver+passenger,26.723,37.422,0,"ebike:0, driver:0, passenger:0"
1032,34.400,bifpn,0+1+2,ebike+driver+passenger,26.090,38.329,0,"ebike:0, driver:0, passenger:0"
1032,34.400,yolov8n,1+3+0,bicycle+motorcycle+person,29.251,34.187,2,"bicycle:0, motorcycle:1, person:1"
1033,34.433,baseline,0+1+2,ebike+driver+passenger,27.648,36.170,0,"ebike:0, driver:0, passenger:0"
1033,34.433,bifpn,0+1+2,ebike+driver+passenger,25.549,39.141,0,"ebike:0, driver:0, passenger:0"
1033,34.433,yolov8n,1+3+0,bicycle+motorcycle+person,27.366,36.541,2,"bicycle:0, motorcycle:1, person:1"
1034,34.467,baseline,0+1+2,ebike+driver+passenger,25.353,39.444,0,"ebike:0, driver:0, passenger:0"
1034,34.467,bifpn,0+1+2,ebike+driver+passenger,26.379,37.909,0,"ebike:0, driver:0, passenger:0"
1034,34.467,yolov8n,1+3+0,bicycle+motorcycle+person,30.843,32.422,1,"bicycle:0, motorcycle:1, person:0"
1035,34.500,baseline,0+1+2,ebike+driver+passenger,26.110,38.300,0,"ebike:0, driver:0, passenger:0"
1035,34.500,bifpn,0+1+2,ebike+driver+passenger,27.164,36.813,0,"ebike:0, driver:0, passenger:0"
1035,34.500,yolov8n,1+3+0,bicycle+motorcycle+person,28.204,35.455,2,"bicycle:0, motorcycle:1, person:1"
1036,34.533,baseline,0+1+2,ebike+driver+passenger,27.268,36.673,0,"ebike:0, driver:0, passenger:0"
1036,34.533,bifpn,0+1+2,ebike+driver+passenger,26.721,37.423,0,"ebike:0, driver:0, passenger:0"
1036,34.533,yolov8n,1+3+0,bicycle+motorcycle+person,28.130,35.550,1,"bicycle:0, motorcycle:1, person:0"
1037,34.567,baseline,0+1+2,ebike+driver+passenger,26.418,37.853,0,"ebike:0, driver:0, passenger:0"
1037,34.567,bifpn,0+1+2,ebike+driver+passenger,27.415,36.476,0,"ebike:0, driver:0, passenger:0"
1037,34.567,yolov8n,1+3+0,bicycle+motorcycle+person,27.278,36.660,1,"bicycle:0, motorcycle:1, person:0"
1038,34.600,baseline,0+1+2,ebike+driver+passenger,27.933,35.799,0,"ebike:0, driver:0, passenger:0"
1038,34.600,bifpn,0+1+2,ebike+driver+passenger,27.115,36.880,0,"ebike:0, driver:0, passenger:0"
1038,34.600,yolov8n,1+3+0,bicycle+motorcycle+person,28.691,34.854,2,"bicycle:0, motorcycle:1, person:1"
1039,34.633,baseline,0+1+2,ebike+driver+passenger,30.626,32.652,0,"ebike:0, driver:0, passenger:0"
1039,34.633,bifpn,0+1+2,ebike+driver+passenger,27.802,35.969,0,"ebike:0, driver:0, passenger:0"
1039,34.633,yolov8n,1+3+0,bicycle+motorcycle+person,28.936,34.559,2,"bicycle:0, motorcycle:1, person:1"
1040,34.667,baseline,0+1+2,ebike+driver+passenger,26.721,37.424,0,"ebike:0, driver:0, passenger:0"
1040,34.667,bifpn,0+1+2,ebike+driver+passenger,29.539,33.853,0,"ebike:0, driver:0, passenger:0"
1040,34.667,yolov8n,1+3+0,bicycle+motorcycle+person,27.116,36.878,2,"bicycle:0, motorcycle:1, person:1"
1041,34.700,baseline,0+1+2,ebike+driver+passenger,25.671,38.954,0,"ebike:0, driver:0, passenger:0"
1041,34.700,bifpn,0+1+2,ebike+driver+passenger,24.341,41.083,0,"ebike:0, driver:0, passenger:0"
1041,34.700,yolov8n,1+3+0,bicycle+motorcycle+person,26.512,37.718,1,"bicycle:0, motorcycle:1, person:0"
1042,34.733,baseline,0+1+2,ebike+driver+passenger,27.423,36.466,0,"ebike:0, driver:0, passenger:0"
1042,34.733,bifpn,0+1+2,ebike+driver+passenger,28.108,35.577,0,"ebike:0, driver:0, passenger:0"
1042,34.733,yolov8n,1+3+0,bicycle+motorcycle+person,28.677,34.871,2,"bicycle:0, motorcycle:2, person:0"
1043,34.767,baseline,0+1+2,ebike+driver+passenger,27.424,36.465,0,"ebike:0, driver:0, passenger:0"
1043,34.767,bifpn,0+1+2,ebike+driver+passenger,28.228,35.426,0,"ebike:0, driver:0, passenger:0"
1043,34.767,yolov8n,1+3+0,bicycle+motorcycle+person,28.231,35.423,1,"bicycle:0, motorcycle:1, person:0"
1044,34.800,baseline,0+1+2,ebike+driver+passenger,27.142,36.843,0,"ebike:0, driver:0, passenger:0"
1044,34.800,bifpn,0+1+2,ebike+driver+passenger,29.686,33.686,0,"ebike:0, driver:0, passenger:0"
1044,34.800,yolov8n,1+3+0,bicycle+motorcycle+person,27.465,36.410,1,"bicycle:0, motorcycle:1, person:0"
1045,34.833,baseline,0+1+2,ebike+driver+passenger,28.251,35.396,0,"ebike:0, driver:0, passenger:0"
1045,34.833,bifpn,0+1+2,ebike+driver+passenger,29.298,34.132,0,"ebike:0, driver:0, passenger:0"
1045,34.833,yolov8n,1+3+0,bicycle+motorcycle+person,31.129,32.125,1,"bicycle:0, motorcycle:1, person:0"
1046,34.867,baseline,0+1+2,ebike+driver+passenger,25.905,38.603,0,"ebike:0, driver:0, passenger:0"
1046,34.867,bifpn,0+1+2,ebike+driver+passenger,27.457,36.420,0,"ebike:0, driver:0, passenger:0"
1046,34.867,yolov8n,1+3+0,bicycle+motorcycle+person,29.633,33.746,1,"bicycle:0, motorcycle:1, person:0"
1047,34.900,baseline,0+1+2,ebike+driver+passenger,37.487,26.676,0,"ebike:0, driver:0, passenger:0"
1047,34.900,bifpn,0+1+2,ebike+driver+passenger,27.265,36.677,0,"ebike:0, driver:0, passenger:0"
1047,34.900,yolov8n,1+3+0,bicycle+motorcycle+person,30.133,33.186,1,"bicycle:0, motorcycle:1, person:0"
1048,34.933,baseline,0+1+2,ebike+driver+passenger,29.040,34.435,0,"ebike:0, driver:0, passenger:0"
1048,34.933,bifpn,0+1+2,ebike+driver+passenger,27.165,36.812,0,"ebike:0, driver:0, passenger:0"
1048,34.933,yolov8n,1+3+0,bicycle+motorcycle+person,27.841,35.919,3,"bicycle:0, motorcycle:1, person:2"
1049,34.967,baseline,0+1+2,ebike+driver+passenger,25.510,39.200,0,"ebike:0, driver:0, passenger:0"
1049,34.967,bifpn,0+1+2,ebike+driver+passenger,26.560,37.651,0,"ebike:0, driver:0, passenger:0"
1049,34.967,yolov8n,1+3+0,bicycle+motorcycle+person,27.309,36.618,3,"bicycle:0, motorcycle:1, person:2"
1050,35.000,baseline,0+1+2,ebike+driver+passenger,26.093,38.324,0,"ebike:0, driver:0, passenger:0"
1050,35.000,bifpn,0+1+2,ebike+driver+passenger,26.865,37.223,0,"ebike:0, driver:0, passenger:0"
1050,35.000,yolov8n,1+3+0,bicycle+motorcycle+person,28.201,35.460,5,"bicycle:0, motorcycle:2, person:3"
1051,35.033,baseline,0+1+2,ebike+driver+passenger,26.695,37.461,0,"ebike:0, driver:0, passenger:0"
1051,35.033,bifpn,0+1+2,ebike+driver+passenger,28.202,35.459,0,"ebike:0, driver:0, passenger:0"
1051,35.033,yolov8n,1+3+0,bicycle+motorcycle+person,26.662,37.507,1,"bicycle:0, motorcycle:1, person:0"
1052,35.067,baseline,0+1+2,ebike+driver+passenger,28.297,35.340,0,"ebike:0, driver:0, passenger:0"
1052,35.067,bifpn,0+1+2,ebike+driver+passenger,28.058,35.640,0,"ebike:0, driver:0, passenger:0"
1052,35.067,yolov8n,1+3+0,bicycle+motorcycle+person,30.086,33.239,2,"bicycle:0, motorcycle:1, person:1"
1053,35.100,baseline,0+1+2,ebike+driver+passenger,29.196,34.252,0,"ebike:0, driver:0, passenger:0"
1053,35.100,bifpn,0+1+2,ebike+driver+passenger,27.127,36.864,0,"ebike:0, driver:0, passenger:0"
1053,35.100,yolov8n,1+3+0,bicycle+motorcycle+person,27.883,35.864,2,"bicycle:0, motorcycle:1, person:1"
1054,35.133,baseline,0+1+2,ebike+driver+passenger,27.087,36.918,0,"ebike:0, driver:0, passenger:0"
1054,35.133,bifpn,0+1+2,ebike+driver+passenger,26.361,37.935,0,"ebike:0, driver:0, passenger:0"
1054,35.133,yolov8n,1+3+0,bicycle+motorcycle+person,27.224,36.732,2,"bicycle:0, motorcycle:1, person:1"
1055,35.167,baseline,0+1+2,ebike+driver+passenger,25.233,39.631,0,"ebike:0, driver:0, passenger:0"
1055,35.167,bifpn,0+1+2,ebike+driver+passenger,27.093,36.910,0,"ebike:0, driver:0, passenger:0"
1055,35.167,yolov8n,1+3+0,bicycle+motorcycle+person,29.938,33.402,1,"bicycle:0, motorcycle:1, person:0"
1056,35.200,baseline,0+1+2,ebike+driver+passenger,27.247,36.701,0,"ebike:0, driver:0, passenger:0"
1056,35.200,bifpn,0+1+2,ebike+driver+passenger,28.596,34.970,0,"ebike:0, driver:0, passenger:0"
1056,35.200,yolov8n,1+3+0,bicycle+motorcycle+person,26.752,37.381,1,"bicycle:0, motorcycle:1, person:0"
1057,35.233,baseline,0+1+2,ebike+driver+passenger,28.112,35.572,0,"ebike:0, driver:0, passenger:0"
1057,35.233,bifpn,0+1+2,ebike+driver+passenger,28.340,35.286,0,"ebike:0, driver:0, passenger:0"
1057,35.233,yolov8n,1+3+0,bicycle+motorcycle+person,28.428,35.177,1,"bicycle:0, motorcycle:1, person:0"
1058,35.267,baseline,0+1+2,ebike+driver+passenger,28.101,35.587,0,"ebike:0, driver:0, passenger:0"
1058,35.267,bifpn,0+1+2,ebike+driver+passenger,27.095,36.907,0,"ebike:0, driver:0, passenger:0"
1058,35.267,yolov8n,1+3+0,bicycle+motorcycle+person,30.168,33.148,1,"bicycle:0, motorcycle:1, person:0"
1059,35.300,baseline,0+1+2,ebike+driver+passenger,27.832,35.929,0,"ebike:0, driver:0, passenger:0"
1059,35.300,bifpn,0+1+2,ebike+driver+passenger,27.053,36.965,0,"ebike:0, driver:0, passenger:0"
1059,35.300,yolov8n,1+3+0,bicycle+motorcycle+person,28.547,35.030,1,"bicycle:0, motorcycle:1, person:0"
1060,35.333,baseline,0+1+2,ebike+driver+passenger,27.942,35.789,0,"ebike:0, driver:0, passenger:0"
1060,35.333,bifpn,0+1+2,ebike+driver+passenger,29.829,33.524,0,"ebike:0, driver:0, passenger:0"
1060,35.333,yolov8n,1+3+0,bicycle+motorcycle+person,28.266,35.379,1,"bicycle:0, motorcycle:1, person:0"
1061,35.367,baseline,0+1+2,ebike+driver+passenger,28.631,34.927,0,"ebike:0, driver:0, passenger:0"
1061,35.367,bifpn,0+1+2,ebike+driver+passenger,29.186,34.263,0,"ebike:0, driver:0, passenger:0"
1061,35.367,yolov8n,1+3+0,bicycle+motorcycle+person,27.385,36.517,1,"bicycle:0, motorcycle:1, person:0"
1062,35.400,baseline,0+1+2,ebike+driver+passenger,27.644,36.174,0,"ebike:0, driver:0, passenger:0"
1062,35.400,bifpn,0+1+2,ebike+driver+passenger,26.923,37.143,0,"ebike:0, driver:0, passenger:0"
1062,35.400,yolov8n,1+3+0,bicycle+motorcycle+person,26.540,37.679,1,"bicycle:0, motorcycle:1, person:0"
1063,35.433,baseline,0+1+2,ebike+driver+passenger,28.407,35.203,0,"ebike:0, driver:0, passenger:0"
1063,35.433,bifpn,0+1+2,ebike+driver+passenger,24.892,40.174,0,"ebike:0, driver:0, passenger:0"
1063,35.433,yolov8n,1+3+0,bicycle+motorcycle+person,26.593,37.604,1,"bicycle:0, motorcycle:1, person:0"
1064,35.467,baseline,0+1+2,ebike+driver+passenger,27.230,36.725,0,"ebike:0, driver:0, passenger:0"
1064,35.467,bifpn,0+1+2,ebike+driver+passenger,27.519,36.338,0,"ebike:0, driver:0, passenger:0"
1064,35.467,yolov8n,1+3+0,bicycle+motorcycle+person,30.104,33.218,1,"bicycle:0, motorcycle:1, person:0"
1065,35.500,baseline,0+1+2,ebike+driver+passenger,26.521,37.707,0,"ebike:0, driver:0, passenger:0"
1065,35.500,bifpn,0+1+2,ebike+driver+passenger,25.974,38.500,0,"ebike:0, driver:0, passenger:0"
1065,35.500,yolov8n,1+3+0,bicycle+motorcycle+person,28.352,35.271,1,"bicycle:0, motorcycle:1, person:0"
1066,35.533,baseline,0+1+2,ebike+driver+passenger,26.523,37.704,0,"ebike:0, driver:0, passenger:0"
1066,35.533,bifpn,0+1+2,ebike+driver+passenger,26.059,38.374,0,"ebike:0, driver:0, passenger:0"
1066,35.533,yolov8n,1+3+0,bicycle+motorcycle+person,28.561,35.012,1,"bicycle:0, motorcycle:1, person:0"
1067,35.567,baseline,0+1+2,ebike+driver+passenger,27.295,36.637,0,"ebike:0, driver:0, passenger:0"
1067,35.567,bifpn,0+1+2,ebike+driver+passenger,31.600,31.645,0,"ebike:0, driver:0, passenger:0"
1067,35.567,yolov8n,1+3+0,bicycle+motorcycle+person,30.150,33.167,1,"bicycle:0, motorcycle:1, person:0"
1068,35.600,baseline,0+1+2,ebike+driver+passenger,27.000,37.037,0,"ebike:0, driver:0, passenger:0"
1068,35.600,bifpn,0+1+2,ebike+driver+passenger,29.407,34.005,0,"ebike:0, driver:0, passenger:0"
1068,35.600,yolov8n,1+3+0,bicycle+motorcycle+person,30.719,32.553,1,"bicycle:0, motorcycle:1, person:0"
1069,35.633,baseline,0+1+2,ebike+driver+passenger,37.026,27.008,0,"ebike:0, driver:0, passenger:0"
1069,35.633,bifpn,0+1+2,ebike+driver+passenger,30.330,32.970,0,"ebike:0, driver:0, passenger:0"
1069,35.633,yolov8n,1+3+0,bicycle+motorcycle+person,28.168,35.501,1,"bicycle:0, motorcycle:1, person:0"
1070,35.667,baseline,0+1+2,ebike+driver+passenger,28.240,35.410,0,"ebike:0, driver:0, passenger:0"
1070,35.667,bifpn,0+1+2,ebike+driver+passenger,29.902,33.443,0,"ebike:0, driver:0, passenger:0"
1070,35.667,yolov8n,1+3+0,bicycle+motorcycle+person,30.483,32.805,1,"bicycle:0, motorcycle:1, person:0"
1071,35.700,baseline,0+1+2,ebike+driver+passenger,28.685,34.861,0,"ebike:0, driver:0, passenger:0"
1071,35.700,bifpn,0+1+2,ebike+driver+passenger,28.011,35.700,0,"ebike:0, driver:0, passenger:0"
1071,35.700,yolov8n,1+3+0,bicycle+motorcycle+person,27.395,36.503,1,"bicycle:0, motorcycle:1, person:0"
1072,35.733,baseline,0+1+2,ebike+driver+passenger,27.419,36.471,0,"ebike:0, driver:0, passenger:0"
1072,35.733,bifpn,0+1+2,ebike+driver+passenger,25.413,39.350,0,"ebike:0, driver:0, passenger:0"
1072,35.733,yolov8n,1+3+0,bicycle+motorcycle+person,25.435,39.316,1,"bicycle:0, motorcycle:1, person:0"
1073,35.767,baseline,0+1+2,ebike+driver+passenger,27.472,36.400,0,"ebike:0, driver:0, passenger:0"
1073,35.767,bifpn,0+1+2,ebike+driver+passenger,26.690,37.467,0,"ebike:0, driver:0, passenger:0"
1073,35.767,yolov8n,1+3+0,bicycle+motorcycle+person,29.721,33.646,2,"bicycle:0, motorcycle:2, person:0"
1074,35.800,baseline,0+1+2,ebike+driver+passenger,28.298,35.338,0,"ebike:0, driver:0, passenger:0"
1074,35.800,bifpn,0+1+2,ebike+driver+passenger,29.671,33.703,0,"ebike:0, driver:0, passenger:0"
1074,35.800,yolov8n,1+3+0,bicycle+motorcycle+person,29.226,34.216,1,"bicycle:0, motorcycle:1, person:0"
1075,35.833,baseline,0+1+2,ebike+driver+passenger,26.904,37.169,0,"ebike:0, driver:0, passenger:0"
1075,35.833,bifpn,0+1+2,ebike+driver+passenger,26.914,37.155,0,"ebike:0, driver:0, passenger:0"
1075,35.833,yolov8n,1+3+0,bicycle+motorcycle+person,29.470,33.933,1,"bicycle:0, motorcycle:1, person:0"
1076,35.867,baseline,0+1+2,ebike+driver+passenger,28.450,35.149,0,"ebike:0, driver:0, passenger:0"
1076,35.867,bifpn,0+1+2,ebike+driver+passenger,29.926,33.415,0,"ebike:0, driver:0, passenger:0"
1076,35.867,yolov8n,1+3+0,bicycle+motorcycle+person,32.167,31.088,1,"bicycle:0, motorcycle:1, person:0"
1077,35.900,baseline,0+1+2,ebike+driver+passenger,28.756,34.775,0,"ebike:0, driver:0, passenger:0"
1077,35.900,bifpn,0+1+2,ebike+driver+passenger,28.267,35.377,0,"ebike:0, driver:0, passenger:0"
1077,35.900,yolov8n,1+3+0,bicycle+motorcycle+person,28.798,34.724,1,"bicycle:0, motorcycle:1, person:0"
1078,35.933,baseline,0+1+2,ebike+driver+passenger,28.867,34.642,0,"ebike:0, driver:0, passenger:0"
1078,35.933,bifpn,0+1+2,ebike+driver+passenger,27.671,36.139,0,"ebike:0, driver:0, passenger:0"
1078,35.933,yolov8n,1+3+0,bicycle+motorcycle+person,29.183,34.266,2,"bicycle:0, motorcycle:1, person:1"
1079,35.967,baseline,0+1+2,ebike+driver+passenger,29.135,34.322,0,"ebike:0, driver:0, passenger:0"
1079,35.967,bifpn,0+1+2,ebike+driver+passenger,25.775,38.797,0,"ebike:0, driver:0, passenger:0"
1079,35.967,yolov8n,1+3+0,bicycle+motorcycle+person,26.324,37.988,1,"bicycle:0, motorcycle:1, person:0"
1080,36.000,baseline,0+1+2,ebike+driver+passenger,30.013,33.319,0,"ebike:0, driver:0, passenger:0"
1080,36.000,bifpn,0+1+2,ebike+driver+passenger,29.499,33.899,0,"ebike:0, driver:0, passenger:0"
1080,36.000,yolov8n,1+3+0,bicycle+motorcycle+person,28.994,34.490,1,"bicycle:0, motorcycle:1, person:0"
1081,36.033,baseline,0+1+2,ebike+driver+passenger,29.381,34.036,0,"ebike:0, driver:0, passenger:0"
1081,36.033,bifpn,0+1+2,ebike+driver+passenger,29.257,34.180,0,"ebike:0, driver:0, passenger:0"
1081,36.033,yolov8n,1+3+0,bicycle+motorcycle+person,31.363,31.884,1,"bicycle:0, motorcycle:1, person:0"
1082,36.067,baseline,0+1+2,ebike+driver+passenger,27.801,35.970,0,"ebike:0, driver:0, passenger:0"
1082,36.067,bifpn,0+1+2,ebike+driver+passenger,27.349,36.565,0,"ebike:0, driver:0, passenger:0"
1082,36.067,yolov8n,1+3+0,bicycle+motorcycle+person,26.736,37.402,1,"bicycle:0, motorcycle:1, person:0"
1083,36.100,baseline,0+1+2,ebike+driver+passenger,26.541,37.678,0,"ebike:0, driver:0, passenger:0"
1083,36.100,bifpn,0+1+2,ebike+driver+passenger,26.324,37.989,0,"ebike:0, driver:0, passenger:0"
1083,36.100,yolov8n,1+3+0,bicycle+motorcycle+person,28.742,34.792,1,"bicycle:0, motorcycle:1, person:0"
1084,36.133,baseline,0+1+2,ebike+driver+passenger,28.190,35.474,0,"ebike:0, driver:0, passenger:0"
1084,36.133,bifpn,0+1+2,ebike+driver+passenger,26.605,37.587,0,"ebike:0, driver:0, passenger:0"
1084,36.133,yolov8n,1+3+0,bicycle+motorcycle+person,27.293,36.640,1,"bicycle:0, motorcycle:1, person:0"
1085,36.167,baseline,0+1+2,ebike+driver+passenger,27.423,36.466,0,"ebike:0, driver:0, passenger:0"
1085,36.167,bifpn,0+1+2,ebike+driver+passenger,27.201,36.763,0,"ebike:0, driver:0, passenger:0"
1085,36.167,yolov8n,1+3+0,bicycle+motorcycle+person,28.357,35.265,2,"bicycle:0, motorcycle:1, person:1"
1086,36.200,baseline,0+1+2,ebike+driver+passenger,27.612,36.217,0,"ebike:0, driver:0, passenger:0"
1086,36.200,bifpn,0+1+2,ebike+driver+passenger,26.868,37.219,0,"ebike:0, driver:0, passenger:0"
1086,36.200,yolov8n,1+3+0,bicycle+motorcycle+person,27.659,36.155,2,"bicycle:0, motorcycle:1, person:1"
1087,36.233,baseline,0+1+2,ebike+driver+passenger,28.369,35.250,0,"ebike:0, driver:0, passenger:0"
1087,36.233,bifpn,0+1+2,ebike+driver+passenger,26.688,37.470,0,"ebike:0, driver:0, passenger:0"
1087,36.233,yolov8n,1+3+0,bicycle+motorcycle+person,30.534,32.750,2,"bicycle:0, motorcycle:1, person:1"
1088,36.267,baseline,0+1+2,ebike+driver+passenger,26.719,37.427,0,"ebike:0, driver:0, passenger:0"
1088,36.267,bifpn,0+1+2,ebike+driver+passenger,28.711,34.830,0,"ebike:0, driver:0, passenger:0"
1088,36.267,yolov8n,1+3+0,bicycle+motorcycle+person,27.129,36.860,3,"bicycle:0, motorcycle:1, person:2"
1089,36.300,baseline,0+1+2,ebike+driver+passenger,27.306,36.622,0,"ebike:0, driver:0, passenger:0"
1089,36.300,bifpn,0+1+2,ebike+driver+passenger,25.044,39.930,0,"ebike:0, driver:0, passenger:0"
1089,36.300,yolov8n,1+3+0,bicycle+motorcycle+person,28.620,34.941,2,"bicycle:0, motorcycle:1, person:1"
1090,36.333,baseline,0+1+2,ebike+driver+passenger,28.842,34.672,0,"ebike:0, driver:0, passenger:0"
1090,36.333,bifpn,0+1+2,ebike+driver+passenger,27.028,36.998,0,"ebike:0, driver:0, passenger:0"
1090,36.333,yolov8n,1+3+0,bicycle+motorcycle+person,27.858,35.897,3,"bicycle:0, motorcycle:1, person:2"
1091,36.367,baseline,0+1+2,ebike+driver+passenger,25.727,38.870,0,"ebike:0, driver:0, passenger:0"
1091,36.367,bifpn,0+1+2,ebike+driver+passenger,28.534,35.046,0,"ebike:0, driver:0, passenger:0"
1091,36.367,yolov8n,1+3+0,bicycle+motorcycle+person,28.234,35.418,2,"bicycle:0, motorcycle:1, person:1"
1092,36.400,baseline,0+1+2,ebike+driver+passenger,26.362,37.934,0,"ebike:0, driver:0, passenger:0"
1092,36.400,bifpn,0+1+2,ebike+driver+passenger,26.828,37.275,0,"ebike:0, driver:0, passenger:0"
1092,36.400,yolov8n,1+3+0,bicycle+motorcycle+person,27.819,35.947,3,"bicycle:0, motorcycle:2, person:1"
1093,36.433,baseline,0+1+2,ebike+driver+passenger,30.969,32.290,0,"ebike:0, driver:0, passenger:0"
1093,36.433,bifpn,0+1+2,ebike+driver+passenger,27.993,35.723,0,"ebike:0, driver:0, passenger:0"
1093,36.433,yolov8n,1+3+0,bicycle+motorcycle+person,31.646,31.600,4,"bicycle:0, motorcycle:3, person:1"
1094,36.467,baseline,0+1+2,ebike+driver+passenger,28.218,35.438,0,"ebike:0, driver:0, passenger:0"
1094,36.467,bifpn,0+1+2,ebike+driver+passenger,28.156,35.516,0,"ebike:0, driver:0, passenger:0"
1094,36.467,yolov8n,1+3+0,bicycle+motorcycle+person,29.412,33.999,4,"bicycle:0, motorcycle:2, person:2"
1095,36.500,baseline,0+1+2,ebike+driver+passenger,27.473,36.400,0,"ebike:0, driver:0, passenger:0"
1095,36.500,bifpn,0+1+2,ebike+driver+passenger,27.154,36.827,0,"ebike:0, driver:0, passenger:0"
1095,36.500,yolov8n,1+3+0,bicycle+motorcycle+person,30.849,32.416,3,"bicycle:0, motorcycle:2, person:1"
1096,36.533,baseline,0+1+2,ebike+driver+passenger,31.576,31.670,0,"ebike:0, driver:0, passenger:0"
1096,36.533,bifpn,0+1+2,ebike+driver+passenger,30.951,32.309,0,"ebike:0, driver:0, passenger:0"
1096,36.533,yolov8n,1+3+0,bicycle+motorcycle+person,30.181,33.133,4,"bicycle:0, motorcycle:2, person:2"
1097,36.567,baseline,0+1+2,ebike+driver+passenger,28.122,35.559,0,"ebike:0, driver:0, passenger:0"
1097,36.567,bifpn,0+1+2,ebike+driver+passenger,26.595,37.601,0,"ebike:0, driver:0, passenger:0"
1097,36.567,yolov8n,1+3+0,bicycle+motorcycle+person,29.174,34.277,4,"bicycle:0, motorcycle:2, person:2"
1098,36.600,baseline,0+1+2,ebike+driver+passenger,27.600,36.232,0,"ebike:0, driver:0, passenger:0"
1098,36.600,bifpn,0+1+2,ebike+driver+passenger,26.012,38.444,0,"ebike:0, driver:0, passenger:0"
1098,36.600,yolov8n,1+3+0,bicycle+motorcycle+person,27.731,36.061,4,"bicycle:0, motorcycle:2, person:2"
1099,36.633,baseline,0+1+2,ebike+driver+passenger,26.913,37.156,0,"ebike:0, driver:0, passenger:0"
1099,36.633,bifpn,0+1+2,ebike+driver+passenger,27.456,36.423,0,"ebike:0, driver:0, passenger:0"
1099,36.633,yolov8n,1+3+0,bicycle+motorcycle+person,27.201,36.763,2,"bicycle:0, motorcycle:2, person:0"
1100,36.667,baseline,0+1+2,ebike+driver+passenger,27.656,36.159,0,"ebike:0, driver:0, passenger:0"
1100,36.667,bifpn,0+1+2,ebike+driver+passenger,26.211,38.152,0,"ebike:0, driver:0, passenger:0"
1100,36.667,yolov8n,1+3+0,bicycle+motorcycle+person,28.368,35.251,1,"bicycle:0, motorcycle:1, person:0"
1101,36.700,baseline,0+1+2,ebike+driver+passenger,26.243,38.106,0,"ebike:0, driver:0, passenger:0"
1101,36.700,bifpn,0+1+2,ebike+driver+passenger,25.636,39.008,0,"ebike:0, driver:0, passenger:0"
1101,36.700,yolov8n,1+3+0,bicycle+motorcycle+person,27.978,35.743,3,"bicycle:0, motorcycle:1, person:2"
1102,36.733,baseline,0+1+2,ebike+driver+passenger,29.602,33.781,0,"ebike:0, driver:0, passenger:0"
1102,36.733,bifpn,0+1+2,ebike+driver+passenger,26.009,38.447,0,"ebike:0, driver:0, passenger:0"
1102,36.733,yolov8n,1+3+0,bicycle+motorcycle+person,29.494,33.905,2,"bicycle:0, motorcycle:1, person:1"
1103,36.767,baseline,0+1+2,ebike+driver+passenger,28.428,35.176,0,"ebike:0, driver:0, passenger:0"
1103,36.767,bifpn,0+1+2,ebike+driver+passenger,27.926,35.809,0,"ebike:0, driver:0, passenger:0"
1103,36.767,yolov8n,1+3+0,bicycle+motorcycle+person,27.852,35.904,5,"bicycle:0, motorcycle:2, person:3"
1104,36.800,baseline,0+1+2,ebike+driver+passenger,26.651,37.522,0,"ebike:0, driver:0, passenger:0"
1104,36.800,bifpn,0+1+2,ebike+driver+passenger,25.809,38.746,0,"ebike:0, driver:0, passenger:0"
1104,36.800,yolov8n,1+3+0,bicycle+motorcycle+person,25.948,38.538,2,"bicycle:0, motorcycle:1, person:1"
1105,36.833,baseline,0+1+2,ebike+driver+passenger,28.348,35.276,0,"ebike:0, driver:0, passenger:0"
1105,36.833,bifpn,0+1+2,ebike+driver+passenger,23.987,41.689,0,"ebike:0, driver:0, passenger:0"
1105,36.833,yolov8n,1+3+0,bicycle+motorcycle+person,27.653,36.162,2,"bicycle:0, motorcycle:1, person:1"
1106,36.867,baseline,0+1+2,ebike+driver+passenger,27.823,35.941,0,"ebike:0, driver:0, passenger:0"
1106,36.867,bifpn,0+1+2,ebike+driver+passenger,26.161,38.224,0,"ebike:0, driver:0, passenger:0"
1106,36.867,yolov8n,1+3+0,bicycle+motorcycle+person,27.885,35.861,2,"bicycle:0, motorcycle:1, person:1"
1107,36.900,baseline,0+1+2,ebike+driver+passenger,29.411,34.001,0,"ebike:0, driver:0, passenger:0"
1107,36.900,bifpn,0+1+2,ebike+driver+passenger,26.801,37.313,0,"ebike:0, driver:0, passenger:0"
1107,36.900,yolov8n,1+3+0,bicycle+motorcycle+person,28.242,35.408,3,"bicycle:0, motorcycle:2, person:1"
1108,36.933,baseline,0+1+2,ebike+driver+passenger,26.549,37.667,0,"ebike:0, driver:0, passenger:0"
1108,36.933,bifpn,0+1+2,ebike+driver+passenger,25.376,39.407,0,"ebike:0, driver:0, passenger:0"
1108,36.933,yolov8n,1+3+0,bicycle+motorcycle+person,30.096,33.227,2,"bicycle:0, motorcycle:1, person:1"
1109,36.967,baseline,0+1+2,ebike+driver+passenger,28.769,34.760,0,"ebike:0, driver:0, passenger:0"
1109,36.967,bifpn,0+1+2,ebike+driver+passenger,27.417,36.474,0,"ebike:0, driver:0, passenger:0"
1109,36.967,yolov8n,1+3+0,bicycle+motorcycle+person,29.784,33.575,3,"bicycle:0, motorcycle:1, person:2"
1110,37.000,baseline,0+1+2,ebike+driver+passenger,26.983,37.060,0,"ebike:0, driver:0, passenger:0"
1110,37.000,bifpn,0+1+2,ebike+driver+passenger,27.242,36.709,0,"ebike:0, driver:0, passenger:0"
1110,37.000,yolov8n,1+3+0,bicycle+motorcycle+person,28.147,35.527,3,"bicycle:0, motorcycle:1, person:2"
1111,37.033,baseline,0+1+2,ebike+driver+passenger,26.661,37.508,0,"ebike:0, driver:0, passenger:0"
1111,37.033,bifpn,0+1+2,ebike+driver+passenger,25.626,39.023,0,"ebike:0, driver:0, passenger:0"
1111,37.033,yolov8n,1+3+0,bicycle+motorcycle+person,26.969,37.079,4,"bicycle:0, motorcycle:2, person:2"
1112,37.067,baseline,0+1+2,ebike+driver+passenger,28.256,35.391,0,"ebike:0, driver:0, passenger:0"
1112,37.067,bifpn,0+1+2,ebike+driver+passenger,29.041,34.434,0,"ebike:0, driver:0, passenger:0"
1112,37.067,yolov8n,1+3+0,bicycle+motorcycle+person,26.947,37.110,5,"bicycle:0, motorcycle:2, person:3"
1113,37.100,baseline,0+1+2,ebike+driver+passenger,27.434,36.451,0,"ebike:0, driver:0, passenger:0"
1113,37.100,bifpn,0+1+2,ebike+driver+passenger,25.467,39.267,0,"ebike:0, driver:0, passenger:0"
1113,37.100,yolov8n,1+3+0,bicycle+motorcycle+person,29.183,34.267,3,"bicycle:0, motorcycle:1, person:2"
1114,37.133,baseline,0+1+2,ebike+driver+passenger,26.693,37.463,0,"ebike:0, driver:0, passenger:0"
1114,37.133,bifpn,0+1+2,ebike+driver+passenger,26.386,37.900,0,"ebike:0, driver:0, passenger:0"
1114,37.133,yolov8n,1+3+0,bicycle+motorcycle+person,29.550,33.841,3,"bicycle:0, motorcycle:2, person:1"
1115,37.167,baseline,0+1+2,ebike+driver+passenger,26.797,37.318,0,"ebike:0, driver:0, passenger:0"
1115,37.167,bifpn,0+1+2,ebike+driver+passenger,25.060,39.904,0,"ebike:0, driver:0, passenger:0"
1115,37.167,yolov8n,1+3+0,bicycle+motorcycle+person,26.989,37.052,5,"bicycle:0, motorcycle:2, person:3"
1116,37.200,baseline,0+1+2,ebike+driver+passenger,27.299,36.632,0,"ebike:0, driver:0, passenger:0"
1116,37.200,bifpn,0+1+2,ebike+driver+passenger,28.272,35.371,0,"ebike:0, driver:0, passenger:0"
1116,37.200,yolov8n,1+3+0,bicycle+motorcycle+person,28.588,34.980,2,"bicycle:0, motorcycle:1, person:1"
1117,37.233,baseline,0+1+2,ebike+driver+passenger,28.284,35.356,0,"ebike:0, driver:0, passenger:0"
1117,37.233,bifpn,0+1+2,ebike+driver+passenger,27.635,36.186,0,"ebike:0, driver:0, passenger:0"
1117,37.233,yolov8n,1+3+0,bicycle+motorcycle+person,27.715,36.082,2,"bicycle:0, motorcycle:1, person:1"
1118,37.267,baseline,0+1+2,ebike+driver+passenger,29.208,34.238,0,"ebike:0, driver:0, passenger:0"
1118,37.267,bifpn,0+1+2,ebike+driver+passenger,28.495,35.094,0,"ebike:0, driver:0, passenger:0"
1118,37.267,yolov8n,1+3+0,bicycle+motorcycle+person,28.502,35.085,5,"bicycle:0, motorcycle:2, person:3"
1119,37.300,baseline,0+1+2,ebike+driver+passenger,27.237,36.715,0,"ebike:0, driver:0, passenger:0"
1119,37.300,bifpn,0+1+2,ebike+driver+passenger,29.178,34.272,0,"ebike:0, driver:0, passenger:0"
1119,37.300,yolov8n,1+3+0,bicycle+motorcycle+person,27.619,36.207,4,"bicycle:0, motorcycle:2, person:2"
1120,37.333,baseline,0+1+2,ebike+driver+passenger,27.726,36.068,0,"ebike:0, driver:0, passenger:0"
1120,37.333,bifpn,0+1+2,ebike+driver+passenger,28.549,35.027,0,"ebike:0, driver:0, passenger:0"
1120,37.333,yolov8n,1+3+0,bicycle+motorcycle+person,28.828,34.688,4,"bicycle:0, motorcycle:2, person:2"
1121,37.367,baseline,0+1+2,ebike+driver+passenger,27.906,35.834,0,"ebike:0, driver:0, passenger:0"
1121,37.367,bifpn,0+1+2,ebike+driver+passenger,26.923,37.143,0,"ebike:0, driver:0, passenger:0"
1121,37.367,yolov8n,1+3+0,bicycle+motorcycle+person,28.001,35.713,4,"bicycle:0, motorcycle:2, person:2"
1122,37.400,baseline,0+1+2,ebike+driver+passenger,29.775,33.586,0,"ebike:0, driver:0, passenger:0"
1122,37.400,bifpn,0+1+2,ebike+driver+passenger,25.939,38.551,0,"ebike:0, driver:0, passenger:0"
1122,37.400,yolov8n,1+3+0,bicycle+motorcycle+person,26.983,37.061,3,"bicycle:0, motorcycle:2, person:1"
1123,37.433,baseline,0+1+2,ebike+driver+passenger,27.275,36.664,0,"ebike:0, driver:0, passenger:0"
1123,37.433,bifpn,0+1+2,ebike+driver+passenger,27.755,36.029,0,"ebike:0, driver:0, passenger:0"
1123,37.433,yolov8n,1+3+0,bicycle+motorcycle+person,27.998,35.717,3,"bicycle:0, motorcycle:2, person:1"
1124,37.467,baseline,0+1+2,ebike+driver+passenger,29.380,34.037,0,"ebike:0, driver:0, passenger:0"
1124,37.467,bifpn,0+1+2,ebike+driver+passenger,27.653,36.163,0,"ebike:0, driver:0, passenger:0"
1124,37.467,yolov8n,1+3+0,bicycle+motorcycle+person,29.198,34.248,4,"bicycle:0, motorcycle:2, person:2"
1125,37.500,baseline,0+1+2,ebike+driver+passenger,27.217,36.742,0,"ebike:0, driver:0, passenger:0"
1125,37.500,bifpn,0+1+2,ebike+driver+passenger,27.956,35.771,0,"ebike:0, driver:0, passenger:0"
1125,37.500,yolov8n,1+3+0,bicycle+motorcycle+person,27.610,36.219,4,"bicycle:0, motorcycle:2, person:2"
1126,37.533,baseline,0+1+2,ebike+driver+passenger,27.554,36.292,0,"ebike:0, driver:0, passenger:0"
1126,37.533,bifpn,0+1+2,ebike+driver+passenger,27.679,36.129,0,"ebike:0, driver:0, passenger:0"
1126,37.533,yolov8n,1+3+0,bicycle+motorcycle+person,28.383,35.232,3,"bicycle:0, motorcycle:2, person:1"
1127,37.567,baseline,0+1+2,ebike+driver+passenger,24.026,41.621,0,"ebike:0, driver:0, passenger:0"
1127,37.567,bifpn,0+1+2,ebike+driver+passenger,27.405,36.489,0,"ebike:0, driver:0, passenger:0"
1127,37.567,yolov8n,1+3+0,bicycle+motorcycle+person,29.427,33.982,4,"bicycle:0, motorcycle:2, person:2"
1128,37.600,baseline,0+1+2,ebike+driver+passenger,26.341,37.964,0,"ebike:0, driver:0, passenger:0"
1128,37.600,bifpn,0+1+2,ebike+driver+passenger,27.427,36.460,0,"ebike:0, driver:0, passenger:0"
1128,37.600,yolov8n,1+3+0,bicycle+motorcycle+person,30.416,32.877,3,"bicycle:0, motorcycle:2, person:1"
1129,37.633,baseline,0+1+2,ebike+driver+passenger,30.323,32.979,0,"ebike:0, driver:0, passenger:0"
1129,37.633,bifpn,0+1+2,ebike+driver+passenger,26.849,37.245,0,"ebike:0, driver:0, passenger:0"
1129,37.633,yolov8n,1+3+0,bicycle+motorcycle+person,31.381,31.866,3,"bicycle:0, motorcycle:2, person:1"
1130,37.667,baseline,0+1+2,ebike+driver+passenger,27.322,36.601,0,"ebike:0, driver:0, passenger:0"
1130,37.667,bifpn,0+1+2,ebike+driver+passenger,28.705,34.837,0,"ebike:0, driver:0, passenger:0"
1130,37.667,yolov8n,1+3+0,bicycle+motorcycle+person,28.064,35.633,5,"bicycle:0, motorcycle:3, person:2"
1131,37.700,baseline,0+1+2,ebike+driver+passenger,27.065,36.948,0,"ebike:0, driver:0, passenger:0"
1131,37.700,bifpn,0+1+2,ebike+driver+passenger,25.322,39.491,0,"ebike:0, driver:0, passenger:0"
1131,37.700,yolov8n,1+3+0,bicycle+motorcycle+person,28.341,35.285,4,"bicycle:0, motorcycle:2, person:2"
1132,37.733,baseline,0+1+2,ebike+driver+passenger,28.960,34.530,0,"ebike:0, driver:0, passenger:0"
1132,37.733,bifpn,0+1+2,ebike+driver+passenger,31.052,32.204,0,"ebike:0, driver:0, passenger:0"
1132,37.733,yolov8n,1+3+0,bicycle+motorcycle+person,29.320,34.107,4,"bicycle:0, motorcycle:2, person:2"
1133,37.767,baseline,0+1+2,ebike+driver+passenger,29.479,33.922,0,"ebike:0, driver:0, passenger:0"
1133,37.767,bifpn,0+1+2,ebike+driver+passenger,27.146,36.838,0,"ebike:0, driver:0, passenger:0"
1133,37.767,yolov8n,1+3+0,bicycle+motorcycle+person,27.434,36.451,4,"bicycle:0, motorcycle:2, person:2"
1134,37.800,baseline,0+1+2,ebike+driver+passenger,29.336,34.088,0,"ebike:0, driver:0, passenger:0"
1134,37.800,bifpn,0+1+2,ebike+driver+passenger,26.887,37.193,0,"ebike:0, driver:0, passenger:0"
1134,37.800,yolov8n,1+3+0,bicycle+motorcycle+person,27.695,36.107,4,"bicycle:0, motorcycle:2, person:2"
1135,37.833,baseline,0+1+2,ebike+driver+passenger,31.832,31.415,0,"ebike:0, driver:0, passenger:0"
1135,37.833,bifpn,0+1+2,ebike+driver+passenger,26.011,38.446,0,"ebike:0, driver:0, passenger:0"
1135,37.833,yolov8n,1+3+0,bicycle+motorcycle+person,27.272,36.668,5,"bicycle:0, motorcycle:2, person:3"
1136,37.867,baseline,0+1+2,ebike+driver+passenger,29.647,33.731,0,"ebike:0, driver:0, passenger:0"
1136,37.867,bifpn,0+1+2,ebike+driver+passenger,27.273,36.666,0,"ebike:0, driver:0, passenger:0"
1136,37.867,yolov8n,1+3+0,bicycle+motorcycle+person,27.172,36.803,4,"bicycle:0, motorcycle:2, person:2"
1137,37.900,baseline,0+1+2,ebike+driver+passenger,25.735,38.857,0,"ebike:0, driver:0, passenger:0"
1137,37.900,bifpn,0+1+2,ebike+driver+passenger,26.544,37.673,0,"ebike:0, driver:0, passenger:0"
1137,37.900,yolov8n,1+3+0,bicycle+motorcycle+person,27.325,36.597,8,"bicycle:0, motorcycle:3, person:5"
1138,37.933,baseline,0+1+2,ebike+driver+passenger,27.622,36.203,0,"ebike:0, driver:0, passenger:0"
1138,37.933,bifpn,0+1+2,ebike+driver+passenger,29.178,34.272,0,"ebike:0, driver:0, passenger:0"
1138,37.933,yolov8n,1+3+0,bicycle+motorcycle+person,28.712,34.829,4,"bicycle:0, motorcycle:2, person:2"
1139,37.967,baseline,0+1+2,ebike+driver+passenger,28.575,34.995,0,"ebike:0, driver:0, passenger:0"
1139,37.967,bifpn,0+1+2,ebike+driver+passenger,41.375,24.169,0,"ebike:0, driver:0, passenger:0"
1139,37.967,yolov8n,1+3+0,bicycle+motorcycle+person,32.990,30.312,5,"bicycle:0, motorcycle:2, person:3"
1140,38.000,baseline,0+1+2,ebike+driver+passenger,26.437,37.825,0,"ebike:0, driver:0, passenger:0"
1140,38.000,bifpn,0+1+2,ebike+driver+passenger,26.741,37.395,0,"ebike:0, driver:0, passenger:0"
1140,38.000,yolov8n,1+3+0,bicycle+motorcycle+person,29.111,34.351,5,"bicycle:0, motorcycle:2, person:3"
1141,38.033,baseline,0+1+2,ebike+driver+passenger,26.555,37.658,0,"ebike:0, driver:0, passenger:0"
1141,38.033,bifpn,0+1+2,ebike+driver+passenger,26.111,38.298,0,"ebike:0, driver:0, passenger:0"
1141,38.033,yolov8n,1+3+0,bicycle+motorcycle+person,28.851,34.661,4,"bicycle:0, motorcycle:2, person:2"
1142,38.067,baseline,0+1+2,ebike+driver+passenger,30.556,32.727,0,"ebike:0, driver:0, passenger:0"
1142,38.067,bifpn,0+1+2,ebike+driver+passenger,28.621,34.939,0,"ebike:0, driver:0, passenger:0"
1142,38.067,yolov8n,1+3+0,bicycle+motorcycle+person,31.950,31.299,5,"bicycle:0, motorcycle:2, person:3"
1143,38.100,baseline,0+1+2,ebike+driver+passenger,29.933,33.408,0,"ebike:0, driver:0, passenger:0"
1143,38.100,bifpn,0+1+2,ebike+driver+passenger,29.533,33.860,0,"ebike:0, driver:0, passenger:0"
1143,38.100,yolov8n,1+3+0,bicycle+motorcycle+person,30.370,32.927,4,"bicycle:0, motorcycle:2, person:2"
1144,38.133,baseline,0+1+2,ebike+driver+passenger,27.379,36.524,0,"ebike:0, driver:0, passenger:0"
1144,38.133,bifpn,0+1+2,ebike+driver+passenger,28.087,35.603,0,"ebike:0, driver:0, passenger:0"
1144,38.133,yolov8n,1+3+0,bicycle+motorcycle+person,27.836,35.925,5,"bicycle:0, motorcycle:2, person:3"
1145,38.167,baseline,0+1+2,ebike+driver+passenger,27.543,36.307,0,"ebike:0, driver:0, passenger:0"
1145,38.167,bifpn,0+1+2,ebike+driver+passenger,26.549,37.667,0,"ebike:0, driver:0, passenger:0"
1145,38.167,yolov8n,1+3+0,bicycle+motorcycle+person,30.777,32.492,4,"bicycle:0, motorcycle:2, person:2"
1146,38.200,baseline,0+1+2,ebike+driver+passenger,30.640,32.637,0,"ebike:0, driver:0, passenger:0"
1146,38.200,bifpn,0+1+2,ebike+driver+passenger,26.672,37.492,0,"ebike:0, driver:0, passenger:0"
1146,38.200,yolov8n,1+3+0,bicycle+motorcycle+person,30.828,32.438,5,"bicycle:0, motorcycle:2, person:3"
1147,38.233,baseline,0+1+2,ebike+driver+passenger,25.967,38.511,0,"ebike:0, driver:0, passenger:0"
1147,38.233,bifpn,0+1+2,ebike+driver+passenger,26.613,37.576,0,"ebike:0, driver:0, passenger:0"
1147,38.233,yolov8n,1+3+0,bicycle+motorcycle+person,27.083,36.923,5,"bicycle:0, motorcycle:2, person:3"
1148,38.267,baseline,0+1+2,ebike+driver+passenger,28.127,35.552,0,"ebike:0, driver:0, passenger:0"
1148,38.267,bifpn,0+1+2,ebike+driver+passenger,25.474,39.256,0,"ebike:0, driver:0, passenger:0"
1148,38.267,yolov8n,1+3+0,bicycle+motorcycle+person,28.827,34.689,4,"bicycle:0, motorcycle:2, person:2"
1149,38.300,baseline,0+1+2,ebike+driver+passenger,28.259,35.387,0,"ebike:0, driver:0, passenger:0"
1149,38.300,bifpn,0+1+2,ebike+driver+passenger,30.045,33.284,0,"ebike:0, driver:0, passenger:0"
1149,38.300,yolov8n,1+3+0,bicycle+motorcycle+person,27.041,36.981,4,"bicycle:0, motorcycle:2, person:2"
1150,38.333,baseline,0+1+2,ebike+driver+passenger,28.577,34.993,0,"ebike:0, driver:0, passenger:0"
1150,38.333,bifpn,0+1+2,ebike+driver+passenger,26.767,37.360,0,"ebike:0, driver:0, passenger:0"
1150,38.333,yolov8n,1+3+0,bicycle+motorcycle+person,27.317,36.608,4,"bicycle:0, motorcycle:2, person:2"
1151,38.367,baseline,0+1+2,ebike+driver+passenger,28.592,34.975,0,"ebike:0, driver:0, passenger:0"
1151,38.367,bifpn,0+1+2,ebike+driver+passenger,27.261,36.683,0,"ebike:0, driver:0, passenger:0"
1151,38.367,yolov8n,1+3+0,bicycle+motorcycle+person,27.519,36.338,5,"bicycle:0, motorcycle:3, person:2"
1152,38.400,baseline,0+1+2,ebike+driver+passenger,27.558,36.287,0,"ebike:0, driver:0, passenger:0"
1152,38.400,bifpn,0+1+2,ebike+driver+passenger,25.865,38.662,0,"ebike:0, driver:0, passenger:0"
1152,38.400,yolov8n,1+3+0,bicycle+motorcycle+person,28.299,35.337,4,"bicycle:0, motorcycle:2, person:2"
1153,38.433,baseline,0+1+2,ebike+driver+passenger,25.095,39.849,0,"ebike:0, driver:0, passenger:0"
1153,38.433,bifpn,0+1+2,ebike+driver+passenger,25.656,38.977,0,"ebike:0, driver:0, passenger:0"
1153,38.433,yolov8n,1+3+0,bicycle+motorcycle+person,28.483,35.108,4,"bicycle:0, motorcycle:2, person:2"
1154,38.467,baseline,0+1+2,ebike+driver+passenger,27.483,36.386,0,"ebike:0, driver:0, passenger:0"
1154,38.467,bifpn,0+1+2,ebike+driver+passenger,25.332,39.475,0,"ebike:0, driver:0, passenger:0"
1154,38.467,yolov8n,1+3+0,bicycle+motorcycle+person,30.161,33.155,5,"bicycle:0, motorcycle:2, person:3"
1155,38.500,baseline,0+1+2,ebike+driver+passenger,27.068,36.943,0,"ebike:0, driver:0, passenger:0"
1155,38.500,bifpn,0+1+2,ebike+driver+passenger,27.754,36.030,0,"ebike:0, driver:0, passenger:0"
1155,38.500,yolov8n,1+3+0,bicycle+motorcycle+person,28.261,35.385,4,"bicycle:0, motorcycle:2, person:2"
1156,38.533,baseline,0+1+2,ebike+driver+passenger,29.168,34.284,0,"ebike:0, driver:0, passenger:0"
1156,38.533,bifpn,0+1+2,ebike+driver+passenger,23.214,43.077,0,"ebike:0, driver:0, passenger:0"
1156,38.533,yolov8n,1+3+0,bicycle+motorcycle+person,26.098,38.317,5,"bicycle:0, motorcycle:3, person:2"
1157,38.567,baseline,0+1+2,ebike+driver+passenger,26.882,37.200,0,"ebike:0, driver:0, passenger:0"
1157,38.567,bifpn,0+1+2,ebike+driver+passenger,26.825,37.279,0,"ebike:0, driver:0, passenger:0"
1157,38.567,yolov8n,1+3+0,bicycle+motorcycle+person,27.793,35.980,4,"bicycle:0, motorcycle:2, person:2"
1158,38.600,baseline,0+1+2,ebike+driver+passenger,27.944,35.786,0,"ebike:0, driver:0, passenger:0"
1158,38.600,bifpn,0+1+2,ebike+driver+passenger,26.209,38.155,0,"ebike:0, driver:0, passenger:0"
1158,38.600,yolov8n,1+3+0,bicycle+motorcycle+person,29.184,34.265,6,"bicycle:0, motorcycle:2, person:4"
1159,38.633,baseline,0+1+2,ebike+driver+passenger,27.560,36.284,0,"ebike:0, driver:0, passenger:0"
1159,38.633,bifpn,0+1+2,ebike+driver+passenger,26.747,37.387,0,"ebike:0, driver:0, passenger:0"
1159,38.633,yolov8n,1+3+0,bicycle+motorcycle+person,29.096,34.369,5,"bicycle:0, motorcycle:2, person:3"
1160,38.667,baseline,0+1+2,ebike+driver+passenger,29.919,33.423,0,"ebike:0, driver:0, passenger:0"
1160,38.667,bifpn,0+1+2,ebike+driver+passenger,27.430,36.457,0,"ebike:0, driver:0, passenger:0"
1160,38.667,yolov8n,1+3+0,bicycle+motorcycle+person,30.329,32.971,4,"bicycle:0, motorcycle:2, person:2"
1161,38.700,baseline,0+1+2,ebike+driver+passenger,26.429,37.838,0,"ebike:0, driver:0, passenger:0"
1161,38.700,bifpn,0+1+2,ebike+driver+passenger,28.039,35.664,0,"ebike:0, driver:0, passenger:0"
1161,38.700,yolov8n,1+3+0,bicycle+motorcycle+person,27.496,36.369,4,"bicycle:0, motorcycle:2, person:2"
1162,38.733,baseline,0+1+2,ebike+driver+passenger,25.968,38.509,0,"ebike:0, driver:0, passenger:0"
1162,38.733,bifpn,0+1+2,ebike+driver+passenger,26.008,38.450,0,"ebike:0, driver:0, passenger:0"
1162,38.733,yolov8n,1+3+0,bicycle+motorcycle+person,29.168,34.285,3,"bicycle:0, motorcycle:2, person:1"
1163,38.767,baseline,0+1+2,ebike+driver+passenger,24.859,40.227,0,"ebike:0, driver:0, passenger:0"
1163,38.767,bifpn,0+1+2,ebike+driver+passenger,27.485,36.384,0,"ebike:0, driver:0, passenger:0"
1163,38.767,yolov8n,1+3+0,bicycle+motorcycle+person,26.681,37.479,4,"bicycle:0, motorcycle:2, person:2"
1164,38.800,baseline,0+1+2,ebike+driver+passenger,28.056,35.643,0,"ebike:0, driver:0, passenger:0"
1164,38.800,bifpn,0+1+2,ebike+driver+passenger,26.898,37.177,0,"ebike:0, driver:0, passenger:0"
1164,38.800,yolov8n,1+3+0,bicycle+motorcycle+person,27.929,35.805,3,"bicycle:0, motorcycle:1, person:2"
1165,38.833,baseline,0+1+2,ebike+driver+passenger,28.864,34.645,0,"ebike:0, driver:0, passenger:0"
1165,38.833,bifpn,0+1+2,ebike+driver+passenger,26.909,37.162,0,"ebike:0, driver:0, passenger:0"
1165,38.833,yolov8n,1+3+0,bicycle+motorcycle+person,30.290,33.015,4,"bicycle:0, motorcycle:1, person:3"
1166,38.867,baseline,0+1+2,ebike+driver+passenger,27.180,36.792,0,"ebike:0, driver:0, passenger:0"
1166,38.867,bifpn,0+1+2,ebike+driver+passenger,27.069,36.943,0,"ebike:0, driver:0, passenger:0"
1166,38.867,yolov8n,1+3+0,bicycle+motorcycle+person,29.072,34.398,4,"bicycle:0, motorcycle:1, person:3"
1167,38.900,baseline,0+1+2,ebike+driver+passenger,26.056,38.379,0,"ebike:0, driver:0, passenger:0"
1167,38.900,bifpn,0+1+2,ebike+driver+passenger,25.732,38.862,0,"ebike:0, driver:0, passenger:0"
1167,38.900,yolov8n,1+3+0,bicycle+motorcycle+person,30.270,33.036,4,"bicycle:0, motorcycle:1, person:3"
1168,38.933,baseline,0+1+2,ebike+driver+passenger,27.404,36.491,0,"ebike:0, driver:0, passenger:0"
1168,38.933,bifpn,0+1+2,ebike+driver+passenger,27.515,36.343,0,"ebike:0, driver:0, passenger:0"
1168,38.933,yolov8n,1+3+0,bicycle+motorcycle+person,29.634,33.745,3,"bicycle:0, motorcycle:1, person:2"
1169,38.967,baseline,0+1+2,ebike+driver+passenger,28.544,35.033,0,"ebike:0, driver:0, passenger:0"
1169,38.967,bifpn,0+1+2,ebike+driver+passenger,24.809,40.309,0,"ebike:0, driver:0, passenger:0"
1169,38.967,yolov8n,1+3+0,bicycle+motorcycle+person,29.809,33.546,3,"bicycle:0, motorcycle:1, person:2"
1170,39.000,baseline,0+1+2,ebike+driver+passenger,27.472,36.400,0,"ebike:0, driver:0, passenger:0"
1170,39.000,bifpn,0+1+2,ebike+driver+passenger,27.462,36.414,0,"ebike:0, driver:0, passenger:0"
1170,39.000,yolov8n,1+3+0,bicycle+motorcycle+person,31.523,31.723,2,"bicycle:0, motorcycle:1, person:1"
1171,39.033,baseline,0+1+2,ebike+driver+passenger,28.055,35.644,0,"ebike:0, driver:0, passenger:0"
1171,39.033,bifpn,0+1+2,ebike+driver+passenger,27.462,36.414,0,"ebike:0, driver:0, passenger:0"
1171,39.033,yolov8n,1+3+0,bicycle+motorcycle+person,29.059,34.413,2,"bicycle:0, motorcycle:1, person:1"
1172,39.067,baseline,0+1+2,ebike+driver+passenger,26.820,37.286,0,"ebike:0, driver:0, passenger:0"
1172,39.067,bifpn,0+1+2,ebike+driver+passenger,26.625,37.558,0,"ebike:0, driver:0, passenger:0"
1172,39.067,yolov8n,1+3+0,bicycle+motorcycle+person,25.847,38.689,5,"bicycle:0, motorcycle:2, person:3"
1173,39.100,baseline,0+1+2,ebike+driver+passenger,28.152,35.521,0,"ebike:0, driver:0, passenger:0"
1173,39.100,bifpn,0+1+2,ebike+driver+passenger,27.415,36.477,0,"ebike:0, driver:0, passenger:0"
1173,39.100,yolov8n,1+3+0,bicycle+motorcycle+person,29.825,33.529,2,"bicycle:0, motorcycle:1, person:1"
1174,39.133,baseline,0+1+2,ebike+driver+passenger,27.760,36.023,0,"ebike:0, driver:0, passenger:0"
1174,39.133,bifpn,0+1+2,ebike+driver+passenger,28.306,35.328,0,"ebike:0, driver:0, passenger:0"
1174,39.133,yolov8n,1+3+0,bicycle+motorcycle+person,27.550,36.297,2,"bicycle:0, motorcycle:1, person:1"
1175,39.167,baseline,0+1+2,ebike+driver+passenger,28.529,35.053,0,"ebike:0, driver:0, passenger:0"
1175,39.167,bifpn,0+1+2,ebike+driver+passenger,26.319,37.996,0,"ebike:0, driver:0, passenger:0"
1175,39.167,yolov8n,1+3+0,bicycle+motorcycle+person,29.123,34.337,3,"bicycle:0, motorcycle:1, person:2"
1176,39.200,baseline,0+1+2,ebike+driver+passenger,28.933,34.562,0,"ebike:0, driver:0, passenger:0"
1176,39.200,bifpn,0+1+2,ebike+driver+passenger,27.944,35.786,0,"ebike:0, driver:0, passenger:0"
1176,39.200,yolov8n,1+3+0,bicycle+motorcycle+person,29.450,33.956,2,"bicycle:0, motorcycle:1, person:1"
1177,39.233,baseline,0+1+2,ebike+driver+passenger,28.141,35.536,0,"ebike:0, driver:0, passenger:0"
1177,39.233,bifpn,0+1+2,ebike+driver+passenger,26.934,37.128,0,"ebike:0, driver:0, passenger:0"
1177,39.233,yolov8n,1+3+0,bicycle+motorcycle+person,27.274,36.665,4,"bicycle:0, motorcycle:1, person:3"
1178,39.267,baseline,0+1+2,ebike+driver+passenger,27.649,36.167,0,"ebike:0, driver:0, passenger:0"
1178,39.267,bifpn,0+1+2,ebike+driver+passenger,27.817,35.949,0,"ebike:0, driver:0, passenger:0"
1178,39.267,yolov8n,1+3+0,bicycle+motorcycle+person,28.260,35.386,5,"bicycle:0, motorcycle:1, person:4"
1179,39.300,baseline,0+1+2,ebike+driver+passenger,27.611,36.218,0,"ebike:0, driver:0, passenger:0"
1179,39.300,bifpn,0+1+2,ebike+driver+passenger,25.061,39.903,0,"ebike:0, driver:0, passenger:0"
1179,39.300,yolov8n,1+3+0,bicycle+motorcycle+person,27.801,35.970,2,"bicycle:0, motorcycle:1, person:1"
1180,39.333,baseline,0+1+2,ebike+driver+passenger,26.466,37.785,0,"ebike:0, driver:0, passenger:0"
1180,39.333,bifpn,0+1+2,ebike+driver+passenger,28.498,35.091,0,"ebike:0, driver:0, passenger:0"
1180,39.333,yolov8n,1+3+0,bicycle+motorcycle+person,30.673,32.602,3,"bicycle:0, motorcycle:1, person:2"
1181,39.367,baseline,0+1+2,ebike+driver+passenger,29.575,33.813,0,"ebike:0, driver:0, passenger:0"
1181,39.367,bifpn,0+1+2,ebike+driver+passenger,29.428,33.981,0,"ebike:0, driver:0, passenger:0"
1181,39.367,yolov8n,1+3+0,bicycle+motorcycle+person,31.300,31.949,3,"bicycle:0, motorcycle:1, person:2"
1182,39.400,baseline,0+1+2,ebike+driver+passenger,31.022,32.235,0,"ebike:0, driver:0, passenger:0"
1182,39.400,bifpn,0+1+2,ebike+driver+passenger,27.273,36.667,0,"ebike:0, driver:0, passenger:0"
1182,39.400,yolov8n,1+3+0,bicycle+motorcycle+person,28.278,35.363,3,"bicycle:0, motorcycle:1, person:2"
1183,39.433,baseline,0+1+2,ebike+driver+passenger,27.323,36.599,0,"ebike:0, driver:0, passenger:0"
1183,39.433,bifpn,0+1+2,ebike+driver+passenger,27.680,36.127,0,"ebike:0, driver:0, passenger:0"
1183,39.433,yolov8n,1+3+0,bicycle+motorcycle+person,27.244,36.706,4,"bicycle:1, motorcycle:1, person:2"
1184,39.467,baseline,0+1+2,ebike+driver+passenger,27.803,35.967,0,"ebike:0, driver:0, passenger:0"
1184,39.467,bifpn,0+1+2,ebike+driver+passenger,26.728,37.414,0,"ebike:0, driver:0, passenger:0"
1184,39.467,yolov8n,1+3+0,bicycle+motorcycle+person,28.711,34.830,3,"bicycle:0, motorcycle:1, person:2"
1185,39.500,baseline,0+1+2,ebike+driver+passenger,30.571,32.710,0,"ebike:0, driver:0, passenger:0"
1185,39.500,bifpn,0+1+2,ebike+driver+passenger,29.371,34.047,0,"ebike:0, driver:0, passenger:0"
1185,39.500,yolov8n,1+3+0,bicycle+motorcycle+person,32.130,31.123,3,"bicycle:0, motorcycle:1, person:2"
1186,39.533,baseline,0+1+2,ebike+driver+passenger,29.077,34.392,0,"ebike:0, driver:0, passenger:0"
1186,39.533,bifpn,0+1+2,ebike+driver+passenger,27.946,35.784,0,"ebike:0, driver:0, passenger:0"
1186,39.533,yolov8n,1+3+0,bicycle+motorcycle+person,30.055,33.272,3,"bicycle:0, motorcycle:1, person:2"
1187,39.567,baseline,0+1+2,ebike+driver+passenger,30.324,32.978,0,"ebike:0, driver:0, passenger:0"
1187,39.567,bifpn,0+1+2,ebike+driver+passenger,26.813,37.295,0,"ebike:0, driver:0, passenger:0"
1187,39.567,yolov8n,1+3+0,bicycle+motorcycle+person,29.635,33.744,4,"bicycle:0, motorcycle:2, person:2"
1188,39.600,baseline,0+1+2,ebike+driver+passenger,27.103,36.896,0,"ebike:0, driver:0, passenger:0"
1188,39.600,bifpn,0+1+2,ebike+driver+passenger,26.985,37.058,0,"ebike:0, driver:0, passenger:0"
1188,39.600,yolov8n,1+3+0,bicycle+motorcycle+person,28.222,35.434,4,"bicycle:0, motorcycle:2, person:2"
1189,39.633,baseline,0+1+2,ebike+driver+passenger,27.564,36.280,0,"ebike:0, driver:0, passenger:0"
1189,39.633,bifpn,0+1+2,ebike+driver+passenger,28.720,34.819,0,"ebike:0, driver:0, passenger:0"
1189,39.633,yolov8n,1+3+0,bicycle+motorcycle+person,28.948,34.545,3,"bicycle:0, motorcycle:1, person:2"
1190,39.667,baseline,0+1+2,ebike+driver+passenger,27.693,36.110,0,"ebike:0, driver:0, passenger:0"
1190,39.667,bifpn,0+1+2,ebike+driver+passenger,25.124,39.803,0,"ebike:0, driver:0, passenger:0"
1190,39.667,yolov8n,1+3+0,bicycle+motorcycle+person,27.738,36.051,4,"bicycle:0, motorcycle:1, person:3"
1191,39.700,baseline,0+1+2,ebike+driver+passenger,27.089,36.915,0,"ebike:0, driver:0, passenger:0"
1191,39.700,bifpn,0+1+2,ebike+driver+passenger,28.146,35.529,0,"ebike:0, driver:0, passenger:0"
1191,39.700,yolov8n,1+3+0,bicycle+motorcycle+person,28.350,35.273,4,"bicycle:0, motorcycle:1, person:3"
1192,39.733,baseline,0+1+2,ebike+driver+passenger,28.377,35.240,0,"ebike:0, driver:0, passenger:0"
1192,39.733,bifpn,0+1+2,ebike+driver+passenger,25.999,38.463,0,"ebike:0, driver:0, passenger:0"
1192,39.733,yolov8n,1+3+0,bicycle+motorcycle+person,29.282,34.151,4,"bicycle:0, motorcycle:1, person:3"
1193,39.767,baseline,0+1+2,ebike+driver+passenger,27.502,36.361,0,"ebike:0, driver:0, passenger:0"
1193,39.767,bifpn,0+1+2,ebike+driver+passenger,26.204,38.163,0,"ebike:0, driver:0, passenger:0"
1193,39.767,yolov8n,1+3+0,bicycle+motorcycle+person,25.675,38.949,4,"bicycle:0, motorcycle:1, person:3"
1194,39.800,baseline,0+1+2,ebike+driver+passenger,27.322,36.601,0,"ebike:0, driver:0, passenger:0"
1194,39.800,bifpn,0+1+2,ebike+driver+passenger,26.952,37.103,0,"ebike:0, driver:0, passenger:0"
1194,39.800,yolov8n,1+3+0,bicycle+motorcycle+person,26.489,37.751,3,"bicycle:0, motorcycle:1, person:2"
1195,39.833,baseline,0+1+2,ebike+driver+passenger,28.931,34.565,0,"ebike:0, driver:0, passenger:0"
1195,39.833,bifpn,0+1+2,ebike+driver+passenger,27.905,35.836,0,"ebike:0, driver:0, passenger:0"
1195,39.833,yolov8n,1+3+0,bicycle+motorcycle+person,27.757,36.027,3,"bicycle:0, motorcycle:1, person:2"
1196,39.867,baseline,0+1+2,ebike+driver+passenger,28.093,35.596,0,"ebike:0, driver:0, passenger:0"
1196,39.867,bifpn,0+1+2,ebike+driver+passenger,25.049,39.921,0,"ebike:0, driver:0, passenger:0"
1196,39.867,yolov8n,1+3+0,bicycle+motorcycle+person,26.212,38.151,4,"bicycle:0, motorcycle:1, person:3"
1197,39.900,baseline,0+1+2,ebike+driver+passenger,29.047,34.428,0,"ebike:0, driver:0, passenger:0"
1197,39.900,bifpn,0+1+2,ebike+driver+passenger,26.385,37.900,0,"ebike:0, driver:0, passenger:0"
1197,39.900,yolov8n,1+3+0,bicycle+motorcycle+person,28.091,35.599,6,"bicycle:0, motorcycle:3, person:3"
1198,39.933,baseline,0+1+2,ebike+driver+passenger,28.820,34.698,0,"ebike:0, driver:0, passenger:0"
1198,39.933,bifpn,0+1+2,ebike+driver+passenger,27.009,37.025,0,"ebike:0, driver:0, passenger:0"
1198,39.933,yolov8n,1+3+0,bicycle+motorcycle+person,27.214,36.745,4,"bicycle:0, motorcycle:3, person:1"
1199,39.967,baseline,0+1+2,ebike+driver+passenger,29.400,34.013,0,"ebike:0, driver:0, passenger:0"
1199,39.967,bifpn,0+1+2,ebike+driver+passenger,31.564,31.682,0,"ebike:0, driver:0, passenger:0"
1199,39.967,yolov8n,1+3+0,bicycle+motorcycle+person,30.813,32.454,5,"bicycle:0, motorcycle:2, person:3"
1200,40.000,baseline,0+1+2,ebike+driver+passenger,25.881,38.639,0,"ebike:0, driver:0, passenger:0"
1200,40.000,bifpn,0+1+2,ebike+driver+passenger,25.808,38.747,0,"ebike:0, driver:0, passenger:0"
1200,40.000,yolov8n,1+3+0,bicycle+motorcycle+person,27.147,36.837,5,"bicycle:0, motorcycle:2, person:3"
1201,40.033,baseline,0+1+2,ebike+driver+passenger,26.292,38.035,0,"ebike:0, driver:0, passenger:0"
1201,40.033,bifpn,0+1+2,ebike+driver+passenger,25.173,39.725,0,"ebike:0, driver:0, passenger:0"
1201,40.033,yolov8n,1+3+0,bicycle+motorcycle+person,26.497,37.741,4,"bicycle:0, motorcycle:2, person:2"
1202,40.067,baseline,0+1+2,ebike+driver+passenger,26.696,37.459,0,"ebike:0, driver:0, passenger:0"
1202,40.067,bifpn,0+1+2,ebike+driver+passenger,25.705,38.902,0,"ebike:0, driver:0, passenger:0"
1202,40.067,yolov8n,1+3+0,bicycle+motorcycle+person,27.534,36.319,4,"bicycle:0, motorcycle:2, person:2"
1203,40.100,baseline,0+1+2,ebike+driver+passenger,26.729,37.413,0,"ebike:0, driver:0, passenger:0"
1203,40.100,bifpn,0+1+2,ebike+driver+passenger,26.753,37.379,0,"ebike:0, driver:0, passenger:0"
1203,40.100,yolov8n,1+3+0,bicycle+motorcycle+person,26.730,37.411,5,"bicycle:0, motorcycle:3, person:2"
1204,40.133,baseline,0+1+2,ebike+driver+passenger,26.569,37.637,0,"ebike:0, driver:0, passenger:0"
1204,40.133,bifpn,0+1+2,ebike+driver+passenger,26.049,38.389,0,"ebike:0, driver:0, passenger:0"
1204,40.133,yolov8n,1+3+0,bicycle+motorcycle+person,28.488,35.103,4,"bicycle:0, motorcycle:2, person:2"
1205,40.167,baseline,0+1+2,ebike+driver+passenger,27.375,36.530,0,"ebike:0, driver:0, passenger:0"
1205,40.167,bifpn,0+1+2,ebike+driver+passenger,25.518,39.188,0,"ebike:0, driver:0, passenger:0"
1205,40.167,yolov8n,1+3+0,bicycle+motorcycle+person,30.112,33.209,4,"bicycle:0, motorcycle:2, person:2"
1206,40.200,baseline,0+1+2,ebike+driver+passenger,25.922,38.577,0,"ebike:0, driver:0, passenger:0"
1206,40.200,bifpn,0+1+2,ebike+driver+passenger,26.121,38.284,0,"ebike:0, driver:0, passenger:0"
1206,40.200,yolov8n,1+3+0,bicycle+motorcycle+person,25.775,38.797,4,"bicycle:0, motorcycle:2, person:2"
1207,40.233,baseline,0+1+2,ebike+driver+passenger,25.575,39.100,0,"ebike:0, driver:0, passenger:0"
1207,40.233,bifpn,0+1+2,ebike+driver+passenger,27.032,36.993,0,"ebike:0, driver:0, passenger:0"
1207,40.233,yolov8n,1+3+0,bicycle+motorcycle+person,27.861,35.893,4,"bicycle:0, motorcycle:2, person:2"
1208,40.267,baseline,0+1+2,ebike+driver+passenger,26.213,38.148,0,"ebike:0, driver:0, passenger:0"
1208,40.267,bifpn,0+1+2,ebike+driver+passenger,26.875,37.209,0,"ebike:0, driver:0, passenger:0"
1208,40.267,yolov8n,1+3+0,bicycle+motorcycle+person,26.682,37.479,4,"bicycle:0, motorcycle:2, person:2"
1209,40.300,baseline,0+1+2,ebike+driver+passenger,26.315,38.002,0,"ebike:0, driver:0, passenger:0"
1209,40.300,bifpn,0+1+2,ebike+driver+passenger,25.338,39.466,0,"ebike:0, driver:0, passenger:0"
1209,40.300,yolov8n,1+3+0,bicycle+motorcycle+person,26.544,37.674,4,"bicycle:0, motorcycle:2, person:2"
1210,40.333,baseline,0+1+2,ebike+driver+passenger,25.054,39.914,0,"ebike:0, driver:0, passenger:0"
1210,40.333,bifpn,0+1+2,ebike+driver+passenger,25.535,39.162,0,"ebike:0, driver:0, passenger:0"
1210,40.333,yolov8n,1+3+0,bicycle+motorcycle+person,25.113,39.821,4,"bicycle:0, motorcycle:2, person:2"
1211,40.367,baseline,0+1+2,ebike+driver+passenger,26.552,37.662,0,"ebike:0, driver:0, passenger:0"
1211,40.367,bifpn,0+1+2,ebike+driver+passenger,26.440,37.822,0,"ebike:0, driver:0, passenger:0"
1211,40.367,yolov8n,1+3+0,bicycle+motorcycle+person,28.391,35.222,5,"bicycle:0, motorcycle:3, person:2"
1212,40.400,baseline,0+1+2,ebike+driver+passenger,27.533,36.320,0,"ebike:0, driver:0, passenger:0"
1212,40.400,bifpn,0+1+2,ebike+driver+passenger,27.115,36.880,0,"ebike:0, driver:0, passenger:0"
1212,40.400,yolov8n,1+3+0,bicycle+motorcycle+person,26.986,37.056,4,"bicycle:0, motorcycle:2, person:2"
1213,40.433,baseline,0+1+2,ebike+driver+passenger,28.020,35.688,0,"ebike:0, driver:0, passenger:0"
1213,40.433,bifpn,0+1+2,ebike+driver+passenger,26.643,37.533,0,"ebike:0, driver:0, passenger:0"
1213,40.433,yolov8n,1+3+0,bicycle+motorcycle+person,27.072,36.939,4,"bicycle:0, motorcycle:2, person:2"
1214,40.467,baseline,0+1+2,ebike+driver+passenger,26.935,37.126,0,"ebike:0, driver:0, passenger:0"
1214,40.467,bifpn,0+1+2,ebike+driver+passenger,26.181,38.196,0,"ebike:0, driver:0, passenger:0"
1214,40.467,yolov8n,1+3+0,bicycle+motorcycle+person,28.264,35.381,4,"bicycle:0, motorcycle:2, person:2"
1215,40.500,baseline,0+1+2,ebike+driver+passenger,28.095,35.593,0,"ebike:0, driver:0, passenger:0"
1215,40.500,bifpn,0+1+2,ebike+driver+passenger,24.970,40.048,0,"ebike:0, driver:0, passenger:0"
1215,40.500,yolov8n,1+3+0,bicycle+motorcycle+person,28.337,35.289,4,"bicycle:0, motorcycle:2, person:2"
1216,40.533,baseline,0+1+2,ebike+driver+passenger,24.925,40.120,0,"ebike:0, driver:0, passenger:0"
1216,40.533,bifpn,0+1+2,ebike+driver+passenger,27.752,36.034,0,"ebike:0, driver:0, passenger:0"
1216,40.533,yolov8n,1+3+0,bicycle+motorcycle+person,29.577,33.810,3,"bicycle:0, motorcycle:1, person:2"
1217,40.567,baseline,0+1+2,ebike+driver+passenger,24.927,40.116,0,"ebike:0, driver:0, passenger:0"
1217,40.567,bifpn,0+1+2,ebike+driver+passenger,26.497,37.740,0,"ebike:0, driver:0, passenger:0"
1217,40.567,yolov8n,1+3+0,bicycle+motorcycle+person,28.406,35.204,3,"bicycle:0, motorcycle:1, person:2"
1218,40.600,baseline,0+1+2,ebike+driver+passenger,25.585,39.086,0,"ebike:0, driver:0, passenger:0"
1218,40.600,bifpn,0+1+2,ebike+driver+passenger,34.454,29.024,0,"ebike:0, driver:0, passenger:0"
1218,40.600,yolov8n,1+3+0,bicycle+motorcycle+person,27.990,35.727,3,"bicycle:0, motorcycle:1, person:2"
1219,40.633,baseline,0+1+2,ebike+driver+passenger,28.275,35.367,0,"ebike:0, driver:0, passenger:0"
1219,40.633,bifpn,0+1+2,ebike+driver+passenger,26.055,38.380,0,"ebike:0, driver:0, passenger:0"
1219,40.633,yolov8n,1+3+0,bicycle+motorcycle+person,26.873,37.212,3,"bicycle:0, motorcycle:2, person:1"
1220,40.667,baseline,0+1+2,ebike+driver+passenger,28.493,35.097,0,"ebike:0, driver:0, passenger:0"
1220,40.667,bifpn,0+1+2,ebike+driver+passenger,26.154,38.236,0,"ebike:0, driver:0, passenger:0"
1220,40.667,yolov8n,1+3+0,bicycle+motorcycle+person,29.591,33.795,1,"bicycle:0, motorcycle:1, person:0"
1221,40.700,baseline,0+1+2,ebike+driver+passenger,28.807,34.714,0,"ebike:0, driver:0, passenger:0"
1221,40.700,bifpn,0+1+2,ebike+driver+passenger,27.333,36.585,0,"ebike:0, driver:0, passenger:0"
1221,40.700,yolov8n,1+3+0,bicycle+motorcycle+person,27.803,35.967,3,"bicycle:0, motorcycle:2, person:1"
1222,40.733,baseline,0+1+2,ebike+driver+passenger,27.659,36.155,0,"ebike:0, driver:0, passenger:0"
1222,40.733,bifpn,0+1+2,ebike+driver+passenger,26.670,37.495,0,"ebike:0, driver:0, passenger:0"
1222,40.733,yolov8n,1+3+0,bicycle+motorcycle+person,28.870,34.638,3,"bicycle:0, motorcycle:2, person:1"
1223,40.767,baseline,0+1+2,ebike+driver+passenger,27.697,36.104,0,"ebike:0, driver:0, passenger:0"
1223,40.767,bifpn,0+1+2,ebike+driver+passenger,25.684,38.935,0,"ebike:0, driver:0, passenger:0"
1223,40.767,yolov8n,1+3+0,bicycle+motorcycle+person,26.731,37.410,4,"bicycle:0, motorcycle:2, person:2"
1224,40.800,baseline,0+1+2,ebike+driver+passenger,25.600,39.063,0,"ebike:0, driver:0, passenger:0"
1224,40.800,bifpn,0+1+2,ebike+driver+passenger,22.878,43.710,0,"ebike:0, driver:0, passenger:0"
1224,40.800,yolov8n,1+3+0,bicycle+motorcycle+person,27.992,35.725,4,"bicycle:0, motorcycle:2, person:2"
1225,40.833,baseline,0+1+2,ebike+driver+passenger,27.491,36.376,0,"ebike:0, driver:0, passenger:0"
1225,40.833,bifpn,0+1+2,ebike+driver+passenger,26.852,37.241,0,"ebike:0, driver:0, passenger:0"
1225,40.833,yolov8n,1+3+0,bicycle+motorcycle+person,29.369,34.049,4,"bicycle:0, motorcycle:2, person:2"
1226,40.867,baseline,0+1+2,ebike+driver+passenger,28.511,35.075,0,"ebike:0, driver:0, passenger:0"
1226,40.867,bifpn,0+1+2,ebike+driver+passenger,26.365,37.928,0,"ebike:0, driver:0, passenger:0"
1226,40.867,yolov8n,1+3+0,bicycle+motorcycle+person,29.084,34.384,4,"bicycle:0, motorcycle:2, person:2"
1227,40.900,baseline,0+1+2,ebike+driver+passenger,27.992,35.724,0,"ebike:0, driver:0, passenger:0"
1227,40.900,bifpn,0+1+2,ebike+driver+passenger,26.524,37.702,0,"ebike:0, driver:0, passenger:0"
1227,40.900,yolov8n,1+3+0,bicycle+motorcycle+person,30.035,33.295,4,"bicycle:0, motorcycle:2, person:2"
1228,40.933,baseline,0+1+2,ebike+driver+passenger,27.910,35.829,0,"ebike:0, driver:0, passenger:0"
1228,40.933,bifpn,0+1+2,ebike+driver+passenger,26.291,38.036,0,"ebike:0, driver:0, passenger:0"
1228,40.933,yolov8n,1+3+0,bicycle+motorcycle+person,29.173,34.278,4,"bicycle:0, motorcycle:2, person:2"
1229,40.967,baseline,0+1+2,ebike+driver+passenger,26.985,37.057,0,"ebike:0, driver:0, passenger:0"
1229,40.967,bifpn,0+1+2,ebike+driver+passenger,27.732,36.059,0,"ebike:0, driver:0, passenger:0"
1229,40.967,yolov8n,1+3+0,bicycle+motorcycle+person,28.339,35.287,4,"bicycle:0, motorcycle:2, person:2"
1230,41.000,baseline,0+1+2,ebike+driver+passenger,29.563,33.826,0,"ebike:0, driver:0, passenger:0"
1230,41.000,bifpn,0+1+2,ebike+driver+passenger,26.197,38.173,0,"ebike:0, driver:0, passenger:0"
1230,41.000,yolov8n,1+3+0,bicycle+motorcycle+person,27.025,37.003,2,"bicycle:0, motorcycle:1, person:1"
1231,41.033,baseline,0+1+2,ebike+driver+passenger,29.318,34.108,0,"ebike:0, driver:0, passenger:0"
1231,41.033,bifpn,0+1+2,ebike+driver+passenger,26.954,37.100,0,"ebike:0, driver:0, passenger:0"
1231,41.033,yolov8n,1+3+0,bicycle+motorcycle+person,28.525,35.057,4,"bicycle:0, motorcycle:2, person:2"
1232,41.067,baseline,0+1+2,ebike+driver+passenger,29.102,34.362,0,"ebike:0, driver:0, passenger:0"
1232,41.067,bifpn,0+1+2,ebike+driver+passenger,25.243,39.616,0,"ebike:0, driver:0, passenger:0"
1232,41.067,yolov8n,1+3+0,bicycle+motorcycle+person,30.020,33.311,3,"bicycle:0, motorcycle:2, person:1"
1233,41.100,baseline,0+1+2,ebike+driver+passenger,26.713,37.435,0,"ebike:0, driver:0, passenger:0"
1233,41.100,bifpn,0+1+2,ebike+driver+passenger,25.446,39.299,0,"ebike:0, driver:0, passenger:0"
1233,41.100,yolov8n,1+3+0,bicycle+motorcycle+person,28.373,35.245,3,"bicycle:0, motorcycle:2, person:1"
1234,41.133,baseline,0+1+2,ebike+driver+passenger,25.754,38.829,0,"ebike:0, driver:0, passenger:0"
1234,41.133,bifpn,0+1+2,ebike+driver+passenger,27.681,36.126,0,"ebike:0, driver:0, passenger:0"
1234,41.133,yolov8n,1+3+0,bicycle+motorcycle+person,29.373,34.045,2,"bicycle:0, motorcycle:1, person:1"
1235,41.167,baseline,0+1+2,ebike+driver+passenger,30.007,33.325,0,"ebike:0, driver:0, passenger:0"
1235,41.167,bifpn,0+1+2,ebike+driver+passenger,27.654,36.162,0,"ebike:0, driver:0, passenger:0"
1235,41.167,yolov8n,1+3+0,bicycle+motorcycle+person,27.175,36.799,3,"bicycle:0, motorcycle:2, person:1"
1236,41.200,baseline,0+1+2,ebike+driver+passenger,27.595,36.238,0,"ebike:0, driver:0, passenger:0"
1236,41.200,bifpn,0+1+2,ebike+driver+passenger,26.768,37.358,0,"ebike:0, driver:0, passenger:0"
1236,41.200,yolov8n,1+3+0,bicycle+motorcycle+person,27.430,36.457,2,"bicycle:0, motorcycle:1, person:1"
1237,41.233,baseline,0+1+2,ebike+driver+passenger,25.576,39.099,0,"ebike:0, driver:0, passenger:0"
1237,41.233,bifpn,0+1+2,ebike+driver+passenger,26.429,37.837,0,"ebike:0, driver:0, passenger:0"
1237,41.233,yolov8n,1+3+0,bicycle+motorcycle+person,30.167,33.149,3,"bicycle:0, motorcycle:2, person:1"
1238,41.267,baseline,0+1+2,ebike+driver+passenger,27.748,36.038,0,"ebike:0, driver:0, passenger:0"
1238,41.267,bifpn,0+1+2,ebike+driver+passenger,28.943,34.551,0,"ebike:0, driver:0, passenger:0"
1238,41.267,yolov8n,1+3+0,bicycle+motorcycle+person,29.762,33.600,4,"bicycle:0, motorcycle:2, person:2"
1239,41.300,baseline,0+1+2,ebike+driver+passenger,27.449,36.431,0,"ebike:0, driver:0, passenger:0"
1239,41.300,bifpn,0+1+2,ebike+driver+passenger,30.203,33.110,0,"ebike:0, driver:0, passenger:0"
1239,41.300,yolov8n,1+3+0,bicycle+motorcycle+person,30.193,33.121,2,"bicycle:0, motorcycle:1, person:1"
1240,41.333,baseline,0+1+2,ebike+driver+passenger,27.503,36.359,0,"ebike:0, driver:0, passenger:0"
1240,41.333,bifpn,0+1+2,ebike+driver+passenger,26.747,37.388,0,"ebike:0, driver:0, passenger:0"
1240,41.333,yolov8n,1+3+0,bicycle+motorcycle+person,29.946,33.393,2,"bicycle:0, motorcycle:1, person:1"
1241,41.367,baseline,0+1+2,ebike+driver+passenger,27.628,36.195,0,"ebike:0, driver:0, passenger:0"
1241,41.367,bifpn,0+1+2,ebike+driver+passenger,28.090,35.600,0,"ebike:0, driver:0, passenger:0"
1241,41.367,yolov8n,1+3+0,bicycle+motorcycle+person,29.528,33.866,2,"bicycle:0, motorcycle:1, person:1"
1242,41.400,baseline,0+1+2,ebike+driver+passenger,27.888,35.858,0,"ebike:0, driver:0, passenger:0"
1242,41.400,bifpn,0+1+2,ebike+driver+passenger,27.191,36.777,0,"ebike:0, driver:0, passenger:0"
1242,41.400,yolov8n,1+3+0,bicycle+motorcycle+person,28.499,35.088,2,"bicycle:0, motorcycle:1, person:1"
1243,41.433,baseline,0+1+2,ebike+driver+passenger,28.112,35.571,0,"ebike:0, driver:0, passenger:0"
1243,41.433,bifpn,0+1+2,ebike+driver+passenger,26.206,38.159,0,"ebike:0, driver:0, passenger:0"
1243,41.433,yolov8n,1+3+0,bicycle+motorcycle+person,28.389,35.225,2,"bicycle:0, motorcycle:1, person:1"
1244,41.467,baseline,0+1+2,ebike+driver+passenger,26.235,38.117,0,"ebike:0, driver:0, passenger:0"
1244,41.467,bifpn,0+1+2,ebike+driver+passenger,27.530,36.324,0,"ebike:0, driver:0, passenger:0"
1244,41.467,yolov8n,1+3+0,bicycle+motorcycle+person,27.710,36.088,2,"bicycle:0, motorcycle:1, person:1"
1245,41.500,baseline,0+1+2,ebike+driver+passenger,27.236,36.717,0,"ebike:0, driver:0, passenger:0"
1245,41.500,bifpn,0+1+2,ebike+driver+passenger,27.001,37.036,0,"ebike:0, driver:0, passenger:0"
1245,41.500,yolov8n,1+3+0,bicycle+motorcycle+person,27.572,36.269,2,"bicycle:0, motorcycle:1, person:1"
1246,41.533,baseline,0+1+2,ebike+driver+passenger,28.304,35.330,0,"ebike:0, driver:0, passenger:0"
1246,41.533,bifpn,0+1+2,ebike+driver+passenger,24.980,40.032,0,"ebike:0, driver:0, passenger:0"
1246,41.533,yolov8n,1+3+0,bicycle+motorcycle+person,27.968,35.755,2,"bicycle:0, motorcycle:1, person:1"
1247,41.567,baseline,0+1+2,ebike+driver+passenger,25.310,39.510,0,"ebike:0, driver:0, passenger:0"
1247,41.567,bifpn,0+1+2,ebike+driver+passenger,28.235,35.417,0,"ebike:0, driver:0, passenger:0"
1247,41.567,yolov8n,1+3+0,bicycle+motorcycle+person,25.888,38.627,2,"bicycle:0, motorcycle:1, person:1"
1248,41.600,baseline,0+1+2,ebike+driver+passenger,27.061,36.954,0,"ebike:0, driver:0, passenger:0"
1248,41.600,bifpn,0+1+2,ebike+driver+passenger,25.241,39.618,0,"ebike:0, driver:0, passenger:0"
1248,41.600,yolov8n,1+3+0,bicycle+motorcycle+person,28.235,35.417,2,"bicycle:0, motorcycle:1, person:1"
1249,41.633,baseline,0+1+2,ebike+driver+passenger,27.666,36.146,0,"ebike:0, driver:0, passenger:0"
1249,41.633,bifpn,0+1+2,ebike+driver+passenger,26.487,37.754,0,"ebike:0, driver:0, passenger:0"
1249,41.633,yolov8n,1+3+0,bicycle+motorcycle+person,27.125,36.867,3,"bicycle:0, motorcycle:1, person:2"
1250,41.667,baseline,0+1+2,ebike+driver+passenger,27.859,35.895,0,"ebike:0, driver:0, passenger:0"
1250,41.667,bifpn,0+1+2,ebike+driver+passenger,27.533,36.320,0,"ebike:0, driver:0, passenger:0"
1250,41.667,yolov8n,1+3+0,bicycle+motorcycle+person,29.434,33.974,2,"bicycle:0, motorcycle:1, person:1"
1251,41.700,baseline,0+1+2,ebike+driver+passenger,25.728,38.869,0,"ebike:0, driver:0, passenger:0"
1251,41.700,bifpn,0+1+2,ebike+driver+passenger,25.801,38.758,0,"ebike:0, driver:0, passenger:0"
1251,41.700,yolov8n,1+3+0,bicycle+motorcycle+person,28.205,35.454,2,"bicycle:0, motorcycle:1, person:1"
1252,41.733,baseline,0+1+2,ebike+driver+passenger,25.877,38.645,0,"ebike:0, driver:0, passenger:0"
1252,41.733,bifpn,0+1+2,ebike+driver+passenger,27.133,36.855,0,"ebike:0, driver:0, passenger:0"
1252,41.733,yolov8n,1+3+0,bicycle+motorcycle+person,26.370,37.921,2,"bicycle:0, motorcycle:1, person:1"
1253,41.767,baseline,0+1+2,ebike+driver+passenger,27.792,35.982,0,"ebike:0, driver:0, passenger:0"
1253,41.767,bifpn,0+1+2,ebike+driver+passenger,27.173,36.802,0,"ebike:0, driver:0, passenger:0"
1253,41.767,yolov8n,1+3+0,bicycle+motorcycle+person,28.901,34.601,3,"bicycle:0, motorcycle:1, person:2"
1254,41.800,baseline,0+1+2,ebike+driver+passenger,25.224,39.645,0,"ebike:0, driver:0, passenger:0"
1254,41.800,bifpn,0+1+2,ebike+driver+passenger,25.382,39.398,0,"ebike:0, driver:0, passenger:0"
1254,41.800,yolov8n,1+3+0,bicycle+motorcycle+person,29.121,34.340,2,"bicycle:0, motorcycle:1, person:1"
1255,41.833,baseline,0+1+2,ebike+driver+passenger,26.449,37.809,0,"ebike:0, driver:0, passenger:0"
1255,41.833,bifpn,0+1+2,ebike+driver+passenger,26.788,37.330,0,"ebike:0, driver:0, passenger:0"
1255,41.833,yolov8n,1+3+0,bicycle+motorcycle+person,28.524,35.058,2,"bicycle:0, motorcycle:1, person:1"
1256,41.867,baseline,0+1+2,ebike+driver+passenger,26.936,37.124,0,"ebike:0, driver:0, passenger:0"
1256,41.867,bifpn,0+1+2,ebike+driver+passenger,24.863,40.220,0,"ebike:0, driver:0, passenger:0"
1256,41.867,yolov8n,1+3+0,bicycle+motorcycle+person,27.141,36.844,1,"bicycle:0, motorcycle:0, person:1"
1257,41.900,baseline,0+1+2,ebike+driver+passenger,26.525,37.700,0,"ebike:0, driver:0, passenger:0"
1257,41.900,bifpn,0+1+2,ebike+driver+passenger,25.943,38.546,0,"ebike:0, driver:0, passenger:0"
1257,41.900,yolov8n,1+3+0,bicycle+motorcycle+person,27.477,36.394,1,"bicycle:0, motorcycle:0, person:1"
1258,41.933,baseline,0+1+2,ebike+driver+passenger,27.735,36.056,0,"ebike:0, driver:0, passenger:0"
1258,41.933,bifpn,0+1+2,ebike+driver+passenger,25.470,39.263,0,"ebike:0, driver:0, passenger:0"
1258,41.933,yolov8n,1+3+0,bicycle+motorcycle+person,29.719,33.649,1,"bicycle:0, motorcycle:0, person:1"
1259,41.967,baseline,0+1+2,ebike+driver+passenger,27.095,36.907,0,"ebike:0, driver:0, passenger:0"
1259,41.967,bifpn,0+1+2,ebike+driver+passenger,27.424,36.465,0,"ebike:0, driver:0, passenger:0"
1259,41.967,yolov8n,1+3+0,bicycle+motorcycle+person,25.066,39.894,1,"bicycle:0, motorcycle:0, person:1"
1260,42.000,baseline,0+1+2,ebike+driver+passenger,26.349,37.952,0,"ebike:0, driver:0, passenger:0"
1260,42.000,bifpn,0+1+2,ebike+driver+passenger,27.025,37.003,0,"ebike:0, driver:0, passenger:0"
1260,42.000,yolov8n,1+3+0,bicycle+motorcycle+person,26.895,37.182,0,"bicycle:0, motorcycle:0, person:0"
1261,42.033,baseline,0+1+2,ebike+driver+passenger,26.679,37.483,0,"ebike:0, driver:0, passenger:0"
1261,42.033,bifpn,0+1+2,ebike+driver+passenger,27.198,36.768,0,"ebike:0, driver:0, passenger:0"
1261,42.033,yolov8n,1+3+0,bicycle+motorcycle+person,27.824,35.940,0,"bicycle:0, motorcycle:0, person:0"
1262,42.067,baseline,0+1+2,ebike+driver+passenger,26.410,37.864,0,"ebike:0, driver:0, passenger:0"
1262,42.067,bifpn,0+1+2,ebike+driver+passenger,26.630,37.552,0,"ebike:0, driver:0, passenger:0"
1262,42.067,yolov8n,1+3+0,bicycle+motorcycle+person,30.423,32.870,0,"bicycle:0, motorcycle:0, person:0"
1263,42.100,baseline,0+1+2,ebike+driver+passenger,27.372,36.534,0,"ebike:0, driver:0, passenger:0"
1263,42.100,bifpn,0+1+2,ebike+driver+passenger,27.628,36.195,0,"ebike:0, driver:0, passenger:0"
1263,42.100,yolov8n,1+3+0,bicycle+motorcycle+person,27.141,36.845,0,"bicycle:0, motorcycle:0, person:0"
1264,42.133,baseline,0+1+2,ebike+driver+passenger,24.913,40.139,0,"ebike:0, driver:0, passenger:0"
1264,42.133,bifpn,0+1+2,ebike+driver+passenger,26.897,37.179,0,"ebike:0, driver:0, passenger:0"
1264,42.133,yolov8n,1+3+0,bicycle+motorcycle+person,27.570,36.272,0,"bicycle:0, motorcycle:0, person:0"
1265,42.167,baseline,0+1+2,ebike+driver+passenger,25.311,39.508,0,"ebike:0, driver:0, passenger:0"
1265,42.167,bifpn,0+1+2,ebike+driver+passenger,27.090,36.914,0,"ebike:0, driver:0, passenger:0"
1265,42.167,yolov8n,1+3+0,bicycle+motorcycle+person,27.276,36.662,0,"bicycle:0, motorcycle:0, person:0"
1266,42.200,baseline,0+1+2,ebike+driver+passenger,26.759,37.370,0,"ebike:0, driver:0, passenger:0"
1266,42.200,bifpn,0+1+2,ebike+driver+passenger,27.781,35.996,0,"ebike:0, driver:0, passenger:0"
1266,42.200,yolov8n,1+3+0,bicycle+motorcycle+person,27.272,36.668,0,"bicycle:0, motorcycle:0, person:0"
1267,42.233,baseline,0+1+2,ebike+driver+passenger,25.539,39.156,0,"ebike:0, driver:0, passenger:0"
1267,42.233,bifpn,0+1+2,ebike+driver+passenger,25.194,39.692,0,"ebike:0, driver:0, passenger:0"
1267,42.233,yolov8n,1+3+0,bicycle+motorcycle+person,28.578,34.992,0,"bicycle:0, motorcycle:0, person:0"
1268,42.267,baseline,0+1+2,ebike+driver+passenger,25.783,38.785,0,"ebike:0, driver:0, passenger:0"
1268,42.267,bifpn,0+1+2,ebike+driver+passenger,25.316,39.501,0,"ebike:0, driver:0, passenger:0"
1268,42.267,yolov8n,1+3+0,bicycle+motorcycle+person,25.758,38.823,0,"bicycle:0, motorcycle:0, person:0"
1269,42.300,baseline,0+1+2,ebike+driver+passenger,25.639,39.003,0,"ebike:0, driver:0, passenger:0"
1269,42.300,bifpn,0+1+2,ebike+driver+passenger,26.671,37.494,0,"ebike:0, driver:0, passenger:0"
1269,42.300,yolov8n,1+3+0,bicycle+motorcycle+person,26.183,38.193,1,"bicycle:0, motorcycle:0, person:1"
1270,42.333,baseline,0+1+2,ebike+driver+passenger,25.726,38.872,0,"ebike:0, driver:0, passenger:0"
1270,42.333,bifpn,0+1+2,ebike+driver+passenger,26.126,38.276,0,"ebike:0, driver:0, passenger:0"
1270,42.333,yolov8n,1+3+0,bicycle+motorcycle+person,27.696,36.106,0,"bicycle:0, motorcycle:0, person:0"
1271,42.367,baseline,0+1+2,ebike+driver+passenger,26.962,37.089,0,"ebike:0, driver:0, passenger:0"
1271,42.367,bifpn,0+1+2,ebike+driver+passenger,27.054,36.963,0,"ebike:0, driver:0, passenger:0"
1271,42.367,yolov8n,1+3+0,bicycle+motorcycle+person,28.035,35.670,0,"bicycle:0, motorcycle:0, person:0"
1272,42.400,baseline,0+1+2,ebike+driver+passenger,29.187,34.262,0,"ebike:0, driver:0, passenger:0"
1272,42.400,bifpn,0+1+2,ebike+driver+passenger,25.705,38.902,0,"ebike:0, driver:0, passenger:0"
1272,42.400,yolov8n,1+3+0,bicycle+motorcycle+person,26.778,37.344,0,"bicycle:0, motorcycle:0, person:0"
1273,42.433,baseline,0+1+2,ebike+driver+passenger,27.224,36.732,0,"ebike:0, driver:0, passenger:0"
1273,42.433,bifpn,0+1+2,ebike+driver+passenger,24.912,40.141,0,"ebike:0, driver:0, passenger:0"
1273,42.433,yolov8n,1+3+0,bicycle+motorcycle+person,27.434,36.451,1,"bicycle:0, motorcycle:0, person:1"
1274,42.467,baseline,0+1+2,ebike+driver+passenger,27.439,36.444,0,"ebike:0, driver:0, passenger:0"
1274,42.467,bifpn,0+1+2,ebike+driver+passenger,25.773,38.801,0,"ebike:0, driver:0, passenger:0"
1274,42.467,yolov8n,1+3+0,bicycle+motorcycle+person,26.007,38.451,2,"bicycle:0, motorcycle:1, person:1"
1275,42.500,baseline,0+1+2,ebike+driver+passenger,28.311,35.322,0,"ebike:0, driver:0, passenger:0"
1275,42.500,bifpn,0+1+2,ebike+driver+passenger,26.469,37.780,0,"ebike:0, driver:0, passenger:0"
1275,42.500,yolov8n,1+3+0,bicycle+motorcycle+person,29.943,33.396,1,"bicycle:0, motorcycle:0, person:1"
1276,42.533,baseline,0+1+2,ebike+driver+passenger,27.193,36.775,0,"ebike:0, driver:0, passenger:0"
1276,42.533,bifpn,0+1+2,ebike+driver+passenger,27.140,36.846,0,"ebike:0, driver:0, passenger:0"
1276,42.533,yolov8n,1+3+0,bicycle+motorcycle+person,29.473,33.929,1,"bicycle:0, motorcycle:0, person:1"
1277,42.567,baseline,0+1+2,ebike+driver+passenger,28.833,34.682,0,"ebike:0, driver:0, passenger:0"
1277,42.567,bifpn,0+1+2,ebike+driver+passenger,29.937,33.403,0,"ebike:0, driver:0, passenger:0"
1277,42.567,yolov8n,1+3+0,bicycle+motorcycle+person,30.119,33.201,2,"bicycle:0, motorcycle:1, person:1"
1278,42.600,baseline,0+1+2,ebike+driver+passenger,28.606,34.958,0,"ebike:0, driver:0, passenger:0"
1278,42.600,bifpn,0+1+2,ebike+driver+passenger,26.184,38.191,0,"ebike:0, driver:0, passenger:0"
1278,42.600,yolov8n,1+3+0,bicycle+motorcycle+person,30.158,33.158,0,"bicycle:0, motorcycle:0, person:0"
1279,42.633,baseline,0+1+2,ebike+driver+passenger,28.877,34.630,0,"ebike:0, driver:0, passenger:0"
1279,42.633,bifpn,0+1+2,ebike+driver+passenger,26.063,38.369,0,"ebike:0, driver:0, passenger:0"
1279,42.633,yolov8n,1+3+0,bicycle+motorcycle+person,27.105,36.894,1,"bicycle:0, motorcycle:1, person:0"
1280,42.667,baseline,0+1+2,ebike+driver+passenger,27.347,36.567,0,"ebike:0, driver:0, passenger:0"
1280,42.667,bifpn,0+1+2,ebike+driver+passenger,29.184,34.265,0,"ebike:0, driver:0, passenger:0"
1280,42.667,yolov8n,1+3+0,bicycle+motorcycle+person,28.394,35.218,1,"bicycle:0, motorcycle:1, person:0"
1281,42.700,baseline,0+1+2,ebike+driver+passenger,27.686,36.120,0,"ebike:0, driver:0, passenger:0"
1281,42.700,bifpn,0+1+2,ebike+driver+passenger,25.710,38.895,0,"ebike:0, driver:0, passenger:0"
1281,42.700,yolov8n,1+3+0,bicycle+motorcycle+person,26.984,37.059,1,"bicycle:0, motorcycle:1, person:0"
1282,42.733,baseline,0+1+2,ebike+driver+passenger,26.079,38.344,0,"ebike:0, driver:0, passenger:0"
1282,42.733,bifpn,0+1+2,ebike+driver+passenger,26.437,37.826,0,"ebike:0, driver:0, passenger:0"
1282,42.733,yolov8n,1+3+0,bicycle+motorcycle+person,28.501,35.087,1,"bicycle:0, motorcycle:1, person:0"
1283,42.767,baseline,0+1+2,ebike+driver+passenger,26.648,37.527,0,"ebike:0, driver:0, passenger:0"
1283,42.767,bifpn,0+1+2,ebike+driver+passenger,28.398,35.214,0,"ebike:0, driver:0, passenger:0"
1283,42.767,yolov8n,1+3+0,bicycle+motorcycle+person,26.942,37.116,0,"bicycle:0, motorcycle:0, person:0"
1284,42.800,baseline,0+1+2,ebike+driver+passenger,26.105,38.307,0,"ebike:0, driver:0, passenger:0"
1284,42.800,bifpn,0+1+2,ebike+driver+passenger,26.765,37.362,0,"ebike:0, driver:0, passenger:0"
1284,42.800,yolov8n,1+3+0,bicycle+motorcycle+person,27.203,36.761,1,"bicycle:0, motorcycle:1, person:0"
1285,42.833,baseline,0+1+2,ebike+driver+passenger,27.907,35.834,0,"ebike:0, driver:0, passenger:0"
1285,42.833,bifpn,0+1+2,ebike+driver+passenger,25.844,38.693,0,"ebike:0, driver:0, passenger:0"
1285,42.833,yolov8n,1+3+0,bicycle+motorcycle+person,27.310,36.617,2,"bicycle:0, motorcycle:1, person:1"
1286,42.867,baseline,0+1+2,ebike+driver+passenger,28.267,35.377,0,"ebike:0, driver:0, passenger:0"
1286,42.867,bifpn,0+1+2,ebike+driver+passenger,26.981,37.063,0,"ebike:0, driver:0, passenger:0"
1286,42.867,yolov8n,1+3+0,bicycle+motorcycle+person,28.860,34.650,2,"bicycle:0, motorcycle:0, person:2"
1287,42.900,baseline,0+1+2,ebike+driver+passenger,29.891,33.455,0,"ebike:0, driver:0, passenger:0"
1287,42.900,bifpn,0+1+2,ebike+driver+passenger,27.348,36.565,0,"ebike:0, driver:0, passenger:0"
1287,42.900,yolov8n,1+3+0,bicycle+motorcycle+person,29.606,33.777,2,"bicycle:0, motorcycle:1, person:1"
1288,42.933,baseline,0+1+2,ebike+driver+passenger,28.762,34.768,0,"ebike:0, driver:0, passenger:0"
1288,42.933,bifpn,0+1+2,ebike+driver+passenger,27.783,35.993,0,"ebike:0, driver:0, passenger:0"
1288,42.933,yolov8n,1+3+0,bicycle+motorcycle+person,28.827,34.689,0,"bicycle:0, motorcycle:0, person:0"
1289,42.967,baseline,0+1+2,ebike+driver+passenger,27.162,36.816,0,"ebike:0, driver:0, passenger:0"
1289,42.967,bifpn,0+1+2,ebike+driver+passenger,27.317,36.607,0,"ebike:0, driver:0, passenger:0"
1289,42.967,yolov8n,1+3+0,bicycle+motorcycle+person,29.370,34.049,0,"bicycle:0, motorcycle:0, person:0"
1290,43.000,baseline,0+1+2,ebike+driver+passenger,28.169,35.500,0,"ebike:0, driver:0, passenger:0"
1290,43.000,bifpn,0+1+2,ebike+driver+passenger,27.030,36.996,0,"ebike:0, driver:0, passenger:0"
1290,43.000,yolov8n,1+3+0,bicycle+motorcycle+person,29.588,33.797,3,"bicycle:0, motorcycle:1, person:2"
1291,43.033,baseline,0+1+2,ebike+driver+passenger,29.744,33.621,0,"ebike:0, driver:0, passenger:0"
1291,43.033,bifpn,0+1+2,ebike+driver+passenger,29.277,34.157,0,"ebike:0, driver:0, passenger:0"
1291,43.033,yolov8n,1+3+0,bicycle+motorcycle+person,30.875,32.388,1,"bicycle:0, motorcycle:0, person:1"
1292,43.067,baseline,0+1+2,ebike+driver+passenger,26.494,37.744,0,"ebike:0, driver:0, passenger:0"
1292,43.067,bifpn,0+1+2,ebike+driver+passenger,26.511,37.720,0,"ebike:0, driver:0, passenger:0"
1292,43.067,yolov8n,1+3+0,bicycle+motorcycle+person,27.013,37.019,1,"bicycle:0, motorcycle:0, person:1"
1293,43.100,baseline,0+1+2,ebike+driver+passenger,28.719,34.821,0,"ebike:0, driver:0, passenger:0"
1293,43.100,bifpn,0+1+2,ebike+driver+passenger,28.443,35.158,0,"ebike:0, driver:0, passenger:0"
1293,43.100,yolov8n,1+3+0,bicycle+motorcycle+person,28.162,35.509,1,"bicycle:0, motorcycle:0, person:1"
1294,43.133,baseline,0+1+2,ebike+driver+passenger,28.691,34.855,0,"ebike:0, driver:0, passenger:0"
1294,43.133,bifpn,0+1+2,ebike+driver+passenger,29.562,33.827,0,"ebike:0, driver:0, passenger:0"
1294,43.133,yolov8n,1+3+0,bicycle+motorcycle+person,27.359,36.550,1,"bicycle:0, motorcycle:0, person:1"
1295,43.167,baseline,0+1+2,ebike+driver+passenger,27.676,36.132,0,"ebike:0, driver:0, passenger:0"
1295,43.167,bifpn,0+1+2,ebike+driver+passenger,27.926,35.809,0,"ebike:0, driver:0, passenger:0"
1295,43.167,yolov8n,1+3+0,bicycle+motorcycle+person,29.438,33.970,1,"bicycle:0, motorcycle:0, person:1"
1296,43.200,baseline,0+1+2,ebike+driver+passenger,27.142,36.844,0,"ebike:0, driver:0, passenger:0"
1296,43.200,bifpn,0+1+2,ebike+driver+passenger,25.532,39.166,0,"ebike:0, driver:0, passenger:0"
1296,43.200,yolov8n,1+3+0,bicycle+motorcycle+person,26.763,37.365,1,"bicycle:0, motorcycle:0, person:1"
1297,43.233,baseline,0+1+2,ebike+driver+passenger,27.097,36.904,0,"ebike:0, driver:0, passenger:0"
1297,43.233,bifpn,0+1+2,ebike+driver+passenger,24.839,40.259,0,"ebike:0, driver:0, passenger:0"
1297,43.233,yolov8n,1+3+0,bicycle+motorcycle+person,29.945,33.395,1,"bicycle:0, motorcycle:0, person:1"
1298,43.267,baseline,0+1+2,ebike+driver+passenger,26.783,37.337,0,"ebike:0, driver:0, passenger:0"
1298,43.267,bifpn,0+1+2,ebike+driver+passenger,26.975,37.071,0,"ebike:0, driver:0, passenger:0"
1298,43.267,yolov8n,1+3+0,bicycle+motorcycle+person,27.799,35.973,1,"bicycle:0, motorcycle:0, person:1"
1299,43.300,baseline,0+1+2,ebike+driver+passenger,26.232,38.121,0,"ebike:0, driver:0, passenger:0"
1299,43.300,bifpn,0+1+2,ebike+driver+passenger,27.275,36.664,0,"ebike:0, driver:0, passenger:0"
1299,43.300,yolov8n,1+3+0,bicycle+motorcycle+person,28.993,34.491,1,"bicycle:0, motorcycle:0, person:1"
1300,43.333,baseline,0+1+2,ebike+driver+passenger,28.728,34.809,0,"ebike:0, driver:0, passenger:0"
1300,43.333,bifpn,0+1+2,ebike+driver+passenger,24.344,41.078,0,"ebike:0, driver:0, passenger:0"
1300,43.333,yolov8n,1+3+0,bicycle+motorcycle+person,27.610,36.219,1,"bicycle:0, motorcycle:0, person:1"
1301,43.367,baseline,0+1+2,ebike+driver+passenger,25.801,38.759,0,"ebike:0, driver:0, passenger:0"
1301,43.367,bifpn,0+1+2,ebike+driver+passenger,25.525,39.177,0,"ebike:0, driver:0, passenger:0"
1301,43.367,yolov8n,1+3+0,bicycle+motorcycle+person,26.662,37.507,1,"bicycle:0, motorcycle:0, person:1"
1302,43.400,baseline,0+1+2,ebike+driver+passenger,25.392,39.382,0,"ebike:0, driver:0, passenger:0"
1302,43.400,bifpn,0+1+2,ebike+driver+passenger,23.496,42.560,0,"ebike:0, driver:0, passenger:0"
1302,43.400,yolov8n,1+3+0,bicycle+motorcycle+person,27.526,36.329,1,"bicycle:0, motorcycle:0, person:1"
1303,43.433,baseline,0+1+2,ebike+driver+passenger,25.746,38.841,0,"ebike:0, driver:0, passenger:0"
1303,43.433,bifpn,0+1+2,ebike+driver+passenger,26.323,37.990,0,"ebike:0, driver:0, passenger:0"
1303,43.433,yolov8n,1+3+0,bicycle+motorcycle+person,30.334,32.966,1,"bicycle:0, motorcycle:0, person:1"
1304,43.467,baseline,0+1+2,ebike+driver+passenger,27.590,36.245,0,"ebike:0, driver:0, passenger:0"
1304,43.467,bifpn,0+1+2,ebike+driver+passenger,27.376,36.528,0,"ebike:0, driver:0, passenger:0"
1304,43.467,yolov8n,1+3+0,bicycle+motorcycle+person,26.332,37.977,1,"bicycle:0, motorcycle:0, person:1"
1305,43.500,baseline,0+1+2,ebike+driver+passenger,25.478,39.249,0,"ebike:0, driver:0, passenger:0"
1305,43.500,bifpn,0+1+2,ebike+driver+passenger,26.398,37.882,0,"ebike:0, driver:0, passenger:0"
1305,43.500,yolov8n,1+3+0,bicycle+motorcycle+person,27.179,36.793,1,"bicycle:0, motorcycle:0, person:1"
1306,43.533,baseline,0+1+2,ebike+driver+passenger,26.033,38.413,0,"ebike:0, driver:0, passenger:0"
1306,43.533,bifpn,0+1+2,ebike+driver+passenger,25.069,39.890,0,"ebike:0, driver:0, passenger:0"
1306,43.533,yolov8n,1+3+0,bicycle+motorcycle+person,23.657,42.270,1,"bicycle:0, motorcycle:0, person:1"
1307,43.567,baseline,0+1+2,ebike+driver+passenger,25.683,38.937,0,"ebike:0, driver:0, passenger:0"
1307,43.567,bifpn,0+1+2,ebike+driver+passenger,25.140,39.777,0,"ebike:0, driver:0, passenger:0"
1307,43.567,yolov8n,1+3+0,bicycle+motorcycle+person,26.936,37.125,1,"bicycle:0, motorcycle:0, person:1"
1308,43.600,baseline,0+1+2,ebike+driver+passenger,26.020,38.433,0,"ebike:0, driver:0, passenger:0"
1308,43.600,bifpn,0+1+2,ebike+driver+passenger,25.695,38.918,0,"ebike:0, driver:0, passenger:0"
1308,43.600,yolov8n,1+3+0,bicycle+motorcycle+person,25.926,38.571,1,"bicycle:0, motorcycle:0, person:1"
1309,43.633,baseline,0+1+2,ebike+driver+passenger,25.014,39.977,0,"ebike:0, driver:0, passenger:0"
1309,43.633,bifpn,0+1+2,ebike+driver+passenger,26.081,38.342,0,"ebike:0, driver:0, passenger:0"
1309,43.633,yolov8n,1+3+0,bicycle+motorcycle+person,27.704,36.096,2,"bicycle:0, motorcycle:0, person:2"
1310,43.667,baseline,0+1+2,ebike+driver+passenger,27.666,36.145,0,"ebike:0, driver:0, passenger:0"
1310,43.667,bifpn,0+1+2,ebike+driver+passenger,26.660,37.509,0,"ebike:0, driver:0, passenger:0"
1310,43.667,yolov8n,1+3+0,bicycle+motorcycle+person,27.410,36.483,2,"bicycle:0, motorcycle:0, person:2"
1311,43.700,baseline,0+1+2,ebike+driver+passenger,26.365,37.929,0,"ebike:0, driver:0, passenger:0"
1311,43.700,bifpn,0+1+2,ebike+driver+passenger,25.436,39.314,0,"ebike:0, driver:0, passenger:0"
1311,43.700,yolov8n,1+3+0,bicycle+motorcycle+person,24.845,40.250,1,"bicycle:0, motorcycle:0, person:1"
1312,43.733,baseline,0+1+2,ebike+driver+passenger,28.075,35.619,0,"ebike:0, driver:0, passenger:0"
1312,43.733,bifpn,0+1+2,ebike+driver+passenger,26.139,38.258,0,"ebike:0, driver:0, passenger:0"
1312,43.733,yolov8n,1+3+0,bicycle+motorcycle+person,29.667,33.708,1,"bicycle:0, motorcycle:0, person:1"
1313,43.767,baseline,0+1+2,ebike+driver+passenger,28.512,35.073,0,"ebike:0, driver:0, passenger:0"
1313,43.767,bifpn,0+1+2,ebike+driver+passenger,26.410,37.864,0,"ebike:0, driver:0, passenger:0"
1313,43.767,yolov8n,1+3+0,bicycle+motorcycle+person,27.629,36.194,1,"bicycle:0, motorcycle:0, person:1"
1314,43.800,baseline,0+1+2,ebike+driver+passenger,27.160,36.819,0,"ebike:0, driver:0, passenger:0"
1314,43.800,bifpn,0+1+2,ebike+driver+passenger,28.350,35.274,0,"ebike:0, driver:0, passenger:0"
1314,43.800,yolov8n,1+3+0,bicycle+motorcycle+person,26.981,37.063,1,"bicycle:0, motorcycle:0, person:1"
1315,43.833,baseline,0+1+2,ebike+driver+passenger,26.741,37.396,0,"ebike:0, driver:0, passenger:0"
1315,43.833,bifpn,0+1+2,ebike+driver+passenger,28.837,34.677,0,"ebike:0, driver:0, passenger:0"
1315,43.833,yolov8n,1+3+0,bicycle+motorcycle+person,26.423,37.846,1,"bicycle:0, motorcycle:0, person:1"
1316,43.867,baseline,0+1+2,ebike+driver+passenger,25.532,39.167,0,"ebike:0, driver:0, passenger:0"
1316,43.867,bifpn,0+1+2,ebike+driver+passenger,25.522,39.182,0,"ebike:0, driver:0, passenger:0"
1316,43.867,yolov8n,1+3+0,bicycle+motorcycle+person,29.561,33.828,1,"bicycle:0, motorcycle:0, person:1"
1317,43.900,baseline,0+1+2,ebike+driver+passenger,25.730,38.865,0,"ebike:0, driver:0, passenger:0"
1317,43.900,bifpn,0+1+2,ebike+driver+passenger,25.460,39.278,0,"ebike:0, driver:0, passenger:0"
1317,43.900,yolov8n,1+3+0,bicycle+motorcycle+person,26.380,37.907,2,"bicycle:0, motorcycle:0, person:2"
1318,43.933,baseline,0+1+2,ebike+driver+passenger,26.324,37.988,0,"ebike:0, driver:0, passenger:0"
1318,43.933,bifpn,0+1+2,ebike+driver+passenger,27.923,35.813,0,"ebike:0, driver:0, passenger:0"
1318,43.933,yolov8n,1+3+0,bicycle+motorcycle+person,27.215,36.745,2,"bicycle:0, motorcycle:0, person:2"
1319,43.967,baseline,0+1+2,ebike+driver+passenger,27.922,35.814,0,"ebike:0, driver:0, passenger:0"
1319,43.967,bifpn,0+1+2,ebike+driver+passenger,25.106,39.831,0,"ebike:0, driver:0, passenger:0"
1319,43.967,yolov8n,1+3+0,bicycle+motorcycle+person,28.913,34.586,2,"bicycle:0, motorcycle:0, person:2"
1320,44.000,baseline,0+1+2,ebike+driver+passenger,27.047,36.973,0,"ebike:0, driver:0, passenger:0"
1320,44.000,bifpn,0+1+2,ebike+driver+passenger,27.724,36.070,0,"ebike:0, driver:0, passenger:0"
1320,44.000,yolov8n,1+3+0,bicycle+motorcycle+person,27.572,36.269,2,"bicycle:0, motorcycle:0, person:2"
1321,44.033,baseline,0+1+2,ebike+driver+passenger,27.196,36.771,0,"ebike:0, driver:0, passenger:0"
1321,44.033,bifpn,0+1+2,ebike+driver+passenger,25.049,39.922,0,"ebike:0, driver:0, passenger:0"
1321,44.033,yolov8n,1+3+0,bicycle+motorcycle+person,28.926,34.571,2,"bicycle:0, motorcycle:0, person:2"
1322,44.067,baseline,0+1+2,ebike+driver+passenger,28.403,35.207,0,"ebike:0, driver:0, passenger:0"
1322,44.067,bifpn,0+1+2,ebike+driver+passenger,26.422,37.847,0,"ebike:0, driver:0, passenger:0"
1322,44.067,yolov8n,1+3+0,bicycle+motorcycle+person,27.970,35.753,1,"bicycle:0, motorcycle:0, person:1"
1323,44.100,baseline,0+1+2,ebike+driver+passenger,26.572,37.634,0,"ebike:0, driver:0, passenger:0"
1323,44.100,bifpn,0+1+2,ebike+driver+passenger,27.340,36.577,0,"ebike:0, driver:0, passenger:0"
1323,44.100,yolov8n,1+3+0,bicycle+motorcycle+person,30.144,33.175,1,"bicycle:0, motorcycle:0, person:1"
1324,44.133,baseline,0+1+2,ebike+driver+passenger,27.235,36.717,0,"ebike:0, driver:0, passenger:0"
1324,44.133,bifpn,0+1+2,ebike+driver+passenger,28.790,34.734,0,"ebike:0, driver:0, passenger:0"
1324,44.133,yolov8n,1+3+0,bicycle+motorcycle+person,30.683,32.591,1,"bicycle:0, motorcycle:0, person:1"
1325,44.167,baseline,0+1+2,ebike+driver+passenger,25.806,38.751,0,"ebike:0, driver:0, passenger:0"
1325,44.167,bifpn,0+1+2,ebike+driver+passenger,27.267,36.675,0,"ebike:0, driver:0, passenger:0"
1325,44.167,yolov8n,1+3+0,bicycle+motorcycle+person,27.950,35.778,1,"bicycle:0, motorcycle:0, person:1"
1326,44.200,baseline,0+1+2,ebike+driver+passenger,27.040,36.983,0,"ebike:0, driver:0, passenger:0"
1326,44.200,bifpn,0+1+2,ebike+driver+passenger,25.785,38.783,0,"ebike:0, driver:0, passenger:0"
1326,44.200,yolov8n,1+3+0,bicycle+motorcycle+person,27.363,36.546,1,"bicycle:0, motorcycle:0, person:1"
1327,44.233,baseline,0+1+2,ebike+driver+passenger,27.395,36.503,0,"ebike:0, driver:0, passenger:0"
1327,44.233,bifpn,0+1+2,ebike+driver+passenger,26.786,37.333,0,"ebike:0, driver:0, passenger:0"
1327,44.233,yolov8n,1+3+0,bicycle+motorcycle+person,29.295,34.136,1,"bicycle:0, motorcycle:0, person:1"
1328,44.267,baseline,0+1+2,ebike+driver+passenger,26.417,37.854,0,"ebike:0, driver:0, passenger:0"
1328,44.267,bifpn,0+1+2,ebike+driver+passenger,28.042,35.661,0,"ebike:0, driver:0, passenger:0"
1328,44.267,yolov8n,1+3+0,bicycle+motorcycle+person,28.927,34.570,1,"bicycle:0, motorcycle:0, person:1"
1329,44.300,baseline,0+1+2,ebike+driver+passenger,28.201,35.459,0,"ebike:0, driver:0, passenger:0"
1329,44.300,bifpn,0+1+2,ebike+driver+passenger,28.221,35.434,0,"ebike:0, driver:0, passenger:0"
1329,44.300,yolov8n,1+3+0,bicycle+motorcycle+person,27.825,35.939,1,"bicycle:0, motorcycle:0, person:1"
1330,44.333,baseline,0+1+2,ebike+driver+passenger,27.181,36.790,0,"ebike:0, driver:0, passenger:0"
1330,44.333,bifpn,0+1+2,ebike+driver+passenger,23.694,42.204,0,"ebike:0, driver:0, passenger:0"
1330,44.333,yolov8n,1+3+0,bicycle+motorcycle+person,27.815,35.952,1,"bicycle:0, motorcycle:0, person:1"
1331,44.367,baseline,0+1+2,ebike+driver+passenger,29.574,33.813,0,"ebike:0, driver:0, passenger:0"
1331,44.367,bifpn,0+1+2,ebike+driver+passenger,27.345,36.570,0,"ebike:0, driver:0, passenger:0"
1331,44.367,yolov8n,1+3+0,bicycle+motorcycle+person,28.264,35.380,2,"bicycle:0, motorcycle:0, person:2"
1332,44.400,baseline,0+1+2,ebike+driver+passenger,26.804,37.308,0,"ebike:0, driver:0, passenger:0"
1332,44.400,bifpn,0+1+2,ebike+driver+passenger,26.323,37.990,0,"ebike:0, driver:0, passenger:0"
1332,44.400,yolov8n,1+3+0,bicycle+motorcycle+person,27.053,36.964,2,"bicycle:0, motorcycle:0, person:2"
1333,44.433,baseline,0+1+2,ebike+driver+passenger,28.835,34.680,0,"ebike:0, driver:0, passenger:0"
1333,44.433,bifpn,0+1+2,ebike+driver+passenger,26.888,37.192,0,"ebike:0, driver:0, passenger:0"
1333,44.433,yolov8n,1+3+0,bicycle+motorcycle+person,29.030,34.448,2,"bicycle:0, motorcycle:0, person:2"
1334,44.467,baseline,0+1+2,ebike+driver+passenger,29.446,33.960,0,"ebike:0, driver:0, passenger:0"
1334,44.467,bifpn,0+1+2,ebike+driver+passenger,28.491,35.099,0,"ebike:0, driver:0, passenger:0"
1334,44.467,yolov8n,1+3+0,bicycle+motorcycle+person,28.554,35.021,2,"bicycle:0, motorcycle:0, person:2"
1335,44.500,baseline,0+1+2,ebike+driver+passenger,30.556,32.727,0,"ebike:0, driver:0, passenger:0"
1335,44.500,bifpn,0+1+2,ebike+driver+passenger,27.595,36.239,0,"ebike:0, driver:0, passenger:0"
1335,44.500,yolov8n,1+3+0,bicycle+motorcycle+person,30.198,33.115,2,"bicycle:0, motorcycle:0, person:2"
1336,44.533,baseline,0+1+2,ebike+driver+passenger,26.783,37.337,0,"ebike:0, driver:0, passenger:0"
1336,44.533,bifpn,0+1+2,ebike+driver+passenger,27.367,36.540,0,"ebike:0, driver:0, passenger:0"
1336,44.533,yolov8n,1+3+0,bicycle+motorcycle+person,27.213,36.747,2,"bicycle:0, motorcycle:0, person:2"
1337,44.567,baseline,0+1+2,ebike+driver+passenger,27.154,36.826,0,"ebike:0, driver:0, passenger:0"
1337,44.567,bifpn,0+1+2,ebike+driver+passenger,25.084,39.867,0,"ebike:0, driver:0, passenger:0"
1337,44.567,yolov8n,1+3+0,bicycle+motorcycle+person,27.022,37.008,2,"bicycle:0, motorcycle:0, person:2"
1338,44.600,baseline,0+1+2,ebike+driver+passenger,25.791,38.773,0,"ebike:0, driver:0, passenger:0"
1338,44.600,bifpn,0+1+2,ebike+driver+passenger,27.252,36.694,0,"ebike:0, driver:0, passenger:0"
1338,44.600,yolov8n,1+3+0,bicycle+motorcycle+person,29.670,33.705,3,"bicycle:0, motorcycle:1, person:2"
1339,44.633,baseline,0+1+2,ebike+driver+passenger,27.024,37.004,0,"ebike:0, driver:0, passenger:0"
1339,44.633,bifpn,0+1+2,ebike+driver+passenger,25.799,38.761,0,"ebike:0, driver:0, passenger:0"
1339,44.633,yolov8n,1+3+0,bicycle+motorcycle+person,28.390,35.224,2,"bicycle:0, motorcycle:0, person:2"
1340,44.667,baseline,0+1+2,ebike+driver+passenger,27.009,37.025,0,"ebike:0, driver:0, passenger:0"
1340,44.667,bifpn,0+1+2,ebike+driver+passenger,25.830,38.715,0,"ebike:0, driver:0, passenger:0"
1340,44.667,yolov8n,1+3+0,bicycle+motorcycle+person,28.540,35.039,2,"bicycle:0, motorcycle:0, person:2"
1341,44.700,baseline,0+1+2,ebike+driver+passenger,28.772,34.756,0,"ebike:0, driver:0, passenger:0"
1341,44.700,bifpn,0+1+2,ebike+driver+passenger,26.714,37.434,0,"ebike:0, driver:0, passenger:0"
1341,44.700,yolov8n,1+3+0,bicycle+motorcycle+person,28.250,35.398,2,"bicycle:0, motorcycle:0, person:2"
1342,44.733,baseline,0+1+2,ebike+driver+passenger,25.532,39.166,0,"ebike:0, driver:0, passenger:0"
1342,44.733,bifpn,0+1+2,ebike+driver+passenger,25.408,39.357,0,"ebike:0, driver:0, passenger:0"
1342,44.733,yolov8n,1+3+0,bicycle+motorcycle+person,27.989,35.729,3,"bicycle:0, motorcycle:1, person:2"
1343,44.767,baseline,0+1+2,ebike+driver+passenger,27.356,36.555,0,"ebike:0, driver:0, passenger:0"
1343,44.767,bifpn,0+1+2,ebike+driver+passenger,28.992,34.492,0,"ebike:0, driver:0, passenger:0"
1343,44.767,yolov8n,1+3+0,bicycle+motorcycle+person,27.539,36.312,2,"bicycle:0, motorcycle:0, person:2"
1344,44.800,baseline,0+1+2,ebike+driver+passenger,26.991,37.049,0,"ebike:0, driver:0, passenger:0"
1344,44.800,bifpn,0+1+2,ebike+driver+passenger,25.494,39.225,0,"ebike:0, driver:0, passenger:0"
1344,44.800,yolov8n,1+3+0,bicycle+motorcycle+person,27.599,36.233,3,"bicycle:0, motorcycle:1, person:2"
1345,44.833,baseline,0+1+2,ebike+driver+passenger,25.914,38.590,0,"ebike:0, driver:0, passenger:0"
1345,44.833,bifpn,0+1+2,ebike+driver+passenger,25.619,39.034,0,"ebike:0, driver:0, passenger:0"
1345,44.833,yolov8n,1+3+0,bicycle+motorcycle+person,26.786,37.333,1,"bicycle:0, motorcycle:0, person:1"
1346,44.867,baseline,0+1+2,ebike+driver+passenger,26.698,37.456,0,"ebike:0, driver:0, passenger:0"
1346,44.867,bifpn,0+1+2,ebike+driver+passenger,23.295,42.928,0,"ebike:0, driver:0, passenger:0"
1346,44.867,yolov8n,1+3+0,bicycle+motorcycle+person,27.023,37.006,2,"bicycle:0, motorcycle:0, person:2"
1347,44.900,baseline,0+1+2,ebike+driver+passenger,28.994,34.489,0,"ebike:0, driver:0, passenger:0"
1347,44.900,bifpn,0+1+2,ebike+driver+passenger,28.673,34.877,0,"ebike:0, driver:0, passenger:0"
1347,44.900,yolov8n,1+3+0,bicycle+motorcycle+person,30.293,33.011,2,"bicycle:0, motorcycle:0, person:2"
1348,44.933,baseline,0+1+2,ebike+driver+passenger,26.612,37.577,0,"ebike:0, driver:0, passenger:0"
1348,44.933,bifpn,0+1+2,ebike+driver+passenger,27.008,37.026,0,"ebike:0, driver:0, passenger:0"
1348,44.933,yolov8n,1+3+0,bicycle+motorcycle+person,30.242,33.067,2,"bicycle:0, motorcycle:0, person:2"
1349,44.967,baseline,0+1+2,ebike+driver+passenger,28.345,35.279,0,"ebike:0, driver:0, passenger:0"
1349,44.967,bifpn,0+1+2,ebike+driver+passenger,28.034,35.670,0,"ebike:0, driver:0, passenger:0"
1349,44.967,yolov8n,1+3+0,bicycle+motorcycle+person,30.294,33.010,2,"bicycle:0, motorcycle:0, person:2"
1350,45.000,baseline,0+1+2,ebike+driver+passenger,25.141,39.776,0,"ebike:0, driver:0, passenger:0"
1350,45.000,bifpn,0+1+2,ebike+driver+passenger,25.030,39.952,0,"ebike:0, driver:0, passenger:0"
1350,45.000,yolov8n,1+3+0,bicycle+motorcycle+person,27.207,36.755,1,"bicycle:0, motorcycle:0, person:1"
1351,45.033,baseline,0+1+2,ebike+driver+passenger,26.859,37.231,0,"ebike:0, driver:0, passenger:0"
1351,45.033,bifpn,0+1+2,ebike+driver+passenger,27.271,36.669,0,"ebike:0, driver:0, passenger:0"
1351,45.033,yolov8n,1+3+0,bicycle+motorcycle+person,27.674,36.135,2,"bicycle:0, motorcycle:0, person:2"
1352,45.067,baseline,0+1+2,ebike+driver+passenger,28.347,35.277,0,"ebike:0, driver:0, passenger:0"
1352,45.067,bifpn,0+1+2,ebike+driver+passenger,30.522,32.763,0,"ebike:0, driver:0, passenger:0"
1352,45.067,yolov8n,1+3+0,bicycle+motorcycle+person,28.066,35.630,1,"bicycle:0, motorcycle:0, person:1"
1353,45.100,baseline,0+1+2,ebike+driver+passenger,24.520,40.783,0,"ebike:0, driver:0, passenger:0"
1353,45.100,bifpn,0+1+2,ebike+driver+passenger,25.444,39.303,0,"ebike:0, driver:0, passenger:0"
1353,45.100,yolov8n,1+3+0,bicycle+motorcycle+person,35.778,27.950,1,"bicycle:0, motorcycle:0, person:1"
1354,45.133,baseline,0+1+2,ebike+driver+passenger,26.827,37.276,0,"ebike:0, driver:0, passenger:0"
1354,45.133,bifpn,0+1+2,ebike+driver+passenger,27.918,35.820,0,"ebike:0, driver:0, passenger:0"
1354,45.133,yolov8n,1+3+0,bicycle+motorcycle+person,26.091,38.327,1,"bicycle:0, motorcycle:0, person:1"
1355,45.167,baseline,0+1+2,ebike+driver+passenger,27.660,36.154,0,"ebike:0, driver:0, passenger:0"
1355,45.167,bifpn,0+1+2,ebike+driver+passenger,24.342,41.081,0,"ebike:0, driver:0, passenger:0"
1355,45.167,yolov8n,1+3+0,bicycle+motorcycle+person,27.249,36.698,1,"bicycle:0, motorcycle:0, person:1"
1356,45.200,baseline,0+1+2,ebike+driver+passenger,27.050,36.968,0,"ebike:0, driver:0, passenger:0"
1356,45.200,bifpn,0+1+2,ebike+driver+passenger,25.719,38.882,0,"ebike:0, driver:0, passenger:0"
1356,45.200,yolov8n,1+3+0,bicycle+motorcycle+person,27.468,36.406,0,"bicycle:0, motorcycle:0, person:0"
1357,45.233,baseline,0+1+2,ebike+driver+passenger,28.542,35.036,0,"ebike:0, driver:0, passenger:0"
1357,45.233,bifpn,0+1+2,ebike+driver+passenger,26.831,37.270,0,"ebike:0, driver:0, passenger:0"
1357,45.233,yolov8n,1+3+0,bicycle+motorcycle+person,28.717,34.823,0,"bicycle:0, motorcycle:0, person:0"
1358,45.267,baseline,0+1+2,ebike+driver+passenger,25.149,39.763,0,"ebike:0, driver:0, passenger:0"
1358,45.267,bifpn,0+1+2,ebike+driver+passenger,28.327,35.302,0,"ebike:0, driver:0, passenger:0"
1358,45.267,yolov8n,1+3+0,bicycle+motorcycle+person,27.203,36.760,0,"bicycle:0, motorcycle:0, person:0"
1359,45.300,baseline,0+1+2,ebike+driver+passenger,29.560,33.829,0,"ebike:0, driver:0, passenger:0"
1359,45.300,bifpn,0+1+2,ebike+driver+passenger,27.655,36.160,0,"ebike:0, driver:0, passenger:0"
1359,45.300,yolov8n,1+3+0,bicycle+motorcycle+person,26.533,37.689,0,"bicycle:0, motorcycle:0, person:0"
1360,45.333,baseline,0+1+2,ebike+driver+passenger,27.883,35.864,0,"ebike:0, driver:0, passenger:0"
1360,45.333,bifpn,0+1+2,ebike+driver+passenger,27.198,36.767,0,"ebike:0, driver:0, passenger:0"
1360,45.333,yolov8n,1+3+0,bicycle+motorcycle+person,26.776,37.348,0,"bicycle:0, motorcycle:0, person:0"
1361,45.367,baseline,0+1+2,ebike+driver+passenger,27.411,36.481,0,"ebike:0, driver:0, passenger:0"
1361,45.367,bifpn,0+1+2,ebike+driver+passenger,26.806,37.305,0,"ebike:0, driver:0, passenger:0"
1361,45.367,yolov8n,1+3+0,bicycle+motorcycle+person,29.137,34.321,0,"bicycle:0, motorcycle:0, person:0"
1362,45.400,baseline,0+1+2,ebike+driver+passenger,26.826,37.278,0,"ebike:0, driver:0, passenger:0"
1362,45.400,bifpn,0+1+2,ebike+driver+passenger,24.957,40.069,0,"ebike:0, driver:0, passenger:0"
1362,45.400,yolov8n,1+3+0,bicycle+motorcycle+person,27.465,36.410,0,"bicycle:0, motorcycle:0, person:0"
1363,45.433,baseline,0+1+2,ebike+driver+passenger,25.581,39.091,0,"ebike:0, driver:0, passenger:0"
1363,45.433,bifpn,0+1+2,ebike+driver+passenger,27.351,36.562,0,"ebike:0, driver:0, passenger:0"
1363,45.433,yolov8n,1+3+0,bicycle+motorcycle+person,27.119,36.875,0,"bicycle:0, motorcycle:0, person:0"
1364,45.467,baseline,0+1+2,ebike+driver+passenger,26.305,38.016,0,"ebike:0, driver:0, passenger:0"
1364,45.467,bifpn,0+1+2,ebike+driver+passenger,25.021,39.967,0,"ebike:0, driver:0, passenger:0"
1364,45.467,yolov8n,1+3+0,bicycle+motorcycle+person,27.906,35.835,0,"bicycle:0, motorcycle:0, person:0"
1365,45.500,baseline,0+1+2,ebike+driver+passenger,26.959,37.093,0,"ebike:0, driver:0, passenger:0"
1365,45.500,bifpn,0+1+2,ebike+driver+passenger,25.609,39.049,0,"ebike:0, driver:0, passenger:0"
1365,45.500,yolov8n,1+3+0,bicycle+motorcycle+person,28.051,35.649,1,"bicycle:0, motorcycle:0, person:1"
1366,45.533,baseline,0+1+2,ebike+driver+passenger,27.360,36.549,0,"ebike:0, driver:0, passenger:0"
1366,45.533,bifpn,0+1+2,ebike+driver+passenger,28.404,35.207,0,"ebike:0, driver:0, passenger:0"
1366,45.533,yolov8n,1+3+0,bicycle+motorcycle+person,29.067,34.403,1,"bicycle:0, motorcycle:1, person:0"
1367,45.567,baseline,0+1+2,ebike+driver+passenger,25.453,39.287,0,"ebike:0, driver:0, passenger:0"
1367,45.567,bifpn,0+1+2,ebike+driver+passenger,25.300,39.526,0,"ebike:0, driver:0, passenger:0"
1367,45.567,yolov8n,1+3+0,bicycle+motorcycle+person,28.787,34.738,1,"bicycle:0, motorcycle:1, person:0"
1368,45.600,baseline,0+1+2,ebike+driver+passenger,28.626,34.933,0,"ebike:0, driver:0, passenger:0"
1368,45.600,bifpn,0+1+2,ebike+driver+passenger,26.017,38.436,0,"ebike:0, driver:0, passenger:0"
1368,45.600,yolov8n,1+3+0,bicycle+motorcycle+person,27.415,36.476,0,"bicycle:0, motorcycle:0, person:0"
1369,45.633,baseline,0+1+2,ebike+driver+passenger,26.651,37.523,0,"ebike:0, driver:0, passenger:0"
1369,45.633,bifpn,0+1+2,ebike+driver+passenger,24.824,40.284,0,"ebike:0, driver:0, passenger:0"
1369,45.633,yolov8n,1+3+0,bicycle+motorcycle+person,27.788,35.986,0,"bicycle:0, motorcycle:0, person:0"
1370,45.667,baseline,0+1+2,ebike+driver+passenger,24.248,41.240,0,"ebike:0, driver:0, passenger:0"
1370,45.667,bifpn,0+1+2,ebike+driver+passenger,25.758,38.822,0,"ebike:0, driver:0, passenger:0"
1370,45.667,yolov8n,1+3+0,bicycle+motorcycle+person,27.253,36.693,1,"bicycle:0, motorcycle:0, person:1"
1371,45.700,baseline,0+1+2,ebike+driver+passenger,27.401,36.495,0,"ebike:0, driver:0, passenger:0"
1371,45.700,bifpn,0+1+2,ebike+driver+passenger,27.334,36.584,0,"ebike:0, driver:0, passenger:0"
1371,45.700,yolov8n,1+3+0,bicycle+motorcycle+person,26.732,37.408,2,"bicycle:0, motorcycle:1, person:1"
1372,45.733,baseline,0+1+2,ebike+driver+passenger,26.997,37.041,0,"ebike:0, driver:0, passenger:0"
1372,45.733,bifpn,0+1+2,ebike+driver+passenger,26.772,37.352,0,"ebike:0, driver:0, passenger:0"
1372,45.733,yolov8n,1+3+0,bicycle+motorcycle+person,27.739,36.050,2,"bicycle:0, motorcycle:1, person:1"
1373,45.767,baseline,0+1+2,ebike+driver+passenger,25.703,38.905,0,"ebike:0, driver:0, passenger:0"
1373,45.767,bifpn,0+1+2,ebike+driver+passenger,26.060,38.373,0,"ebike:0, driver:0, passenger:0"
1373,45.767,yolov8n,1+3+0,bicycle+motorcycle+person,27.168,36.808,0,"bicycle:0, motorcycle:0, person:0"
1374,45.800,baseline,0+1+2,ebike+driver+passenger,28.347,35.277,0,"ebike:0, driver:0, passenger:0"
1374,45.800,bifpn,0+1+2,ebike+driver+passenger,27.405,36.490,0,"ebike:0, driver:0, passenger:0"
1374,45.800,yolov8n,1+3+0,bicycle+motorcycle+person,29.290,34.142,2,"bicycle:0, motorcycle:1, person:1"
1375,45.833,baseline,0+1+2,ebike+driver+passenger,27.983,35.736,0,"ebike:0, driver:0, passenger:0"
1375,45.833,bifpn,0+1+2,ebike+driver+passenger,25.030,39.951,0,"ebike:0, driver:0, passenger:0"
1375,45.833,yolov8n,1+3+0,bicycle+motorcycle+person,28.430,35.174,2,"bicycle:0, motorcycle:1, person:1"
1376,45.867,baseline,0+1+2,ebike+driver+passenger,26.110,38.299,0,"ebike:0, driver:0, passenger:0"
1376,45.867,bifpn,0+1+2,ebike+driver+passenger,28.031,35.674,0,"ebike:0, driver:0, passenger:0"
1376,45.867,yolov8n,1+3+0,bicycle+motorcycle+person,29.346,34.076,2,"bicycle:0, motorcycle:1, person:1"
1377,45.900,baseline,0+1+2,ebike+driver+passenger,27.119,36.874,0,"ebike:0, driver:0, passenger:0"
1377,45.900,bifpn,0+1+2,ebike+driver+passenger,25.835,38.707,0,"ebike:0, driver:0, passenger:0"
1377,45.900,yolov8n,1+3+0,bicycle+motorcycle+person,27.426,36.462,1,"bicycle:0, motorcycle:0, person:1"
1378,45.933,baseline,0+1+2,ebike+driver+passenger,27.465,36.410,0,"ebike:0, driver:0, passenger:0"
1378,45.933,bifpn,0+1+2,ebike+driver+passenger,28.277,35.364,0,"ebike:0, driver:0, passenger:0"
1378,45.933,yolov8n,1+3+0,bicycle+motorcycle+person,28.544,35.033,0,"bicycle:0, motorcycle:0, person:0"
1379,45.967,baseline,0+1+2,ebike+driver+passenger,28.757,34.774,0,"ebike:0, driver:0, passenger:0"
1379,45.967,bifpn,0+1+2,ebike+driver+passenger,26.659,37.511,0,"ebike:0, driver:0, passenger:0"
1379,45.967,yolov8n,1+3+0,bicycle+motorcycle+person,26.558,37.653,0,"bicycle:0, motorcycle:0, person:0"
1380,46.000,baseline,0+1+2,ebike+driver+passenger,28.715,34.825,0,"ebike:0, driver:0, passenger:0"
1380,46.000,bifpn,0+1+2,ebike+driver+passenger,28.278,35.364,0,"ebike:0, driver:0, passenger:0"
1380,46.000,yolov8n,1+3+0,bicycle+motorcycle+person,27.964,35.760,0,"bicycle:0, motorcycle:0, person:0"
1381,46.033,baseline,0+1+2,ebike+driver+passenger,25.852,38.682,0,"ebike:0, driver:0, passenger:0"
1381,46.033,bifpn,0+1+2,ebike+driver+passenger,26.344,37.959,0,"ebike:0, driver:0, passenger:0"
1381,46.033,yolov8n,1+3+0,bicycle+motorcycle+person,26.818,37.288,0,"bicycle:0, motorcycle:0, person:0"
1382,46.067,baseline,0+1+2,ebike+driver+passenger,27.593,36.241,0,"ebike:0, driver:0, passenger:0"
1382,46.067,bifpn,0+1+2,ebike+driver+passenger,27.440,36.443,0,"ebike:0, driver:0, passenger:0"
1382,46.067,yolov8n,1+3+0,bicycle+motorcycle+person,29.391,34.023,0,"bicycle:0, motorcycle:0, person:0"
1383,46.100,baseline,0+1+2,ebike+driver+passenger,28.736,34.799,0,"ebike:0, driver:0, passenger:0"
1383,46.100,bifpn,0+1+2,ebike+driver+passenger,26.394,37.888,0,"ebike:0, driver:0, passenger:0"
1383,46.100,yolov8n,1+3+0,bicycle+motorcycle+person,29.094,34.371,0,"bicycle:0, motorcycle:0, person:0"
1384,46.133,baseline,0+1+2,ebike+driver+passenger,29.397,34.018,0,"ebike:0, driver:0, passenger:0"
1384,46.133,bifpn,0+1+2,ebike+driver+passenger,28.417,35.190,0,"ebike:0, driver:0, passenger:0"
1384,46.133,yolov8n,1+3+0,bicycle+motorcycle+person,28.728,34.810,0,"bicycle:0, motorcycle:0, person:0"
1385,46.167,baseline,0+1+2,ebike+driver+passenger,28.381,35.235,0,"ebike:0, driver:0, passenger:0"
1385,46.167,bifpn,0+1+2,ebike+driver+passenger,27.729,36.063,0,"ebike:0, driver:0, passenger:0"
1385,46.167,yolov8n,1+3+0,bicycle+motorcycle+person,27.159,36.820,0,"bicycle:0, motorcycle:0, person:0"
1386,46.200,baseline,0+1+2,ebike+driver+passenger,27.623,36.201,0,"ebike:0, driver:0, passenger:0"
1386,46.200,bifpn,0+1+2,ebike+driver+passenger,27.164,36.813,0,"ebike:0, driver:0, passenger:0"
1386,46.200,yolov8n,1+3+0,bicycle+motorcycle+person,28.729,34.808,0,"bicycle:0, motorcycle:0, person:0"
1387,46.233,baseline,0+1+2,ebike+driver+passenger,30.461,32.828,0,"ebike:0, driver:0, passenger:0"
1387,46.233,bifpn,0+1+2,ebike+driver+passenger,28.492,35.098,0,"ebike:0, driver:0, passenger:0"
1387,46.233,yolov8n,1+3+0,bicycle+motorcycle+person,30.299,33.004,0,"bicycle:0, motorcycle:0, person:0"
1388,46.267,baseline,0+1+2,ebike+driver+passenger,29.579,33.807,0,"ebike:0, driver:0, passenger:0"
1388,46.267,bifpn,0+1+2,ebike+driver+passenger,26.672,37.492,0,"ebike:0, driver:0, passenger:0"
1388,46.267,yolov8n,1+3+0,bicycle+motorcycle+person,28.457,35.141,0,"bicycle:0, motorcycle:0, person:0"
1389,46.300,baseline,0+1+2,ebike+driver+passenger,26.412,37.862,0,"ebike:0, driver:0, passenger:0"
1389,46.300,bifpn,0+1+2,ebike+driver+passenger,25.452,39.290,0,"ebike:0, driver:0, passenger:0"
1389,46.300,yolov8n,1+3+0,bicycle+motorcycle+person,29.272,34.162,0,"bicycle:0, motorcycle:0, person:0"
1390,46.333,baseline,0+1+2,ebike+driver+passenger,26.867,37.221,0,"ebike:0, driver:0, passenger:0"
1390,46.333,bifpn,0+1+2,ebike+driver+passenger,26.170,38.212,0,"ebike:0, driver:0, passenger:0"
1390,46.333,yolov8n,1+3+0,bicycle+motorcycle+person,26.975,37.071,0,"bicycle:0, motorcycle:0, person:0"
1391,46.367,baseline,0+1+2,ebike+driver+passenger,25.719,38.882,0,"ebike:0, driver:0, passenger:0"
1391,46.367,bifpn,0+1+2,ebike+driver+passenger,25.851,38.684,0,"ebike:0, driver:0, passenger:0"
1391,46.367,yolov8n,1+3+0,bicycle+motorcycle+person,26.941,37.118,0,"bicycle:0, motorcycle:0, person:0"
1392,46.400,baseline,0+1+2,ebike+driver+passenger,27.338,36.579,0,"ebike:0, driver:0, passenger:0"
1392,46.400,bifpn,0+1+2,ebike+driver+passenger,28.046,35.655,0,"ebike:0, driver:0, passenger:0"
1392,46.400,yolov8n,1+3+0,bicycle+motorcycle+person,28.034,35.671,0,"bicycle:0, motorcycle:0, person:0"
1393,46.433,baseline,0+1+2,ebike+driver+passenger,26.232,38.121,0,"ebike:0, driver:0, passenger:0"
1393,46.433,bifpn,0+1+2,ebike+driver+passenger,26.398,37.882,0,"ebike:0, driver:0, passenger:0"
1393,46.433,yolov8n,1+3+0,bicycle+motorcycle+person,26.862,37.227,0,"bicycle:0, motorcycle:0, person:0"
1394,46.467,baseline,0+1+2,ebike+driver+passenger,29.236,34.204,0,"ebike:0, driver:0, passenger:0"
1394,46.467,bifpn,0+1+2,ebike+driver+passenger,27.814,35.953,0,"ebike:0, driver:0, passenger:0"
1394,46.467,yolov8n,1+3+0,bicycle+motorcycle+person,28.055,35.644,1,"bicycle:0, motorcycle:1, person:0"
1395,46.500,baseline,0+1+2,ebike+driver+passenger,28.341,35.284,0,"ebike:0, driver:0, passenger:0"
1395,46.500,bifpn,0+1+2,ebike+driver+passenger,27.856,35.899,0,"ebike:0, driver:0, passenger:0"
1395,46.500,yolov8n,1+3+0,bicycle+motorcycle+person,27.376,36.528,0,"bicycle:0, motorcycle:0, person:0"
1396,46.533,baseline,0+1+2,ebike+driver+passenger,30.030,33.300,0,"ebike:0, driver:0, passenger:0"
1396,46.533,bifpn,0+1+2,ebike+driver+passenger,26.673,37.491,0,"ebike:0, driver:0, passenger:0"
1396,46.533,yolov8n,1+3+0,bicycle+motorcycle+person,30.027,33.304,2,"bicycle:0, motorcycle:2, person:0"
1397,46.567,baseline,0+1+2,ebike+driver+passenger,26.403,37.874,0,"ebike:0, driver:0, passenger:0"
1397,46.567,bifpn,0+1+2,ebike+driver+passenger,26.190,38.183,0,"ebike:0, driver:0, passenger:0"
1397,46.567,yolov8n,1+3+0,bicycle+motorcycle+person,27.667,36.145,0,"bicycle:0, motorcycle:0, person:0"
1398,46.600,baseline,0+1+2,ebike+driver+passenger,26.255,38.088,0,"ebike:0, driver:0, passenger:0"
1398,46.600,bifpn,0+1+2,ebike+driver+passenger,26.479,37.765,0,"ebike:0, driver:0, passenger:0"
1398,46.600,yolov8n,1+3+0,bicycle+motorcycle+person,27.841,35.918,1,"bicycle:0, motorcycle:1, person:0"
1399,46.633,baseline,0+1+2,ebike+driver+passenger,27.533,36.320,0,"ebike:0, driver:0, passenger:0"
1399,46.633,bifpn,0+1+2,ebike+driver+passenger,27.951,35.777,0,"ebike:0, driver:0, passenger:0"
1399,46.633,yolov8n,1+3+0,bicycle+motorcycle+person,30.202,33.111,0,"bicycle:0, motorcycle:0, person:0"
1400,46.667,baseline,0+1+2,ebike+driver+passenger,26.355,37.943,0,"ebike:0, driver:0, passenger:0"
1400,46.667,bifpn,0+1+2,ebike+driver+passenger,26.556,37.656,0,"ebike:0, driver:0, passenger:0"
1400,46.667,yolov8n,1+3+0,bicycle+motorcycle+person,27.208,36.754,0,"bicycle:0, motorcycle:0, person:0"
1401,46.700,baseline,0+1+2,ebike+driver+passenger,26.359,37.938,0,"ebike:0, driver:0, passenger:0"
1401,46.700,bifpn,0+1+2,ebike+driver+passenger,25.830,38.715,0,"ebike:0, driver:0, passenger:0"
1401,46.700,yolov8n,1+3+0,bicycle+motorcycle+person,27.890,35.855,0,"bicycle:0, motorcycle:0, person:0"
1402,46.733,baseline,0+1+2,ebike+driver+passenger,26.812,37.297,0,"ebike:0, driver:0, passenger:0"
1402,46.733,bifpn,0+1+2,ebike+driver+passenger,25.586,39.083,0,"ebike:0, driver:0, passenger:0"
1402,46.733,yolov8n,1+3+0,bicycle+motorcycle+person,28.046,35.656,0,"bicycle:0, motorcycle:0, person:0"
1403,46.767,baseline,0+1+2,ebike+driver+passenger,26.710,37.439,0,"ebike:0, driver:0, passenger:0"
1403,46.767,bifpn,0+1+2,ebike+driver+passenger,26.959,37.093,0,"ebike:0, driver:0, passenger:0"
1403,46.767,yolov8n,1+3+0,bicycle+motorcycle+person,27.038,36.984,0,"bicycle:0, motorcycle:0, person:0"
1404,46.800,baseline,0+1+2,ebike+driver+passenger,25.607,39.051,0,"ebike:0, driver:0, passenger:0"
1404,46.800,bifpn,0+1+2,ebike+driver+passenger,24.241,41.252,0,"ebike:0, driver:0, passenger:0"
1404,46.800,yolov8n,1+3+0,bicycle+motorcycle+person,26.532,37.690,0,"bicycle:0, motorcycle:0, person:0"
1405,46.833,baseline,0+1+2,ebike+driver+passenger,28.218,35.438,0,"ebike:0, driver:0, passenger:0"
1405,46.833,bifpn,0+1+2,ebike+driver+passenger,26.694,37.462,0,"ebike:0, driver:0, passenger:0"
1405,46.833,yolov8n,1+3+0,bicycle+motorcycle+person,26.511,37.721,0,"bicycle:0, motorcycle:0, person:0"
1406,46.867,baseline,0+1+2,ebike+driver+passenger,27.142,36.844,0,"ebike:0, driver:0, passenger:0"
1406,46.867,bifpn,0+1+2,ebike+driver+passenger,25.119,39.811,0,"ebike:0, driver:0, passenger:0"
1406,46.867,yolov8n,1+3+0,bicycle+motorcycle+person,27.624,36.201,0,"bicycle:0, motorcycle:0, person:0"
1407,46.900,baseline,0+1+2,ebike+driver+passenger,24.590,40.667,0,"ebike:0, driver:0, passenger:0"
1407,46.900,bifpn,0+1+2,ebike+driver+passenger,25.151,39.759,0,"ebike:0, driver:0, passenger:0"
1407,46.900,yolov8n,1+3+0,bicycle+motorcycle+person,26.302,38.020,0,"bicycle:0, motorcycle:0, person:0"
1408,46.933,baseline,0+1+2,ebike+driver+passenger,25.900,38.610,0,"ebike:0, driver:0, passenger:0"
1408,46.933,bifpn,0+1+2,ebike+driver+passenger,25.420,39.339,0,"ebike:0, driver:0, passenger:0"
1408,46.933,yolov8n,1+3+0,bicycle+motorcycle+person,24.812,40.303,0,"bicycle:0, motorcycle:0, person:0"
1409,46.967,baseline,0+1+2,ebike+driver+passenger,24.313,41.130,0,"ebike:0, driver:0, passenger:0"
1409,46.967,bifpn,0+1+2,ebike+driver+passenger,22.353,44.736,0,"ebike:0, driver:0, passenger:0"
1409,46.967,yolov8n,1+3+0,bicycle+motorcycle+person,26.645,37.530,0,"bicycle:0, motorcycle:0, person:0"
1410,47.000,baseline,0+1+2,ebike+driver+passenger,24.823,40.286,0,"ebike:0, driver:0, passenger:0"
1410,47.000,bifpn,0+1+2,ebike+driver+passenger,27.178,36.794,0,"ebike:0, driver:0, passenger:0"
1410,47.000,yolov8n,1+3+0,bicycle+motorcycle+person,25.472,39.259,0,"bicycle:0, motorcycle:0, person:0"
1411,47.033,baseline,0+1+2,ebike+driver+passenger,27.692,36.111,0,"ebike:0, driver:0, passenger:0"
1411,47.033,bifpn,0+1+2,ebike+driver+passenger,27.116,36.878,0,"ebike:0, driver:0, passenger:0"
1411,47.033,yolov8n,1+3+0,bicycle+motorcycle+person,26.866,37.221,0,"bicycle:0, motorcycle:0, person:0"
1412,47.067,baseline,0+1+2,ebike+driver+passenger,26.876,37.208,0,"ebike:0, driver:0, passenger:0"
1412,47.067,bifpn,0+1+2,ebike+driver+passenger,26.988,37.054,0,"ebike:0, driver:0, passenger:0"
1412,47.067,yolov8n,1+3+0,bicycle+motorcycle+person,27.115,36.880,0,"bicycle:0, motorcycle:0, person:0"
1413,47.100,baseline,0+1+2,ebike+driver+passenger,26.233,38.120,0,"ebike:0, driver:0, passenger:0"
1413,47.100,bifpn,0+1+2,ebike+driver+passenger,27.104,36.895,0,"ebike:0, driver:0, passenger:0"
1413,47.100,yolov8n,1+3+0,bicycle+motorcycle+person,29.963,33.374,0,"bicycle:0, motorcycle:0, person:0"
1414,47.133,baseline,0+1+2,ebike+driver+passenger,26.932,37.130,0,"ebike:0, driver:0, passenger:0"
1414,47.133,bifpn,0+1+2,ebike+driver+passenger,25.978,38.493,0,"ebike:0, driver:0, passenger:0"
1414,47.133,yolov8n,1+3+0,bicycle+motorcycle+person,26.574,37.631,0,"bicycle:0, motorcycle:0, person:0"
1415,47.167,baseline,0+1+2,ebike+driver+passenger,24.568,40.704,0,"ebike:0, driver:0, passenger:0"
1415,47.167,bifpn,0+1+2,ebike+driver+passenger,25.379,39.403,0,"ebike:0, driver:0, passenger:0"
1415,47.167,yolov8n,1+3+0,bicycle+motorcycle+person,25.577,39.097,0,"bicycle:0, motorcycle:0, person:0"
1416,47.200,baseline,0+1+2,ebike+driver+passenger,23.431,42.679,0,"ebike:0, driver:0, passenger:0"
1416,47.200,bifpn,0+1+2,ebike+driver+passenger,24.554,40.727,0,"ebike:0, driver:0, passenger:0"
1416,47.200,yolov8n,1+3+0,bicycle+motorcycle+person,28.443,35.157,1,"bicycle:0, motorcycle:1, person:0"
1417,47.233,baseline,0+1+2,ebike+driver+passenger,25.832,38.712,0,"ebike:0, driver:0, passenger:0"
1417,47.233,bifpn,0+1+2,ebike+driver+passenger,25.262,39.586,0,"ebike:0, driver:0, passenger:0"
1417,47.233,yolov8n,1+3+0,bicycle+motorcycle+person,27.328,36.593,0,"bicycle:0, motorcycle:0, person:0"
1418,47.267,baseline,0+1+2,ebike+driver+passenger,23.979,41.704,0,"ebike:0, driver:0, passenger:0"
1418,47.267,bifpn,0+1+2,ebike+driver+passenger,25.314,39.504,0,"ebike:0, driver:0, passenger:0"
1418,47.267,yolov8n,1+3+0,bicycle+motorcycle+person,26.396,37.885,2,"bicycle:0, motorcycle:1, person:1"
1419,47.300,baseline,0+1+2,ebike+driver+passenger,25.542,39.152,0,"ebike:0, driver:0, passenger:0"
1419,47.300,bifpn,0+1+2,ebike+driver+passenger,24.726,40.443,0,"ebike:0, driver:0, passenger:0"
1419,47.300,yolov8n,1+3+0,bicycle+motorcycle+person,25.850,38.685,1,"bicycle:0, motorcycle:0, person:1"
1420,47.333,baseline,0+1+2,ebike+driver+passenger,28.645,34.910,0,"ebike:0, driver:0, passenger:0"
1420,47.333,bifpn,0+1+2,ebike+driver+passenger,25.162,39.743,0,"ebike:0, driver:0, passenger:0"
1420,47.333,yolov8n,1+3+0,bicycle+motorcycle+person,28.001,35.713,0,"bicycle:0, motorcycle:0, person:0"
1421,47.367,baseline,0+1+2,ebike+driver+passenger,25.458,39.280,0,"ebike:0, driver:0, passenger:0"
1421,47.367,bifpn,0+1+2,ebike+driver+passenger,25.022,39.965,0,"ebike:0, driver:0, passenger:0"
1421,47.367,yolov8n,1+3+0,bicycle+motorcycle+person,28.842,34.671,0,"bicycle:0, motorcycle:0, person:0"
1422,47.400,baseline,0+1+2,ebike+driver+passenger,27.996,35.719,0,"ebike:0, driver:0, passenger:0"
1422,47.400,bifpn,0+1+2,ebike+driver+passenger,29.673,33.701,0,"ebike:0, driver:0, passenger:0"
1422,47.400,yolov8n,1+3+0,bicycle+motorcycle+person,27.727,36.066,0,"bicycle:0, motorcycle:0, person:0"
1423,47.433,baseline,0+1+2,ebike+driver+passenger,27.212,36.748,0,"ebike:0, driver:0, passenger:0"
1423,47.433,bifpn,0+1+2,ebike+driver+passenger,25.998,38.464,0,"ebike:0, driver:0, passenger:0"
1423,47.433,yolov8n,1+3+0,bicycle+motorcycle+person,29.708,33.661,0,"bicycle:0, motorcycle:0, person:0"
1424,47.467,baseline,0+1+2,ebike+driver+passenger,27.517,36.341,0,"ebike:0, driver:0, passenger:0"
1424,47.467,bifpn,0+1+2,ebike+driver+passenger,27.226,36.729,0,"ebike:0, driver:0, passenger:0"
1424,47.467,yolov8n,1+3+0,bicycle+motorcycle+person,27.115,36.880,0,"bicycle:0, motorcycle:0, person:0"
1425,47.500,baseline,0+1+2,ebike+driver+passenger,26.110,38.300,0,"ebike:0, driver:0, passenger:0"
1425,47.500,bifpn,0+1+2,ebike+driver+passenger,26.768,37.357,0,"ebike:0, driver:0, passenger:0"
1425,47.500,yolov8n,1+3+0,bicycle+motorcycle+person,28.413,35.195,0,"bicycle:0, motorcycle:0, person:0"
1426,47.533,baseline,0+1+2,ebike+driver+passenger,28.593,34.974,0,"ebike:0, driver:0, passenger:0"
1426,47.533,bifpn,0+1+2,ebike+driver+passenger,27.852,35.905,0,"ebike:0, driver:0, passenger:0"
1426,47.533,yolov8n,1+3+0,bicycle+motorcycle+person,28.393,35.220,0,"bicycle:0, motorcycle:0, person:0"
1427,47.567,baseline,0+1+2,ebike+driver+passenger,28.691,34.854,0,"ebike:0, driver:0, passenger:0"
1427,47.567,bifpn,0+1+2,ebike+driver+passenger,28.098,35.590,0,"ebike:0, driver:0, passenger:0"
1427,47.567,yolov8n,1+3+0,bicycle+motorcycle+person,29.848,33.503,0,"bicycle:0, motorcycle:0, person:0"
1428,47.600,baseline,0+1+2,ebike+driver+passenger,27.398,36.498,0,"ebike:0, driver:0, passenger:0"
1428,47.600,bifpn,0+1+2,ebike+driver+passenger,25.754,38.828,0,"ebike:0, driver:0, passenger:0"
1428,47.600,yolov8n,1+3+0,bicycle+motorcycle+person,28.000,35.714,0,"bicycle:0, motorcycle:0, person:0"
1429,47.633,baseline,0+1+2,ebike+driver+passenger,27.868,35.883,0,"ebike:0, driver:0, passenger:0"
1429,47.633,bifpn,0+1+2,ebike+driver+passenger,26.743,37.394,0,"ebike:0, driver:0, passenger:0"
1429,47.633,yolov8n,1+3+0,bicycle+motorcycle+person,27.369,36.538,0,"bicycle:0, motorcycle:0, person:0"
1430,47.667,baseline,0+1+2,ebike+driver+passenger,27.177,36.796,0,"ebike:0, driver:0, passenger:0"
1430,47.667,bifpn,0+1+2,ebike+driver+passenger,28.681,34.866,0,"ebike:0, driver:0, passenger:0"
1430,47.667,yolov8n,1+3+0,bicycle+motorcycle+person,29.007,34.474,0,"bicycle:0, motorcycle:0, person:0"
1431,47.700,baseline,0+1+2,ebike+driver+passenger,27.548,36.300,0,"ebike:0, driver:0, passenger:0"
1431,47.700,bifpn,0+1+2,ebike+driver+passenger,27.006,37.029,0,"ebike:0, driver:0, passenger:0"
1431,47.700,yolov8n,1+3+0,bicycle+motorcycle+person,29.542,33.850,0,"bicycle:0, motorcycle:0, person:0"
1432,47.733,baseline,0+1+2,ebike+driver+passenger,27.929,35.805,0,"ebike:0, driver:0, passenger:0"
1432,47.733,bifpn,0+1+2,ebike+driver+passenger,28.850,34.662,0,"ebike:0, driver:0, passenger:0"
1432,47.733,yolov8n,1+3+0,bicycle+motorcycle+person,28.712,34.829,0,"bicycle:0, motorcycle:0, person:0"
1433,47.767,baseline,0+1+2,ebike+driver+passenger,27.105,36.894,0,"ebike:0, driver:0, passenger:0"
1433,47.767,bifpn,0+1+2,ebike+driver+passenger,27.224,36.732,0,"ebike:0, driver:0, passenger:0"
1433,47.767,yolov8n,1+3+0,bicycle+motorcycle+person,29.906,33.438,0,"bicycle:0, motorcycle:0, person:0"
1434,47.800,baseline,0+1+2,ebike+driver+passenger,27.182,36.789,0,"ebike:0, driver:0, passenger:0"
1434,47.800,bifpn,0+1+2,ebike+driver+passenger,26.537,37.683,0,"ebike:0, driver:0, passenger:0"
1434,47.800,yolov8n,1+3+0,bicycle+motorcycle+person,26.743,37.393,0,"bicycle:0, motorcycle:0, person:0"
1435,47.833,baseline,0+1+2,ebike+driver+passenger,25.587,39.083,0,"ebike:0, driver:0, passenger:0"
1435,47.833,bifpn,0+1+2,ebike+driver+passenger,26.829,37.273,0,"ebike:0, driver:0, passenger:0"
1435,47.833,yolov8n,1+3+0,bicycle+motorcycle+person,27.821,35.944,1,"bicycle:0, motorcycle:0, person:1"
1436,47.867,baseline,0+1+2,ebike+driver+passenger,27.661,36.152,0,"ebike:0, driver:0, passenger:0"
1436,47.867,bifpn,0+1+2,ebike+driver+passenger,26.394,37.888,0,"ebike:0, driver:0, passenger:0"
1436,47.867,yolov8n,1+3+0,bicycle+motorcycle+person,26.747,37.388,1,"bicycle:0, motorcycle:0, person:1"
1437,47.900,baseline,0+1+2,ebike+driver+passenger,27.166,36.811,0,"ebike:0, driver:0, passenger:0"
1437,47.900,bifpn,0+1+2,ebike+driver+passenger,25.018,39.972,0,"ebike:0, driver:0, passenger:0"
1437,47.900,yolov8n,1+3+0,bicycle+motorcycle+person,27.588,36.248,0,"bicycle:0, motorcycle:0, person:0"
1438,47.933,baseline,0+1+2,ebike+driver+passenger,27.564,36.279,0,"ebike:0, driver:0, passenger:0"
1438,47.933,bifpn,0+1+2,ebike+driver+passenger,26.693,37.463,0,"ebike:0, driver:0, passenger:0"
1438,47.933,yolov8n,1+3+0,bicycle+motorcycle+person,28.408,35.202,0,"bicycle:0, motorcycle:0, person:0"
1439,47.967,baseline,0+1+2,ebike+driver+passenger,26.465,37.786,0,"ebike:0, driver:0, passenger:0"
1439,47.967,bifpn,0+1+2,ebike+driver+passenger,27.237,36.714,0,"ebike:0, driver:0, passenger:0"
1439,47.967,yolov8n,1+3+0,bicycle+motorcycle+person,27.698,36.104,0,"bicycle:0, motorcycle:0, person:0"
1440,48.000,baseline,0+1+2,ebike+driver+passenger,26.613,37.576,0,"ebike:0, driver:0, passenger:0"
1440,48.000,bifpn,0+1+2,ebike+driver+passenger,28.011,35.701,0,"ebike:0, driver:0, passenger:0"
1440,48.000,yolov8n,1+3+0,bicycle+motorcycle+person,27.436,36.448,0,"bicycle:0, motorcycle:0, person:0"
1441,48.033,baseline,0+1+2,ebike+driver+passenger,29.150,34.306,0,"ebike:0, driver:0, passenger:0"
1441,48.033,bifpn,0+1+2,ebike+driver+passenger,27.000,37.036,0,"ebike:0, driver:0, passenger:0"
1441,48.033,yolov8n,1+3+0,bicycle+motorcycle+person,28.248,35.400,0,"bicycle:0, motorcycle:0, person:0"
1442,48.067,baseline,0+1+2,ebike+driver+passenger,27.656,36.158,0,"ebike:0, driver:0, passenger:0"
1442,48.067,bifpn,0+1+2,ebike+driver+passenger,27.054,36.963,0,"ebike:0, driver:0, passenger:0"
1442,48.067,yolov8n,1+3+0,bicycle+motorcycle+person,28.700,34.843,0,"bicycle:0, motorcycle:0, person:0"
1443,48.100,baseline,0+1+2,ebike+driver+passenger,28.508,35.078,0,"ebike:0, driver:0, passenger:0"
1443,48.100,bifpn,0+1+2,ebike+driver+passenger,27.418,36.473,0,"ebike:0, driver:0, passenger:0"
1443,48.100,yolov8n,1+3+0,bicycle+motorcycle+person,28.671,34.878,0,"bicycle:0, motorcycle:0, person:0"
1444,48.133,baseline,0+1+2,ebike+driver+passenger,29.141,34.316,0,"ebike:0, driver:0, passenger:0"
1444,48.133,bifpn,0+1+2,ebike+driver+passenger,27.875,35.875,0,"ebike:0, driver:0, passenger:0"
1444,48.133,yolov8n,1+3+0,bicycle+motorcycle+person,30.839,32.426,0,"bicycle:0, motorcycle:0, person:0"
1445,48.167,baseline,0+1+2,ebike+driver+passenger,27.807,35.962,0,"ebike:0, driver:0, passenger:0"
1445,48.167,bifpn,0+1+2,ebike+driver+passenger,26.170,38.212,0,"ebike:0, driver:0, passenger:0"
1445,48.167,yolov8n,1+3+0,bicycle+motorcycle+person,28.464,35.133,0,"bicycle:0, motorcycle:0, person:0"
1446,48.200,baseline,0+1+2,ebike+driver+passenger,25.530,39.169,0,"ebike:0, driver:0, passenger:0"
1446,48.200,bifpn,0+1+2,ebike+driver+passenger,27.407,36.487,0,"ebike:0, driver:0, passenger:0"
1446,48.200,yolov8n,1+3+0,bicycle+motorcycle+person,26.865,37.223,0,"bicycle:0, motorcycle:0, person:0"
1447,48.233,baseline,0+1+2,ebike+driver+passenger,27.112,36.884,0,"ebike:0, driver:0, passenger:0"
1447,48.233,bifpn,0+1+2,ebike+driver+passenger,28.193,35.470,0,"ebike:0, driver:0, passenger:0"
1447,48.233,yolov8n,1+3+0,bicycle+motorcycle+person,27.667,36.144,0,"bicycle:0, motorcycle:0, person:0"
1448,48.267,baseline,0+1+2,ebike+driver+passenger,29.256,34.181,0,"ebike:0, driver:0, passenger:0"
1448,48.267,bifpn,0+1+2,ebike+driver+passenger,28.476,35.117,0,"ebike:0, driver:0, passenger:0"
1448,48.267,yolov8n,1+3+0,bicycle+motorcycle+person,28.611,34.951,0,"bicycle:0, motorcycle:0, person:0"
1449,48.300,baseline,0+1+2,ebike+driver+passenger,27.779,35.999,0,"ebike:0, driver:0, passenger:0"
1449,48.300,bifpn,0+1+2,ebike+driver+passenger,27.136,36.851,0,"ebike:0, driver:0, passenger:0"
1449,48.300,yolov8n,1+3+0,bicycle+motorcycle+person,29.676,33.697,0,"bicycle:0, motorcycle:0, person:0"
1450,48.333,baseline,0+1+2,ebike+driver+passenger,28.878,34.628,0,"ebike:0, driver:0, passenger:0"
1450,48.333,bifpn,0+1+2,ebike+driver+passenger,23.929,41.791,0,"ebike:0, driver:0, passenger:0"
1450,48.333,yolov8n,1+3+0,bicycle+motorcycle+person,27.192,36.776,0,"bicycle:0, motorcycle:0, person:0"
1451,48.367,baseline,0+1+2,ebike+driver+passenger,26.041,38.401,0,"ebike:0, driver:0, passenger:0"
1451,48.367,bifpn,0+1+2,ebike+driver+passenger,25.727,38.869,0,"ebike:0, driver:0, passenger:0"
1451,48.367,yolov8n,1+3+0,bicycle+motorcycle+person,24.919,40.130,0,"bicycle:0, motorcycle:0, person:0"
1452,48.400,baseline,0+1+2,ebike+driver+passenger,24.012,41.646,0,"ebike:0, driver:0, passenger:0"
1452,48.400,bifpn,0+1+2,ebike+driver+passenger,25.982,38.489,0,"ebike:0, driver:0, passenger:0"
1452,48.400,yolov8n,1+3+0,bicycle+motorcycle+person,26.805,37.306,0,"bicycle:0, motorcycle:0, person:0"
1453,48.433,baseline,0+1+2,ebike+driver+passenger,25.819,38.731,0,"ebike:0, driver:0, passenger:0"
1453,48.433,bifpn,0+1+2,ebike+driver+passenger,27.752,36.033,0,"ebike:0, driver:0, passenger:0"
1453,48.433,yolov8n,1+3+0,bicycle+motorcycle+person,27.301,36.628,0,"bicycle:0, motorcycle:0, person:0"
1454,48.467,baseline,0+1+2,ebike+driver+passenger,25.929,38.567,0,"ebike:0, driver:0, passenger:0"
1454,48.467,bifpn,0+1+2,ebike+driver+passenger,24.965,40.057,0,"ebike:0, driver:0, passenger:0"
1454,48.467,yolov8n,1+3+0,bicycle+motorcycle+person,25.348,39.450,0,"bicycle:0, motorcycle:0, person:0"
1455,48.500,baseline,0+1+2,ebike+driver+passenger,26.894,37.183,0,"ebike:0, driver:0, passenger:0"
1455,48.500,bifpn,0+1+2,ebike+driver+passenger,26.164,38.220,0,"ebike:0, driver:0, passenger:0"
1455,48.500,yolov8n,1+3+0,bicycle+motorcycle+person,27.876,35.873,0,"bicycle:0, motorcycle:0, person:0"
1456,48.533,baseline,0+1+2,ebike+driver+passenger,26.813,37.296,0,"ebike:0, driver:0, passenger:0"
1456,48.533,bifpn,0+1+2,ebike+driver+passenger,26.939,37.121,0,"ebike:0, driver:0, passenger:0"
1456,48.533,yolov8n,1+3+0,bicycle+motorcycle+person,27.192,36.776,0,"bicycle:0, motorcycle:0, person:0"
1457,48.567,baseline,0+1+2,ebike+driver+passenger,26.364,37.930,0,"ebike:0, driver:0, passenger:0"
1457,48.567,bifpn,0+1+2,ebike+driver+passenger,27.136,36.851,0,"ebike:0, driver:0, passenger:0"
1457,48.567,yolov8n,1+3+0,bicycle+motorcycle+person,26.094,38.324,0,"bicycle:0, motorcycle:0, person:0"
1458,48.600,baseline,0+1+2,ebike+driver+passenger,28.978,34.509,0,"ebike:0, driver:0, passenger:0"
1458,48.600,bifpn,0+1+2,ebike+driver+passenger,25.092,39.853,0,"ebike:0, driver:0, passenger:0"
1458,48.600,yolov8n,1+3+0,bicycle+motorcycle+person,25.801,38.759,0,"bicycle:0, motorcycle:0, person:0"
1459,48.633,baseline,0+1+2,ebike+driver+passenger,26.969,37.079,0,"ebike:0, driver:0, passenger:0"
1459,48.633,bifpn,0+1+2,ebike+driver+passenger,24.823,40.284,0,"ebike:0, driver:0, passenger:0"
1459,48.633,yolov8n,1+3+0,bicycle+motorcycle+person,28.082,35.609,0,"bicycle:0, motorcycle:0, person:0"
1460,48.667,baseline,0+1+2,ebike+driver+passenger,23.163,43.172,0,"ebike:0, driver:0, passenger:0"
1460,48.667,bifpn,0+1+2,ebike+driver+passenger,25.678,38.945,0,"ebike:0, driver:0, passenger:0"
1460,48.667,yolov8n,1+3+0,bicycle+motorcycle+person,26.361,37.935,0,"bicycle:0, motorcycle:0, person:0"
1461,48.700,baseline,0+1+2,ebike+driver+passenger,26.376,37.913,0,"ebike:0, driver:0, passenger:0"
1461,48.700,bifpn,0+1+2,ebike+driver+passenger,28.329,35.300,0,"ebike:0, driver:0, passenger:0"
1461,48.700,yolov8n,1+3+0,bicycle+motorcycle+person,30.179,33.136,1,"bicycle:0, motorcycle:1, person:0"
1462,48.733,baseline,0+1+2,ebike+driver+passenger,27.051,36.967,0,"ebike:0, driver:0, passenger:0"
1462,48.733,bifpn,0+1+2,ebike+driver+passenger,24.260,41.220,0,"ebike:0, driver:0, passenger:0"
1462,48.733,yolov8n,1+3+0,bicycle+motorcycle+person,26.999,37.038,0,"bicycle:0, motorcycle:0, person:0"
1463,48.767,baseline,0+1+2,ebike+driver+passenger,30.523,32.762,0,"ebike:0, driver:0, passenger:0"
1463,48.767,bifpn,0+1+2,ebike+driver+passenger,27.947,35.782,0,"ebike:0, driver:0, passenger:0"
1463,48.767,yolov8n,1+3+0,bicycle+motorcycle+person,28.467,35.129,0,"bicycle:0, motorcycle:0, person:0"
1464,48.800,baseline,0+1+2,ebike+driver+passenger,27.039,36.984,0,"ebike:0, driver:0, passenger:0"
1464,48.800,bifpn,0+1+2,ebike+driver+passenger,27.601,36.230,0,"ebike:0, driver:0, passenger:0"
1464,48.800,yolov8n,1+3+0,bicycle+motorcycle+person,30.225,33.086,1,"bicycle:0, motorcycle:0, person:1"
1465,48.833,baseline,0+1+2,ebike+driver+passenger,28.559,35.015,0,"ebike:0, driver:0, passenger:0"
1465,48.833,bifpn,0+1+2,ebike+driver+passenger,26.872,37.213,0,"ebike:0, driver:0, passenger:0"
1465,48.833,yolov8n,1+3+0,bicycle+motorcycle+person,29.311,34.117,1,"bicycle:0, motorcycle:0, person:1"
1466,48.867,baseline,0+1+2,ebike+driver+passenger,26.969,37.080,0,"ebike:0, driver:0, passenger:0"
1466,48.867,bifpn,0+1+2,ebike+driver+passenger,26.645,37.530,0,"ebike:0, driver:0, passenger:0"
1466,48.867,yolov8n,1+3+0,bicycle+motorcycle+person,26.450,37.807,2,"bicycle:0, motorcycle:0, person:2"
1467,48.900,baseline,0+1+2,ebike+driver+passenger,27.312,36.614,0,"ebike:0, driver:0, passenger:0"
1467,48.900,bifpn,0+1+2,ebike+driver+passenger,28.295,35.341,0,"ebike:0, driver:0, passenger:0"
1467,48.900,yolov8n,1+3+0,bicycle+motorcycle+person,28.901,34.601,1,"bicycle:0, motorcycle:0, person:1"
1468,48.933,baseline,0+1+2,ebike+driver+passenger,26.187,38.187,0,"ebike:0, driver:0, passenger:0"
1468,48.933,bifpn,0+1+2,ebike+driver+passenger,26.614,37.575,0,"ebike:0, driver:0, passenger:0"
1468,48.933,yolov8n,1+3+0,bicycle+motorcycle+person,27.975,35.747,3,"bicycle:0, motorcycle:1, person:2"
1469,48.967,baseline,0+1+2,ebike+driver+passenger,25.804,38.754,0,"ebike:0, driver:0, passenger:0"
1469,48.967,bifpn,0+1+2,ebike+driver+passenger,26.340,37.965,0,"ebike:0, driver:0, passenger:0"
1469,48.967,yolov8n,1+3+0,bicycle+motorcycle+person,26.216,38.145,2,"bicycle:0, motorcycle:1, person:1"
1470,49.000,baseline,0+1+2,ebike+driver+passenger,27.508,36.353,0,"ebike:0, driver:0, passenger:0"
1470,49.000,bifpn,0+1+2,ebike+driver+passenger,25.367,39.421,0,"ebike:0, driver:0, passenger:0"
1470,49.000,yolov8n,1+3+0,bicycle+motorcycle+person,28.869,34.639,2,"bicycle:0, motorcycle:1, person:1"
1471,49.033,baseline,0+1+2,ebike+driver+passenger,26.274,38.060,0,"ebike:0, driver:0, passenger:0"
1471,49.033,bifpn,0+1+2,ebike+driver+passenger,25.121,39.808,0,"ebike:0, driver:0, passenger:0"
1471,49.033,yolov8n,1+3+0,bicycle+motorcycle+person,26.852,37.242,3,"bicycle:0, motorcycle:1, person:2"
1472,49.067,baseline,0+1+2,ebike+driver+passenger,26.673,37.491,0,"ebike:0, driver:0, passenger:0"
1472,49.067,bifpn,0+1+2,ebike+driver+passenger,26.239,38.111,0,"ebike:0, driver:0, passenger:0"
1472,49.067,yolov8n,1+3+0,bicycle+motorcycle+person,29.537,33.856,3,"bicycle:0, motorcycle:1, person:2"
1473,49.100,baseline,0+1+2,ebike+driver+passenger,28.188,35.476,0,"ebike:0, driver:0, passenger:0"
1473,49.100,bifpn,0+1+2,ebike+driver+passenger,26.267,38.071,0,"ebike:0, driver:0, passenger:0"
1473,49.100,yolov8n,1+3+0,bicycle+motorcycle+person,27.627,36.196,2,"bicycle:0, motorcycle:1, person:1"
1474,49.133,baseline,0+1+2,ebike+driver+passenger,26.194,38.176,0,"ebike:0, driver:0, passenger:0"
1474,49.133,bifpn,0+1+2,ebike+driver+passenger,25.548,39.142,0,"ebike:0, driver:0, passenger:0"
1474,49.133,yolov8n,1+3+0,bicycle+motorcycle+person,30.095,33.228,2,"bicycle:0, motorcycle:1, person:1"
1475,49.167,baseline,0+1+2,ebike+driver+passenger,26.898,37.178,0,"ebike:0, driver:0, passenger:0"
1475,49.167,bifpn,0+1+2,ebike+driver+passenger,25.529,39.172,0,"ebike:0, driver:0, passenger:0"
1475,49.167,yolov8n,1+3+0,bicycle+motorcycle+person,29.199,34.248,2,"bicycle:0, motorcycle:1, person:1"
1476,49.200,baseline,0+1+2,ebike+driver+passenger,25.526,39.176,0,"ebike:0, driver:0, passenger:0"
1476,49.200,bifpn,0+1+2,ebike+driver+passenger,26.497,37.741,1,"ebike:1, driver:0, passenger:0"
1476,49.200,yolov8n,1+3+0,bicycle+motorcycle+person,29.346,34.076,2,"bicycle:0, motorcycle:1, person:1"
1477,49.233,baseline,0+1+2,ebike+driver+passenger,27.118,36.875,0,"ebike:0, driver:0, passenger:0"
1477,49.233,bifpn,0+1+2,ebike+driver+passenger,27.111,36.885,0,"ebike:0, driver:0, passenger:0"
1477,49.233,yolov8n,1+3+0,bicycle+motorcycle+person,27.834,35.927,2,"bicycle:0, motorcycle:1, person:1"
1478,49.267,baseline,0+1+2,ebike+driver+passenger,25.400,39.370,0,"ebike:0, driver:0, passenger:0"
1478,49.267,bifpn,0+1+2,ebike+driver+passenger,24.455,40.891,0,"ebike:0, driver:0, passenger:0"
1478,49.267,yolov8n,1+3+0,bicycle+motorcycle+person,27.587,36.249,2,"bicycle:0, motorcycle:1, person:1"
1479,49.300,baseline,0+1+2,ebike+driver+passenger,26.702,37.450,0,"ebike:0, driver:0, passenger:0"
1479,49.300,bifpn,0+1+2,ebike+driver+passenger,26.837,37.261,1,"ebike:1, driver:0, passenger:0"
1479,49.300,yolov8n,1+3+0,bicycle+motorcycle+person,27.839,35.921,3,"bicycle:0, motorcycle:2, person:1"
1480,49.333,baseline,0+1+2,ebike+driver+passenger,30.064,33.262,0,"ebike:0, driver:0, passenger:0"
1480,49.333,bifpn,0+1+2,ebike+driver+passenger,27.507,36.354,1,"ebike:1, driver:0, passenger:0"
1480,49.333,yolov8n,1+3+0,bicycle+motorcycle+person,29.341,34.081,3,"bicycle:0, motorcycle:2, person:1"
1481,49.367,baseline,0+1+2,ebike+driver+passenger,27.917,35.821,0,"ebike:0, driver:0, passenger:0"
1481,49.367,bifpn,0+1+2,ebike+driver+passenger,26.559,37.652,1,"ebike:1, driver:0, passenger:0"
1481,49.367,yolov8n,1+3+0,bicycle+motorcycle+person,27.410,36.482,3,"bicycle:0, motorcycle:2, person:1"
1482,49.400,baseline,0+1+2,ebike+driver+passenger,26.522,37.704,0,"ebike:0, driver:0, passenger:0"
1482,49.400,bifpn,0+1+2,ebike+driver+passenger,27.776,36.003,0,"ebike:0, driver:0, passenger:0"
1482,49.400,yolov8n,1+3+0,bicycle+motorcycle+person,26.629,37.553,2,"bicycle:0, motorcycle:1, person:1"
1483,49.433,baseline,0+1+2,ebike+driver+passenger,29.048,34.426,0,"ebike:0, driver:0, passenger:0"
1483,49.433,bifpn,0+1+2,ebike+driver+passenger,27.216,36.743,0,"ebike:0, driver:0, passenger:0"
1483,49.433,yolov8n,1+3+0,bicycle+motorcycle+person,27.845,35.913,2,"bicycle:0, motorcycle:1, person:1"
1484,49.467,baseline,0+1+2,ebike+driver+passenger,25.542,39.151,0,"ebike:0, driver:0, passenger:0"
1484,49.467,bifpn,0+1+2,ebike+driver+passenger,30.635,32.642,0,"ebike:0, driver:0, passenger:0"
1484,49.467,yolov8n,1+3+0,bicycle+motorcycle+person,30.180,33.134,2,"bicycle:0, motorcycle:1, person:1"
1485,49.500,baseline,0+1+2,ebike+driver+passenger,28.846,34.667,0,"ebike:0, driver:0, passenger:0"
1485,49.500,bifpn,0+1+2,ebike+driver+passenger,30.706,32.567,0,"ebike:0, driver:0, passenger:0"
1485,49.500,yolov8n,1+3+0,bicycle+motorcycle+person,28.151,35.523,2,"bicycle:0, motorcycle:1, person:1"
1486,49.533,baseline,0+1+2,ebike+driver+passenger,28.415,35.193,0,"ebike:0, driver:0, passenger:0"
1486,49.533,bifpn,0+1+2,ebike+driver+passenger,27.401,36.496,0,"ebike:0, driver:0, passenger:0"
1486,49.533,yolov8n,1+3+0,bicycle+motorcycle+person,30.091,33.232,2,"bicycle:0, motorcycle:1, person:1"
1487,49.567,baseline,0+1+2,ebike+driver+passenger,27.332,36.588,0,"ebike:0, driver:0, passenger:0"
1487,49.567,bifpn,0+1+2,ebike+driver+passenger,27.699,36.102,1,"ebike:1, driver:0, passenger:0"
1487,49.567,yolov8n,1+3+0,bicycle+motorcycle+person,28.898,34.604,2,"bicycle:0, motorcycle:1, person:1"
1488,49.600,baseline,0+1+2,ebike+driver+passenger,28.041,35.662,0,"ebike:0, driver:0, passenger:0"
1488,49.600,bifpn,0+1+2,ebike+driver+passenger,28.913,34.586,1,"ebike:1, driver:0, passenger:0"
1488,49.600,yolov8n,1+3+0,bicycle+motorcycle+person,37.461,26.694,2,"bicycle:0, motorcycle:1, person:1"
1489,49.633,baseline,0+1+2,ebike+driver+passenger,27.932,35.801,0,"ebike:0, driver:0, passenger:0"
1489,49.633,bifpn,0+1+2,ebike+driver+passenger,28.335,35.292,0,"ebike:0, driver:0, passenger:0"
1489,49.633,yolov8n,1+3+0,bicycle+motorcycle+person,28.432,35.171,3,"bicycle:0, motorcycle:1, person:2"
1490,49.667,baseline,0+1+2,ebike+driver+passenger,27.442,36.440,0,"ebike:0, driver:0, passenger:0"
1490,49.667,bifpn,0+1+2,ebike+driver+passenger,29.697,33.673,0,"ebike:0, driver:0, passenger:0"
1490,49.667,yolov8n,1+3+0,bicycle+motorcycle+person,30.955,32.305,3,"bicycle:0, motorcycle:1, person:2"
1491,49.700,baseline,0+1+2,ebike+driver+passenger,28.780,34.746,0,"ebike:0, driver:0, passenger:0"
1491,49.700,bifpn,0+1+2,ebike+driver+passenger,28.601,34.964,0,"ebike:0, driver:0, passenger:0"
1491,49.700,yolov8n,1+3+0,bicycle+motorcycle+person,27.626,36.198,2,"bicycle:0, motorcycle:1, person:1"
1492,49.733,baseline,0+1+2,ebike+driver+passenger,29.079,34.390,0,"ebike:0, driver:0, passenger:0"
1492,49.733,bifpn,0+1+2,ebike+driver+passenger,26.716,37.431,0,"ebike:0, driver:0, passenger:0"
1492,49.733,yolov8n,1+3+0,bicycle+motorcycle+person,28.497,35.092,3,"bicycle:0, motorcycle:2, person:1"
1493,49.767,baseline,0+1+2,ebike+driver+passenger,27.196,36.770,0,"ebike:0, driver:0, passenger:0"
1493,49.767,bifpn,0+1+2,ebike+driver+passenger,28.271,35.373,0,"ebike:0, driver:0, passenger:0"
1493,49.767,yolov8n,1+3+0,bicycle+motorcycle+person,27.823,35.942,2,"bicycle:0, motorcycle:1, person:1"
1494,49.800,baseline,0+1+2,ebike+driver+passenger,26.447,37.811,0,"ebike:0, driver:0, passenger:0"
1494,49.800,bifpn,0+1+2,ebike+driver+passenger,28.492,35.097,0,"ebike:0, driver:0, passenger:0"
1494,49.800,yolov8n,1+3+0,bicycle+motorcycle+person,28.926,34.571,2,"bicycle:0, motorcycle:1, person:1"
1495,49.833,baseline,0+1+2,ebike+driver+passenger,28.361,35.260,0,"ebike:0, driver:0, passenger:0"
1495,49.833,bifpn,0+1+2,ebike+driver+passenger,27.972,35.750,1,"ebike:1, driver:0, passenger:0"
1495,49.833,yolov8n,1+3+0,bicycle+motorcycle+person,27.238,36.713,2,"bicycle:0, motorcycle:1, person:1"
1496,49.867,baseline,0+1+2,ebike+driver+passenger,27.810,35.959,0,"ebike:0, driver:0, passenger:0"
1496,49.867,bifpn,0+1+2,ebike+driver+passenger,27.210,36.752,0,"ebike:0, driver:0, passenger:0"
1496,49.867,yolov8n,1+3+0,bicycle+motorcycle+person,27.437,36.447,3,"bicycle:0, motorcycle:1, person:2"
1497,49.900,baseline,0+1+2,ebike+driver+passenger,26.856,37.236,0,"ebike:0, driver:0, passenger:0"
1497,49.900,bifpn,0+1+2,ebike+driver+passenger,25.411,39.353,0,"ebike:0, driver:0, passenger:0"
1497,49.900,yolov8n,1+3+0,bicycle+motorcycle+person,28.697,34.847,2,"bicycle:0, motorcycle:1, person:1"
1498,49.933,baseline,0+1+2,ebike+driver+passenger,25.797,38.764,0,"ebike:0, driver:0, passenger:0"
1498,49.933,bifpn,0+1+2,ebike+driver+passenger,26.988,37.054,0,"ebike:0, driver:0, passenger:0"
1498,49.933,yolov8n,1+3+0,bicycle+motorcycle+person,28.951,34.541,2,"bicycle:0, motorcycle:1, person:1"
1499,49.967,baseline,0+1+2,ebike+driver+passenger,26.359,37.938,0,"ebike:0, driver:0, passenger:0"
1499,49.967,bifpn,0+1+2,ebike+driver+passenger,27.267,36.675,0,"ebike:0, driver:0, passenger:0"
1499,49.967,yolov8n,1+3+0,bicycle+motorcycle+person,29.553,33.837,2,"bicycle:0, motorcycle:1, person:1"
1500,50.000,baseline,0+1+2,ebike+driver+passenger,27.723,36.072,0,"ebike:0, driver:0, passenger:0"
1500,50.000,bifpn,0+1+2,ebike+driver+passenger,29.651,33.725,0,"ebike:0, driver:0, passenger:0"
1500,50.000,yolov8n,1+3+0,bicycle+motorcycle+person,26.243,38.105,4,"bicycle:0, motorcycle:2, person:2"
1501,50.033,baseline,0+1+2,ebike+driver+passenger,27.467,36.407,0,"ebike:0, driver:0, passenger:0"
1501,50.033,bifpn,0+1+2,ebike+driver+passenger,26.286,38.044,0,"ebike:0, driver:0, passenger:0"
1501,50.033,yolov8n,1+3+0,bicycle+motorcycle+person,27.465,36.409,5,"bicycle:0, motorcycle:2, person:3"
1502,50.067,baseline,0+1+2,ebike+driver+passenger,27.960,35.766,0,"ebike:0, driver:0, passenger:0"
1502,50.067,bifpn,0+1+2,ebike+driver+passenger,27.015,37.016,0,"ebike:0, driver:0, passenger:0"
1502,50.067,yolov8n,1+3+0,bicycle+motorcycle+person,29.035,34.441,3,"bicycle:0, motorcycle:2, person:1"
1503,50.100,baseline,0+1+2,ebike+driver+passenger,27.085,36.921,0,"ebike:0, driver:0, passenger:0"
1503,50.100,bifpn,0+1+2,ebike+driver+passenger,26.488,37.753,0,"ebike:0, driver:0, passenger:0"
1503,50.100,yolov8n,1+3+0,bicycle+motorcycle+person,29.233,34.208,4,"bicycle:0, motorcycle:2, person:2"
1504,50.133,baseline,0+1+2,ebike+driver+passenger,28.282,35.358,0,"ebike:0, driver:0, passenger:0"
1504,50.133,bifpn,0+1+2,ebike+driver+passenger,27.328,36.592,0,"ebike:0, driver:0, passenger:0"
1504,50.133,yolov8n,1+3+0,bicycle+motorcycle+person,28.032,35.673,4,"bicycle:0, motorcycle:2, person:2"
1505,50.167,baseline,0+1+2,ebike+driver+passenger,28.154,35.519,0,"ebike:0, driver:0, passenger:0"
1505,50.167,bifpn,0+1+2,ebike+driver+passenger,26.921,37.145,0,"ebike:0, driver:0, passenger:0"
1505,50.167,yolov8n,1+3+0,bicycle+motorcycle+person,29.744,33.620,3,"bicycle:0, motorcycle:1, person:2"
1506,50.200,baseline,0+1+2,ebike+driver+passenger,27.684,36.122,0,"ebike:0, driver:0, passenger:0"
1506,50.200,bifpn,0+1+2,ebike+driver+passenger,26.532,37.690,0,"ebike:0, driver:0, passenger:0"
1506,50.200,yolov8n,1+3+0,bicycle+motorcycle+person,27.382,36.520,3,"bicycle:0, motorcycle:1, person:2"
1507,50.233,baseline,0+1+2,ebike+driver+passenger,26.965,37.085,0,"ebike:0, driver:0, passenger:0"
1507,50.233,bifpn,0+1+2,ebike+driver+passenger,25.556,39.131,0,"ebike:0, driver:0, passenger:0"
1507,50.233,yolov8n,1+3+0,bicycle+motorcycle+person,28.221,35.435,3,"bicycle:0, motorcycle:1, person:2"
1508,50.267,baseline,0+1+2,ebike+driver+passenger,25.696,38.917,0,"ebike:0, driver:0, passenger:0"
1508,50.267,bifpn,0+1+2,ebike+driver+passenger,27.786,35.990,0,"ebike:0, driver:0, passenger:0"
1508,50.267,yolov8n,1+3+0,bicycle+motorcycle+person,27.978,35.742,2,"bicycle:0, motorcycle:1, person:1"
1509,50.300,baseline,0+1+2,ebike+driver+passenger,27.806,35.964,0,"ebike:0, driver:0, passenger:0"
1509,50.300,bifpn,0+1+2,ebike+driver+passenger,27.659,36.155,0,"ebike:0, driver:0, passenger:0"
1509,50.300,yolov8n,1+3+0,bicycle+motorcycle+person,26.057,38.377,3,"bicycle:0, motorcycle:1, person:2"
1510,50.333,baseline,0+1+2,ebike+driver+passenger,28.610,34.952,0,"ebike:0, driver:0, passenger:0"
1510,50.333,bifpn,0+1+2,ebike+driver+passenger,28.437,35.165,0,"ebike:0, driver:0, passenger:0"
1510,50.333,yolov8n,1+3+0,bicycle+motorcycle+person,28.928,34.568,3,"bicycle:0, motorcycle:1, person:2"
1511,50.367,baseline,0+1+2,ebike+driver+passenger,28.270,35.373,0,"ebike:0, driver:0, passenger:0"
1511,50.367,bifpn,0+1+2,ebike+driver+passenger,28.328,35.301,0,"ebike:0, driver:0, passenger:0"
1511,50.367,yolov8n,1+3+0,bicycle+motorcycle+person,30.827,32.439,1,"bicycle:0, motorcycle:0, person:1"
1512,50.400,baseline,0+1+2,ebike+driver+passenger,26.644,37.532,0,"ebike:0, driver:0, passenger:0"
1512,50.400,bifpn,0+1+2,ebike+driver+passenger,26.556,37.656,0,"ebike:0, driver:0, passenger:0"
1512,50.400,yolov8n,1+3+0,bicycle+motorcycle+person,26.346,37.956,1,"bicycle:0, motorcycle:0, person:1"
1513,50.433,baseline,0+1+2,ebike+driver+passenger,26.548,37.667,0,"ebike:0, driver:0, passenger:0"
1513,50.433,bifpn,0+1+2,ebike+driver+passenger,25.725,38.872,0,"ebike:0, driver:0, passenger:0"
1513,50.433,yolov8n,1+3+0,bicycle+motorcycle+person,27.233,36.721,2,"bicycle:0, motorcycle:1, person:1"
1514,50.467,baseline,0+1+2,ebike+driver+passenger,25.874,38.649,0,"ebike:0, driver:0, passenger:0"
1514,50.467,bifpn,0+1+2,ebike+driver+passenger,26.228,38.127,0,"ebike:0, driver:0, passenger:0"
1514,50.467,yolov8n,1+3+0,bicycle+motorcycle+person,27.575,36.265,2,"bicycle:0, motorcycle:1, person:1"
1515,50.500,baseline,0+1+2,ebike+driver+passenger,29.859,33.491,0,"ebike:0, driver:0, passenger:0"
1515,50.500,bifpn,0+1+2,ebike+driver+passenger,26.019,38.434,0,"ebike:0, driver:0, passenger:0"
1515,50.500,yolov8n,1+3+0,bicycle+motorcycle+person,30.873,32.391,1,"bicycle:0, motorcycle:0, person:1"
1516,50.533,baseline,0+1+2,ebike+driver+passenger,28.839,34.676,0,"ebike:0, driver:0, passenger:0"
1516,50.533,bifpn,0+1+2,ebike+driver+passenger,27.139,36.848,0,"ebike:0, driver:0, passenger:0"
1516,50.533,yolov8n,1+3+0,bicycle+motorcycle+person,27.530,36.323,2,"bicycle:0, motorcycle:0, person:2"
1517,50.567,baseline,0+1+2,ebike+driver+passenger,26.109,38.301,0,"ebike:0, driver:0, passenger:0"
1517,50.567,bifpn,0+1+2,ebike+driver+passenger,27.383,36.519,0,"ebike:0, driver:0, passenger:0"
1517,50.567,yolov8n,1+3+0,bicycle+motorcycle+person,29.894,33.452,1,"bicycle:0, motorcycle:0, person:1"
1518,50.600,baseline,0+1+2,ebike+driver+passenger,25.918,38.583,0,"ebike:0, driver:0, passenger:0"
1518,50.600,bifpn,0+1+2,ebike+driver+passenger,25.008,39.987,0,"ebike:0, driver:0, passenger:0"
1518,50.600,yolov8n,1+3+0,bicycle+motorcycle+person,28.895,34.608,1,"bicycle:0, motorcycle:0, person:1"
1519,50.633,baseline,0+1+2,ebike+driver+passenger,28.047,35.654,0,"ebike:0, driver:0, passenger:0"
1519,50.633,bifpn,0+1+2,ebike+driver+passenger,27.842,35.917,0,"ebike:0, driver:0, passenger:0"
1519,50.633,yolov8n,1+3+0,bicycle+motorcycle+person,29.366,34.053,2,"bicycle:0, motorcycle:1, person:1"
1520,50.667,baseline,0+1+2,ebike+driver+passenger,24.978,40.035,0,"ebike:0, driver:0, passenger:0"
1520,50.667,bifpn,0+1+2,ebike+driver+passenger,28.184,35.481,0,"ebike:0, driver:0, passenger:0"
1520,50.667,yolov8n,1+3+0,bicycle+motorcycle+person,29.671,33.703,1,"bicycle:0, motorcycle:0, person:1"
1521,50.700,baseline,0+1+2,ebike+driver+passenger,26.380,37.907,0,"ebike:0, driver:0, passenger:0"
1521,50.700,bifpn,0+1+2,ebike+driver+passenger,28.297,35.339,0,"ebike:0, driver:0, passenger:0"
1521,50.700,yolov8n,1+3+0,bicycle+motorcycle+person,26.802,37.311,1,"bicycle:0, motorcycle:0, person:1"
1522,50.733,baseline,0+1+2,ebike+driver+passenger,29.725,33.642,0,"ebike:0, driver:0, passenger:0"
1522,50.733,bifpn,0+1+2,ebike+driver+passenger,26.524,37.701,0,"ebike:0, driver:0, passenger:0"
1522,50.733,yolov8n,1+3+0,bicycle+motorcycle+person,28.757,34.775,1,"bicycle:0, motorcycle:0, person:1"
1523,50.767,baseline,0+1+2,ebike+driver+passenger,27.081,36.927,0,"ebike:0, driver:0, passenger:0"
1523,50.767,bifpn,0+1+2,ebike+driver+passenger,28.213,35.445,0,"ebike:0, driver:0, passenger:0"
1523,50.767,yolov8n,1+3+0,bicycle+motorcycle+person,32.060,31.192,1,"bicycle:0, motorcycle:0, person:1"
1524,50.800,baseline,0+1+2,ebike+driver+passenger,27.179,36.794,0,"ebike:0, driver:0, passenger:0"
1524,50.800,bifpn,0+1+2,ebike+driver+passenger,28.077,35.616,0,"ebike:0, driver:0, passenger:0"
1524,50.800,yolov8n,1+3+0,bicycle+motorcycle+person,31.100,32.155,1,"bicycle:0, motorcycle:0, person:1"
1525,50.833,baseline,0+1+2,ebike+driver+passenger,26.280,38.052,0,"ebike:0, driver:0, passenger:0"
1525,50.833,bifpn,0+1+2,ebike+driver+passenger,27.037,36.986,0,"ebike:0, driver:0, passenger:0"
1525,50.833,yolov8n,1+3+0,bicycle+motorcycle+person,29.161,34.292,1,"bicycle:0, motorcycle:0, person:1"
1526,50.867,baseline,0+1+2,ebike+driver+passenger,30.555,32.728,0,"ebike:0, driver:0, passenger:0"
1526,50.867,bifpn,0+1+2,ebike+driver+passenger,29.091,34.375,0,"ebike:0, driver:0, passenger:0"
1526,50.867,yolov8n,1+3+0,bicycle+motorcycle+person,32.381,30.883,2,"bicycle:0, motorcycle:0, person:2"
1527,50.900,baseline,0+1+2,ebike+driver+passenger,28.845,34.669,0,"ebike:0, driver:0, passenger:0"
1527,50.900,bifpn,0+1+2,ebike+driver+passenger,28.818,34.701,0,"ebike:0, driver:0, passenger:0"
1527,50.900,yolov8n,1+3+0,bicycle+motorcycle+person,28.885,34.620,1,"bicycle:0, motorcycle:0, person:1"
1528,50.933,baseline,0+1+2,ebike+driver+passenger,27.062,36.953,0,"ebike:0, driver:0, passenger:0"
1528,50.933,bifpn,0+1+2,ebike+driver+passenger,28.056,35.643,0,"ebike:0, driver:0, passenger:0"
1528,50.933,yolov8n,1+3+0,bicycle+motorcycle+person,29.088,34.378,1,"bicycle:0, motorcycle:0, person:1"
1529,50.967,baseline,0+1+2,ebike+driver+passenger,28.066,35.630,0,"ebike:0, driver:0, passenger:0"
1529,50.967,bifpn,0+1+2,ebike+driver+passenger,26.645,37.531,0,"ebike:0, driver:0, passenger:0"
1529,50.967,yolov8n,1+3+0,bicycle+motorcycle+person,30.251,33.057,1,"bicycle:0, motorcycle:0, person:1"
1530,51.000,baseline,0+1+2,ebike+driver+passenger,28.579,34.991,0,"ebike:0, driver:0, passenger:0"
1530,51.000,bifpn,0+1+2,ebike+driver+passenger,26.830,37.271,0,"ebike:0, driver:0, passenger:0"
1530,51.000,yolov8n,1+3+0,bicycle+motorcycle+person,30.352,32.947,1,"bicycle:0, motorcycle:0, person:1"
1531,51.033,baseline,0+1+2,ebike+driver+passenger,26.987,37.054,0,"ebike:0, driver:0, passenger:0"
1531,51.033,bifpn,0+1+2,ebike+driver+passenger,27.169,36.807,0,"ebike:0, driver:0, passenger:0"
1531,51.033,yolov8n,1+3+0,bicycle+motorcycle+person,26.700,37.453,1,"bicycle:0, motorcycle:0, person:1"
1532,51.067,baseline,0+1+2,ebike+driver+passenger,28.342,35.283,0,"ebike:0, driver:0, passenger:0"
1532,51.067,bifpn,0+1+2,ebike+driver+passenger,28.306,35.328,0,"ebike:0, driver:0, passenger:0"
1532,51.067,yolov8n,1+3+0,bicycle+motorcycle+person,30.307,32.995,2,"bicycle:0, motorcycle:1, person:1"
1533,51.100,baseline,0+1+2,ebike+driver+passenger,26.089,38.331,0,"ebike:0, driver:0, passenger:0"
1533,51.100,bifpn,0+1+2,ebike+driver+passenger,28.154,35.519,0,"ebike:0, driver:0, passenger:0"
1533,51.100,yolov8n,1+3+0,bicycle+motorcycle+person,27.821,35.944,0,"bicycle:0, motorcycle:0, person:0"
1534,51.133,baseline,0+1+2,ebike+driver+passenger,28.080,35.613,0,"ebike:0, driver:0, passenger:0"
1534,51.133,bifpn,0+1+2,ebike+driver+passenger,26.799,37.315,0,"ebike:0, driver:0, passenger:0"
1534,51.133,yolov8n,1+3+0,bicycle+motorcycle+person,28.536,35.043,1,"bicycle:0, motorcycle:1, person:0"
1535,51.167,baseline,0+1+2,ebike+driver+passenger,26.516,37.714,0,"ebike:0, driver:0, passenger:0"
1535,51.167,bifpn,0+1+2,ebike+driver+passenger,24.154,41.401,0,"ebike:0, driver:0, passenger:0"
1535,51.167,yolov8n,1+3+0,bicycle+motorcycle+person,27.962,35.763,2,"bicycle:0, motorcycle:1, person:1"
1536,51.200,baseline,0+1+2,ebike+driver+passenger,27.665,36.147,0,"ebike:0, driver:0, passenger:0"
1536,51.200,bifpn,0+1+2,ebike+driver+passenger,27.190,36.778,0,"ebike:0, driver:0, passenger:0"
1536,51.200,yolov8n,1+3+0,bicycle+motorcycle+person,29.636,33.743,1,"bicycle:0, motorcycle:1, person:0"
1537,51.233,baseline,0+1+2,ebike+driver+passenger,30.170,33.145,0,"ebike:0, driver:0, passenger:0"
1537,51.233,bifpn,0+1+2,ebike+driver+passenger,27.788,35.987,0,"ebike:0, driver:0, passenger:0"
1537,51.233,yolov8n,1+3+0,bicycle+motorcycle+person,30.397,32.898,2,"bicycle:0, motorcycle:1, person:1"
1538,51.267,baseline,0+1+2,ebike+driver+passenger,28.853,34.659,0,"ebike:0, driver:0, passenger:0"
1538,51.267,bifpn,0+1+2,ebike+driver+passenger,26.680,37.481,0,"ebike:0, driver:0, passenger:0"
1538,51.267,yolov8n,1+3+0,bicycle+motorcycle+person,28.900,34.602,2,"bicycle:0, motorcycle:1, person:1"
1539,51.300,baseline,0+1+2,ebike+driver+passenger,27.682,36.125,0,"ebike:0, driver:0, passenger:0"
1539,51.300,bifpn,0+1+2,ebike+driver+passenger,27.259,36.685,0,"ebike:0, driver:0, passenger:0"
1539,51.300,yolov8n,1+3+0,bicycle+motorcycle+person,27.127,36.864,4,"bicycle:0, motorcycle:3, person:1"
1540,51.333,baseline,0+1+2,ebike+driver+passenger,25.970,38.507,0,"ebike:0, driver:0, passenger:0"
1540,51.333,bifpn,0+1+2,ebike+driver+passenger,26.971,37.077,0,"ebike:0, driver:0, passenger:0"
1540,51.333,yolov8n,1+3+0,bicycle+motorcycle+person,27.861,35.892,4,"bicycle:0, motorcycle:3, person:1"
1541,51.367,baseline,0+1+2,ebike+driver+passenger,26.508,37.725,0,"ebike:0, driver:0, passenger:0"
1541,51.367,bifpn,0+1+2,ebike+driver+passenger,25.916,38.586,0,"ebike:0, driver:0, passenger:0"
1541,51.367,yolov8n,1+3+0,bicycle+motorcycle+person,25.858,38.673,3,"bicycle:0, motorcycle:2, person:1"
1542,51.400,baseline,0+1+2,ebike+driver+passenger,26.118,38.288,0,"ebike:0, driver:0, passenger:0"
1542,51.400,bifpn,0+1+2,ebike+driver+passenger,26.832,37.268,0,"ebike:0, driver:0, passenger:0"
1542,51.400,yolov8n,1+3+0,bicycle+motorcycle+person,27.001,37.035,5,"bicycle:0, motorcycle:3, person:2"
1543,51.433,baseline,0+1+2,ebike+driver+passenger,29.003,34.479,0,"ebike:0, driver:0, passenger:0"
1543,51.433,bifpn,0+1+2,ebike+driver+passenger,27.657,36.157,0,"ebike:0, driver:0, passenger:0"
1543,51.433,yolov8n,1+3+0,bicycle+motorcycle+person,28.518,35.066,1,"bicycle:0, motorcycle:0, person:1"
1544,51.467,baseline,0+1+2,ebike+driver+passenger,28.529,35.052,0,"ebike:0, driver:0, passenger:0"
1544,51.467,bifpn,0+1+2,ebike+driver+passenger,27.624,36.200,0,"ebike:0, driver:0, passenger:0"
1544,51.467,yolov8n,1+3+0,bicycle+motorcycle+person,29.320,34.107,1,"bicycle:0, motorcycle:0, person:1"
1545,51.500,baseline,0+1+2,ebike+driver+passenger,29.546,33.846,0,"ebike:0, driver:0, passenger:0"
1545,51.500,bifpn,0+1+2,ebike+driver+passenger,26.938,37.123,0,"ebike:0, driver:0, passenger:0"
1545,51.500,yolov8n,1+3+0,bicycle+motorcycle+person,26.220,38.139,1,"bicycle:0, motorcycle:0, person:1"
1546,51.533,baseline,0+1+2,ebike+driver+passenger,31.222,32.029,0,"ebike:0, driver:0, passenger:0"
1546,51.533,bifpn,0+1+2,ebike+driver+passenger,26.612,37.578,0,"ebike:0, driver:0, passenger:0"
1546,51.533,yolov8n,1+3+0,bicycle+motorcycle+person,28.707,34.835,2,"bicycle:0, motorcycle:1, person:1"
1547,51.567,baseline,0+1+2,ebike+driver+passenger,27.578,36.261,0,"ebike:0, driver:0, passenger:0"
1547,51.567,bifpn,0+1+2,ebike+driver+passenger,28.932,34.564,0,"ebike:0, driver:0, passenger:0"
1547,51.567,yolov8n,1+3+0,bicycle+motorcycle+person,28.980,34.506,1,"bicycle:0, motorcycle:0, person:1"
1548,51.600,baseline,0+1+2,ebike+driver+passenger,26.588,37.611,0,"ebike:0, driver:0, passenger:0"
1548,51.600,bifpn,0+1+2,ebike+driver+passenger,25.761,38.819,0,"ebike:0, driver:0, passenger:0"
1548,51.600,yolov8n,1+3+0,bicycle+motorcycle+person,27.515,36.344,1,"bicycle:0, motorcycle:0, person:1"
1549,51.633,baseline,0+1+2,ebike+driver+passenger,26.959,37.094,0,"ebike:0, driver:0, passenger:0"
1549,51.633,bifpn,0+1+2,ebike+driver+passenger,26.878,37.205,0,"ebike:0, driver:0, passenger:0"
1549,51.633,yolov8n,1+3+0,bicycle+motorcycle+person,27.811,35.958,1,"bicycle:0, motorcycle:0, person:1"
1550,51.667,baseline,0+1+2,ebike+driver+passenger,30.843,32.422,0,"ebike:0, driver:0, passenger:0"
1550,51.667,bifpn,0+1+2,ebike+driver+passenger,26.109,38.302,0,"ebike:0, driver:0, passenger:0"
1550,51.667,yolov8n,1+3+0,bicycle+motorcycle+person,29.486,33.915,1,"bicycle:0, motorcycle:0, person:1"
1551,51.700,baseline,0+1+2,ebike+driver+passenger,27.128,36.862,0,"ebike:0, driver:0, passenger:0"
1551,51.700,bifpn,0+1+2,ebike+driver+passenger,24.992,40.012,0,"ebike:0, driver:0, passenger:0"
1551,51.700,yolov8n,1+3+0,bicycle+motorcycle+person,28.832,34.683,1,"bicycle:0, motorcycle:0, person:1"
1552,51.733,baseline,0+1+2,ebike+driver+passenger,25.192,39.695,0,"ebike:0, driver:0, passenger:0"
1552,51.733,bifpn,0+1+2,ebike+driver+passenger,29.676,33.697,0,"ebike:0, driver:0, passenger:0"
1552,51.733,yolov8n,1+3+0,bicycle+motorcycle+person,27.657,36.158,0,"bicycle:0, motorcycle:0, person:0"
1553,51.767,baseline,0+1+2,ebike+driver+passenger,29.685,33.687,0,"ebike:0, driver:0, passenger:0"
1553,51.767,bifpn,0+1+2,ebike+driver+passenger,27.695,36.107,0,"ebike:0, driver:0, passenger:0"
1553,51.767,yolov8n,1+3+0,bicycle+motorcycle+person,25.297,39.530,0,"bicycle:0, motorcycle:0, person:0"
1554,51.800,baseline,0+1+2,ebike+driver+passenger,26.455,37.800,0,"ebike:0, driver:0, passenger:0"
1554,51.800,bifpn,0+1+2,ebike+driver+passenger,26.286,38.042,0,"ebike:0, driver:0, passenger:0"
1554,51.800,yolov8n,1+3+0,bicycle+motorcycle+person,27.760,36.023,0,"bicycle:0, motorcycle:0, person:0"
1555,51.833,baseline,0+1+2,ebike+driver+passenger,27.890,35.855,0,"ebike:0, driver:0, passenger:0"
1555,51.833,bifpn,0+1+2,ebike+driver+passenger,26.321,37.992,0,"ebike:0, driver:0, passenger:0"
1555,51.833,yolov8n,1+3+0,bicycle+motorcycle+person,29.206,34.240,0,"bicycle:0, motorcycle:0, person:0"
1556,51.867,baseline,0+1+2,ebike+driver+passenger,28.255,35.392,0,"ebike:0, driver:0, passenger:0"
1556,51.867,bifpn,0+1+2,ebike+driver+passenger,28.242,35.408,0,"ebike:0, driver:0, passenger:0"
1556,51.867,yolov8n,1+3+0,bicycle+motorcycle+person,26.625,37.559,0,"bicycle:0, motorcycle:0, person:0"
1557,51.900,baseline,0+1+2,ebike+driver+passenger,28.667,34.883,0,"ebike:0, driver:0, passenger:0"
1557,51.900,bifpn,0+1+2,ebike+driver+passenger,26.944,37.114,0,"ebike:0, driver:0, passenger:0"
1557,51.900,yolov8n,1+3+0,bicycle+motorcycle+person,28.700,34.843,0,"bicycle:0, motorcycle:0, person:0"
1558,51.933,baseline,0+1+2,ebike+driver+passenger,27.989,35.729,0,"ebike:0, driver:0, passenger:0"
1558,51.933,bifpn,0+1+2,ebike+driver+passenger,26.616,37.571,0,"ebike:0, driver:0, passenger:0"
1558,51.933,yolov8n,1+3+0,bicycle+motorcycle+person,29.478,33.923,0,"bicycle:0, motorcycle:0, person:0"
1559,51.967,baseline,0+1+2,ebike+driver+passenger,24.541,40.748,0,"ebike:0, driver:0, passenger:0"
1559,51.967,bifpn,0+1+2,ebike+driver+passenger,27.822,35.943,0,"ebike:0, driver:0, passenger:0"
1559,51.967,yolov8n,1+3+0,bicycle+motorcycle+person,25.964,38.514,0,"bicycle:0, motorcycle:0, person:0"
1560,52.000,baseline,0+1+2,ebike+driver+passenger,27.859,35.896,0,"ebike:0, driver:0, passenger:0"
1560,52.000,bifpn,0+1+2,ebike+driver+passenger,27.206,36.756,0,"ebike:0, driver:0, passenger:0"
1560,52.000,yolov8n,1+3+0,bicycle+motorcycle+person,26.427,37.840,0,"bicycle:0, motorcycle:0, person:0"
1561,52.033,baseline,0+1+2,ebike+driver+passenger,28.958,34.532,0,"ebike:0, driver:0, passenger:0"
1561,52.033,bifpn,0+1+2,ebike+driver+passenger,27.515,36.344,0,"ebike:0, driver:0, passenger:0"
1561,52.033,yolov8n,1+3+0,bicycle+motorcycle+person,27.151,36.831,0,"bicycle:0, motorcycle:0, person:0"
1562,52.067,baseline,0+1+2,ebike+driver+passenger,28.027,35.680,0,"ebike:0, driver:0, passenger:0"
1562,52.067,bifpn,0+1+2,ebike+driver+passenger,27.316,36.609,0,"ebike:0, driver:0, passenger:0"
1562,52.067,yolov8n,1+3+0,bicycle+motorcycle+person,28.493,35.097,0,"bicycle:0, motorcycle:0, person:0"
1563,52.100,baseline,0+1+2,ebike+driver+passenger,24.380,41.017,0,"ebike:0, driver:0, passenger:0"
1563,52.100,bifpn,0+1+2,ebike+driver+passenger,26.603,37.590,0,"ebike:0, driver:0, passenger:0"
1563,52.100,yolov8n,1+3+0,bicycle+motorcycle+person,26.962,37.089,0,"bicycle:0, motorcycle:0, person:0"
1564,52.133,baseline,0+1+2,ebike+driver+passenger,30.093,33.230,0,"ebike:0, driver:0, passenger:0"
1564,52.133,bifpn,0+1+2,ebike+driver+passenger,28.337,35.290,0,"ebike:0, driver:0, passenger:0"
1564,52.133,yolov8n,1+3+0,bicycle+motorcycle+person,27.189,36.780,0,"bicycle:0, motorcycle:0, person:0"
1565,52.167,baseline,0+1+2,ebike+driver+passenger,28.403,35.207,0,"ebike:0, driver:0, passenger:0"
1565,52.167,bifpn,0+1+2,ebike+driver+passenger,26.767,37.360,0,"ebike:0, driver:0, passenger:0"
1565,52.167,yolov8n,1+3+0,bicycle+motorcycle+person,29.386,34.030,0,"bicycle:0, motorcycle:0, person:0"
1566,52.200,baseline,0+1+2,ebike+driver+passenger,27.595,36.238,0,"ebike:0, driver:0, passenger:0"
1566,52.200,bifpn,0+1+2,ebike+driver+passenger,27.884,35.863,0,"ebike:0, driver:0, passenger:0"
1566,52.200,yolov8n,1+3+0,bicycle+motorcycle+person,27.369,36.538,0,"bicycle:0, motorcycle:0, person:0"
1567,52.233,baseline,0+1+2,ebike+driver+passenger,28.593,34.974,0,"ebike:0, driver:0, passenger:0"
1567,52.233,bifpn,0+1+2,ebike+driver+passenger,29.247,34.192,0,"ebike:0, driver:0, passenger:0"
1567,52.233,yolov8n,1+3+0,bicycle+motorcycle+person,26.300,38.023,1,"bicycle:0, motorcycle:1, person:0"
1568,52.267,baseline,0+1+2,ebike+driver+passenger,27.674,36.134,0,"ebike:0, driver:0, passenger:0"
1568,52.267,bifpn,0+1+2,ebike+driver+passenger,26.518,37.710,0,"ebike:0, driver:0, passenger:0"
1568,52.267,yolov8n,1+3+0,bicycle+motorcycle+person,28.264,35.381,1,"bicycle:0, motorcycle:1, person:0"
1569,52.300,baseline,0+1+2,ebike+driver+passenger,27.793,35.980,0,"ebike:0, driver:0, passenger:0"
1569,52.300,bifpn,0+1+2,ebike+driver+passenger,27.490,36.377,0,"ebike:0, driver:0, passenger:0"
1569,52.300,yolov8n,1+3+0,bicycle+motorcycle+person,31.992,31.258,1,"bicycle:0, motorcycle:1, person:0"
1570,52.333,baseline,0+1+2,ebike+driver+passenger,29.371,34.047,0,"ebike:0, driver:0, passenger:0"
1570,52.333,bifpn,0+1+2,ebike+driver+passenger,25.869,38.656,0,"ebike:0, driver:0, passenger:0"
1570,52.333,yolov8n,1+3+0,bicycle+motorcycle+person,29.535,33.858,1,"bicycle:0, motorcycle:1, person:0"
1571,52.367,baseline,0+1+2,ebike+driver+passenger,30.131,33.188,0,"ebike:0, driver:0, passenger:0"
1571,52.367,bifpn,0+1+2,ebike+driver+passenger,27.180,36.792,0,"ebike:0, driver:0, passenger:0"
1571,52.367,yolov8n,1+3+0,bicycle+motorcycle+person,29.445,33.961,1,"bicycle:0, motorcycle:1, person:0"
1572,52.400,baseline,0+1+2,ebike+driver+passenger,27.583,36.254,0,"ebike:0, driver:0, passenger:0"
1572,52.400,bifpn,0+1+2,ebike+driver+passenger,25.570,39.108,0,"ebike:0, driver:0, passenger:0"
1572,52.400,yolov8n,1+3+0,bicycle+motorcycle+person,27.559,36.286,1,"bicycle:0, motorcycle:1, person:0"
1573,52.433,baseline,0+1+2,ebike+driver+passenger,28.190,35.474,0,"ebike:0, driver:0, passenger:0"
1573,52.433,bifpn,0+1+2,ebike+driver+passenger,30.017,33.315,0,"ebike:0, driver:0, passenger:0"
1573,52.433,yolov8n,1+3+0,bicycle+motorcycle+person,27.866,35.886,2,"bicycle:0, motorcycle:1, person:1"
1574,52.467,baseline,0+1+2,ebike+driver+passenger,28.763,34.767,0,"ebike:0, driver:0, passenger:0"
1574,52.467,bifpn,0+1+2,ebike+driver+passenger,29.697,33.673,0,"ebike:0, driver:0, passenger:0"
1574,52.467,yolov8n,1+3+0,bicycle+motorcycle+person,31.419,31.828,2,"bicycle:0, motorcycle:1, person:1"
1575,52.500,baseline,0+1+2,ebike+driver+passenger,29.901,33.443,0,"ebike:0, driver:0, passenger:0"
1575,52.500,bifpn,0+1+2,ebike+driver+passenger,30.042,33.287,0,"ebike:0, driver:0, passenger:0"
1575,52.500,yolov8n,1+3+0,bicycle+motorcycle+person,30.999,32.260,2,"bicycle:0, motorcycle:1, person:1"
1576,52.533,baseline,0+1+2,ebike+driver+passenger,28.102,35.584,0,"ebike:0, driver:0, passenger:0"
1576,52.533,bifpn,0+1+2,ebike+driver+passenger,30.703,32.570,0,"ebike:0, driver:0, passenger:0"
1576,52.533,yolov8n,1+3+0,bicycle+motorcycle+person,29.605,33.778,3,"bicycle:0, motorcycle:1, person:2"
1577,52.567,baseline,0+1+2,ebike+driver+passenger,28.203,35.457,0,"ebike:0, driver:0, passenger:0"
1577,52.567,bifpn,0+1+2,ebike+driver+passenger,27.062,36.952,0,"ebike:0, driver:0, passenger:0"
1577,52.567,yolov8n,1+3+0,bicycle+motorcycle+person,28.490,35.100,3,"bicycle:0, motorcycle:1, person:2"
1578,52.600,baseline,0+1+2,ebike+driver+passenger,27.506,36.356,0,"ebike:0, driver:0, passenger:0"
1578,52.600,bifpn,0+1+2,ebike+driver+passenger,29.422,33.989,0,"ebike:0, driver:0, passenger:0"
1578,52.600,yolov8n,1+3+0,bicycle+motorcycle+person,26.725,37.419,3,"bicycle:0, motorcycle:1, person:2"
1579,52.633,baseline,0+1+2,ebike+driver+passenger,30.303,32.999,0,"ebike:0, driver:0, passenger:0"
1579,52.633,bifpn,0+1+2,ebike+driver+passenger,29.214,34.230,0,"ebike:0, driver:0, passenger:0"
1579,52.633,yolov8n,1+3+0,bicycle+motorcycle+person,32.161,31.094,3,"bicycle:0, motorcycle:1, person:2"
1580,52.667,baseline,0+1+2,ebike+driver+passenger,29.753,33.610,0,"ebike:0, driver:0, passenger:0"
1580,52.667,bifpn,0+1+2,ebike+driver+passenger,30.024,33.306,0,"ebike:0, driver:0, passenger:0"
1580,52.667,yolov8n,1+3+0,bicycle+motorcycle+person,28.444,35.157,3,"bicycle:0, motorcycle:1, person:2"
1581,52.700,baseline,0+1+2,ebike+driver+passenger,27.520,36.337,0,"ebike:0, driver:0, passenger:0"
1581,52.700,bifpn,0+1+2,ebike+driver+passenger,28.078,35.615,0,"ebike:0, driver:0, passenger:0"
1581,52.700,yolov8n,1+3+0,bicycle+motorcycle+person,26.871,37.215,2,"bicycle:0, motorcycle:0, person:2"
1582,52.733,baseline,0+1+2,ebike+driver+passenger,27.887,35.859,0,"ebike:0, driver:0, passenger:0"
1582,52.733,bifpn,0+1+2,ebike+driver+passenger,29.831,33.522,0,"ebike:0, driver:0, passenger:0"
1582,52.733,yolov8n,1+3+0,bicycle+motorcycle+person,29.565,33.823,3,"bicycle:0, motorcycle:1, person:2"
1583,52.767,baseline,0+1+2,ebike+driver+passenger,26.937,37.123,0,"ebike:0, driver:0, passenger:0"
1583,52.767,bifpn,0+1+2,ebike+driver+passenger,26.766,37.361,0,"ebike:0, driver:0, passenger:0"
1583,52.767,yolov8n,1+3+0,bicycle+motorcycle+person,28.089,35.602,5,"bicycle:0, motorcycle:1, person:4"
1584,52.800,baseline,0+1+2,ebike+driver+passenger,32.766,30.520,0,"ebike:0, driver:0, passenger:0"
1584,52.800,bifpn,0+1+2,ebike+driver+passenger,28.940,34.554,0,"ebike:0, driver:0, passenger:0"
1584,52.800,yolov8n,1+3+0,bicycle+motorcycle+person,31.913,31.335,4,"bicycle:0, motorcycle:1, person:3"
1585,52.833,baseline,0+1+2,ebike+driver+passenger,28.396,35.216,0,"ebike:0, driver:0, passenger:0"
1585,52.833,bifpn,0+1+2,ebike+driver+passenger,27.097,36.905,0,"ebike:0, driver:0, passenger:0"
1585,52.833,yolov8n,1+3+0,bicycle+motorcycle+person,26.360,37.937,6,"bicycle:0, motorcycle:2, person:4"
1586,52.867,baseline,0+1+2,ebike+driver+passenger,27.774,36.005,0,"ebike:0, driver:0, passenger:0"
1586,52.867,bifpn,0+1+2,ebike+driver+passenger,27.339,36.577,0,"ebike:0, driver:0, passenger:0"
1586,52.867,yolov8n,1+3+0,bicycle+motorcycle+person,27.926,35.809,4,"bicycle:0, motorcycle:1, person:3"
1587,52.900,baseline,0+1+2,ebike+driver+passenger,29.715,33.654,0,"ebike:0, driver:0, passenger:0"
1587,52.900,bifpn,0+1+2,ebike+driver+passenger,27.145,36.839,0,"ebike:0, driver:0, passenger:0"
1587,52.900,yolov8n,1+3+0,bicycle+motorcycle+person,31.528,31.718,5,"bicycle:0, motorcycle:1, person:4"
1588,52.933,baseline,0+1+2,ebike+driver+passenger,28.206,35.454,0,"ebike:0, driver:0, passenger:0"
1588,52.933,bifpn,0+1+2,ebike+driver+passenger,29.284,34.148,0,"ebike:0, driver:0, passenger:0"
1588,52.933,yolov8n,1+3+0,bicycle+motorcycle+person,28.883,34.622,4,"bicycle:0, motorcycle:1, person:3"
1589,52.967,baseline,0+1+2,ebike+driver+passenger,30.522,32.763,0,"ebike:0, driver:0, passenger:0"
1589,52.967,bifpn,0+1+2,ebike+driver+passenger,31.571,31.675,0,"ebike:0, driver:0, passenger:0"
1589,52.967,yolov8n,1+3+0,bicycle+motorcycle+person,30.440,32.851,3,"bicycle:0, motorcycle:1, person:2"
1590,53.000,baseline,0+1+2,ebike+driver+passenger,26.962,37.089,0,"ebike:0, driver:0, passenger:0"
1590,53.000,bifpn,0+1+2,ebike+driver+passenger,27.405,36.489,0,"ebike:0, driver:0, passenger:0"
1590,53.000,yolov8n,1+3+0,bicycle+motorcycle+person,29.674,33.699,2,"bicycle:0, motorcycle:0, person:2"
1591,53.033,baseline,0+1+2,ebike+driver+passenger,30.373,32.924,0,"ebike:0, driver:0, passenger:0"
1591,53.033,bifpn,0+1+2,ebike+driver+passenger,29.336,34.088,0,"ebike:0, driver:0, passenger:0"
1591,53.033,yolov8n,1+3+0,bicycle+motorcycle+person,29.769,33.592,5,"bicycle:0, motorcycle:1, person:4"
1592,53.067,baseline,0+1+2,ebike+driver+passenger,28.436,35.167,0,"ebike:0, driver:0, passenger:0"
1592,53.067,bifpn,0+1+2,ebike+driver+passenger,27.357,36.554,0,"ebike:0, driver:0, passenger:0"
1592,53.067,yolov8n,1+3+0,bicycle+motorcycle+person,28.760,34.770,3,"bicycle:0, motorcycle:0, person:3"
1593,53.100,baseline,0+1+2,ebike+driver+passenger,26.512,37.719,0,"ebike:0, driver:0, passenger:0"
1593,53.100,bifpn,0+1+2,ebike+driver+passenger,25.689,38.927,0,"ebike:0, driver:0, passenger:0"
1593,53.100,yolov8n,1+3+0,bicycle+motorcycle+person,28.965,34.524,5,"bicycle:0, motorcycle:1, person:4"
1594,53.133,baseline,0+1+2,ebike+driver+passenger,29.687,33.684,0,"ebike:0, driver:0, passenger:0"
1594,53.133,bifpn,0+1+2,ebike+driver+passenger,29.074,34.395,0,"ebike:0, driver:0, passenger:0"
1594,53.133,yolov8n,1+3+0,bicycle+motorcycle+person,31.254,31.996,6,"bicycle:0, motorcycle:1, person:5"
1595,53.167,baseline,0+1+2,ebike+driver+passenger,26.467,37.783,0,"ebike:0, driver:0, passenger:0"
1595,53.167,bifpn,0+1+2,ebike+driver+passenger,25.449,39.295,0,"ebike:0, driver:0, passenger:0"
1595,53.167,yolov8n,1+3+0,bicycle+motorcycle+person,29.605,33.778,3,"bicycle:0, motorcycle:0, person:3"
1596,53.200,baseline,0+1+2,ebike+driver+passenger,27.849,35.909,0,"ebike:0, driver:0, passenger:0"
1596,53.200,bifpn,0+1+2,ebike+driver+passenger,28.816,34.703,0,"ebike:0, driver:0, passenger:0"
1596,53.200,yolov8n,1+3+0,bicycle+motorcycle+person,29.500,33.898,7,"bicycle:0, motorcycle:1, person:6"
1597,53.233,baseline,0+1+2,ebike+driver+passenger,28.277,35.365,0,"ebike:0, driver:0, passenger:0"
1597,53.233,bifpn,0+1+2,ebike+driver+passenger,28.376,35.241,0,"ebike:0, driver:0, passenger:0"
1597,53.233,yolov8n,1+3+0,bicycle+motorcycle+person,29.846,33.506,6,"bicycle:0, motorcycle:1, person:5"
1598,53.267,baseline,0+1+2,ebike+driver+passenger,27.775,36.004,0,"ebike:0, driver:0, passenger:0"
1598,53.267,bifpn,0+1+2,ebike+driver+passenger,28.076,35.618,0,"ebike:0, driver:0, passenger:0"
1598,53.267,yolov8n,1+3+0,bicycle+motorcycle+person,28.456,35.141,5,"bicycle:0, motorcycle:0, person:5"
1599,53.300,baseline,0+1+2,ebike+driver+passenger,27.757,36.027,0,"ebike:0, driver:0, passenger:0"
1599,53.300,bifpn,0+1+2,ebike+driver+passenger,27.438,36.445,0,"ebike:0, driver:0, passenger:0"
1599,53.300,yolov8n,1+3+0,bicycle+motorcycle+person,28.766,34.763,5,"bicycle:0, motorcycle:0, person:5"
1600,53.333,baseline,0+1+2,ebike+driver+passenger,26.505,37.728,0,"ebike:0, driver:0, passenger:0"
1600,53.333,bifpn,0+1+2,ebike+driver+passenger,27.278,36.659,0,"ebike:0, driver:0, passenger:0"
1600,53.333,yolov8n,1+3+0,bicycle+motorcycle+person,28.601,34.964,3,"bicycle:0, motorcycle:0, person:3"
1601,53.367,baseline,0+1+2,ebike+driver+passenger,27.860,35.893,0,"ebike:0, driver:0, passenger:0"
1601,53.367,bifpn,0+1+2,ebike+driver+passenger,29.020,34.459,0,"ebike:0, driver:0, passenger:0"
1601,53.367,yolov8n,1+3+0,bicycle+motorcycle+person,27.561,36.283,7,"bicycle:0, motorcycle:2, person:5"
1602,53.400,baseline,0+1+2,ebike+driver+passenger,28.275,35.367,0,"ebike:0, driver:0, passenger:0"
1602,53.400,bifpn,0+1+2,ebike+driver+passenger,25.431,39.323,0,"ebike:0, driver:0, passenger:0"
1602,53.400,yolov8n,1+3+0,bicycle+motorcycle+person,29.313,34.115,6,"bicycle:0, motorcycle:0, person:6"
1603,53.433,baseline,0+1+2,ebike+driver+passenger,29.105,34.358,0,"ebike:0, driver:0, passenger:0"
1603,53.433,bifpn,0+1+2,ebike+driver+passenger,30.364,32.933,0,"ebike:0, driver:0, passenger:0"
1603,53.433,yolov8n,1+3+0,bicycle+motorcycle+person,29.117,34.344,4,"bicycle:0, motorcycle:1, person:3"
1604,53.467,baseline,0+1+2,ebike+driver+passenger,27.957,35.769,0,"ebike:0, driver:0, passenger:0"
1604,53.467,bifpn,0+1+2,ebike+driver+passenger,27.400,36.497,0,"ebike:0, driver:0, passenger:0"
1604,53.467,yolov8n,1+3+0,bicycle+motorcycle+person,30.249,33.059,6,"bicycle:0, motorcycle:2, person:4"
1605,53.500,baseline,0+1+2,ebike+driver+passenger,27.931,35.802,0,"ebike:0, driver:0, passenger:0"
1605,53.500,bifpn,0+1+2,ebike+driver+passenger,28.308,35.326,0,"ebike:0, driver:0, passenger:0"
1605,53.500,yolov8n,1+3+0,bicycle+motorcycle+person,29.738,33.627,4,"bicycle:0, motorcycle:0, person:4"
1606,53.533,baseline,0+1+2,ebike+driver+passenger,28.552,35.024,0,"ebike:0, driver:0, passenger:0"
1606,53.533,bifpn,0+1+2,ebike+driver+passenger,27.510,36.351,0,"ebike:0, driver:0, passenger:0"
1606,53.533,yolov8n,1+3+0,bicycle+motorcycle+person,29.405,34.007,4,"bicycle:0, motorcycle:1, person:3"
1607,53.567,baseline,0+1+2,ebike+driver+passenger,27.916,35.821,0,"ebike:0, driver:0, passenger:0"
1607,53.567,bifpn,0+1+2,ebike+driver+passenger,26.675,37.488,0,"ebike:0, driver:0, passenger:0"
1607,53.567,yolov8n,1+3+0,bicycle+motorcycle+person,27.618,36.209,5,"bicycle:0, motorcycle:0, person:5"
1608,53.600,baseline,0+1+2,ebike+driver+passenger,25.650,38.986,0,"ebike:0, driver:0, passenger:0"
1608,53.600,bifpn,0+1+2,ebike+driver+passenger,25.147,39.766,0,"ebike:0, driver:0, passenger:0"
1608,53.600,yolov8n,1+3+0,bicycle+motorcycle+person,27.554,36.292,4,"bicycle:0, motorcycle:1, person:3"
1609,53.633,baseline,0+1+2,ebike+driver+passenger,28.464,35.133,0,"ebike:0, driver:0, passenger:0"
1609,53.633,bifpn,0+1+2,ebike+driver+passenger,29.092,34.373,0,"ebike:0, driver:0, passenger:0"
1609,53.633,yolov8n,1+3+0,bicycle+motorcycle+person,29.525,33.869,7,"bicycle:0, motorcycle:2, person:5"
1610,53.667,baseline,0+1+2,ebike+driver+passenger,29.862,33.488,0,"ebike:0, driver:0, passenger:0"
1610,53.667,bifpn,0+1+2,ebike+driver+passenger,27.942,35.789,0,"ebike:0, driver:0, passenger:0"
1610,53.667,yolov8n,1+3+0,bicycle+motorcycle+person,28.398,35.213,7,"bicycle:0, motorcycle:3, person:4"
1611,53.700,baseline,0+1+2,ebike+driver+passenger,27.044,36.977,0,"ebike:0, driver:0, passenger:0"
1611,53.700,bifpn,0+1+2,ebike+driver+passenger,26.638,37.540,0,"ebike:0, driver:0, passenger:0"
1611,53.700,yolov8n,1+3+0,bicycle+motorcycle+person,28.934,34.562,6,"bicycle:0, motorcycle:3, person:3"
1612,53.733,baseline,0+1+2,ebike+driver+passenger,25.018,39.972,0,"ebike:0, driver:0, passenger:0"
1612,53.733,bifpn,0+1+2,ebike+driver+passenger,25.638,39.004,0,"ebike:0, driver:0, passenger:0"
1612,53.733,yolov8n,1+3+0,bicycle+motorcycle+person,26.623,37.561,5,"bicycle:0, motorcycle:2, person:3"
1613,53.767,baseline,0+1+2,ebike+driver+passenger,34.083,29.340,0,"ebike:0, driver:0, passenger:0"
1613,53.767,bifpn,0+1+2,ebike+driver+passenger,28.202,35.459,0,"ebike:0, driver:0, passenger:0"
1613,53.767,yolov8n,1+3+0,bicycle+motorcycle+person,30.241,33.068,4,"bicycle:0, motorcycle:1, person:3"
1614,53.800,baseline,0+1+2,ebike+driver+passenger,27.950,35.778,0,"ebike:0, driver:0, passenger:0"
1614,53.800,bifpn,0+1+2,ebike+driver+passenger,27.836,35.925,0,"ebike:0, driver:0, passenger:0"
1614,53.800,yolov8n,1+3+0,bicycle+motorcycle+person,28.922,34.576,4,"bicycle:0, motorcycle:1, person:3"
1615,53.833,baseline,0+1+2,ebike+driver+passenger,27.761,36.022,0,"ebike:0, driver:0, passenger:0"
1615,53.833,bifpn,0+1+2,ebike+driver+passenger,27.768,36.012,0,"ebike:0, driver:0, passenger:0"
1615,53.833,yolov8n,1+3+0,bicycle+motorcycle+person,29.075,34.394,5,"bicycle:0, motorcycle:1, person:4"
1616,53.867,baseline,0+1+2,ebike+driver+passenger,30.482,32.806,0,"ebike:0, driver:0, passenger:0"
1616,53.867,bifpn,0+1+2,ebike+driver+passenger,27.634,36.187,0,"ebike:0, driver:0, passenger:0"
1616,53.867,yolov8n,1+3+0,bicycle+motorcycle+person,28.552,35.023,4,"bicycle:0, motorcycle:1, person:3"
1617,53.900,baseline,0+1+2,ebike+driver+passenger,26.514,37.716,0,"ebike:0, driver:0, passenger:0"
1617,53.900,bifpn,0+1+2,ebike+driver+passenger,25.674,38.950,0,"ebike:0, driver:0, passenger:0"
1617,53.900,yolov8n,1+3+0,bicycle+motorcycle+person,29.402,34.011,3,"bicycle:0, motorcycle:1, person:2"
1618,53.933,baseline,0+1+2,ebike+driver+passenger,28.663,34.889,0,"ebike:0, driver:0, passenger:0"
1618,53.933,bifpn,0+1+2,ebike+driver+passenger,28.618,34.944,0,"ebike:0, driver:0, passenger:0"
1618,53.933,yolov8n,1+3+0,bicycle+motorcycle+person,27.454,36.425,3,"bicycle:0, motorcycle:1, person:2"
1619,53.967,baseline,0+1+2,ebike+driver+passenger,28.975,34.512,0,"ebike:0, driver:0, passenger:0"
1619,53.967,bifpn,0+1+2,ebike+driver+passenger,26.378,37.911,0,"ebike:0, driver:0, passenger:0"
1619,53.967,yolov8n,1+3+0,bicycle+motorcycle+person,31.113,32.141,4,"bicycle:0, motorcycle:1, person:3"
1620,54.000,baseline,0+1+2,ebike+driver+passenger,29.314,34.113,0,"ebike:0, driver:0, passenger:0"
1620,54.000,bifpn,0+1+2,ebike+driver+passenger,26.518,37.710,0,"ebike:0, driver:0, passenger:0"
1620,54.000,yolov8n,1+3+0,bicycle+motorcycle+person,29.409,34.003,4,"bicycle:0, motorcycle:1, person:3"
1621,54.033,baseline,0+1+2,ebike+driver+passenger,26.706,37.445,0,"ebike:0, driver:0, passenger:0"
1621,54.033,bifpn,0+1+2,ebike+driver+passenger,27.797,35.975,0,"ebike:0, driver:0, passenger:0"
1621,54.033,yolov8n,1+3+0,bicycle+motorcycle+person,28.027,35.680,4,"bicycle:0, motorcycle:1, person:3"
1622,54.067,baseline,0+1+2,ebike+driver+passenger,27.925,35.810,0,"ebike:0, driver:0, passenger:0"
1622,54.067,bifpn,0+1+2,ebike+driver+passenger,27.692,36.112,0,"ebike:0, driver:0, passenger:0"
1622,54.067,yolov8n,1+3+0,bicycle+motorcycle+person,29.612,33.770,3,"bicycle:0, motorcycle:1, person:2"
1623,54.100,baseline,0+1+2,ebike+driver+passenger,27.228,36.728,0,"ebike:0, driver:0, passenger:0"
1623,54.100,bifpn,0+1+2,ebike+driver+passenger,29.012,34.468,0,"ebike:0, driver:0, passenger:0"
1623,54.100,yolov8n,1+3+0,bicycle+motorcycle+person,26.373,37.918,3,"bicycle:0, motorcycle:1, person:2"
1624,54.133,baseline,0+1+2,ebike+driver+passenger,27.603,36.227,0,"ebike:0, driver:0, passenger:0"
1624,54.133,bifpn,0+1+2,ebike+driver+passenger,27.666,36.145,0,"ebike:0, driver:0, passenger:0"
1624,54.133,yolov8n,1+3+0,bicycle+motorcycle+person,29.326,34.099,5,"bicycle:0, motorcycle:1, person:4"
1625,54.167,baseline,0+1+2,ebike+driver+passenger,28.129,35.550,0,"ebike:0, driver:0, passenger:0"
1625,54.167,bifpn,0+1+2,ebike+driver+passenger,27.619,36.207,0,"ebike:0, driver:0, passenger:0"
1625,54.167,yolov8n,1+3+0,bicycle+motorcycle+person,28.246,35.403,4,"bicycle:0, motorcycle:1, person:3"
1626,54.200,baseline,0+1+2,ebike+driver+passenger,27.592,36.243,0,"ebike:0, driver:0, passenger:0"
1626,54.200,bifpn,0+1+2,ebike+driver+passenger,26.432,37.833,0,"ebike:0, driver:0, passenger:0"
1626,54.200,yolov8n,1+3+0,bicycle+motorcycle+person,28.712,34.829,3,"bicycle:0, motorcycle:1, person:2"
1627,54.233,baseline,0+1+2,ebike+driver+passenger,27.146,36.838,0,"ebike:0, driver:0, passenger:0"
1627,54.233,bifpn,0+1+2,ebike+driver+passenger,28.574,34.997,0,"ebike:0, driver:0, passenger:0"
1627,54.233,yolov8n,1+3+0,bicycle+motorcycle+person,29.996,33.338,7,"bicycle:0, motorcycle:1, person:6"
1628,54.267,baseline,0+1+2,ebike+driver+passenger,28.756,34.775,0,"ebike:0, driver:0, passenger:0"
1628,54.267,bifpn,0+1+2,ebike+driver+passenger,29.993,33.341,0,"ebike:0, driver:0, passenger:0"
1628,54.267,yolov8n,1+3+0,bicycle+motorcycle+person,31.296,31.953,4,"bicycle:0, motorcycle:1, person:3"
1629,54.300,baseline,0+1+2,ebike+driver+passenger,29.283,34.149,0,"ebike:0, driver:0, passenger:0"
1629,54.300,bifpn,0+1+2,ebike+driver+passenger,26.859,37.231,0,"ebike:0, driver:0, passenger:0"
1629,54.300,yolov8n,1+3+0,bicycle+motorcycle+person,29.103,34.360,3,"bicycle:0, motorcycle:1, person:2"
1630,54.333,baseline,0+1+2,ebike+driver+passenger,27.219,36.739,0,"ebike:0, driver:0, passenger:0"
1630,54.333,bifpn,0+1+2,ebike+driver+passenger,28.470,35.125,0,"ebike:0, driver:0, passenger:0"
1630,54.333,yolov8n,1+3+0,bicycle+motorcycle+person,30.787,32.481,4,"bicycle:0, motorcycle:1, person:3"
1631,54.367,baseline,0+1+2,ebike+driver+passenger,29.281,34.152,0,"ebike:0, driver:0, passenger:0"
1631,54.367,bifpn,0+1+2,ebike+driver+passenger,30.433,32.859,0,"ebike:0, driver:0, passenger:0"
1631,54.367,yolov8n,1+3+0,bicycle+motorcycle+person,28.137,35.540,4,"bicycle:0, motorcycle:2, person:2"
1632,54.400,baseline,0+1+2,ebike+driver+passenger,29.721,33.646,0,"ebike:0, driver:0, passenger:0"
1632,54.400,bifpn,0+1+2,ebike+driver+passenger,25.749,38.836,0,"ebike:0, driver:0, passenger:0"
1632,54.400,yolov8n,1+3+0,bicycle+motorcycle+person,29.967,33.370,2,"bicycle:0, motorcycle:1, person:1"
1633,54.433,baseline,0+1+2,ebike+driver+passenger,28.424,35.182,0,"ebike:0, driver:0, passenger:0"
1633,54.433,bifpn,0+1+2,ebike+driver+passenger,26.568,37.640,0,"ebike:0, driver:0, passenger:0"
1633,54.433,yolov8n,1+3+0,bicycle+motorcycle+person,29.368,34.050,2,"bicycle:0, motorcycle:1, person:1"
1634,54.467,baseline,0+1+2,ebike+driver+passenger,26.142,38.252,0,"ebike:0, driver:0, passenger:0"
1634,54.467,bifpn,0+1+2,ebike+driver+passenger,25.178,39.717,0,"ebike:0, driver:0, passenger:0"
1634,54.467,yolov8n,1+3+0,bicycle+motorcycle+person,28.091,35.599,3,"bicycle:0, motorcycle:1, person:2"
1635,54.500,baseline,0+1+2,ebike+driver+passenger,29.330,34.095,0,"ebike:0, driver:0, passenger:0"
1635,54.500,bifpn,0+1+2,ebike+driver+passenger,27.206,36.757,0,"ebike:0, driver:0, passenger:0"
1635,54.500,yolov8n,1+3+0,bicycle+motorcycle+person,31.175,32.077,3,"bicycle:0, motorcycle:1, person:2"
1636,54.533,baseline,0+1+2,ebike+driver+passenger,28.986,34.499,0,"ebike:0, driver:0, passenger:0"
1636,54.533,bifpn,0+1+2,ebike+driver+passenger,26.584,37.616,0,"ebike:0, driver:0, passenger:0"
1636,54.533,yolov8n,1+3+0,bicycle+motorcycle+person,30.230,33.079,3,"bicycle:0, motorcycle:1, person:2"
1637,54.567,baseline,0+1+2,ebike+driver+passenger,27.190,36.779,0,"ebike:0, driver:0, passenger:0"
1637,54.567,bifpn,0+1+2,ebike+driver+passenger,28.147,35.527,0,"ebike:0, driver:0, passenger:0"
1637,54.567,yolov8n,1+3+0,bicycle+motorcycle+person,30.404,32.891,2,"bicycle:0, motorcycle:1, person:1"
1638,54.600,baseline,0+1+2,ebike+driver+passenger,28.322,35.308,0,"ebike:0, driver:0, passenger:0"
1638,54.600,bifpn,0+1+2,ebike+driver+passenger,27.294,36.638,0,"ebike:0, driver:0, passenger:0"
1638,54.600,yolov8n,1+3+0,bicycle+motorcycle+person,31.300,31.948,2,"bicycle:0, motorcycle:1, person:1"
1639,54.633,baseline,0+1+2,ebike+driver+passenger,31.232,32.018,0,"ebike:0, driver:0, passenger:0"
1639,54.633,bifpn,0+1+2,ebike+driver+passenger,28.739,34.796,0,"ebike:0, driver:0, passenger:0"
1639,54.633,yolov8n,1+3+0,bicycle+motorcycle+person,29.792,33.566,2,"bicycle:0, motorcycle:1, person:1"
1640,54.667,baseline,0+1+2,ebike+driver+passenger,26.659,37.511,0,"ebike:0, driver:0, passenger:0"
1640,54.667,bifpn,0+1+2,ebike+driver+passenger,27.956,35.770,0,"ebike:0, driver:0, passenger:0"
1640,54.667,yolov8n,1+3+0,bicycle+motorcycle+person,29.196,34.251,2,"bicycle:0, motorcycle:1, person:1"
1641,54.700,baseline,0+1+2,ebike+driver+passenger,26.879,37.204,0,"ebike:0, driver:0, passenger:0"
1641,54.700,bifpn,0+1+2,ebike+driver+passenger,25.762,38.817,0,"ebike:0, driver:0, passenger:0"
1641,54.700,yolov8n,1+3+0,bicycle+motorcycle+person,29.218,34.225,4,"bicycle:0, motorcycle:2, person:2"
1642,54.733,baseline,0+1+2,ebike+driver+passenger,27.046,36.974,0,"ebike:0, driver:0, passenger:0"
1642,54.733,bifpn,0+1+2,ebike+driver+passenger,29.519,33.877,0,"ebike:0, driver:0, passenger:0"
1642,54.733,yolov8n,1+3+0,bicycle+motorcycle+person,28.742,34.793,5,"bicycle:0, motorcycle:3, person:2"
1643,54.767,baseline,0+1+2,ebike+driver+passenger,26.235,38.118,0,"ebike:0, driver:0, passenger:0"
1643,54.767,bifpn,0+1+2,ebike+driver+passenger,28.502,35.085,0,"ebike:0, driver:0, passenger:0"
1643,54.767,yolov8n,1+3+0,bicycle+motorcycle+person,29.208,34.238,5,"bicycle:0, motorcycle:2, person:3"
1644,54.800,baseline,0+1+2,ebike+driver+passenger,28.592,34.974,0,"ebike:0, driver:0, passenger:0"
1644,54.800,bifpn,0+1+2,ebike+driver+passenger,27.016,37.015,0,"ebike:0, driver:0, passenger:0"
1644,54.800,yolov8n,1+3+0,bicycle+motorcycle+person,26.276,38.057,6,"bicycle:0, motorcycle:2, person:4"
1645,54.833,baseline,0+1+2,ebike+driver+passenger,27.120,36.874,0,"ebike:0, driver:0, passenger:0"
1645,54.833,bifpn,0+1+2,ebike+driver+passenger,26.767,37.359,0,"ebike:0, driver:0, passenger:0"
1645,54.833,yolov8n,1+3+0,bicycle+motorcycle+person,28.498,35.090,4,"bicycle:0, motorcycle:2, person:2"
1646,54.867,baseline,0+1+2,ebike+driver+passenger,29.714,33.655,0,"ebike:0, driver:0, passenger:0"
1646,54.867,bifpn,0+1+2,ebike+driver+passenger,25.987,38.481,0,"ebike:0, driver:0, passenger:0"
1646,54.867,yolov8n,1+3+0,bicycle+motorcycle+person,27.169,36.806,5,"bicycle:0, motorcycle:3, person:2"
1647,54.900,baseline,0+1+2,ebike+driver+passenger,27.212,36.748,0,"ebike:0, driver:0, passenger:0"
1647,54.900,bifpn,0+1+2,ebike+driver+passenger,27.857,35.898,0,"ebike:0, driver:0, passenger:0"
1647,54.900,yolov8n,1+3+0,bicycle+motorcycle+person,26.281,38.050,5,"bicycle:0, motorcycle:2, person:3"
1648,54.933,baseline,0+1+2,ebike+driver+passenger,27.997,35.718,0,"ebike:0, driver:0, passenger:0"
1648,54.933,bifpn,0+1+2,ebike+driver+passenger,25.045,39.929,0,"ebike:0, driver:0, passenger:0"
1648,54.933,yolov8n,1+3+0,bicycle+motorcycle+person,32.055,31.197,4,"bicycle:0, motorcycle:2, person:2"
1649,54.967,baseline,0+1+2,ebike+driver+passenger,26.716,37.431,0,"ebike:0, driver:0, passenger:0"
1649,54.967,bifpn,0+1+2,ebike+driver+passenger,25.838,38.703,0,"ebike:0, driver:0, passenger:0"
1649,54.967,yolov8n,1+3+0,bicycle+motorcycle+person,27.739,36.051,5,"bicycle:0, motorcycle:2, person:3"
1650,55.000,baseline,0+1+2,ebike+driver+passenger,28.886,34.619,0,"ebike:0, driver:0, passenger:0"
1650,55.000,bifpn,0+1+2,ebike+driver+passenger,28.283,35.357,0,"ebike:0, driver:0, passenger:0"
1650,55.000,yolov8n,1+3+0,bicycle+motorcycle+person,29.282,34.150,7,"bicycle:0, motorcycle:3, person:4"
1651,55.033,baseline,0+1+2,ebike+driver+passenger,27.163,36.815,0,"ebike:0, driver:0, passenger:0"
1651,55.033,bifpn,0+1+2,ebike+driver+passenger,27.317,36.608,0,"ebike:0, driver:0, passenger:0"
1651,55.033,yolov8n,1+3+0,bicycle+motorcycle+person,26.816,37.291,4,"bicycle:0, motorcycle:2, person:2"
1652,55.067,baseline,0+1+2,ebike+driver+passenger,27.381,36.521,0,"ebike:0, driver:0, passenger:0"
1652,55.067,bifpn,0+1+2,ebike+driver+passenger,27.633,36.189,0,"ebike:0, driver:0, passenger:0"
1652,55.067,yolov8n,1+3+0,bicycle+motorcycle+person,28.614,34.947,6,"bicycle:0, motorcycle:3, person:3"
1653,55.100,baseline,0+1+2,ebike+driver+passenger,27.028,36.998,0,"ebike:0, driver:0, passenger:0"
1653,55.100,bifpn,0+1+2,ebike+driver+passenger,28.401,35.210,0,"ebike:0, driver:0, passenger:0"
1653,55.100,yolov8n,1+3+0,bicycle+motorcycle+person,27.887,35.859,4,"bicycle:0, motorcycle:2, person:2"
1654,55.133,baseline,0+1+2,ebike+driver+passenger,26.927,37.138,0,"ebike:0, driver:0, passenger:0"
1654,55.133,bifpn,0+1+2,ebike+driver+passenger,27.945,35.785,0,"ebike:0, driver:0, passenger:0"
1654,55.133,yolov8n,1+3+0,bicycle+motorcycle+person,28.890,34.614,5,"bicycle:0, motorcycle:2, person:3"
1655,55.167,baseline,0+1+2,ebike+driver+passenger,27.741,36.048,0,"ebike:0, driver:0, passenger:0"
1655,55.167,bifpn,0+1+2,ebike+driver+passenger,26.908,37.164,0,"ebike:0, driver:0, passenger:0"
1655,55.167,yolov8n,1+3+0,bicycle+motorcycle+person,29.457,33.948,3,"bicycle:0, motorcycle:1, person:2"
1656,55.200,baseline,0+1+2,ebike+driver+passenger,28.698,34.846,0,"ebike:0, driver:0, passenger:0"
1656,55.200,bifpn,0+1+2,ebike+driver+passenger,28.521,35.061,0,"ebike:0, driver:0, passenger:0"
1656,55.200,yolov8n,1+3+0,bicycle+motorcycle+person,28.620,34.940,4,"bicycle:0, motorcycle:1, person:3"
1657,55.233,baseline,0+1+2,ebike+driver+passenger,27.735,36.056,0,"ebike:0, driver:0, passenger:0"
1657,55.233,bifpn,0+1+2,ebike+driver+passenger,25.967,38.510,0,"ebike:0, driver:0, passenger:0"
1657,55.233,yolov8n,1+3+0,bicycle+motorcycle+person,28.186,35.478,6,"bicycle:0, motorcycle:3, person:3"
1658,55.267,baseline,0+1+2,ebike+driver+passenger,27.078,36.930,0,"ebike:0, driver:0, passenger:0"
1658,55.267,bifpn,0+1+2,ebike+driver+passenger,27.834,35.927,0,"ebike:0, driver:0, passenger:0"
1658,55.267,yolov8n,1+3+0,bicycle+motorcycle+person,28.645,34.911,5,"bicycle:0, motorcycle:2, person:3"
1659,55.300,baseline,0+1+2,ebike+driver+passenger,27.759,36.024,0,"ebike:0, driver:0, passenger:0"
1659,55.300,bifpn,0+1+2,ebike+driver+passenger,27.214,36.746,0,"ebike:0, driver:0, passenger:0"
1659,55.300,yolov8n,1+3+0,bicycle+motorcycle+person,29.266,34.169,4,"bicycle:0, motorcycle:2, person:2"
1660,55.333,baseline,0+1+2,ebike+driver+passenger,26.654,37.518,0,"ebike:0, driver:0, passenger:0"
1660,55.333,bifpn,0+1+2,ebike+driver+passenger,25.678,38.944,0,"ebike:0, driver:0, passenger:0"
1660,55.333,yolov8n,1+3+0,bicycle+motorcycle+person,29.040,34.435,4,"bicycle:0, motorcycle:2, person:2"
1661,55.367,baseline,0+1+2,ebike+driver+passenger,31.918,31.330,0,"ebike:0, driver:0, passenger:0"
1661,55.367,bifpn,0+1+2,ebike+driver+passenger,31.165,32.088,0,"ebike:0, driver:0, passenger:0"
1661,55.367,yolov8n,1+3+0,bicycle+motorcycle+person,30.338,32.962,6,"bicycle:0, motorcycle:2, person:4"
1662,55.400,baseline,0+1+2,ebike+driver+passenger,27.539,36.313,0,"ebike:0, driver:0, passenger:0"
1662,55.400,bifpn,0+1+2,ebike+driver+passenger,28.322,35.308,0,"ebike:0, driver:0, passenger:0"
1662,55.400,yolov8n,1+3+0,bicycle+motorcycle+person,27.632,36.190,5,"bicycle:0, motorcycle:2, person:3"
1663,55.433,baseline,0+1+2,ebike+driver+passenger,27.743,36.046,0,"ebike:0, driver:0, passenger:0"
1663,55.433,bifpn,0+1+2,ebike+driver+passenger,26.512,37.718,0,"ebike:0, driver:0, passenger:0"
1663,55.433,yolov8n,1+3+0,bicycle+motorcycle+person,28.707,34.835,5,"bicycle:0, motorcycle:2, person:3"
1664,55.467,baseline,0+1+2,ebike+driver+passenger,28.258,35.388,0,"ebike:0, driver:0, passenger:0"
1664,55.467,bifpn,0+1+2,ebike+driver+passenger,27.406,36.488,0,"ebike:0, driver:0, passenger:0"
1664,55.467,yolov8n,1+3+0,bicycle+motorcycle+person,29.923,33.419,5,"bicycle:0, motorcycle:3, person:2"
1665,55.500,baseline,0+1+2,ebike+driver+passenger,26.594,37.602,0,"ebike:0, driver:0, passenger:0"
1665,55.500,bifpn,0+1+2,ebike+driver+passenger,25.706,38.902,0,"ebike:0, driver:0, passenger:0"
1665,55.500,yolov8n,1+3+0,bicycle+motorcycle+person,29.461,33.943,1,"bicycle:0, motorcycle:0, person:1"
1666,55.533,baseline,0+1+2,ebike+driver+passenger,27.387,36.513,0,"ebike:0, driver:0, passenger:0"
1666,55.533,bifpn,0+1+2,ebike+driver+passenger,27.980,35.739,0,"ebike:0, driver:0, passenger:0"
1666,55.533,yolov8n,1+3+0,bicycle+motorcycle+person,28.028,35.679,4,"bicycle:0, motorcycle:2, person:2"
1667,55.567,baseline,0+1+2,ebike+driver+passenger,29.966,33.371,0,"ebike:0, driver:0, passenger:0"
1667,55.567,bifpn,0+1+2,ebike+driver+passenger,27.169,36.807,0,"ebike:0, driver:0, passenger:0"
1667,55.567,yolov8n,1+3+0,bicycle+motorcycle+person,28.884,34.622,5,"bicycle:0, motorcycle:2, person:3"
1668,55.600,baseline,0+1+2,ebike+driver+passenger,26.712,37.437,0,"ebike:0, driver:0, passenger:0"
1668,55.600,bifpn,0+1+2,ebike+driver+passenger,29.108,34.355,0,"ebike:0, driver:0, passenger:0"
1668,55.600,yolov8n,1+3+0,bicycle+motorcycle+person,29.515,33.881,2,"bicycle:0, motorcycle:1, person:1"
1669,55.633,baseline,0+1+2,ebike+driver+passenger,27.470,36.403,0,"ebike:0, driver:0, passenger:0"
1669,55.633,bifpn,0+1+2,ebike+driver+passenger,27.787,35.988,0,"ebike:0, driver:0, passenger:0"
1669,55.633,yolov8n,1+3+0,bicycle+motorcycle+person,30.195,33.118,1,"bicycle:0, motorcycle:0, person:1"
1670,55.667,baseline,0+1+2,ebike+driver+passenger,27.353,36.559,0,"ebike:0, driver:0, passenger:0"
1670,55.667,bifpn,0+1+2,ebike+driver+passenger,25.991,38.474,0,"ebike:0, driver:0, passenger:0"
1670,55.667,yolov8n,1+3+0,bicycle+motorcycle+person,28.727,34.810,1,"bicycle:0, motorcycle:0, person:1"
1671,55.700,baseline,0+1+2,ebike+driver+passenger,27.745,36.043,0,"ebike:0, driver:0, passenger:0"
1671,55.700,bifpn,0+1+2,ebike+driver+passenger,27.057,36.959,0,"ebike:0, driver:0, passenger:0"
1671,55.700,yolov8n,1+3+0,bicycle+motorcycle+person,30.400,32.894,2,"bicycle:0, motorcycle:0, person:2"
1672,55.733,baseline,0+1+2,ebike+driver+passenger,27.302,36.627,0,"ebike:0, driver:0, passenger:0"
1672,55.733,bifpn,0+1+2,ebike+driver+passenger,27.372,36.534,0,"ebike:0, driver:0, passenger:0"
1672,55.733,yolov8n,1+3+0,bicycle+motorcycle+person,29.365,34.054,4,"bicycle:0, motorcycle:1, person:3"
1673,55.767,baseline,0+1+2,ebike+driver+passenger,30.144,33.174,0,"ebike:0, driver:0, passenger:0"
1673,55.767,bifpn,0+1+2,ebike+driver+passenger,27.523,36.333,0,"ebike:0, driver:0, passenger:0"
1673,55.767,yolov8n,1+3+0,bicycle+motorcycle+person,28.230,35.423,1,"bicycle:0, motorcycle:0, person:1"
1674,55.800,baseline,0+1+2,ebike+driver+passenger,28.599,34.966,0,"ebike:0, driver:0, passenger:0"
1674,55.800,bifpn,0+1+2,ebike+driver+passenger,29.446,33.960,0,"ebike:0, driver:0, passenger:0"
1674,55.800,yolov8n,1+3+0,bicycle+motorcycle+person,29.397,34.017,2,"bicycle:0, motorcycle:1, person:1"
1675,55.833,baseline,0+1+2,ebike+driver+passenger,27.168,36.808,0,"ebike:0, driver:0, passenger:0"
1675,55.833,bifpn,0+1+2,ebike+driver+passenger,28.127,35.553,0,"ebike:0, driver:0, passenger:0"
1675,55.833,yolov8n,1+3+0,bicycle+motorcycle+person,30.199,33.114,3,"bicycle:0, motorcycle:2, person:1"
1676,55.867,baseline,0+1+2,ebike+driver+passenger,28.962,34.528,0,"ebike:0, driver:0, passenger:0"
1676,55.867,bifpn,0+1+2,ebike+driver+passenger,27.464,36.411,0,"ebike:0, driver:0, passenger:0"
1676,55.867,yolov8n,1+3+0,bicycle+motorcycle+person,29.984,33.351,1,"bicycle:0, motorcycle:0, person:1"
1677,55.900,baseline,0+1+2,ebike+driver+passenger,28.146,35.530,0,"ebike:0, driver:0, passenger:0"
1677,55.900,bifpn,0+1+2,ebike+driver+passenger,27.656,36.158,0,"ebike:0, driver:0, passenger:0"
1677,55.900,yolov8n,1+3+0,bicycle+motorcycle+person,27.554,36.293,2,"bicycle:0, motorcycle:1, person:1"
1678,55.933,baseline,0+1+2,ebike+driver+passenger,26.729,37.413,0,"ebike:0, driver:0, passenger:0"
1678,55.933,bifpn,0+1+2,ebike+driver+passenger,26.333,37.975,0,"ebike:0, driver:0, passenger:0"
1678,55.933,yolov8n,1+3+0,bicycle+motorcycle+person,29.218,34.225,3,"bicycle:0, motorcycle:1, person:2"
1679,55.967,baseline,0+1+2,ebike+driver+passenger,28.682,34.866,0,"ebike:0, driver:0, passenger:0"
1679,55.967,bifpn,0+1+2,ebike+driver+passenger,29.110,34.352,0,"ebike:0, driver:0, passenger:0"
1679,55.967,yolov8n,1+3+0,bicycle+motorcycle+person,28.478,35.115,3,"bicycle:0, motorcycle:1, person:2"
1680,56.000,baseline,0+1+2,ebike+driver+passenger,26.194,38.177,0,"ebike:0, driver:0, passenger:0"
1680,56.000,bifpn,0+1+2,ebike+driver+passenger,26.111,38.299,0,"ebike:0, driver:0, passenger:0"
1680,56.000,yolov8n,1+3+0,bicycle+motorcycle+person,29.558,33.831,3,"bicycle:0, motorcycle:2, person:1"
1681,56.033,baseline,0+1+2,ebike+driver+passenger,29.215,34.228,0,"ebike:0, driver:0, passenger:0"
1681,56.033,bifpn,0+1+2,ebike+driver+passenger,27.746,36.041,0,"ebike:0, driver:0, passenger:0"
1681,56.033,yolov8n,1+3+0,bicycle+motorcycle+person,31.086,32.169,4,"bicycle:0, motorcycle:1, person:3"
1682,56.067,baseline,0+1+2,ebike+driver+passenger,27.673,36.136,0,"ebike:0, driver:0, passenger:0"
1682,56.067,bifpn,0+1+2,ebike+driver+passenger,28.132,35.547,0,"ebike:0, driver:0, passenger:0"
1682,56.067,yolov8n,1+3+0,bicycle+motorcycle+person,28.103,35.583,3,"bicycle:0, motorcycle:0, person:3"
1683,56.100,baseline,0+1+2,ebike+driver+passenger,27.783,35.993,0,"ebike:0, driver:0, passenger:0"
1683,56.100,bifpn,0+1+2,ebike+driver+passenger,26.918,37.149,0,"ebike:0, driver:0, passenger:0"
1683,56.100,yolov8n,1+3+0,bicycle+motorcycle+person,27.732,36.059,2,"bicycle:0, motorcycle:1, person:1"
1684,56.133,baseline,0+1+2,ebike+driver+passenger,26.876,37.208,0,"ebike:0, driver:0, passenger:0"
1684,56.133,bifpn,0+1+2,ebike+driver+passenger,28.183,35.483,0,"ebike:0, driver:0, passenger:0"
1684,56.133,yolov8n,1+3+0,bicycle+motorcycle+person,27.147,36.837,2,"bicycle:0, motorcycle:1, person:1"
1685,56.167,baseline,0+1+2,ebike+driver+passenger,28.927,34.569,0,"ebike:0, driver:0, passenger:0"
1685,56.167,bifpn,0+1+2,ebike+driver+passenger,27.953,35.774,0,"ebike:0, driver:0, passenger:0"
1685,56.167,yolov8n,1+3+0,bicycle+motorcycle+person,28.952,34.540,5,"bicycle:0, motorcycle:3, person:2"
1686,56.200,baseline,0+1+2,ebike+driver+passenger,26.491,37.748,0,"ebike:0, driver:0, passenger:0"
1686,56.200,bifpn,0+1+2,ebike+driver+passenger,26.881,37.201,0,"ebike:0, driver:0, passenger:0"
1686,56.200,yolov8n,1+3+0,bicycle+motorcycle+person,27.572,36.269,4,"bicycle:0, motorcycle:1, person:3"
1687,56.233,baseline,0+1+2,ebike+driver+passenger,28.520,35.063,0,"ebike:0, driver:0, passenger:0"
1687,56.233,bifpn,0+1+2,ebike+driver+passenger,23.701,42.193,0,"ebike:0, driver:0, passenger:0"
1687,56.233,yolov8n,1+3+0,bicycle+motorcycle+person,26.881,37.201,5,"bicycle:0, motorcycle:2, person:3"
1688,56.267,baseline,0+1+2,ebike+driver+passenger,29.143,34.313,0,"ebike:0, driver:0, passenger:0"
1688,56.267,bifpn,0+1+2,ebike+driver+passenger,29.456,33.949,0,"ebike:0, driver:0, passenger:0"
1688,56.267,yolov8n,1+3+0,bicycle+motorcycle+person,31.317,31.932,2,"bicycle:0, motorcycle:0, person:2"
1689,56.300,baseline,0+1+2,ebike+driver+passenger,28.655,34.898,0,"ebike:0, driver:0, passenger:0"
1689,56.300,bifpn,0+1+2,ebike+driver+passenger,29.078,34.390,0,"ebike:0, driver:0, passenger:0"
1689,56.300,yolov8n,1+3+0,bicycle+motorcycle+person,28.982,34.504,1,"bicycle:0, motorcycle:0, person:1"
1690,56.333,baseline,0+1+2,ebike+driver+passenger,28.082,35.610,0,"ebike:0, driver:0, passenger:0"
1690,56.333,bifpn,0+1+2,ebike+driver+passenger,27.664,36.148,0,"ebike:0, driver:0, passenger:0"
1690,56.333,yolov8n,1+3+0,bicycle+motorcycle+person,29.786,33.573,3,"bicycle:0, motorcycle:1, person:2"
1691,56.367,baseline,0+1+2,ebike+driver+passenger,26.654,37.517,0,"ebike:0, driver:0, passenger:0"
1691,56.367,bifpn,0+1+2,ebike+driver+passenger,25.272,39.570,0,"ebike:0, driver:0, passenger:0"
1691,56.367,yolov8n,1+3+0,bicycle+motorcycle+person,27.208,36.754,1,"bicycle:0, motorcycle:0, person:1"
1692,56.400,baseline,0+1+2,ebike+driver+passenger,27.054,36.964,0,"ebike:0, driver:0, passenger:0"
1692,56.400,bifpn,0+1+2,ebike+driver+passenger,29.032,34.444,0,"ebike:0, driver:0, passenger:0"
1692,56.400,yolov8n,1+3+0,bicycle+motorcycle+person,29.072,34.398,3,"bicycle:0, motorcycle:1, person:2"
1693,56.433,baseline,0+1+2,ebike+driver+passenger,28.948,34.545,0,"ebike:0, driver:0, passenger:0"
1693,56.433,bifpn,0+1+2,ebike+driver+passenger,26.903,37.171,0,"ebike:0, driver:0, passenger:0"
1693,56.433,yolov8n,1+3+0,bicycle+motorcycle+person,29.564,33.825,2,"bicycle:0, motorcycle:0, person:2"
1694,56.467,baseline,0+1+2,ebike+driver+passenger,31.420,31.827,0,"ebike:0, driver:0, passenger:0"
1694,56.467,bifpn,0+1+2,ebike+driver+passenger,28.099,35.589,0,"ebike:0, driver:0, passenger:0"
1694,56.467,yolov8n,1+3+0,bicycle+motorcycle+person,29.393,34.022,2,"bicycle:0, motorcycle:0, person:2"
1695,56.500,baseline,0+1+2,ebike+driver+passenger,26.920,37.147,0,"ebike:0, driver:0, passenger:0"
1695,56.500,bifpn,0+1+2,ebike+driver+passenger,27.212,36.748,0,"ebike:0, driver:0, passenger:0"
1695,56.500,yolov8n,1+3+0,bicycle+motorcycle+person,30.198,33.115,2,"bicycle:0, motorcycle:0, person:2"
1696,56.533,baseline,0+1+2,ebike+driver+passenger,27.351,36.562,0,"ebike:0, driver:0, passenger:0"
1696,56.533,bifpn,0+1+2,ebike+driver+passenger,27.968,35.756,0,"ebike:0, driver:0, passenger:0"
1696,56.533,yolov8n,1+3+0,bicycle+motorcycle+person,30.361,32.937,2,"bicycle:0, motorcycle:0, person:2"
1697,56.567,baseline,0+1+2,ebike+driver+passenger,29.505,33.893,0,"ebike:0, driver:0, passenger:0"
1697,56.567,bifpn,0+1+2,ebike+driver+passenger,27.475,36.397,0,"ebike:0, driver:0, passenger:0"
1697,56.567,yolov8n,1+3+0,bicycle+motorcycle+person,30.991,32.268,2,"bicycle:0, motorcycle:0, person:2"
1698,56.600,baseline,0+1+2,ebike+driver+passenger,29.945,33.395,0,"ebike:0, driver:0, passenger:0"
1698,56.600,bifpn,0+1+2,ebike+driver+passenger,28.514,35.071,0,"ebike:0, driver:0, passenger:0"
1698,56.600,yolov8n,1+3+0,bicycle+motorcycle+person,30.683,32.591,1,"bicycle:0, motorcycle:0, person:1"
1699,56.633,baseline,0+1+2,ebike+driver+passenger,26.477,37.769,0,"ebike:0, driver:0, passenger:0"
1699,56.633,bifpn,0+1+2,ebike+driver+passenger,26.775,37.348,0,"ebike:0, driver:0, passenger:0"
1699,56.633,yolov8n,1+3+0,bicycle+motorcycle+person,29.832,33.521,4,"bicycle:0, motorcycle:2, person:2"
1700,56.667,baseline,0+1+2,ebike+driver+passenger,26.526,37.699,0,"ebike:0, driver:0, passenger:0"
1700,56.667,bifpn,0+1+2,ebike+driver+passenger,24.490,40.833,0,"ebike:0, driver:0, passenger:0"
1700,56.667,yolov8n,1+3+0,bicycle+motorcycle+person,30.237,33.072,4,"bicycle:0, motorcycle:2, person:2"
1701,56.700,baseline,0+1+2,ebike+driver+passenger,27.121,36.872,0,"ebike:0, driver:0, passenger:0"
1701,56.700,bifpn,0+1+2,ebike+driver+passenger,27.108,36.890,0,"ebike:0, driver:0, passenger:0"
1701,56.700,yolov8n,1+3+0,bicycle+motorcycle+person,28.050,35.650,2,"bicycle:0, motorcycle:0, person:2"
1702,56.733,baseline,0+1+2,ebike+driver+passenger,25.468,39.265,0,"ebike:0, driver:0, passenger:0"
1702,56.733,bifpn,0+1+2,ebike+driver+passenger,26.505,37.728,0,"ebike:0, driver:0, passenger:0"
1702,56.733,yolov8n,1+3+0,bicycle+motorcycle+person,28.483,35.109,3,"bicycle:0, motorcycle:1, person:2"
1703,56.767,baseline,0+1+2,ebike+driver+passenger,27.285,36.650,0,"ebike:0, driver:0, passenger:0"
1703,56.767,bifpn,0+1+2,ebike+driver+passenger,26.345,37.958,0,"ebike:0, driver:0, passenger:0"
1703,56.767,yolov8n,1+3+0,bicycle+motorcycle+person,25.897,38.615,4,"bicycle:0, motorcycle:2, person:2"
1704,56.800,baseline,0+1+2,ebike+driver+passenger,28.266,35.379,0,"ebike:0, driver:0, passenger:0"
1704,56.800,bifpn,0+1+2,ebike+driver+passenger,28.596,34.970,0,"ebike:0, driver:0, passenger:0"
1704,56.800,yolov8n,1+3+0,bicycle+motorcycle+person,28.280,35.361,3,"bicycle:0, motorcycle:1, person:2"
1705,56.833,baseline,0+1+2,ebike+driver+passenger,28.535,35.045,0,"ebike:0, driver:0, passenger:0"
1705,56.833,bifpn,0+1+2,ebike+driver+passenger,25.964,38.515,0,"ebike:0, driver:0, passenger:0"
1705,56.833,yolov8n,1+3+0,bicycle+motorcycle+person,30.857,32.407,3,"bicycle:0, motorcycle:1, person:2"
1706,56.867,baseline,0+1+2,ebike+driver+passenger,28.487,35.103,0,"ebike:0, driver:0, passenger:0"
1706,56.867,bifpn,0+1+2,ebike+driver+passenger,27.249,36.698,0,"ebike:0, driver:0, passenger:0"
1706,56.867,yolov8n,1+3+0,bicycle+motorcycle+person,29.973,33.363,3,"bicycle:0, motorcycle:1, person:2"
1707,56.900,baseline,0+1+2,ebike+driver+passenger,28.531,35.049,0,"ebike:0, driver:0, passenger:0"
1707,56.900,bifpn,0+1+2,ebike+driver+passenger,27.634,36.187,0,"ebike:0, driver:0, passenger:0"
1707,56.900,yolov8n,1+3+0,bicycle+motorcycle+person,28.301,35.334,2,"bicycle:0, motorcycle:1, person:1"
1708,56.933,baseline,0+1+2,ebike+driver+passenger,27.717,36.079,0,"ebike:0, driver:0, passenger:0"
1708,56.933,bifpn,0+1+2,ebike+driver+passenger,25.418,39.342,0,"ebike:0, driver:0, passenger:0"
1708,56.933,yolov8n,1+3+0,bicycle+motorcycle+person,30.025,33.306,2,"bicycle:0, motorcycle:1, person:1"
1709,56.967,baseline,0+1+2,ebike+driver+passenger,30.180,33.134,0,"ebike:0, driver:0, passenger:0"
1709,56.967,bifpn,0+1+2,ebike+driver+passenger,26.302,38.020,0,"ebike:0, driver:0, passenger:0"
1709,56.967,yolov8n,1+3+0,bicycle+motorcycle+person,28.971,34.517,2,"bicycle:0, motorcycle:1, person:1"
1710,57.000,baseline,0+1+2,ebike+driver+passenger,27.056,36.960,0,"ebike:0, driver:0, passenger:0"
1710,57.000,bifpn,0+1+2,ebike+driver+passenger,27.771,36.009,0,"ebike:0, driver:0, passenger:0"
1710,57.000,yolov8n,1+3+0,bicycle+motorcycle+person,27.824,35.941,3,"bicycle:0, motorcycle:1, person:2"
1711,57.033,baseline,0+1+2,ebike+driver+passenger,27.264,36.678,0,"ebike:0, driver:0, passenger:0"
1711,57.033,bifpn,0+1+2,ebike+driver+passenger,28.196,35.466,0,"ebike:0, driver:0, passenger:0"
1711,57.033,yolov8n,1+3+0,bicycle+motorcycle+person,30.806,32.461,2,"bicycle:0, motorcycle:1, person:1"
1712,57.067,baseline,0+1+2,ebike+driver+passenger,27.586,36.250,0,"ebike:0, driver:0, passenger:0"
1712,57.067,bifpn,0+1+2,ebike+driver+passenger,26.980,37.064,0,"ebike:0, driver:0, passenger:0"
1712,57.067,yolov8n,1+3+0,bicycle+motorcycle+person,27.886,35.861,3,"bicycle:0, motorcycle:2, person:1"
1713,57.100,baseline,0+1+2,ebike+driver+passenger,30.152,33.165,0,"ebike:0, driver:0, passenger:0"
1713,57.100,bifpn,0+1+2,ebike+driver+passenger,28.043,35.659,0,"ebike:0, driver:0, passenger:0"
1713,57.100,yolov8n,1+3+0,bicycle+motorcycle+person,30.792,32.476,3,"bicycle:0, motorcycle:2, person:1"
1714,57.133,baseline,0+1+2,ebike+driver+passenger,28.722,34.816,0,"ebike:0, driver:0, passenger:0"
1714,57.133,bifpn,0+1+2,ebike+driver+passenger,26.472,37.776,0,"ebike:0, driver:0, passenger:0"
1714,57.133,yolov8n,1+3+0,bicycle+motorcycle+person,33.365,29.972,4,"bicycle:0, motorcycle:3, person:1"
1715,57.167,baseline,0+1+2,ebike+driver+passenger,29.595,33.789,0,"ebike:0, driver:0, passenger:0"
1715,57.167,bifpn,0+1+2,ebike+driver+passenger,29.038,34.438,0,"ebike:0, driver:0, passenger:0"
1715,57.167,yolov8n,1+3+0,bicycle+motorcycle+person,29.830,33.524,4,"bicycle:0, motorcycle:2, person:2"
1716,57.200,baseline,0+1+2,ebike+driver+passenger,30.381,32.916,0,"ebike:0, driver:0, passenger:0"
1716,57.200,bifpn,0+1+2,ebike+driver+passenger,27.724,36.070,0,"ebike:0, driver:0, passenger:0"
1716,57.200,yolov8n,1+3+0,bicycle+motorcycle+person,28.886,34.618,2,"bicycle:0, motorcycle:1, person:1"
1717,57.233,baseline,0+1+2,ebike+driver+passenger,28.777,34.750,0,"ebike:0, driver:0, passenger:0"
1717,57.233,bifpn,0+1+2,ebike+driver+passenger,28.601,34.963,0,"ebike:0, driver:0, passenger:0"
1717,57.233,yolov8n,1+3+0,bicycle+motorcycle+person,29.956,33.383,2,"bicycle:0, motorcycle:1, person:1"
1718,57.267,baseline,0+1+2,ebike+driver+passenger,31.370,31.877,0,"ebike:0, driver:0, passenger:0"
1718,57.267,bifpn,0+1+2,ebike+driver+passenger,26.886,37.194,0,"ebike:0, driver:0, passenger:0"
1718,57.267,yolov8n,1+3+0,bicycle+motorcycle+person,27.727,36.066,2,"bicycle:0, motorcycle:1, person:1"
1719,57.300,baseline,0+1+2,ebike+driver+passenger,28.493,35.097,0,"ebike:0, driver:0, passenger:0"
1719,57.300,bifpn,0+1+2,ebike+driver+passenger,27.330,36.590,0,"ebike:0, driver:0, passenger:0"
1719,57.300,yolov8n,1+3+0,bicycle+motorcycle+person,29.597,33.787,2,"bicycle:0, motorcycle:1, person:1"
1720,57.333,baseline,0+1+2,ebike+driver+passenger,30.207,33.105,0,"ebike:0, driver:0, passenger:0"
1720,57.333,bifpn,0+1+2,ebike+driver+passenger,28.801,34.721,0,"ebike:0, driver:0, passenger:0"
1720,57.333,yolov8n,1+3+0,bicycle+motorcycle+person,29.270,34.164,2,"bicycle:0, motorcycle:1, person:1"
1721,57.367,baseline,0+1+2,ebike+driver+passenger,30.697,32.577,0,"ebike:0, driver:0, passenger:0"
1721,57.367,bifpn,0+1+2,ebike+driver+passenger,26.789,37.329,0,"ebike:0, driver:0, passenger:0"
1721,57.367,yolov8n,1+3+0,bicycle+motorcycle+person,29.212,34.232,2,"bicycle:0, motorcycle:1, person:1"
1722,57.400,baseline,0+1+2,ebike+driver+passenger,29.599,33.785,0,"ebike:0, driver:0, passenger:0"
1722,57.400,bifpn,0+1+2,ebike+driver+passenger,27.823,35.941,0,"ebike:0, driver:0, passenger:0"
1722,57.400,yolov8n,1+3+0,bicycle+motorcycle+person,28.891,34.613,2,"bicycle:0, motorcycle:1, person:1"
1723,57.433,baseline,0+1+2,ebike+driver+passenger,30.359,32.939,0,"ebike:0, driver:0, passenger:0"
1723,57.433,bifpn,0+1+2,ebike+driver+passenger,30.618,32.661,0,"ebike:0, driver:0, passenger:0"
1723,57.433,yolov8n,1+3+0,bicycle+motorcycle+person,30.714,32.558,2,"bicycle:0, motorcycle:1, person:1"
1724,57.467,baseline,0+1+2,ebike+driver+passenger,27.678,36.130,0,"ebike:0, driver:0, passenger:0"
1724,57.467,bifpn,0+1+2,ebike+driver+passenger,27.219,36.739,0,"ebike:0, driver:0, passenger:0"
1724,57.467,yolov8n,1+3+0,bicycle+motorcycle+person,29.323,34.103,2,"bicycle:0, motorcycle:1, person:1"
1725,57.500,baseline,0+1+2,ebike+driver+passenger,26.783,37.337,0,"ebike:0, driver:0, passenger:0"
1725,57.500,bifpn,0+1+2,ebike+driver+passenger,27.327,36.594,0,"ebike:0, driver:0, passenger:0"
1725,57.500,yolov8n,1+3+0,bicycle+motorcycle+person,27.689,36.115,3,"bicycle:0, motorcycle:1, person:2"
1726,57.533,baseline,0+1+2,ebike+driver+passenger,25.638,39.005,0,"ebike:0, driver:0, passenger:0"
1726,57.533,bifpn,0+1+2,ebike+driver+passenger,26.421,37.849,0,"ebike:0, driver:0, passenger:0"
1726,57.533,yolov8n,1+3+0,bicycle+motorcycle+person,25.176,39.720,3,"bicycle:0, motorcycle:1, person:2"
1727,57.567,baseline,0+1+2,ebike+driver+passenger,28.076,35.617,0,"ebike:0, driver:0, passenger:0"
1727,57.567,bifpn,0+1+2,ebike+driver+passenger,27.780,35.997,0,"ebike:0, driver:0, passenger:0"
1727,57.567,yolov8n,1+3+0,bicycle+motorcycle+person,28.610,34.953,3,"bicycle:0, motorcycle:1, person:2"
1728,57.600,baseline,0+1+2,ebike+driver+passenger,29.328,34.097,0,"ebike:0, driver:0, passenger:0"
1728,57.600,bifpn,0+1+2,ebike+driver+passenger,30.356,32.942,0,"ebike:0, driver:0, passenger:0"
1728,57.600,yolov8n,1+3+0,bicycle+motorcycle+person,32.380,30.884,2,"bicycle:0, motorcycle:1, person:1"
1729,57.633,baseline,0+1+2,ebike+driver+passenger,26.186,38.189,0,"ebike:0, driver:0, passenger:0"
1729,57.633,bifpn,0+1+2,ebike+driver+passenger,27.317,36.607,0,"ebike:0, driver:0, passenger:0"
1729,57.633,yolov8n,1+3+0,bicycle+motorcycle+person,27.147,36.837,2,"bicycle:0, motorcycle:1, person:1"
1730,57.667,baseline,0+1+2,ebike+driver+passenger,27.661,36.152,0,"ebike:0, driver:0, passenger:0"
1730,57.667,bifpn,0+1+2,ebike+driver+passenger,27.676,36.133,0,"ebike:0, driver:0, passenger:0"
1730,57.667,yolov8n,1+3+0,bicycle+motorcycle+person,27.456,36.421,2,"bicycle:0, motorcycle:1, person:1"
1731,57.700,baseline,0+1+2,ebike+driver+passenger,29.406,34.006,0,"ebike:0, driver:0, passenger:0"
1731,57.700,bifpn,0+1+2,ebike+driver+passenger,25.273,39.567,0,"ebike:0, driver:0, passenger:0"
1731,57.700,yolov8n,1+3+0,bicycle+motorcycle+person,28.734,34.802,2,"bicycle:0, motorcycle:1, person:1"
1732,57.733,baseline,0+1+2,ebike+driver+passenger,28.084,35.607,0,"ebike:0, driver:0, passenger:0"
1732,57.733,bifpn,0+1+2,ebike+driver+passenger,27.946,35.784,0,"ebike:0, driver:0, passenger:0"
1732,57.733,yolov8n,1+3+0,bicycle+motorcycle+person,29.141,34.316,2,"bicycle:0, motorcycle:1, person:1"
1733,57.767,baseline,0+1+2,ebike+driver+passenger,25.325,39.487,0,"ebike:0, driver:0, passenger:0"
1733,57.767,bifpn,0+1+2,ebike+driver+passenger,27.012,37.021,0,"ebike:0, driver:0, passenger:0"
1733,57.767,yolov8n,1+3+0,bicycle+motorcycle+person,29.583,33.803,2,"bicycle:0, motorcycle:1, person:1"
1734,57.800,baseline,0+1+2,ebike+driver+passenger,26.409,37.865,0,"ebike:0, driver:0, passenger:0"
1734,57.800,bifpn,0+1+2,ebike+driver+passenger,28.371,35.247,0,"ebike:0, driver:0, passenger:0"
1734,57.800,yolov8n,1+3+0,bicycle+motorcycle+person,30.546,32.737,2,"bicycle:0, motorcycle:1, person:1"
1735,57.833,baseline,0+1+2,ebike+driver+passenger,28.665,34.886,0,"ebike:0, driver:0, passenger:0"
1735,57.833,bifpn,0+1+2,ebike+driver+passenger,25.604,39.056,0,"ebike:0, driver:0, passenger:0"
1735,57.833,yolov8n,1+3+0,bicycle+motorcycle+person,28.325,35.304,2,"bicycle:0, motorcycle:1, person:1"
1736,57.867,baseline,0+1+2,ebike+driver+passenger,27.532,36.322,0,"ebike:0, driver:0, passenger:0"
1736,57.867,bifpn,0+1+2,ebike+driver+passenger,28.506,35.081,0,"ebike:0, driver:0, passenger:0"
1736,57.867,yolov8n,1+3+0,bicycle+motorcycle+person,28.399,35.212,2,"bicycle:0, motorcycle:1, person:1"
1737,57.900,baseline,0+1+2,ebike+driver+passenger,25.988,38.480,0,"ebike:0, driver:0, passenger:0"
1737,57.900,bifpn,0+1+2,ebike+driver+passenger,26.089,38.330,0,"ebike:0, driver:0, passenger:0"
1737,57.900,yolov8n,1+3+0,bicycle+motorcycle+person,27.829,35.933,3,"bicycle:0, motorcycle:1, person:2"
1738,57.933,baseline,0+1+2,ebike+driver+passenger,28.226,35.428,0,"ebike:0, driver:0, passenger:0"
1738,57.933,bifpn,0+1+2,ebike+driver+passenger,27.974,35.747,0,"ebike:0, driver:0, passenger:0"
1738,57.933,yolov8n,1+3+0,bicycle+motorcycle+person,28.935,34.560,3,"bicycle:0, motorcycle:1, person:2"
1739,57.967,baseline,0+1+2,ebike+driver+passenger,26.852,37.241,0,"ebike:0, driver:0, passenger:0"
1739,57.967,bifpn,0+1+2,ebike+driver+passenger,25.838,38.703,0,"ebike:0, driver:0, passenger:0"
1739,57.967,yolov8n,1+3+0,bicycle+motorcycle+person,25.698,38.914,5,"bicycle:0, motorcycle:3, person:2"
1740,58.000,baseline,0+1+2,ebike+driver+passenger,26.608,37.582,0,"ebike:0, driver:0, passenger:0"
1740,58.000,bifpn,0+1+2,ebike+driver+passenger,25.294,39.536,0,"ebike:0, driver:0, passenger:0"
1740,58.000,yolov8n,1+3+0,bicycle+motorcycle+person,27.416,36.474,7,"bicycle:0, motorcycle:2, person:5"
1741,58.033,baseline,0+1+2,ebike+driver+passenger,27.515,36.343,0,"ebike:0, driver:0, passenger:0"
1741,58.033,bifpn,0+1+2,ebike+driver+passenger,28.418,35.189,0,"ebike:0, driver:0, passenger:0"
1741,58.033,yolov8n,1+3+0,bicycle+motorcycle+person,29.224,34.218,5,"bicycle:0, motorcycle:2, person:3"
1742,58.067,baseline,0+1+2,ebike+driver+passenger,27.407,36.487,0,"ebike:0, driver:0, passenger:0"
1742,58.067,bifpn,0+1+2,ebike+driver+passenger,28.795,34.729,0,"ebike:0, driver:0, passenger:0"
1742,58.067,yolov8n,1+3+0,bicycle+motorcycle+person,27.470,36.404,3,"bicycle:0, motorcycle:2, person:1"
1743,58.100,baseline,0+1+2,ebike+driver+passenger,26.744,37.392,0,"ebike:0, driver:0, passenger:0"
1743,58.100,bifpn,0+1+2,ebike+driver+passenger,25.502,39.213,0,"ebike:0, driver:0, passenger:0"
1743,58.100,yolov8n,1+3+0,bicycle+motorcycle+person,37.621,26.581,3,"bicycle:0, motorcycle:1, person:2"
1744,58.133,baseline,0+1+2,ebike+driver+passenger,28.692,34.853,0,"ebike:0, driver:0, passenger:0"
1744,58.133,bifpn,0+1+2,ebike+driver+passenger,26.467,37.782,0,"ebike:0, driver:0, passenger:0"
1744,58.133,yolov8n,1+3+0,bicycle+motorcycle+person,29.380,34.036,5,"bicycle:0, motorcycle:2, person:3"
1745,58.167,baseline,0+1+2,ebike+driver+passenger,28.299,35.337,0,"ebike:0, driver:0, passenger:0"
1745,58.167,bifpn,0+1+2,ebike+driver+passenger,27.786,35.990,0,"ebike:0, driver:0, passenger:0"
1745,58.167,yolov8n,1+3+0,bicycle+motorcycle+person,28.137,35.540,6,"bicycle:0, motorcycle:2, person:4"
1746,58.200,baseline,0+1+2,ebike+driver+passenger,29.151,34.304,0,"ebike:0, driver:0, passenger:0"
1746,58.200,bifpn,0+1+2,ebike+driver+passenger,26.483,37.761,0,"ebike:0, driver:0, passenger:0"
1746,58.200,yolov8n,1+3+0,bicycle+motorcycle+person,27.810,35.958,6,"bicycle:0, motorcycle:3, person:3"
1747,58.233,baseline,0+1+2,ebike+driver+passenger,27.532,36.321,0,"ebike:0, driver:0, passenger:0"
1747,58.233,bifpn,0+1+2,ebike+driver+passenger,27.158,36.821,0,"ebike:0, driver:0, passenger:0"
1747,58.233,yolov8n,1+3+0,bicycle+motorcycle+person,28.384,35.231,7,"bicycle:0, motorcycle:2, person:5"
1748,58.267,baseline,0+1+2,ebike+driver+passenger,26.157,38.230,0,"ebike:0, driver:0, passenger:0"
1748,58.267,bifpn,0+1+2,ebike+driver+passenger,25.700,38.910,0,"ebike:0, driver:0, passenger:0"
1748,58.267,yolov8n,1+3+0,bicycle+motorcycle+person,30.201,33.112,7,"bicycle:0, motorcycle:3, person:4"
1749,58.300,baseline,0+1+2,ebike+driver+passenger,25.584,39.086,0,"ebike:0, driver:0, passenger:0"
1749,58.300,bifpn,0+1+2,ebike+driver+passenger,27.778,36.000,0,"ebike:0, driver:0, passenger:0"
1749,58.300,yolov8n,1+3+0,bicycle+motorcycle+person,27.500,36.363,5,"bicycle:0, motorcycle:2, person:3"
1750,58.333,baseline,0+1+2,ebike+driver+passenger,26.299,38.024,0,"ebike:0, driver:0, passenger:0"
1750,58.333,bifpn,0+1+2,ebike+driver+passenger,26.625,37.559,0,"ebike:0, driver:0, passenger:0"
1750,58.333,yolov8n,1+3+0,bicycle+motorcycle+person,26.626,37.557,4,"bicycle:0, motorcycle:2, person:2"
1751,58.367,baseline,0+1+2,ebike+driver+passenger,26.414,37.858,0,"ebike:0, driver:0, passenger:0"
1751,58.367,bifpn,0+1+2,ebike+driver+passenger,27.288,36.646,0,"ebike:0, driver:0, passenger:0"
1751,58.367,yolov8n,1+3+0,bicycle+motorcycle+person,29.740,33.625,3,"bicycle:0, motorcycle:1, person:2"
1752,58.400,baseline,0+1+2,ebike+driver+passenger,29.357,34.063,0,"ebike:0, driver:0, passenger:0"
1752,58.400,bifpn,0+1+2,ebike+driver+passenger,29.239,34.201,0,"ebike:0, driver:0, passenger:0"
1752,58.400,yolov8n,1+3+0,bicycle+motorcycle+person,25.618,39.036,3,"bicycle:0, motorcycle:1, person:2"
1753,58.433,baseline,0+1+2,ebike+driver+passenger,28.947,34.545,0,"ebike:0, driver:0, passenger:0"
1753,58.433,bifpn,0+1+2,ebike+driver+passenger,28.619,34.942,0,"ebike:0, driver:0, passenger:0"
1753,58.433,yolov8n,1+3+0,bicycle+motorcycle+person,28.523,35.059,4,"bicycle:0, motorcycle:2, person:2"
1754,58.467,baseline,0+1+2,ebike+driver+passenger,27.360,36.549,0,"ebike:0, driver:0, passenger:0"
1754,58.467,bifpn,0+1+2,ebike+driver+passenger,27.537,36.315,0,"ebike:0, driver:0, passenger:0"
1754,58.467,yolov8n,1+3+0,bicycle+motorcycle+person,27.721,36.074,4,"bicycle:1, motorcycle:1, person:2"
1755,58.500,baseline,0+1+2,ebike+driver+passenger,26.379,37.909,0,"ebike:0, driver:0, passenger:0"
1755,58.500,bifpn,0+1+2,ebike+driver+passenger,25.479,39.248,0,"ebike:0, driver:0, passenger:0"
1755,58.500,yolov8n,1+3+0,bicycle+motorcycle+person,26.580,37.623,5,"bicycle:1, motorcycle:2, person:2"
1756,58.533,baseline,0+1+2,ebike+driver+passenger,28.783,34.743,0,"ebike:0, driver:0, passenger:0"
1756,58.533,bifpn,0+1+2,ebike+driver+passenger,27.921,35.815,0,"ebike:0, driver:0, passenger:0"
1756,58.533,yolov8n,1+3+0,bicycle+motorcycle+person,28.075,35.619,5,"bicycle:1, motorcycle:2, person:2"
1757,58.567,baseline,0+1+2,ebike+driver+passenger,28.178,35.489,0,"ebike:0, driver:0, passenger:0"
1757,58.567,bifpn,0+1+2,ebike+driver+passenger,27.344,36.572,0,"ebike:0, driver:0, passenger:0"
1757,58.567,yolov8n,1+3+0,bicycle+motorcycle+person,27.836,35.924,5,"bicycle:0, motorcycle:2, person:3"
1758,58.600,baseline,0+1+2,ebike+driver+passenger,28.494,35.095,0,"ebike:0, driver:0, passenger:0"
1758,58.600,bifpn,0+1+2,ebike+driver+passenger,29.033,34.444,0,"ebike:0, driver:0, passenger:0"
1758,58.600,yolov8n,1+3+0,bicycle+motorcycle+person,29.708,33.661,4,"bicycle:0, motorcycle:2, person:2"
1759,58.633,baseline,0+1+2,ebike+driver+passenger,30.865,32.399,0,"ebike:0, driver:0, passenger:0"
1759,58.633,bifpn,0+1+2,ebike+driver+passenger,28.863,34.646,0,"ebike:0, driver:0, passenger:0"
1759,58.633,yolov8n,1+3+0,bicycle+motorcycle+person,29.041,34.435,5,"bicycle:0, motorcycle:2, person:3"
1760,58.667,baseline,0+1+2,ebike+driver+passenger,29.150,34.305,0,"ebike:0, driver:0, passenger:0"
1760,58.667,bifpn,0+1+2,ebike+driver+passenger,26.710,37.439,0,"ebike:0, driver:0, passenger:0"
1760,58.667,yolov8n,1+3+0,bicycle+motorcycle+person,28.253,35.395,5,"bicycle:1, motorcycle:1, person:3"
1761,58.700,baseline,0+1+2,ebike+driver+passenger,28.386,35.228,0,"ebike:0, driver:0, passenger:0"
1761,58.700,bifpn,0+1+2,ebike+driver+passenger,28.087,35.603,0,"ebike:0, driver:0, passenger:0"
1761,58.700,yolov8n,1+3+0,bicycle+motorcycle+person,27.934,35.799,4,"bicycle:0, motorcycle:2, person:2"
1762,58.733,baseline,0+1+2,ebike+driver+passenger,27.481,36.388,0,"ebike:0, driver:0, passenger:0"
1762,58.733,bifpn,0+1+2,ebike+driver+passenger,27.573,36.267,0,"ebike:0, driver:0, passenger:0"
1762,58.733,yolov8n,1+3+0,bicycle+motorcycle+person,29.691,33.681,5,"bicycle:0, motorcycle:3, person:2"
1763,58.767,baseline,0+1+2,ebike+driver+passenger,29.608,33.775,0,"ebike:0, driver:0, passenger:0"
1763,58.767,bifpn,0+1+2,ebike+driver+passenger,26.975,37.071,0,"ebike:0, driver:0, passenger:0"
1763,58.767,yolov8n,1+3+0,bicycle+motorcycle+person,30.304,32.999,6,"bicycle:0, motorcycle:3, person:3"
1764,58.800,baseline,0+1+2,ebike+driver+passenger,30.139,33.179,0,"ebike:0, driver:0, passenger:0"
1764,58.800,bifpn,0+1+2,ebike+driver+passenger,28.555,35.020,0,"ebike:0, driver:0, passenger:0"
1764,58.800,yolov8n,1+3+0,bicycle+motorcycle+person,27.068,36.945,4,"bicycle:0, motorcycle:2, person:2"
1765,58.833,baseline,0+1+2,ebike+driver+passenger,29.290,34.142,0,"ebike:0, driver:0, passenger:0"
1765,58.833,bifpn,0+1+2,ebike+driver+passenger,24.850,40.241,0,"ebike:0, driver:0, passenger:0"
1765,58.833,yolov8n,1+3+0,bicycle+motorcycle+person,30.449,32.842,5,"bicycle:0, motorcycle:2, person:3"
1766,58.867,baseline,0+1+2,ebike+driver+passenger,28.481,35.111,0,"ebike:0, driver:0, passenger:0"
1766,58.867,bifpn,0+1+2,ebike+driver+passenger,26.626,37.557,0,"ebike:0, driver:0, passenger:0"
1766,58.867,yolov8n,1+3+0,bicycle+motorcycle+person,27.822,35.943,5,"bicycle:0, motorcycle:2, person:3"
1767,58.900,baseline,0+1+2,ebike+driver+passenger,29.512,33.884,0,"ebike:0, driver:0, passenger:0"
1767,58.900,bifpn,0+1+2,ebike+driver+passenger,26.593,37.603,0,"ebike:0, driver:0, passenger:0"
1767,58.900,yolov8n,1+3+0,bicycle+motorcycle+person,29.305,34.124,5,"bicycle:1, motorcycle:2, person:2"
1768,58.933,baseline,0+1+2,ebike+driver+passenger,26.474,37.773,0,"ebike:0, driver:0, passenger:0"
1768,58.933,bifpn,0+1+2,ebike+driver+passenger,30.873,32.391,0,"ebike:0, driver:0, passenger:0"
1768,58.933,yolov8n,1+3+0,bicycle+motorcycle+person,30.672,32.603,5,"bicycle:0, motorcycle:3, person:2"
1769,58.967,baseline,0+1+2,ebike+driver+passenger,29.702,33.667,0,"ebike:0, driver:0, passenger:0"
1769,58.967,bifpn,0+1+2,ebike+driver+passenger,27.670,36.140,0,"ebike:0, driver:0, passenger:0"
1769,58.967,yolov8n,1+3+0,bicycle+motorcycle+person,31.515,31.731,4,"bicycle:0, motorcycle:2, person:2"
1770,59.000,baseline,0+1+2,ebike+driver+passenger,28.407,35.203,0,"ebike:0, driver:0, passenger:0"
1770,59.000,bifpn,0+1+2,ebike+driver+passenger,26.123,38.280,0,"ebike:0, driver:0, passenger:0"
1770,59.000,yolov8n,1+3+0,bicycle+motorcycle+person,27.183,36.788,5,"bicycle:0, motorcycle:3, person:2"
1771,59.033,baseline,0+1+2,ebike+driver+passenger,27.523,36.333,0,"ebike:0, driver:0, passenger:0"
1771,59.033,bifpn,0+1+2,ebike+driver+passenger,26.719,37.427,0,"ebike:0, driver:0, passenger:0"
1771,59.033,yolov8n,1+3+0,bicycle+motorcycle+person,30.068,33.258,6,"bicycle:0, motorcycle:4, person:2"
1772,59.067,baseline,0+1+2,ebike+driver+passenger,29.339,34.084,0,"ebike:0, driver:0, passenger:0"
1772,59.067,bifpn,0+1+2,ebike+driver+passenger,27.556,36.289,0,"ebike:0, driver:0, passenger:0"
1772,59.067,yolov8n,1+3+0,bicycle+motorcycle+person,29.049,34.425,5,"bicycle:0, motorcycle:2, person:3"
1773,59.100,baseline,0+1+2,ebike+driver+passenger,28.086,35.605,0,"ebike:0, driver:0, passenger:0"
1773,59.100,bifpn,0+1+2,ebike+driver+passenger,28.458,35.139,0,"ebike:0, driver:0, passenger:0"
1773,59.100,yolov8n,1+3+0,bicycle+motorcycle+person,26.358,37.939,4,"bicycle:0, motorcycle:2, person:2"
1774,59.133,baseline,0+1+2,ebike+driver+passenger,29.590,33.795,0,"ebike:0, driver:0, passenger:0"
1774,59.133,bifpn,0+1+2,ebike+driver+passenger,29.431,33.978,0,"ebike:0, driver:0, passenger:0"
1774,59.133,yolov8n,1+3+0,bicycle+motorcycle+person,30.390,32.905,4,"bicycle:0, motorcycle:2, person:2"
1775,59.167,baseline,0+1+2,ebike+driver+passenger,28.706,34.836,0,"ebike:0, driver:0, passenger:0"
1775,59.167,bifpn,0+1+2,ebike+driver+passenger,28.244,35.405,0,"ebike:0, driver:0, passenger:0"
1775,59.167,yolov8n,1+3+0,bicycle+motorcycle+person,29.654,33.723,5,"bicycle:0, motorcycle:3, person:2"
1776,59.200,baseline,0+1+2,ebike+driver+passenger,27.293,36.640,0,"ebike:0, driver:0, passenger:0"
1776,59.200,bifpn,0+1+2,ebike+driver+passenger,28.422,35.184,0,"ebike:0, driver:0, passenger:0"
1776,59.200,yolov8n,1+3+0,bicycle+motorcycle+person,28.835,34.680,6,"bicycle:0, motorcycle:3, person:3"
1777,59.233,baseline,0+1+2,ebike+driver+passenger,28.376,35.241,0,"ebike:0, driver:0, passenger:0"
1777,59.233,bifpn,0+1+2,ebike+driver+passenger,29.660,33.715,0,"ebike:0, driver:0, passenger:0"
1777,59.233,yolov8n,1+3+0,bicycle+motorcycle+person,27.451,36.429,5,"bicycle:0, motorcycle:2, person:3"
1778,59.267,baseline,0+1+2,ebike+driver+passenger,29.231,34.210,0,"ebike:0, driver:0, passenger:0"
1778,59.267,bifpn,0+1+2,ebike+driver+passenger,30.562,32.720,0,"ebike:0, driver:0, passenger:0"
1778,59.267,yolov8n,1+3+0,bicycle+motorcycle+person,31.998,31.252,5,"bicycle:0, motorcycle:2, person:3"
1779,59.300,baseline,0+1+2,ebike+driver+passenger,29.350,34.072,0,"ebike:0, driver:0, passenger:0"
1779,59.300,bifpn,0+1+2,ebike+driver+passenger,24.622,40.614,0,"ebike:0, driver:0, passenger:0"
1779,59.300,yolov8n,1+3+0,bicycle+motorcycle+person,33.530,29.824,5,"bicycle:0, motorcycle:2, person:3"
1780,59.333,baseline,0+1+2,ebike+driver+passenger,28.375,35.242,0,"ebike:0, driver:0, passenger:0"
1780,59.333,bifpn,0+1+2,ebike+driver+passenger,27.776,36.002,0,"ebike:0, driver:0, passenger:0"
1780,59.333,yolov8n,1+3+0,bicycle+motorcycle+person,28.420,35.187,4,"bicycle:0, motorcycle:2, person:2"
1781,59.367,baseline,0+1+2,ebike+driver+passenger,27.184,36.786,0,"ebike:0, driver:0, passenger:0"
1781,59.367,bifpn,0+1+2,ebike+driver+passenger,26.897,37.179,0,"ebike:0, driver:0, passenger:0"
1781,59.367,yolov8n,1+3+0,bicycle+motorcycle+person,29.422,33.988,4,"bicycle:0, motorcycle:2, person:2"
1782,59.400,baseline,0+1+2,ebike+driver+passenger,28.610,34.953,0,"ebike:0, driver:0, passenger:0"
1782,59.400,bifpn,0+1+2,ebike+driver+passenger,25.350,39.447,0,"ebike:0, driver:0, passenger:0"
1782,59.400,yolov8n,1+3+0,bicycle+motorcycle+person,27.774,36.004,4,"bicycle:0, motorcycle:2, person:2"
1783,59.433,baseline,0+1+2,ebike+driver+passenger,26.706,37.444,0,"ebike:0, driver:0, passenger:0"
1783,59.433,bifpn,0+1+2,ebike+driver+passenger,26.623,37.561,0,"ebike:0, driver:0, passenger:0"
1783,59.433,yolov8n,1+3+0,bicycle+motorcycle+person,28.399,35.212,4,"bicycle:0, motorcycle:2, person:2"
1784,59.467,baseline,0+1+2,ebike+driver+passenger,27.496,36.368,0,"ebike:0, driver:0, passenger:0"
1784,59.467,bifpn,0+1+2,ebike+driver+passenger,26.632,37.548,0,"ebike:0, driver:0, passenger:0"
1784,59.467,yolov8n,1+3+0,bicycle+motorcycle+person,28.667,34.883,4,"bicycle:0, motorcycle:2, person:2"
1785,59.500,baseline,0+1+2,ebike+driver+passenger,28.067,35.629,0,"ebike:0, driver:0, passenger:0"
1785,59.500,bifpn,0+1+2,ebike+driver+passenger,28.149,35.526,0,"ebike:0, driver:0, passenger:0"
1785,59.500,yolov8n,1+3+0,bicycle+motorcycle+person,27.090,36.914,5,"bicycle:0, motorcycle:2, person:3"
1786,59.533,baseline,0+1+2,ebike+driver+passenger,28.490,35.100,0,"ebike:0, driver:0, passenger:0"
1786,59.533,bifpn,0+1+2,ebike+driver+passenger,28.406,35.204,0,"ebike:0, driver:0, passenger:0"
1786,59.533,yolov8n,1+3+0,bicycle+motorcycle+person,29.042,34.432,5,"bicycle:0, motorcycle:2, person:3"
1787,59.567,baseline,0+1+2,ebike+driver+passenger,27.721,36.074,0,"ebike:0, driver:0, passenger:0"
1787,59.567,bifpn,0+1+2,ebike+driver+passenger,28.213,35.444,0,"ebike:0, driver:0, passenger:0"
1787,59.567,yolov8n,1+3+0,bicycle+motorcycle+person,25.976,38.497,5,"bicycle:0, motorcycle:2, person:3"
1788,59.600,baseline,0+1+2,ebike+driver+passenger,24.812,40.303,0,"ebike:0, driver:0, passenger:0"
1788,59.600,bifpn,0+1+2,ebike+driver+passenger,25.628,39.020,0,"ebike:0, driver:0, passenger:0"
1788,59.600,yolov8n,1+3+0,bicycle+motorcycle+person,28.960,34.531,5,"bicycle:0, motorcycle:2, person:3"
1789,59.633,baseline,0+1+2,ebike+driver+passenger,26.860,37.230,0,"ebike:0, driver:0, passenger:0"
1789,59.633,bifpn,0+1+2,ebike+driver+passenger,27.407,36.487,0,"ebike:0, driver:0, passenger:0"
1789,59.633,yolov8n,1+3+0,bicycle+motorcycle+person,28.198,35.464,6,"bicycle:0, motorcycle:2, person:4"
1790,59.667,baseline,0+1+2,ebike+driver+passenger,26.766,37.362,0,"ebike:0, driver:0, passenger:0"
1790,59.667,bifpn,0+1+2,ebike+driver+passenger,27.903,35.838,0,"ebike:0, driver:0, passenger:0"
1790,59.667,yolov8n,1+3+0,bicycle+motorcycle+person,29.162,34.291,7,"bicycle:1, motorcycle:2, person:4"
1791,59.700,baseline,0+1+2,ebike+driver+passenger,27.589,36.246,0,"ebike:0, driver:0, passenger:0"
1791,59.700,bifpn,0+1+2,ebike+driver+passenger,26.859,37.231,0,"ebike:0, driver:0, passenger:0"
1791,59.700,yolov8n,1+3+0,bicycle+motorcycle+person,28.751,34.781,7,"bicycle:0, motorcycle:2, person:5"
1792,59.733,baseline,0+1+2,ebike+driver+passenger,25.733,38.861,0,"ebike:0, driver:0, passenger:0"
1792,59.733,bifpn,0+1+2,ebike+driver+passenger,26.994,37.045,0,"ebike:0, driver:0, passenger:0"
1792,59.733,yolov8n,1+3+0,bicycle+motorcycle+person,30.823,32.443,5,"bicycle:0, motorcycle:2, person:3"
1793,59.767,baseline,0+1+2,ebike+driver+passenger,27.702,36.099,0,"ebike:0, driver:0, passenger:0"
1793,59.767,bifpn,0+1+2,ebike+driver+passenger,27.233,36.721,0,"ebike:0, driver:0, passenger:0"
1793,59.767,yolov8n,1+3+0,bicycle+motorcycle+person,29.404,34.008,5,"bicycle:0, motorcycle:3, person:2"
1794,59.800,baseline,0+1+2,ebike+driver+passenger,26.525,37.701,0,"ebike:0, driver:0, passenger:0"
1794,59.800,bifpn,0+1+2,ebike+driver+passenger,26.654,37.518,0,"ebike:0, driver:0, passenger:0"
1794,59.800,yolov8n,1+3+0,bicycle+motorcycle+person,28.884,34.621,6,"bicycle:0, motorcycle:2, person:4"
1795,59.833,baseline,0+1+2,ebike+driver+passenger,26.745,37.390,0,"ebike:0, driver:0, passenger:0"
1795,59.833,bifpn,0+1+2,ebike+driver+passenger,26.210,38.154,0,"ebike:0, driver:0, passenger:0"
1795,59.833,yolov8n,1+3+0,bicycle+motorcycle+person,28.227,35.428,6,"bicycle:0, motorcycle:3, person:3"
1796,59.867,baseline,0+1+2,ebike+driver+passenger,27.281,36.656,0,"ebike:0, driver:0, passenger:0"
1796,59.867,bifpn,0+1+2,ebike+driver+passenger,26.935,37.127,0,"ebike:0, driver:0, passenger:0"
1796,59.867,yolov8n,1+3+0,bicycle+motorcycle+person,28.265,35.379,4,"bicycle:0, motorcycle:2, person:2"
1797,59.900,baseline,0+1+2,ebike+driver+passenger,28.973,34.514,0,"ebike:0, driver:0, passenger:0"
1797,59.900,bifpn,0+1+2,ebike+driver+passenger,26.173,38.208,0,"ebike:0, driver:0, passenger:0"
1797,59.900,yolov8n,1+3+0,bicycle+motorcycle+person,30.610,32.669,3,"bicycle:0, motorcycle:1, person:2"
1798,59.933,baseline,0+1+2,ebike+driver+passenger,27.974,35.747,0,"ebike:0, driver:0, passenger:0"
1798,59.933,bifpn,0+1+2,ebike+driver+passenger,27.456,36.422,0,"ebike:0, driver:0, passenger:0"
1798,59.933,yolov8n,1+3+0,bicycle+motorcycle+person,27.290,36.643,4,"bicycle:0, motorcycle:2, person:2"
1799,59.967,baseline,0+1+2,ebike+driver+passenger,25.691,38.925,0,"ebike:0, driver:0, passenger:0"
1799,59.967,bifpn,0+1+2,ebike+driver+passenger,26.067,38.363,0,"ebike:0, driver:0, passenger:0"
1799,59.967,yolov8n,1+3+0,bicycle+motorcycle+person,29.039,34.437,4,"bicycle:0, motorcycle:2, person:2"
1800,60.000,baseline,0+1+2,ebike+driver+passenger,28.665,34.886,0,"ebike:0, driver:0, passenger:0"
1800,60.000,bifpn,0+1+2,ebike+driver+passenger,26.553,37.661,0,"ebike:0, driver:0, passenger:0"
1800,60.000,yolov8n,1+3+0,bicycle+motorcycle+person,27.715,36.082,6,"bicycle:0, motorcycle:3, person:3"
1801,60.033,baseline,0+1+2,ebike+driver+passenger,28.369,35.250,0,"ebike:0, driver:0, passenger:0"
1801,60.033,bifpn,0+1+2,ebike+driver+passenger,29.919,33.424,0,"ebike:0, driver:0, passenger:0"
1801,60.033,yolov8n,1+3+0,bicycle+motorcycle+person,27.223,36.734,5,"bicycle:0, motorcycle:3, person:2"
1802,60.067,baseline,0+1+2,ebike+driver+passenger,27.934,35.799,0,"ebike:0, driver:0, passenger:0"
1802,60.067,bifpn,0+1+2,ebike+driver+passenger,25.656,38.977,0,"ebike:0, driver:0, passenger:0"
1802,60.067,yolov8n,1+3+0,bicycle+motorcycle+person,27.484,36.385,6,"bicycle:0, motorcycle:3, person:3"
1803,60.100,baseline,0+1+2,ebike+driver+passenger,27.040,36.982,0,"ebike:0, driver:0, passenger:0"
1803,60.100,bifpn,0+1+2,ebike+driver+passenger,26.648,37.527,0,"ebike:0, driver:0, passenger:0"
1803,60.100,yolov8n,1+3+0,bicycle+motorcycle+person,28.981,34.505,6,"bicycle:0, motorcycle:3, person:3"
1804,60.133,baseline,0+1+2,ebike+driver+passenger,27.790,35.984,0,"ebike:0, driver:0, passenger:0"
1804,60.133,bifpn,0+1+2,ebike+driver+passenger,26.898,37.177,0,"ebike:0, driver:0, passenger:0"
1804,60.133,yolov8n,1+3+0,bicycle+motorcycle+person,30.244,33.064,4,"bicycle:0, motorcycle:2, person:2"
1805,60.167,baseline,0+1+2,ebike+driver+passenger,27.815,35.952,0,"ebike:0, driver:0, passenger:0"
1805,60.167,bifpn,0+1+2,ebike+driver+passenger,27.740,36.049,0,"ebike:0, driver:0, passenger:0"
1805,60.167,yolov8n,1+3+0,bicycle+motorcycle+person,27.671,36.139,4,"bicycle:0, motorcycle:2, person:2"
1806,60.200,baseline,0+1+2,ebike+driver+passenger,30.504,32.783,0,"ebike:0, driver:0, passenger:0"
1806,60.200,bifpn,0+1+2,ebike+driver+passenger,27.867,35.885,0,"ebike:0, driver:0, passenger:0"
1806,60.200,yolov8n,1+3+0,bicycle+motorcycle+person,27.245,36.704,4,"bicycle:0, motorcycle:1, person:3"
1807,60.233,baseline,0+1+2,ebike+driver+passenger,30.049,33.279,0,"ebike:0, driver:0, passenger:0"
1807,60.233,bifpn,0+1+2,ebike+driver+passenger,29.643,33.735,0,"ebike:0, driver:0, passenger:0"
1807,60.233,yolov8n,1+3+0,bicycle+motorcycle+person,29.964,33.373,3,"bicycle:0, motorcycle:1, person:2"
1808,60.267,baseline,0+1+2,ebike+driver+passenger,28.228,35.426,0,"ebike:0, driver:0, passenger:0"
1808,60.267,bifpn,0+1+2,ebike+driver+passenger,26.650,37.523,0,"ebike:0, driver:0, passenger:0"
1808,60.267,yolov8n,1+3+0,bicycle+motorcycle+person,26.343,37.961,3,"bicycle:0, motorcycle:2, person:1"
1809,60.300,baseline,0+1+2,ebike+driver+passenger,26.465,37.786,0,"ebike:0, driver:0, passenger:0"
1809,60.300,bifpn,0+1+2,ebike+driver+passenger,25.884,38.635,0,"ebike:0, driver:0, passenger:0"
1809,60.300,yolov8n,1+3+0,bicycle+motorcycle+person,28.249,35.400,2,"bicycle:0, motorcycle:1, person:1"
1810,60.333,baseline,0+1+2,ebike+driver+passenger,28.299,35.336,0,"ebike:0, driver:0, passenger:0"
1810,60.333,bifpn,0+1+2,ebike+driver+passenger,28.087,35.604,0,"ebike:0, driver:0, passenger:0"
1810,60.333,yolov8n,1+3+0,bicycle+motorcycle+person,31.213,32.038,2,"bicycle:0, motorcycle:1, person:1"
1811,60.367,baseline,0+1+2,ebike+driver+passenger,29.636,33.743,0,"ebike:0, driver:0, passenger:0"
1811,60.367,bifpn,0+1+2,ebike+driver+passenger,26.012,38.443,0,"ebike:0, driver:0, passenger:0"
1811,60.367,yolov8n,1+3+0,bicycle+motorcycle+person,26.712,37.437,3,"bicycle:0, motorcycle:1, person:2"
1812,60.400,baseline,0+1+2,ebike+driver+passenger,26.550,37.665,0,"ebike:0, driver:0, passenger:0"
1812,60.400,bifpn,0+1+2,ebike+driver+passenger,27.420,36.470,0,"ebike:0, driver:0, passenger:0"
1812,60.400,yolov8n,1+3+0,bicycle+motorcycle+person,29.363,34.057,2,"bicycle:0, motorcycle:1, person:1"
1813,60.433,baseline,0+1+2,ebike+driver+passenger,30.051,33.277,0,"ebike:0, driver:0, passenger:0"
1813,60.433,bifpn,0+1+2,ebike+driver+passenger,27.161,36.817,0,"ebike:0, driver:0, passenger:0"
1813,60.433,yolov8n,1+3+0,bicycle+motorcycle+person,29.015,34.464,3,"bicycle:0, motorcycle:1, person:2"
1814,60.467,baseline,0+1+2,ebike+driver+passenger,27.262,36.681,0,"ebike:0, driver:0, passenger:0"
1814,60.467,bifpn,0+1+2,ebike+driver+passenger,27.288,36.646,0,"ebike:0, driver:0, passenger:0"
1814,60.467,yolov8n,1+3+0,bicycle+motorcycle+person,33.069,30.240,3,"bicycle:0, motorcycle:1, person:2"
1815,60.500,baseline,0+1+2,ebike+driver+passenger,29.996,33.338,0,"ebike:0, driver:0, passenger:0"
1815,60.500,bifpn,0+1+2,ebike+driver+passenger,28.307,35.328,0,"ebike:0, driver:0, passenger:0"
1815,60.500,yolov8n,1+3+0,bicycle+motorcycle+person,29.098,34.366,2,"bicycle:0, motorcycle:1, person:1"
1816,60.533,baseline,0+1+2,ebike+driver+passenger,29.835,33.517,0,"ebike:0, driver:0, passenger:0"
1816,60.533,bifpn,0+1+2,ebike+driver+passenger,27.465,36.410,0,"ebike:0, driver:0, passenger:0"
1816,60.533,yolov8n,1+3+0,bicycle+motorcycle+person,28.713,34.828,3,"bicycle:0, motorcycle:1, person:2"
