frame,timestamp_sec,vehicle_track_id,vehicle_class,vehicle_conf,vehicle_bbox,matched_person_count,match_scores,raw_overload,confirmed_overload,elapsed_ms,fps
0,0.000,1,motorcycle,0.718,537.3 430.5 766.1 610.9,1,1.200,0,0,32.335,30.927
0,0.000,2,motorcycle,0.591,0.1 423.6 153.3 636.0,1,1.200,0,0,32.335,30.927
0,0.000,3,motorcycle,0.539,346.8 376.6 498.3 480.5,2,1.200 1.174,1,0,32.335,30.927
0,0.000,4,motorcycle,0.368,710.5 379.0 803.9 437.9,2,1.200 1.200,1,0,32.335,30.927
0,0.000,5,motorcycle,0.331,8.6 347.0 286.8 523.1,1,1.200,0,0,32.335,30.927
0,0.000,6,motorcycle,0.279,529.3 378.1 581.7 434.4,1,1.200,0,0,32.335,30.927
1,0.033,1,motorcycle,0.719,537.3 430.6 766.1 610.9,1,1.200,0,0,24.909,40.147
1,0.033,3,motorcycle,0.558,347.4 376.4 498.3 480.5,2,1.200 1.182,1,1,24.909,40.147
1,0.033,2,motorcycle,0.470,0.1 401.1 163.6 631.4,0,,0,0,24.909,40.147
1,0.033,4,motorcycle,0.370,710.5 379.0 803.8 437.9,2,1.200 1.200,1,1,24.909,40.147
1,0.033,6,motorcycle,0.283,529.3 378.2 581.7 434.4,1,1.200,0,0,24.909,40.147
1,0.033,5,motorcycle,0.262,1.6 342.4 287.1 521.6,1,1.200,0,0,24.909,40.147
2,0.067,1,motorcycle,0.714,537.3 431.0 766.1 610.9,1,1.200,0,0,24.496,40.822
2,0.067,3,motorcycle,0.534,349.3 375.8 498.3 480.2,2,1.200 1.176,1,1,24.496,40.822
2,0.067,2,motorcycle,0.482,0.0 413.4 185.0 626.6,0,,0,0,24.496,40.822
2,0.067,4,motorcycle,0.370,710.5 379.2 803.8 437.9,2,1.200 1.200,1,1,24.496,40.822
2,0.067,5,motorcycle,0.313,23.6 338.1 287.4 520.7,1,1.200,0,0,24.496,40.822
2,0.067,6,motorcycle,0.274,529.4 378.4 581.7 434.3,1,1.200,0,0,24.496,40.822
3,0.100,1,motorcycle,0.709,538.0 430.5 765.8 610.3,1,1.200,0,0,24.673,40.530
3,0.100,3,motorcycle,0.581,347.6 376.4 498.3 480.1,2,1.200 1.176,1,1,24.673,40.530
3,0.100,2,motorcycle,0.508,0.4 368.2 280.6 629.5,1,1.200,0,0,24.673,40.530
3,0.100,4,motorcycle,0.395,710.8 379.4 803.0 437.9,2,1.200 1.200,1,1,24.673,40.530
3,0.100,6,motorcycle,0.274,529.5 378.7 581.5 434.3,1,1.200,0,0,24.673,40.530
4,0.133,1,motorcycle,0.714,537.7 431.6 766.1 609.5,1,1.200,0,0,24.141,41.423
4,0.133,3,motorcycle,0.608,344.4 378.4 498.4 480.7,2,1.200 1.178,1,1,24.141,41.423
4,0.133,2,motorcycle,0.536,1.1 354.5 266.4 640.3,1,1.121,0,0,24.141,41.423
4,0.133,4,motorcycle,0.395,711.3 379.6 802.3 438.0,2,1.200 1.196,1,1,24.141,41.423
4,0.133,6,motorcycle,0.275,529.4 379.5 581.1 434.2,1,1.200,0,0,24.141,41.423
5,0.167,1,motorcycle,0.710,537.8 431.2 766.0 609.1,1,1.200,0,0,23.970,41.719
5,0.167,3,motorcycle,0.554,347.4 377.3 498.4 480.4,2,1.200 1.187,1,1,23.970,41.719
5,0.167,4,motorcycle,0.386,711.7 380.4 802.2 438.0,2,1.200 1.200,1,1,23.970,41.719
5,0.167,2,motorcycle,0.333,0.0 381.6 295.9 638.3,1,1.200,0,0,23.970,41.719
5,0.167,6,motorcycle,0.256,529.6 379.5 581.1 434.2,1,1.200,0,0,23.970,41.719
6,0.200,1,motorcycle,0.708,537.5 430.7 766.0 608.9,1,1.200,0,0,23.662,42.262
6,0.200,3,motorcycle,0.611,348.4 378.5 498.7 480.4,2,1.200 1.186,1,1,23.662,42.262
6,0.200,4,motorcycle,0.401,711.8 380.2 802.3 437.6,2,1.200 1.200,1,1,23.662,42.262
6,0.200,2,motorcycle,0.327,1.2 410.2 327.6 626.9,1,1.200,0,0,23.662,42.262
6,0.200,6,motorcycle,0.265,529.5 377.9 581.4 434.1,1,1.200,0,0,23.662,42.262
7,0.233,1,motorcycle,0.701,537.3 431.6 766.1 608.8,1,1.200,0,0,24.447,40.904
7,0.233,3,motorcycle,0.633,346.0 377.0 498.7 480.1,2,1.200 1.183,1,1,24.447,40.904
7,0.233,4,motorcycle,0.379,711.9 380.5 802.2 437.6,1,1.200,0,1,24.447,40.904
7,0.233,6,motorcycle,0.284,529.3 377.2 581.3 434.1,1,1.200,0,0,24.447,40.904
8,0.267,1,motorcycle,0.690,537.0 429.0 766.3 607.1,1,1.200,0,0,24.589,40.669
8,0.267,3,motorcycle,0.564,347.9 375.2 498.7 479.5,2,1.200 1.182,1,1,24.589,40.669
8,0.267,4,motorcycle,0.450,713.4 380.4 802.6 436.9,1,1.200,0,1,24.589,40.669
9,0.300,1,motorcycle,0.688,535.8 427.8 765.3 604.5,1,1.200,0,0,24.012,41.645
9,0.300,4,motorcycle,0.453,713.1 380.8 802.5 436.9,1,1.200,0,1,24.012,41.645
10,0.333,1,motorcycle,0.680,536.9 427.1 766.4 606.4,1,1.200,0,0,23.108,43.275
10,0.333,4,motorcycle,0.426,712.8 381.2 802.5 436.8,1,1.200,0,1,23.108,43.275
10,0.333,3,motorcycle,0.307,366.7 374.5 497.3 472.9,2,1.200 1.200,1,1,23.108,43.275
11,0.367,1,motorcycle,0.676,535.9 423.3 765.3 605.1,1,1.200,0,0,24.372,41.031
11,0.367,2,motorcycle,0.559,192.6 427.4 458.0 598.4,1,1.200,0,0,24.372,41.031
11,0.367,3,motorcycle,0.486,390.6 375.6 497.8 472.7,2,1.200 1.200,1,1,24.372,41.031
11,0.367,4,motorcycle,0.430,711.3 380.1 802.8 437.7,1,1.200,0,1,24.372,41.031
11,0.367,6,motorcycle,0.278,529.7 375.2 581.5 434.0,1,1.200,0,0,24.372,41.031
12,0.400,1,motorcycle,0.695,536.6 424.9 766.5 606.3,1,1.200,0,0,23.473,42.602
12,0.400,2,motorcycle,0.598,237.3 433.5 482.9 594.6,1,1.200,0,0,23.473,42.602
12,0.400,4,motorcycle,0.471,711.8 379.3 802.7 437.8,1,1.200,0,0,23.473,42.602
12,0.400,3,motorcycle,0.317,400.9 371.2 498.0 462.0,2,1.200 1.200,1,1,23.473,42.602
13,0.433,1,motorcycle,0.694,535.6 422.8 765.6 604.8,1,1.200,0,0,23.065,43.357
13,0.433,4,motorcycle,0.480,711.6 379.8 802.5 437.9,1,1.200,0,0,23.065,43.357
13,0.433,2,motorcycle,0.403,261.4 417.9 503.2 577.2,1,1.200,0,0,23.065,43.357
14,0.467,1,motorcycle,0.705,538.2 431.4 766.5 607.1,1,1.200,0,0,22.764,43.929
14,0.467,2,motorcycle,0.513,285.1 412.1 519.7 568.6,2,1.200 1.052,1,0,22.764,43.929
14,0.467,4,motorcycle,0.503,711.3 379.0 802.3 437.8,1,1.200,0,0,22.764,43.929
15,0.500,1,motorcycle,0.678,533.9 430.0 766.4 607.6,1,1.200,0,0,27.532,36.322
15,0.500,4,motorcycle,0.504,711.5 379.3 802.2 437.9,1,1.200,0,0,27.532,36.322
15,0.500,7,motorcycle,0.259,0.2 356.1 260.7 548.2,1,1.200,0,0,27.532,36.322
16,0.533,1,motorcycle,0.716,541.4 428.0 766.8 607.7,1,1.200,0,0,23.508,42.538
16,0.533,2,motorcycle,0.537,338.5 375.2 544.9 562.1,2,1.200 1.051,1,1,23.508,42.538
16,0.533,4,motorcycle,0.506,711.5 379.2 802.3 437.7,1,1.200,0,0,23.508,42.538
16,0.533,7,motorcycle,0.422,0.0 356.5 277.4 548.3,1,1.200,0,0,23.508,42.538
17,0.567,1,motorcycle,0.693,533.4 426.4 766.6 608.2,1,1.200,0,0,24.543,40.744
17,0.567,4,motorcycle,0.509,711.8 379.3 802.3 437.7,1,1.200,0,0,24.543,40.744
17,0.567,7,motorcycle,0.310,0.0 358.2 276.6 547.9,1,1.200,0,0,24.543,40.744
17,0.567,2,motorcycle,0.264,346.3 379.2 560.4 551.7,2,1.200 1.062,1,1,24.543,40.744
18,0.600,1,motorcycle,0.716,538.0 424.5 766.9 609.6,2,1.200 1.138,1,0,24.653,40.563
18,0.600,4,motorcycle,0.506,711.6 379.1 802.3 437.6,1,1.200,0,0,24.653,40.563
18,0.600,7,motorcycle,0.331,0.1 358.5 268.3 548.0,1,1.200,0,0,24.653,40.563
19,0.633,1,motorcycle,0.638,538.4 422.6 766.8 608.4,2,1.200 1.122,1,1,24.580,40.683
19,0.633,4,motorcycle,0.488,711.4 380.5 802.2 436.4,1,1.200,0,0,24.580,40.683
19,0.633,7,motorcycle,0.265,0.1 358.9 262.9 548.0,1,1.200,0,0,24.580,40.683
20,0.667,1,motorcycle,0.630,540.1 421.4 766.9 608.0,2,1.200 1.163,1,1,22.849,43.766
20,0.667,4,motorcycle,0.499,711.6 378.6 802.3 437.4,1,1.200,0,0,22.849,43.766
20,0.667,7,motorcycle,0.283,0.2 358.9 262.2 548.7,1,1.200,0,0,22.849,43.766
21,0.700,1,motorcycle,0.708,538.7 421.9 766.5 608.8,3,1.200 1.171 1.121,1,1,23.604,42.366
21,0.700,4,motorcycle,0.527,711.8 378.7 801.7 437.5,1,1.200,0,0,23.604,42.366
21,0.700,7,motorcycle,0.420,0.0 357.2 270.0 549.4,1,1.200,0,0,23.604,42.366
22,0.733,1,motorcycle,0.709,531.8 426.2 766.6 608.0,2,1.200 1.129,1,1,23.906,41.831
22,0.733,4,motorcycle,0.520,711.6 379.1 801.6 437.4,1,1.200,0,0,23.906,41.831
22,0.733,7,motorcycle,0.417,0.0 357.8 271.2 549.4,1,1.200,0,0,23.906,41.831
23,0.767,1,motorcycle,0.697,514.4 432.3 766.5 606.7,2,1.200 1.115,1,1,26.471,37.777
23,0.767,4,motorcycle,0.539,711.4 378.5 801.6 437.4,1,1.200,0,0,26.471,37.777
23,0.767,7,motorcycle,0.459,0.0 357.9 269.0 549.3,1,1.200,0,0,26.471,37.777
24,0.800,1,motorcycle,0.720,528.9 425.3 766.3 608.6,2,1.200 1.079,1,1,26.305,38.015
24,0.800,4,motorcycle,0.544,711.4 378.3 801.5 437.3,1,1.200,0,0,26.305,38.015
24,0.800,7,motorcycle,0.466,0.0 358.4 273.6 549.2,1,1.200,0,0,26.305,38.015
24,0.800,2,motorcycle,0.311,345.6 376.9 498.1 478.7,2,1.200 1.169,1,1,26.305,38.015
25,0.833,1,motorcycle,0.719,536.0 427.9 766.7 608.1,1,1.200,0,1,23.899,41.842
25,0.833,4,motorcycle,0.514,710.4 378.1 801.3 437.3,1,1.200,0,0,23.899,41.842
25,0.833,7,motorcycle,0.465,0.1 358.2 280.1 549.6,1,1.200,0,0,23.899,41.842
25,0.833,2,motorcycle,0.360,347.1 376.1 498.1 478.1,2,1.200 1.171,1,1,23.899,41.842
26,0.867,1,motorcycle,0.740,536.3 424.2 766.4 607.6,2,1.200 1.056,1,1,23.952,41.750
26,0.867,4,motorcycle,0.545,711.0 381.1 801.3 436.1,1,1.200,0,0,23.952,41.750
26,0.867,7,motorcycle,0.461,0.1 359.6 280.7 549.7,1,1.200,0,0,23.952,41.750
26,0.867,2,motorcycle,0.403,347.1 376.2 498.2 478.2,2,1.200 1.176,1,1,23.952,41.750
27,0.900,1,motorcycle,0.726,536.6 429.7 766.2 608.6,1,1.200,0,1,24.921,40.127
27,0.900,4,motorcycle,0.567,710.3 377.1 801.2 437.0,1,1.200,0,0,24.921,40.127
27,0.900,2,motorcycle,0.401,346.7 375.6 498.0 478.5,2,1.200 1.165,1,1,24.921,40.127
27,0.900,7,motorcycle,0.352,0.1 363.6 272.2 548.3,1,1.200,0,0,24.921,40.127
28,0.933,1,motorcycle,0.704,536.9 426.6 766.2 607.7,1,1.200,0,1,23.932,41.785
28,0.933,4,motorcycle,0.557,712.9 376.7 801.0 436.4,1,1.200,0,0,23.932,41.785
28,0.933,2,motorcycle,0.385,345.7 375.6 497.5 478.6,2,1.200 1.168,1,1,23.932,41.785
28,0.933,7,motorcycle,0.339,0.1 363.2 271.3 548.3,1,1.200,0,0,23.932,41.785
29,0.967,1,motorcycle,0.694,536.8 435.4 765.8 608.7,2,1.200 1.127,1,1,31.890,31.358
29,0.967,4,motorcycle,0.532,719.5 380.0 801.0 436.7,1,1.200,0,0,31.890,31.358
29,0.967,7,motorcycle,0.412,0.1 363.2 277.2 549.3,1,1.200,0,0,31.890,31.358
29,0.967,2,motorcycle,0.348,346.4 375.7 497.8 478.4,2,1.200 1.168,1,1,31.890,31.358
29,0.967,8,motorcycle,0.344,528.1 384.6 579.6 433.7,1,1.200,0,0,31.890,31.358
30,1.000,1,motorcycle,0.686,536.8 443.8 765.9 608.1,2,1.200 1.200,1,1,25.087,39.862
30,1.000,4,motorcycle,0.454,722.8 380.8 800.3 435.6,1,1.200,0,0,25.087,39.862
30,1.000,7,motorcycle,0.376,0.2 362.4 275.9 549.5,1,1.200,0,0,25.087,39.862
30,1.000,2,motorcycle,0.318,347.0 375.7 498.0 478.4,2,1.200 1.168,1,1,25.087,39.862
31,1.033,1,motorcycle,0.687,536.7 451.4 765.8 608.5,2,1.200 1.150,1,1,24.459,40.885
31,1.033,7,motorcycle,0.405,0.2 361.5 278.1 549.5,1,1.200,0,0,24.459,40.885
31,1.033,4,motorcycle,0.316,715.7 376.5 809.3 434.3,1,1.200,0,0,24.459,40.885
31,1.033,2,motorcycle,0.306,347.2 375.6 497.9 478.3,2,1.200 1.170,1,1,24.459,40.885
32,1.067,1,motorcycle,0.688,536.8 447.1 766.0 608.0,2,1.200 1.131,1,1,24.658,40.554
32,1.067,7,motorcycle,0.440,0.2 361.7 277.5 549.6,1,1.200,0,0,24.658,40.554
32,1.067,4,motorcycle,0.279,732.1 378.0 812.5 436.1,1,1.200,0,0,24.658,40.554
32,1.067,2,motorcycle,0.262,348.4 375.3 497.9 477.8,2,1.200 1.175,1,1,24.658,40.554
32,1.067,8,motorcycle,0.257,527.7 384.6 579.9 433.4,1,1.200,0,0,24.658,40.554
33,1.100,1,motorcycle,0.670,536.4 431.8 766.3 608.3,2,1.200 1.131,1,1,24.398,40.988
33,1.100,7,motorcycle,0.498,0.2 362.0 277.5 549.7,1,1.200,0,0,24.398,40.988
33,1.100,2,motorcycle,0.342,346.8 376.9 497.4 478.1,2,1.200 1.176,1,1,24.398,40.988
33,1.100,8,motorcycle,0.276,527.7 384.2 580.1 433.3,1,1.200,0,0,24.398,40.988
34,1.133,1,motorcycle,0.696,536.4 436.6 765.7 608.0,1,1.200,0,1,25.489,39.233
34,1.133,7,motorcycle,0.573,0.2 362.5 282.9 549.5,1,1.200,0,0,25.489,39.233
34,1.133,2,motorcycle,0.396,346.8 376.5 497.6 478.1,2,1.200 1.171,1,1,25.489,39.233
34,1.133,4,motorcycle,0.376,710.8 371.0 803.2 485.1,2,1.200 1.200,1,0,25.489,39.233
34,1.133,8,motorcycle,0.298,527.0 384.2 579.6 433.2,1,1.200,0,0,25.489,39.233
35,1.167,1,motorcycle,0.710,536.3 431.7 765.6 607.8,1,1.200,0,1,23.886,41.865
35,1.167,7,motorcycle,0.575,0.1 361.4 281.8 550.5,1,1.200,0,0,23.886,41.865
35,1.167,4,motorcycle,0.516,716.4 377.2 802.4 482.0,2,1.200 1.060,1,1,23.886,41.865
35,1.167,2,motorcycle,0.416,345.5 377.5 497.6 478.3,2,1.200 1.168,1,1,23.886,41.865
35,1.167,8,motorcycle,0.331,526.6 384.4 579.4 433.3,1,1.200,0,0,23.886,41.865
35,1.167,9,motorcycle,0.253,590.6 368.6 625.4 422.8,1,1.056,0,0,23.886,41.865
36,1.200,1,motorcycle,0.678,536.6 428.0 765.3 607.4,1,1.200,0,1,24.722,40.450
36,1.200,7,motorcycle,0.568,0.2 362.7 282.0 550.5,1,1.200,0,0,24.722,40.450
36,1.200,4,motorcycle,0.487,716.2 378.1 810.7 483.4,1,1.200,0,0,24.722,40.450
36,1.200,2,motorcycle,0.398,345.8 377.3 497.4 478.2,2,1.200 1.170,1,1,24.722,40.450
36,1.200,8,motorcycle,0.337,526.7 385.0 579.0 433.5,1,1.200,0,0,24.722,40.450
36,1.200,9,motorcycle,0.284,590.1 368.7 625.6 422.8,1,1.059,0,0,24.722,40.450
37,1.233,1,motorcycle,0.709,536.3 431.9 765.3 607.4,1,1.200,0,1,24.206,41.312
37,1.233,7,motorcycle,0.568,0.2 363.2 282.7 550.5,1,1.200,0,0,24.206,41.312
37,1.233,4,motorcycle,0.531,709.0 378.3 813.5 481.5,1,1.200,0,0,24.206,41.312
37,1.233,2,motorcycle,0.451,344.9 378.6 497.4 478.4,2,1.200 1.173,1,1,24.206,41.312
37,1.233,8,motorcycle,0.359,526.7 384.9 578.9 433.5,1,1.200,0,0,24.206,41.312
37,1.233,9,motorcycle,0.299,590.0 368.5 625.8 422.8,1,1.054,0,0,24.206,41.312
38,1.267,1,motorcycle,0.698,536.1 442.4 765.8 607.6,1,1.200,0,1,25.072,39.886
38,1.267,4,motorcycle,0.622,710.6 376.1 823.0 483.3,1,1.200,0,0,25.072,39.886
38,1.267,7,motorcycle,0.524,0.2 364.1 282.9 550.9,1,1.200,0,0,25.072,39.886
38,1.267,2,motorcycle,0.451,346.2 377.2 497.2 478.2,2,1.200 1.176,1,1,25.072,39.886
38,1.267,8,motorcycle,0.367,526.5 384.6 578.9 433.4,1,1.200,0,0,25.072,39.886
38,1.267,9,motorcycle,0.320,589.5 368.1 625.9 423.0,1,1.059,0,0,25.072,39.886
39,1.300,1,motorcycle,0.688,536.3 436.3 765.2 607.9,1,1.200,0,1,22.378,44.687
39,1.300,7,motorcycle,0.533,0.2 362.8 282.9 551.1,1,1.200,0,0,22.378,44.687
39,1.300,4,motorcycle,0.474,709.7 377.0 832.9 482.8,1,1.200,0,0,22.378,44.687
39,1.300,2,motorcycle,0.411,346.8 375.9 497.3 477.9,2,1.200 1.175,1,1,22.378,44.687
39,1.300,8,motorcycle,0.355,526.4 384.3 578.9 433.4,1,1.200,0,0,22.378,44.687
39,1.300,9,motorcycle,0.352,589.6 367.9 626.1 422.9,1,1.055,0,0,22.378,44.687
40,1.333,1,motorcycle,0.672,536.6 436.1 764.2 608.2,1,1.200,0,1,24.744,40.415
40,1.333,4,motorcycle,0.561,726.7 388.7 843.2 480.8,1,1.200,0,0,24.744,40.415
40,1.333,7,motorcycle,0.484,0.1 363.3 281.9 551.5,1,1.200,0,0,24.744,40.415
40,1.333,2,motorcycle,0.450,346.3 377.3 497.0 478.4,2,1.200 1.178,1,1,24.744,40.415
40,1.333,8,motorcycle,0.369,526.6 384.6 578.7 433.4,1,1.200,0,0,24.744,40.415
40,1.333,9,motorcycle,0.349,589.7 367.4 626.2 422.9,1,1.058,0,0,24.744,40.415
41,1.367,1,motorcycle,0.678,536.7 425.6 765.6 607.9,1,1.200,0,1,24.518,40.787
41,1.367,4,motorcycle,0.584,759.5 386.2 849.0 480.1,2,1.200 1.076,1,0,24.518,40.787
41,1.367,7,motorcycle,0.462,0.1 364.3 282.2 551.5,1,1.200,0,0,24.518,40.787
41,1.367,2,motorcycle,0.429,346.7 376.4 497.0 478.2,2,1.200 1.179,1,1,24.518,40.787
41,1.367,8,motorcycle,0.360,526.5 385.0 578.4 433.4,1,1.200,0,0,24.518,40.787
41,1.367,9,motorcycle,0.331,589.8 367.6 626.3 423.0,1,1.060,0,0,24.518,40.787
42,1.400,1,motorcycle,0.690,536.6 426.6 766.3 607.6,1,1.200,0,0,23.538,42.484
42,1.400,4,motorcycle,0.577,765.9 385.8 859.0 478.3,1,1.200,0,0,23.538,42.484
42,1.400,7,motorcycle,0.444,0.1 364.2 281.2 551.5,1,1.200,0,0,23.538,42.484
42,1.400,9,motorcycle,0.361,589.9 367.3 626.6 422.9,1,1.058,0,0,23.538,42.484
42,1.400,2,motorcycle,0.359,347.8 375.9 496.8 477.8,2,1.200 1.182,1,1,23.538,42.484
42,1.400,8,motorcycle,0.349,526.8 384.7 578.3 433.6,1,1.200,0,0,23.538,42.484
42,1.400,10,motorcycle,0.291,706.8 380.9 779.7 437.7,1,1.200,0,0,23.538,42.484
43,1.433,1,motorcycle,0.681,536.7 425.8 765.8 607.9,1,1.200,0,0,29.775,33.585
43,1.433,4,motorcycle,0.454,777.3 390.2 868.5 478.1,1,1.200,0,0,29.775,33.585
43,1.433,7,motorcycle,0.453,0.1 364.3 278.5 551.7,1,1.200,0,0,29.775,33.585
43,1.433,2,motorcycle,0.364,347.7 375.8 496.8 477.9,2,1.200 1.181,1,1,29.775,33.585
43,1.433,9,motorcycle,0.336,590.0 367.6 626.6 423.0,1,1.058,0,0,29.775,33.585
43,1.433,8,motorcycle,0.330,526.7 384.5 578.3 433.6,1,1.200,0,0,29.775,33.585
43,1.433,10,motorcycle,0.320,706.4 383.5 784.2 438.6,1,1.200,0,0,29.775,33.585
44,1.467,4,motorcycle,0.730,789.1 394.2 879.0 476.8,1,1.200,0,0,25.452,39.290
44,1.467,1,motorcycle,0.696,534.7 422.6 763.8 607.5,1,1.200,0,0,25.452,39.290
44,1.467,7,motorcycle,0.461,0.1 364.8 277.0 551.9,1,1.200,0,0,25.452,39.290
44,1.467,2,motorcycle,0.367,347.5 374.6 496.6 478.1,2,1.200 1.180,1,1,25.452,39.290
44,1.467,10,motorcycle,0.359,705.2 381.4 792.4 437.6,1,1.200,0,0,25.452,39.290
44,1.467,9,motorcycle,0.340,590.0 367.4 626.9 423.0,1,1.062,0,0,25.452,39.290
44,1.467,8,motorcycle,0.336,526.6 384.9 577.9 433.8,1,1.200,0,0,25.452,39.290
45,1.500,4,motorcycle,0.802,793.5 388.8 885.5 475.0,1,1.200,0,0,25.157,39.751
45,1.500,1,motorcycle,0.695,534.8 424.4 763.7 607.4,1,1.200,0,0,25.157,39.751
45,1.500,10,motorcycle,0.424,704.8 380.3 800.9 437.6,1,1.197,0,0,25.157,39.751
45,1.500,7,motorcycle,0.417,0.2 365.1 276.9 551.9,1,1.200,0,0,25.157,39.751
45,1.500,2,motorcycle,0.368,347.7 374.4 496.6 478.2,2,1.200 1.179,1,1,25.157,39.751
45,1.500,9,motorcycle,0.360,590.0 368.0 626.4 423.0,1,1.059,0,0,25.157,39.751
45,1.500,8,motorcycle,0.349,526.5 384.8 578.0 433.9,1,1.200,0,0,25.157,39.751
46,1.533,1,motorcycle,0.693,534.6 423.2 763.2 606.9,1,1.200,0,0,24.314,41.129
46,1.533,4,motorcycle,0.649,805.4 397.9 893.1 473.0,1,1.200,0,0,24.314,41.129
46,1.533,7,motorcycle,0.453,0.1 363.7 277.5 551.7,1,1.200,0,0,24.314,41.129
46,1.533,10,motorcycle,0.443,704.8 380.0 799.3 437.1,1,1.200,0,0,24.314,41.129
46,1.533,9,motorcycle,0.389,590.1 367.8 626.1 422.7,1,1.053,0,0,24.314,41.129
46,1.533,2,motorcycle,0.370,348.8 371.9 496.7 477.7,2,1.200 1.179,1,1,24.314,41.129
46,1.533,8,motorcycle,0.361,526.5 385.2 577.9 434.0,1,1.200,0,0,24.314,41.129
47,1.567,1,motorcycle,0.693,534.3 421.6 763.1 607.4,1,1.200,0,0,24.005,41.659
47,1.567,4,motorcycle,0.670,811.6 389.2 900.3 471.9,1,1.200,0,0,24.005,41.659
47,1.567,10,motorcycle,0.529,704.9 379.2 800.0 437.4,1,1.200,0,0,24.005,41.659
47,1.567,7,motorcycle,0.452,0.1 362.7 277.6 551.7,1,1.200,0,0,24.005,41.659
47,1.567,9,motorcycle,0.398,590.2 367.7 626.2 422.8,1,1.054,0,0,24.005,41.659
47,1.567,8,motorcycle,0.346,526.5 384.7 578.1 434.0,1,1.200,0,0,24.005,41.659
47,1.567,2,motorcycle,0.332,349.2 371.1 496.7 477.3,2,1.200 1.178,1,1,24.005,41.659
48,1.600,4,motorcycle,0.758,823.1 391.0 911.2 471.7,1,1.200,0,0,25.364,39.426
48,1.600,1,motorcycle,0.685,534.5 425.3 763.3 607.6,1,1.200,0,0,25.364,39.426
48,1.600,10,motorcycle,0.532,704.4 378.9 799.6 437.7,1,1.184,0,0,25.364,39.426
48,1.600,7,motorcycle,0.462,0.2 361.1 277.2 552.2,1,1.200,0,0,25.364,39.426
48,1.600,9,motorcycle,0.372,590.5 368.0 626.0 422.5,1,1.052,0,0,25.364,39.426
48,1.600,2,motorcycle,0.350,349.1 371.3 496.4 477.9,2,1.200 1.176,1,1,25.364,39.426
48,1.600,8,motorcycle,0.341,526.1 383.9 578.4 434.0,1,1.200,0,0,25.364,39.426
49,1.633,4,motorcycle,0.786,827.2 388.8 917.5 470.4,1,1.200,0,0,24.020,41.632
49,1.633,1,motorcycle,0.680,534.5 426.5 762.9 607.2,1,1.200,0,0,24.020,41.632
49,1.633,10,motorcycle,0.521,704.5 378.0 799.1 437.4,1,1.200,0,0,24.020,41.632
49,1.633,7,motorcycle,0.519,0.1 362.2 278.3 552.2,1,1.200,0,0,24.020,41.632
49,1.633,9,motorcycle,0.386,590.4 367.8 626.0 422.5,1,1.055,0,0,24.020,41.632
49,1.633,2,motorcycle,0.377,349.4 372.7 496.4 478.2,2,1.200 1.183,1,1,24.020,41.632
49,1.633,8,motorcycle,0.361,526.3 384.0 578.0 434.0,1,1.200,0,0,24.020,41.632
50,1.667,1,motorcycle,0.684,534.2 425.8 763.1 606.4,1,1.200,0,0,23.883,41.871
50,1.667,4,motorcycle,0.589,834.4 390.1 923.5 469.4,1,1.200,0,0,23.883,41.871
50,1.667,7,motorcycle,0.513,0.1 363.6 278.3 551.9,1,1.200,0,0,23.883,41.871
50,1.667,10,motorcycle,0.509,704.8 378.3 799.4 437.1,1,1.200,0,0,23.883,41.871
50,1.667,9,motorcycle,0.409,590.6 367.9 625.8 422.3,1,1.052,0,0,23.883,41.871
50,1.667,8,motorcycle,0.384,526.0 381.3 578.2 433.8,1,1.200,0,0,23.883,41.871
50,1.667,2,motorcycle,0.373,349.2 371.3 496.7 477.7,2,1.200 1.183,1,1,23.883,41.871
51,1.700,4,motorcycle,0.797,842.1 384.6 932.8 466.6,1,1.200,0,0,24.873,40.204
51,1.700,1,motorcycle,0.678,534.2 424.7 762.5 607.0,1,1.200,0,0,24.873,40.204
51,1.700,7,motorcycle,0.497,0.1 363.4 277.4 551.8,1,1.200,0,0,24.873,40.204
51,1.700,10,motorcycle,0.488,704.8 378.1 799.9 437.1,1,1.200,0,0,24.873,40.204
51,1.700,9,motorcycle,0.391,590.4 368.2 625.8 422.5,1,1.052,0,0,24.873,40.204
51,1.700,2,motorcycle,0.338,349.3 371.6 496.7 477.3,2,1.200 1.185,1,1,24.873,40.204
51,1.700,8,motorcycle,0.332,526.1 383.7 577.7 433.9,1,1.200,0,0,24.873,40.204
52,1.733,4,motorcycle,0.727,853.8 387.0 941.6 466.9,1,1.200,0,0,24.661,40.550
52,1.733,1,motorcycle,0.695,536.0 428.7 763.5 607.2,1,1.200,0,0,24.661,40.550
52,1.733,10,motorcycle,0.507,704.7 377.7 799.9 437.1,1,1.200,0,0,24.661,40.550
52,1.733,7,motorcycle,0.483,0.1 364.1 276.4 551.8,1,1.200,0,0,24.661,40.550
52,1.733,9,motorcycle,0.428,590.4 368.3 625.4 422.4,1,1.056,0,0,24.661,40.550
52,1.733,8,motorcycle,0.390,526.0 383.6 577.6 433.9,1,1.200,0,0,24.661,40.550
52,1.733,2,motorcycle,0.366,348.7 373.7 496.1 477.5,2,1.200 1.188,1,1,24.661,40.550
53,1.767,4,motorcycle,0.706,862.2 385.0 948.2 465.7,1,1.200,0,0,24.438,40.920
53,1.767,1,motorcycle,0.703,535.6 426.9 763.3 607.3,1,1.200,0,0,24.438,40.920
53,1.767,10,motorcycle,0.503,706.4 379.8 799.9 436.4,1,1.196,0,0,24.438,40.920
53,1.767,7,motorcycle,0.461,0.1 365.3 279.1 551.8,1,1.200,0,0,24.438,40.920
53,1.767,9,motorcycle,0.429,590.4 368.0 625.4 422.5,1,1.056,0,0,24.438,40.920
53,1.767,8,motorcycle,0.385,525.9 382.6 577.6 433.9,1,1.200,0,0,24.438,40.920
53,1.767,2,motorcycle,0.369,348.7 373.9 496.1 477.5,2,1.200 1.188,1,1,24.438,40.920
54,1.800,1,motorcycle,0.718,535.5 426.6 763.0 607.5,1,1.200,0,0,25.070,39.889
54,1.800,4,motorcycle,0.660,870.8 388.0 955.9 464.7,1,1.200,0,0,25.070,39.889
54,1.800,10,motorcycle,0.523,706.4 379.6 800.1 436.5,1,1.194,0,0,25.070,39.889
54,1.800,7,motorcycle,0.491,0.1 365.2 278.4 551.7,1,1.200,0,0,25.070,39.889
54,1.800,9,motorcycle,0.445,590.3 368.2 625.5 422.4,1,1.055,0,0,25.070,39.889
54,1.800,8,motorcycle,0.379,525.8 384.0 577.4 433.9,1,1.200,0,0,25.070,39.889
54,1.800,2,motorcycle,0.294,349.2 373.5 495.9 477.1,2,1.200 1.189,1,1,25.070,39.889
55,1.833,1,motorcycle,0.729,535.4 429.2 762.9 608.0,1,1.200,0,0,24.351,41.066
55,1.833,4,motorcycle,0.664,876.9 383.9 963.3 463.4,1,1.200,0,0,24.351,41.066
55,1.833,10,motorcycle,0.522,706.3 380.0 799.9 436.5,1,1.184,0,0,24.351,41.066
55,1.833,7,motorcycle,0.482,0.0 364.9 277.9 551.4,1,1.200,0,0,24.351,41.066
55,1.833,9,motorcycle,0.404,590.3 368.3 625.5 422.3,1,1.056,0,0,24.351,41.066
55,1.833,8,motorcycle,0.369,525.8 384.9 577.7 434.0,1,1.200,0,0,24.351,41.066
55,1.833,2,motorcycle,0.314,349.4 373.3 495.9 477.3,2,1.200 1.189,1,1,24.351,41.066
56,1.867,1,motorcycle,0.730,535.3 428.5 762.8 607.7,1,1.200,0,0,24.661,40.550
56,1.867,4,motorcycle,0.623,887.2 386.1 975.1 463.6,1,1.200,0,0,24.661,40.550
56,1.867,10,motorcycle,0.525,706.3 379.1 800.1 436.4,1,1.174,0,0,24.661,40.550
56,1.867,7,motorcycle,0.477,0.0 365.2 275.8 551.5,1,1.200,0,0,24.661,40.550
56,1.867,9,motorcycle,0.400,590.2 368.4 625.4 422.4,1,1.056,0,0,24.661,40.550
56,1.867,8,motorcycle,0.356,525.7 385.1 578.0 434.0,1,1.200,0,0,24.661,40.550
56,1.867,2,motorcycle,0.300,349.4 373.4 496.0 477.0,2,1.200 1.197,1,1,24.661,40.550
57,1.900,1,motorcycle,0.730,535.3 427.8 762.7 607.7,1,1.200,0,0,24.446,40.907
57,1.900,4,motorcycle,0.679,893.4 383.5 982.0 462.9,1,1.200,0,0,24.446,40.907
57,1.900,10,motorcycle,0.535,706.4 379.1 800.1 436.3,1,1.168,0,0,24.446,40.907
57,1.900,7,motorcycle,0.471,0.0 363.7 276.0 551.6,1,1.200,0,0,24.446,40.907
57,1.900,9,motorcycle,0.393,590.1 368.4 625.5 422.4,1,1.057,0,0,24.446,40.907
57,1.900,8,motorcycle,0.348,525.8 385.6 577.7 434.0,1,1.200,0,0,24.446,40.907
57,1.900,2,motorcycle,0.284,349.2 373.5 496.0 476.8,2,1.200 1.198,1,1,24.446,40.907
58,1.933,1,motorcycle,0.722,535.6 428.1 763.0 607.4,1,1.200,0,0,27.048,36.971
58,1.933,4,motorcycle,0.696,903.5 386.7 987.5 461.9,1,1.200,0,0,27.048,36.971
58,1.933,10,motorcycle,0.520,706.4 377.8 800.4 436.3,1,1.185,0,0,27.048,36.971
58,1.933,7,motorcycle,0.475,0.1 363.0 276.3 551.9,1,1.200,0,0,27.048,36.971
58,1.933,9,motorcycle,0.394,590.0 368.7 625.2 422.5,1,1.057,0,0,27.048,36.971
58,1.933,8,motorcycle,0.322,526.0 385.3 577.9 434.2,1,1.200,0,0,27.048,36.971
58,1.933,2,motorcycle,0.276,349.1 373.7 496.2 476.7,2,1.200 1.200,1,1,27.048,36.971
59,1.967,1,motorcycle,0.724,535.5 428.8 763.0 607.2,1,1.200,0,0,23.895,41.850
59,1.967,4,motorcycle,0.663,910.0 384.5 995.6 462.0,1,1.200,0,0,23.895,41.850
59,1.967,10,motorcycle,0.516,706.3 377.9 800.5 436.4,1,1.187,0,0,23.895,41.850
59,1.967,7,motorcycle,0.477,0.0 362.7 276.0 551.8,1,1.200,0,0,23.895,41.850
59,1.967,9,motorcycle,0.424,590.1 368.3 625.0 422.6,1,1.053,0,0,23.895,41.850
59,1.967,8,motorcycle,0.329,526.0 385.0 577.9 434.2,1,1.200,0,0,23.895,41.850
60,2.000,1,motorcycle,0.719,535.3 425.7 762.9 607.2,1,1.200,0,0,25.006,39.991
60,2.000,4,motorcycle,0.604,921.9 387.1 1005.1 460.8,1,1.200,0,0,25.006,39.991
60,2.000,10,motorcycle,0.531,704.8 378.4 800.0 437.5,1,1.200,0,0,25.006,39.991
60,2.000,7,motorcycle,0.489,0.1 362.3 274.8 551.6,1,1.200,0,0,25.006,39.991
60,2.000,9,motorcycle,0.434,590.1 368.5 625.2 422.7,1,1.055,0,0,25.006,39.991
60,2.000,8,motorcycle,0.321,526.4 386.0 577.8 434.2,1,1.200,0,0,25.006,39.991
61,2.033,1,motorcycle,0.721,535.3 425.9 762.9 606.9,1,1.200,0,0,23.465,42.617
61,2.033,10,motorcycle,0.517,704.8 378.5 800.2 437.5,1,1.200,0,0,23.465,42.617
61,2.033,7,motorcycle,0.488,0.1 361.7 273.6 551.6,1,1.200,0,0,23.465,42.617
61,2.033,4,motorcycle,0.448,925.9 385.9 1011.8 459.2,1,1.200,0,0,23.465,42.617
61,2.033,9,motorcycle,0.439,590.0 368.6 625.2 422.8,1,1.056,0,0,23.465,42.617
61,2.033,8,motorcycle,0.323,526.3 385.9 577.9 434.3,1,1.200,0,0,23.465,42.617
61,2.033,2,motorcycle,0.253,349.8 374.5 496.3 476.4,2,1.200 1.200,1,1,23.465,42.617
62,2.067,1,motorcycle,0.733,535.1 422.5 762.8 607.0,1,1.200,0,0,24.806,40.313
62,2.067,4,motorcycle,0.585,935.3 385.4 1017.5 458.8,1,1.200,0,0,24.806,40.313
62,2.067,10,motorcycle,0.493,706.0 377.3 811.6 436.9,1,1.195,0,0,24.806,40.313
62,2.067,7,motorcycle,0.469,0.1 360.9 275.2 551.7,1,1.200,0,0,24.806,40.313
62,2.067,9,motorcycle,0.413,590.0 368.8 624.9 422.9,1,1.053,0,0,24.806,40.313
62,2.067,2,motorcycle,0.316,348.8 375.6 496.7 476.9,2,1.200 1.199,1,1,24.806,40.313
62,2.067,8,motorcycle,0.310,526.4 386.6 577.6 434.3,1,1.200,0,0,24.806,40.313
63,2.100,1,motorcycle,0.730,535.2 423.8 762.6 607.1,1,1.200,0,0,23.272,42.969
63,2.100,10,motorcycle,0.500,705.8 377.5 812.3 437.0,1,1.194,0,0,23.272,42.969
63,2.100,7,motorcycle,0.480,0.2 361.4 276.8 552.0,1,1.200,0,0,23.272,42.969
63,2.100,9,motorcycle,0.453,589.9 369.0 624.9 423.2,1,1.054,0,0,23.272,42.969
63,2.100,2,motorcycle,0.357,347.8 376.7 496.6 476.9,2,1.200 1.200,1,1,23.272,42.969
63,2.100,4,motorcycle,0.345,942.6 387.6 1026.0 458.7,1,1.200,0,0,23.272,42.969
63,2.100,8,motorcycle,0.325,526.6 387.1 577.3 434.2,1,1.200,0,0,23.272,42.969
64,2.133,1,motorcycle,0.734,535.5 420.3 762.6 606.8,1,1.200,0,0,24.686,40.509
64,2.133,4,motorcycle,0.550,950.4 379.4 1032.2 458.1,1,1.200,0,0,24.686,40.509
64,2.133,10,motorcycle,0.483,706.6 377.1 812.4 436.7,1,1.200,0,0,24.686,40.509
64,2.133,2,motorcycle,0.469,347.3 378.9 497.2 478.5,2,1.200 1.195,1,1,24.686,40.509
64,2.133,7,motorcycle,0.457,0.2 360.7 270.2 552.1,1,1.200,0,0,24.686,40.509
64,2.133,9,motorcycle,0.449,589.9 369.3 624.7 423.2,1,1.056,0,0,24.686,40.509
64,2.133,8,motorcycle,0.365,526.6 386.2 577.7 434.2,1,1.200,0,0,24.686,40.509
65,2.167,1,motorcycle,0.735,535.4 420.0 762.6 606.9,1,1.200,0,0,23.734,42.134
65,2.167,4,motorcycle,0.499,957.8 382.3 1041.1 457.0,1,1.200,0,0,23.734,42.134
65,2.167,10,motorcycle,0.481,706.6 377.2 812.4 436.7,1,1.196,0,0,23.734,42.134
65,2.167,7,motorcycle,0.455,0.1 361.7 271.3 551.9,1,1.200,0,0,23.734,42.134
65,2.167,2,motorcycle,0.440,346.4 378.2 497.2 478.3,2,1.200 1.191,1,1,23.734,42.134
65,2.167,9,motorcycle,0.427,590.0 369.4 624.9 423.2,1,1.057,0,0,23.734,42.134
65,2.167,8,motorcycle,0.367,526.8 386.1 578.1 434.2,1,1.200,0,0,23.734,42.134
66,2.200,1,motorcycle,0.732,535.9 421.7 763.1 607.0,1,1.200,0,0,24.145,41.416
66,2.200,4,motorcycle,0.550,964.7 382.9 1045.0 456.8,1,1.200,0,0,24.145,41.416
66,2.200,2,motorcycle,0.514,347.2 378.4 497.3 478.7,2,1.200 1.197,1,1,24.145,41.416
66,2.200,10,motorcycle,0.495,706.7 376.9 812.8 436.9,1,1.197,0,0,24.145,41.416
66,2.200,7,motorcycle,0.471,0.2 361.9 268.1 551.4,1,1.200,0,0,24.145,41.416
66,2.200,9,motorcycle,0.430,589.7 369.5 625.1 423.5,1,1.059,0,0,24.145,41.416
66,2.200,8,motorcycle,0.358,525.8 385.7 578.2 434.3,1,1.200,0,0,24.145,41.416
67,2.233,1,motorcycle,0.734,536.0 423.5 763.3 606.7,1,1.200,0,0,24.413,40.962
67,2.233,2,motorcycle,0.549,346.8 378.8 497.6 479.5,2,1.200 1.190,1,1,24.413,40.962
67,2.233,10,motorcycle,0.507,706.9 376.7 812.9 437.0,1,1.187,0,0,24.413,40.962
67,2.233,7,motorcycle,0.488,0.3 363.3 272.5 551.2,1,1.200,0,0,24.413,40.962
67,2.233,4,motorcycle,0.462,973.7 362.4 1048.0 454.5,1,1.200,0,0,24.413,40.962
67,2.233,9,motorcycle,0.408,590.1 369.3 624.8 423.6,2,1.200 1.060,1,0,24.413,40.962
67,2.233,8,motorcycle,0.337,526.0 384.5 578.5 434.2,1,1.200,0,0,24.413,40.962
68,2.267,1,motorcycle,0.743,536.5 423.2 763.7 607.2,1,1.200,0,0,23.868,41.897
68,2.267,10,motorcycle,0.520,707.0 375.8 813.1 437.4,1,1.181,0,0,23.868,41.897
68,2.267,2,motorcycle,0.470,347.1 378.0 497.8 478.8,2,1.200 1.195,1,1,23.868,41.897
68,2.267,7,motorcycle,0.464,0.3 362.2 270.3 551.1,1,1.200,0,0,23.868,41.897
68,2.267,9,motorcycle,0.374,590.2 369.2 625.0 423.5,2,1.200 1.061,1,1,23.868,41.897
68,2.267,4,motorcycle,0.346,980.2 370.7 1051.4 456.8,1,1.200,0,0,23.868,41.897
68,2.267,8,motorcycle,0.307,525.8 384.1 579.0 434.1,1,1.200,0,0,23.868,41.897
69,2.300,1,motorcycle,0.734,536.5 423.6 763.7 607.1,1,1.200,0,0,24.350,41.067
69,2.300,10,motorcycle,0.532,706.9 376.1 813.7 437.5,1,1.183,0,0,24.350,41.067
69,2.300,2,motorcycle,0.477,346.9 378.7 497.9 479.1,2,1.200 1.196,1,1,24.350,41.067
69,2.300,7,motorcycle,0.470,0.2 362.5 268.9 551.1,1,1.200,0,0,24.350,41.067
69,2.300,9,motorcycle,0.354,590.1 369.4 625.1 423.8,2,1.200 1.061,1,1,24.350,41.067
69,2.300,4,motorcycle,0.285,984.0 371.2 1061.3 457.2,1,1.200,0,0,24.350,41.067
69,2.300,8,motorcycle,0.278,525.7 383.4 579.2 434.4,1,1.200,0,0,24.350,41.067
70,2.333,1,motorcycle,0.732,536.6 425.2 763.9 607.0,1,1.200,0,0,22.910,43.649
70,2.333,10,motorcycle,0.524,707.0 376.6 813.4 437.6,2,1.200 1.199,1,0,22.910,43.649
70,2.333,2,motorcycle,0.508,346.8 377.8 497.8 479.3,2,1.200 1.188,1,1,22.910,43.649
70,2.333,7,motorcycle,0.432,0.2 361.9 257.1 551.5,1,1.200,0,0,22.910,43.649
70,2.333,9,motorcycle,0.347,590.3 369.3 625.1 423.6,2,1.200 1.062,1,1,22.910,43.649
70,2.333,4,motorcycle,0.267,995.0 374.1 1068.0 456.0,1,1.200,0,0,22.910,43.649
70,2.333,8,motorcycle,0.258,525.3 383.7 579.5 434.4,1,1.200,0,0,22.910,43.649
71,2.367,1,motorcycle,0.727,537.1 426.3 764.3 607.0,1,1.200,0,0,30.034,33.296
71,2.367,10,motorcycle,0.526,706.9 377.0 812.9 437.6,2,1.200 1.200,1,1,30.034,33.296
71,2.367,2,motorcycle,0.472,346.1 376.7 498.4 478.9,2,1.200 1.171,1,1,30.034,33.296
71,2.367,7,motorcycle,0.371,0.2 361.7 256.3 551.4,1,1.200,0,0,30.034,33.296
71,2.367,9,motorcycle,0.281,590.3 369.4 624.7 423.9,1,1.060,0,1,30.034,33.296
71,2.367,8,motorcycle,0.253,525.8 383.3 579.6 434.5,1,1.200,0,0,30.034,33.296
72,2.400,1,motorcycle,0.744,536.9 422.2 764.4 606.6,1,1.200,0,0,23.554,42.456
72,2.400,10,motorcycle,0.515,707.3 377.7 811.8 437.8,2,1.200 1.200,1,1,23.554,42.456
72,2.400,2,motorcycle,0.440,346.2 375.0 498.2 478.2,2,1.200 1.164,1,1,23.554,42.456
72,2.400,7,motorcycle,0.334,0.1 360.1 258.1 551.1,1,1.200,0,0,23.554,42.456
72,2.400,9,motorcycle,0.274,590.2 369.2 625.0 424.1,1,1.061,0,1,23.554,42.456
72,2.400,8,motorcycle,0.268,526.1 384.1 579.6 434.6,1,1.200,0,0,23.554,42.456
73,2.433,1,motorcycle,0.750,537.2 420.6 764.4 606.5,1,1.200,0,0,23.766,42.076
73,2.433,10,motorcycle,0.509,707.6 377.7 812.0 437.8,1,1.200,0,1,23.766,42.076
73,2.433,2,motorcycle,0.434,345.6 375.7 498.2 478.4,2,1.200 1.162,1,1,23.766,42.076
73,2.433,4,motorcycle,0.308,1020.3 371.9 1101.7 454.1,0,,0,0,23.766,42.076
73,2.433,7,motorcycle,0.281,0.2 359.5 258.7 551.2,1,1.200,0,0,23.766,42.076
73,2.433,8,motorcycle,0.274,526.0 384.3 579.7 434.7,1,1.200,0,0,23.766,42.076
74,2.467,1,motorcycle,0.760,537.6 420.0 764.8 606.3,1,1.200,0,0,23.778,42.055
74,2.467,10,motorcycle,0.516,707.3 377.9 812.0 437.9,2,1.200 1.200,1,1,23.778,42.055
74,2.467,4,motorcycle,0.482,1030.7 376.1 1105.8 451.6,0,,0,0,23.778,42.055
74,2.467,2,motorcycle,0.422,345.1 375.5 498.3 478.8,2,1.200 1.161,1,1,23.778,42.055
74,2.467,7,motorcycle,0.333,0.3 357.5 263.8 552.1,1,1.200,0,0,23.778,42.055
74,2.467,8,motorcycle,0.272,526.0 384.9 579.9 434.8,1,1.200,0,0,23.778,42.055
75,2.500,1,motorcycle,0.765,537.7 419.4 764.8 606.4,1,1.200,0,0,26.901,37.173
75,2.500,10,motorcycle,0.518,707.8 378.1 811.7 437.9,2,1.200 1.200,1,1,26.901,37.173
75,2.500,2,motorcycle,0.404,345.7 375.2 498.1 478.5,2,1.200 1.165,1,1,26.901,37.173
75,2.500,7,motorcycle,0.344,0.2 358.5 268.9 551.7,1,1.200,0,0,26.901,37.173
75,2.500,4,motorcycle,0.275,1036.4 378.6 1112.2 450.5,0,,0,0,26.901,37.173
75,2.500,8,motorcycle,0.251,526.0 384.4 580.2 434.9,1,1.200,0,0,26.901,37.173
76,2.533,1,motorcycle,0.768,537.8 420.1 764.6 605.8,1,1.200,0,0,25.608,39.050
76,2.533,10,motorcycle,0.514,707.9 377.9 811.7 438.1,2,1.200 1.200,1,1,25.608,39.050
76,2.533,2,motorcycle,0.489,344.5 376.3 498.7 478.8,2,1.200 1.167,1,1,25.608,39.050
76,2.533,7,motorcycle,0.338,0.1 359.4 273.4 551.2,1,1.200,0,0,25.608,39.050
76,2.533,8,motorcycle,0.290,525.8 382.9 580.5 434.9,1,1.200,0,0,25.608,39.050
77,2.567,1,motorcycle,0.776,537.8 419.5 764.6 606.4,1,1.200,0,0,23.352,42.823
77,2.567,10,motorcycle,0.502,707.8 380.4 800.6 438.4,2,1.200 1.200,1,1,23.352,42.823
77,2.567,2,motorcycle,0.466,344.2 376.2 498.7 479.5,2,1.200 1.165,1,1,23.352,42.823
77,2.567,7,motorcycle,0.312,0.1 359.9 277.8 551.2,1,1.200,0,0,23.352,42.823
78,2.600,1,motorcycle,0.773,538.1 419.0 764.8 606.0,1,1.200,0,0,26.204,38.162
78,2.600,2,motorcycle,0.547,344.1 379.4 498.9 480.3,2,1.200 1.168,1,1,26.204,38.162
78,2.600,10,motorcycle,0.502,707.9 377.9 811.9 438.3,2,1.200 1.200,1,1,26.204,38.162
78,2.600,7,motorcycle,0.442,0.2 358.5 281.7 549.6,1,1.200,0,0,26.204,38.162
78,2.600,8,motorcycle,0.255,526.4 382.2 581.1 434.9,1,1.200,0,0,26.204,38.162
79,2.633,1,motorcycle,0.768,538.2 418.5 765.2 605.9,1,1.200,0,0,24.622,40.614
79,2.633,2,motorcycle,0.608,344.6 380.3 498.6 481.1,2,1.200 1.170,1,1,24.622,40.614
79,2.633,10,motorcycle,0.496,707.8 377.6 811.9 438.5,2,1.200 1.200,1,1,24.622,40.614
79,2.633,7,motorcycle,0.439,0.3 359.1 281.0 549.6,1,1.200,0,0,24.622,40.614
80,2.667,1,motorcycle,0.775,538.7 420.6 765.0 606.3,1,1.200,0,0,24.557,40.721
80,2.667,2,motorcycle,0.586,345.9 381.2 498.8 481.3,2,1.200 1.174,1,1,24.557,40.721
80,2.667,7,motorcycle,0.495,0.5 360.5 285.6 550.4,1,1.198,0,0,24.557,40.721
80,2.667,10,motorcycle,0.494,708.7 377.6 812.5 438.7,2,1.200 1.200,1,1,24.557,40.721
81,2.700,1,motorcycle,0.762,538.6 423.0 765.5 605.7,1,1.200,0,0,24.616,40.623
81,2.700,2,motorcycle,0.587,345.7 380.9 498.8 481.5,2,1.200 1.175,1,1,24.616,40.623
81,2.700,10,motorcycle,0.519,708.4 378.7 800.9 438.8,1,1.200,0,1,24.616,40.623
81,2.700,7,motorcycle,0.501,0.5 356.3 287.4 550.4,1,1.185,0,0,24.616,40.623
82,2.733,1,motorcycle,0.759,538.6 427.5 766.0 605.5,1,1.200,0,0,24.388,41.003
82,2.733,2,motorcycle,0.620,346.5 383.3 498.7 482.7,2,1.200 1.176,1,1,24.388,41.003
82,2.733,7,motorcycle,0.562,0.5 356.3 289.8 551.5,1,1.192,0,0,24.388,41.003
82,2.733,10,motorcycle,0.512,708.7 378.2 800.7 438.9,1,1.200,0,1,24.388,41.003
82,2.733,8,motorcycle,0.316,526.5 383.3 581.6 435.8,1,1.200,0,0,24.388,41.003
83,2.767,1,motorcycle,0.752,538.4 425.5 766.0 605.0,1,1.200,0,0,24.803,40.318
83,2.767,2,motorcycle,0.631,346.8 383.6 498.7 482.9,2,1.200 1.175,1,1,24.803,40.318
83,2.767,10,motorcycle,0.545,708.8 377.7 800.7 438.9,1,1.200,0,1,24.803,40.318
83,2.767,7,motorcycle,0.544,0.5 356.1 288.4 551.2,1,1.188,0,0,24.803,40.318
83,2.767,8,motorcycle,0.347,526.9 383.4 581.9 435.7,1,1.200,0,0,24.803,40.318
84,2.800,1,motorcycle,0.754,538.6 427.8 766.6 605.6,1,1.200,0,0,31.786,31.460
84,2.800,2,motorcycle,0.675,350.2 383.7 498.9 482.7,2,1.200 1.179,1,1,31.786,31.460
84,2.800,7,motorcycle,0.646,0.5 356.4 289.6 551.7,1,1.185,0,0,31.786,31.460
84,2.800,10,motorcycle,0.549,709.2 377.9 800.4 439.4,1,1.200,0,1,31.786,31.460
84,2.800,8,motorcycle,0.361,526.9 383.8 581.8 435.7,1,1.200,0,0,31.786,31.460
85,2.833,1,motorcycle,0.746,538.7 428.1 766.7 605.2,1,1.200,0,0,25.127,39.798
85,2.833,2,motorcycle,0.664,351.1 383.0 499.1 482.6,2,1.200 1.180,1,1,25.127,39.798
85,2.833,7,motorcycle,0.648,0.6 357.9 289.1 551.5,1,1.185,0,0,25.127,39.798
85,2.833,10,motorcycle,0.538,709.5 377.6 800.8 439.5,1,1.200,0,1,25.127,39.798
85,2.833,8,motorcycle,0.373,527.4 384.8 582.3 436.0,1,1.200,0,0,25.127,39.798
86,2.867,1,motorcycle,0.725,538.7 430.9 767.0 606.4,1,1.200,0,0,24.474,40.859
86,2.867,2,motorcycle,0.692,354.0 383.0 499.2 483.1,2,1.200 1.180,1,1,24.474,40.859
86,2.867,7,motorcycle,0.660,0.6 357.1 290.4 551.1,1,1.184,0,0,24.474,40.859
86,2.867,10,motorcycle,0.562,709.6 377.3 800.9 439.7,1,1.200,0,1,24.474,40.859
86,2.867,8,motorcycle,0.333,527.2 385.0 582.9 436.4,1,1.200,0,0,24.474,40.859
87,2.900,1,motorcycle,0.725,538.6 431.6 766.9 606.2,1,1.200,0,0,25.135,39.785
87,2.900,2,motorcycle,0.671,354.6 383.2 499.3 483.0,2,1.200 1.180,1,1,25.135,39.785
87,2.900,7,motorcycle,0.651,0.6 358.4 290.4 551.3,1,1.187,0,0,25.135,39.785
87,2.900,10,motorcycle,0.554,710.1 377.6 801.2 439.9,1,1.200,0,1,25.135,39.785
87,2.900,8,motorcycle,0.292,527.3 385.4 583.2 436.6,1,1.200,0,0,25.135,39.785
88,2.933,1,motorcycle,0.727,538.6 428.9 767.1 606.6,1,1.200,0,0,26.387,37.898
88,2.933,2,motorcycle,0.667,356.4 381.8 499.4 483.0,2,1.200 1.179,1,1,26.387,37.898
88,2.933,7,motorcycle,0.662,0.8 358.6 290.7 551.8,1,1.182,0,0,26.387,37.898
88,2.933,10,motorcycle,0.573,710.5 378.0 802.0 439.9,2,1.200 1.200,1,1,26.387,37.898
88,2.933,11,motorcycle,0.411,1137.5 377.2 1212.2 449.7,0,,0,0,26.387,37.898
88,2.933,8,motorcycle,0.345,527.3 385.5 583.5 436.8,1,1.200,0,0,26.387,37.898
89,2.967,1,motorcycle,0.723,538.5 433.7 767.5 606.6,1,1.200,0,0,24.130,41.441
89,2.967,7,motorcycle,0.619,0.9 358.9 289.5 551.4,1,1.180,0,0,24.130,41.441
89,2.967,2,motorcycle,0.618,358.7 380.9 499.7 482.8,2,1.200 1.180,1,1,24.130,41.441
89,2.967,10,motorcycle,0.592,710.6 377.8 802.4 440.0,2,1.200 1.200,1,1,24.130,41.441
89,2.967,11,motorcycle,0.457,1143.9 377.5 1228.4 452.3,0,,0,0,24.130,41.441
89,2.967,8,motorcycle,0.254,526.6 386.1 584.2 438.0,1,1.200,0,0,24.130,41.441
90,3.000,1,motorcycle,0.732,538.6 430.5 767.5 606.9,1,1.200,0,0,24.935,40.104
90,3.000,2,motorcycle,0.661,361.8 381.5 499.5 482.7,2,1.200 1.187,1,1,24.935,40.104
90,3.000,7,motorcycle,0.611,1.1 357.4 289.1 551.5,1,1.200,0,0,24.935,40.104
90,3.000,10,motorcycle,0.579,710.7 377.9 802.6 440.2,2,1.200 1.200,1,1,24.935,40.104
91,3.033,1,motorcycle,0.721,538.6 432.2 767.4 607.1,1,1.200,0,0,24.407,40.972
91,3.033,2,motorcycle,0.644,363.1 381.2 499.7 482.7,2,1.200 1.187,1,1,24.407,40.972
91,3.033,7,motorcycle,0.616,1.2 360.0 290.4 551.7,1,1.195,0,0,24.407,40.972
91,3.033,10,motorcycle,0.598,711.5 378.1 802.7 440.3,2,1.200 1.186,1,1,24.407,40.972
91,3.033,11,motorcycle,0.470,1160.0 377.4 1235.5 450.5,0,,0,0,24.407,40.972
92,3.067,1,motorcycle,0.727,538.6 429.6 767.4 607.4,1,1.200,0,0,25.751,38.833
92,3.067,2,motorcycle,0.649,363.8 382.4 499.9 482.1,2,1.200 1.199,1,1,25.751,38.833
92,3.067,10,motorcycle,0.598,712.4 377.9 802.7 440.2,2,1.200 1.169,1,1,25.751,38.833
92,3.067,7,motorcycle,0.595,1.5 359.5 290.3 551.5,1,1.193,0,0,25.751,38.833
92,3.067,11,motorcycle,0.419,1168.3 377.5 1245.7 450.7,0,,0,0,25.751,38.833
93,3.100,1,motorcycle,0.731,538.6 428.0 767.3 607.7,1,1.200,0,0,25.266,39.579
93,3.100,11,motorcycle,0.658,1176.7 378.8 1251.5 450.8,0,,0,0,25.266,39.579
93,3.100,2,motorcycle,0.628,362.9 381.2 499.9 482.0,2,1.200 1.191,1,1,25.266,39.579
93,3.100,7,motorcycle,0.600,1.7 360.0 290.5 551.1,1,1.192,0,0,25.266,39.579
93,3.100,10,motorcycle,0.582,713.3 378.5 802.9 440.2,2,1.200 1.187,1,1,25.266,39.579
94,3.133,1,motorcycle,0.721,538.8 428.4 767.5 607.6,1,1.200,0,0,24.344,41.079
94,3.133,10,motorcycle,0.616,713.5 378.5 803.6 440.4,2,1.200 1.196,1,1,24.344,41.079
94,3.133,7,motorcycle,0.584,1.5 365.2 293.1 550.1,1,1.194,0,0,24.344,41.079
94,3.133,2,motorcycle,0.583,363.0 380.2 500.1 482.2,2,1.200 1.170,1,1,24.344,41.079
94,3.133,11,motorcycle,0.477,1184.3 378.4 1261.6 450.4,0,,0,0,24.344,41.079
95,3.167,1,motorcycle,0.723,538.9 430.7 767.7 607.7,1,1.200,0,0,23.723,42.153
95,3.167,10,motorcycle,0.599,713.8 378.8 803.6 440.3,2,1.200 1.200,1,1,23.723,42.153
95,3.167,7,motorcycle,0.569,1.4 361.8 293.5 550.5,1,1.188,0,0,23.723,42.153
95,3.167,2,motorcycle,0.568,362.2 380.8 500.2 481.9,2,1.200 1.183,1,1,23.723,42.153
95,3.167,11,motorcycle,0.262,1192.5 381.3 1267.0 451.0,0,,0,0,23.723,42.153
96,3.200,1,motorcycle,0.733,538.9 431.9 767.8 609.1,1,1.200,0,0,32.671,30.608
96,3.200,2,motorcycle,0.621,360.3 382.3 500.1 482.2,2,1.200 1.188,1,1,32.671,30.608
96,3.200,10,motorcycle,0.592,714.0 378.6 803.9 440.4,2,1.200 1.200,1,1,32.671,30.608
96,3.200,7,motorcycle,0.583,1.2 361.5 293.2 550.0,1,1.187,0,0,32.671,30.608
97,3.233,1,motorcycle,0.731,538.9 434.6 767.8 609.4,1,1.200,0,0,24.551,40.732
97,3.233,2,motorcycle,0.599,360.4 382.1 500.4 482.1,2,1.200 1.184,1,1,24.551,40.732
97,3.233,10,motorcycle,0.590,713.5 379.0 804.4 440.6,2,1.200 1.200,1,1,24.551,40.732
97,3.233,7,motorcycle,0.587,1.2 360.4 292.9 550.7,1,1.189,0,0,24.551,40.732
98,3.267,1,motorcycle,0.733,539.0 428.4 768.0 608.0,1,1.200,0,0,24.700,40.486
98,3.267,10,motorcycle,0.609,714.4 379.0 804.7 440.5,2,1.200 1.200,1,1,24.700,40.486
98,3.267,2,motorcycle,0.586,360.0 382.3 500.6 482.1,2,1.200 1.193,1,1,24.700,40.486
98,3.267,7,motorcycle,0.556,1.3 364.6 292.1 550.3,1,1.194,0,0,24.700,40.486
99,3.300,1,motorcycle,0.734,539.1 428.9 768.0 607.9,1,1.200,0,0,26.130,38.271
99,3.300,10,motorcycle,0.608,714.4 378.8 805.1 440.4,2,1.200 1.200,1,1,26.130,38.271
99,3.300,2,motorcycle,0.578,358.3 381.1 500.8 482.1,2,1.200 1.185,1,1,26.130,38.271
99,3.300,7,motorcycle,0.545,1.2 364.7 290.1 550.5,1,1.195,0,0,26.130,38.271
100,3.333,1,motorcycle,0.732,539.4 427.5 768.3 607.3,1,1.200,0,0,25.153,39.757
100,3.333,2,motorcycle,0.662,359.0 381.6 500.9 482.6,2,1.200 1.186,1,1,25.153,39.757
100,3.333,10,motorcycle,0.614,714.4 378.2 805.0 440.4,2,1.200 1.200,1,1,25.153,39.757
100,3.333,7,motorcycle,0.551,0.8 366.2 291.0 549.2,1,1.194,0,0,25.153,39.757
101,3.367,1,motorcycle,0.735,539.5 427.4 768.4 607.2,1,1.200,0,0,24.480,40.850
101,3.367,2,motorcycle,0.650,357.8 380.8 501.0 482.6,2,1.200 1.185,1,1,24.480,40.850
101,3.367,10,motorcycle,0.604,714.8 378.1 804.9 440.5,2,1.200 1.200,1,1,24.480,40.850
101,3.367,7,motorcycle,0.567,0.7 363.7 291.2 549.9,1,1.197,0,0,24.480,40.850
102,3.400,1,motorcycle,0.722,539.6 427.9 768.5 607.2,1,1.200,0,0,24.441,40.915
102,3.400,2,motorcycle,0.628,361.8 380.8 501.5 482.4,2,1.200 1.196,1,1,24.441,40.915
102,3.400,7,motorcycle,0.592,0.7 362.3 293.3 549.5,1,1.197,0,0,24.441,40.915
102,3.400,10,motorcycle,0.579,714.6 378.4 805.0 440.5,2,1.200 1.200,1,1,24.441,40.915
103,3.433,1,motorcycle,0.730,539.5 426.0 768.4 607.5,1,1.200,0,0,25.435,39.316
103,3.433,2,motorcycle,0.603,360.1 379.8 501.7 482.6,2,1.200 1.191,1,1,25.435,39.316
103,3.433,7,motorcycle,0.582,0.7 361.5 292.3 550.1,1,1.196,0,0,25.435,39.316
103,3.433,10,motorcycle,0.530,714.8 379.4 805.5 440.6,2,1.200 1.200,1,1,25.435,39.316
104,3.467,1,motorcycle,0.736,539.6 423.0 768.5 607.9,1,1.200,0,0,25.210,39.666
104,3.467,2,motorcycle,0.641,360.5 380.7 501.8 483.0,2,1.200 1.197,1,1,25.210,39.666
104,3.467,7,motorcycle,0.580,0.5 359.9 292.9 550.1,1,1.198,0,0,25.210,39.666
104,3.467,10,motorcycle,0.534,715.0 380.5 805.2 440.6,2,1.200 1.200,1,1,25.210,39.666
105,3.500,1,motorcycle,0.735,539.6 423.7 768.6 607.5,1,1.200,0,0,23.927,41.795
105,3.500,2,motorcycle,0.611,358.8 380.9 501.7 483.0,2,1.200 1.193,1,1,23.927,41.795
105,3.500,7,motorcycle,0.572,0.5 356.2 293.6 550.0,1,1.200,0,0,23.927,41.795
105,3.500,10,motorcycle,0.533,714.3 382.1 806.4 440.7,2,1.200 1.200,1,1,23.927,41.795
106,3.533,1,motorcycle,0.732,539.7 424.0 768.9 607.3,1,1.200,0,0,24.256,41.227
106,3.533,2,motorcycle,0.648,361.3 380.4 502.0 482.4,2,1.200 1.199,1,1,24.256,41.227
106,3.533,7,motorcycle,0.544,0.4 356.9 291.6 549.3,1,1.199,0,0,24.256,41.227
106,3.533,10,motorcycle,0.523,714.6 381.3 805.7 440.6,2,1.200 1.200,1,1,24.256,41.227
107,3.567,1,motorcycle,0.737,539.7 422.6 768.8 607.5,1,1.200,0,0,23.079,43.329
107,3.567,2,motorcycle,0.631,360.5 380.6 502.1 482.3,2,1.200 1.196,1,1,23.079,43.329
107,3.567,10,motorcycle,0.506,714.9 382.4 806.6 440.6,2,1.200 1.200,1,1,23.079,43.329
107,3.567,7,motorcycle,0.501,0.5 357.1 290.0 549.6,1,1.196,0,0,23.079,43.329
108,3.600,1,motorcycle,0.739,539.8 422.9 769.0 607.0,1,1.200,0,0,24.474,40.860
108,3.600,2,motorcycle,0.585,359.4 379.8 502.1 482.5,2,1.200 1.188,1,1,24.474,40.860
108,3.600,10,motorcycle,0.517,713.7 380.2 820.7 441.0,2,1.200 1.200,1,1,24.474,40.860
108,3.600,7,motorcycle,0.508,0.4 355.3 285.5 550.4,1,1.200,0,0,24.474,40.860
109,3.633,1,motorcycle,0.737,540.0 424.3 769.1 606.9,1,1.200,0,0,23.383,42.767
109,3.633,2,motorcycle,0.563,361.1 380.0 502.5 482.3,2,1.200 1.191,1,1,23.383,42.767
109,3.633,10,motorcycle,0.533,715.3 383.4 806.9 440.6,2,1.200 1.200,1,1,23.383,42.767
109,3.633,7,motorcycle,0.470,0.4 354.4 282.9 550.1,1,1.200,0,0,23.383,42.767
110,3.667,1,motorcycle,0.736,539.9 424.6 769.3 606.4,1,1.200,0,0,23.694,42.204
110,3.667,2,motorcycle,0.619,358.1 380.8 502.5 482.6,2,1.200 1.187,1,1,23.694,42.204
110,3.667,10,motorcycle,0.549,715.3 383.7 807.1 440.7,2,1.200 1.200,1,1,23.694,42.204
110,3.667,7,motorcycle,0.484,0.4 355.0 277.2 548.7,1,1.200,0,0,23.694,42.204
111,3.700,1,motorcycle,0.731,539.9 424.2 769.4 606.1,1,1.200,0,0,24.765,40.379
111,3.700,2,motorcycle,0.619,358.8 380.8 502.4 482.5,2,1.200 1.179,1,1,24.765,40.379
111,3.700,10,motorcycle,0.563,715.5 383.5 807.1 440.7,2,1.200 1.200,1,1,24.765,40.379
111,3.700,7,motorcycle,0.502,0.4 356.0 273.3 548.6,1,1.200,0,0,24.765,40.379
112,3.733,1,motorcycle,0.721,540.0 425.1 769.5 606.1,1,1.200,0,0,24.014,41.642
112,3.733,2,motorcycle,0.611,356.0 380.0 502.8 482.7,2,1.200 1.180,1,1,24.014,41.642
112,3.733,10,motorcycle,0.592,715.6 383.8 807.3 440.9,2,1.200 1.200,1,1,24.014,41.642
112,3.733,7,motorcycle,0.492,0.3 357.2 269.3 548.0,1,1.200,0,0,24.014,41.642
113,3.767,1,motorcycle,0.717,540.0 422.5 769.4 606.0,1,1.200,0,0,24.539,40.752
113,3.767,2,motorcycle,0.637,356.2 381.4 502.7 482.6,2,1.200 1.182,1,1,24.539,40.752
113,3.767,10,motorcycle,0.584,715.8 384.6 807.6 441.0,2,1.200 1.200,1,1,24.539,40.752
113,3.767,7,motorcycle,0.493,0.3 355.7 267.1 548.5,1,1.200,0,0,24.539,40.752
114,3.800,1,motorcycle,0.710,540.2 422.4 769.4 605.8,1,1.200,0,0,24.315,41.127
114,3.800,2,motorcycle,0.688,355.1 381.4 502.7 482.8,2,1.200 1.178,1,1,24.315,41.127
114,3.800,10,motorcycle,0.570,715.8 383.5 807.7 441.0,1,1.200,0,1,24.315,41.127
114,3.800,7,motorcycle,0.486,0.3 356.8 264.7 548.6,1,1.200,0,0,24.315,41.127
115,3.833,1,motorcycle,0.716,540.2 421.6 769.5 606.1,1,1.200,0,0,23.789,42.035
115,3.833,2,motorcycle,0.668,355.9 380.5 503.1 482.6,2,1.200 1.171,1,1,23.789,42.035
115,3.833,10,motorcycle,0.580,715.2 379.9 820.6 441.6,2,1.200 1.200,1,1,23.789,42.035
115,3.833,7,motorcycle,0.483,0.3 357.2 265.3 548.5,1,1.200,0,0,23.789,42.035
116,3.867,1,motorcycle,0.701,540.1 423.5 769.4 607.2,1,1.200,0,0,24.168,41.378
116,3.867,2,motorcycle,0.693,355.5 381.0 503.1 482.2,2,1.200 1.173,1,1,24.168,41.378
116,3.867,10,motorcycle,0.577,715.3 379.8 820.9 441.5,1,1.200,0,1,24.168,41.378
116,3.867,7,motorcycle,0.473,0.3 356.6 264.7 547.6,1,1.200,0,0,24.168,41.378
117,3.900,1,motorcycle,0.703,540.1 422.3 769.3 607.0,1,1.200,0,0,24.595,40.659
117,3.900,2,motorcycle,0.678,355.5 381.5 503.3 482.1,2,1.200 1.177,1,1,24.595,40.659
117,3.900,10,motorcycle,0.595,715.5 379.9 821.2 441.7,1,1.190,0,1,24.595,40.659
117,3.900,7,motorcycle,0.479,0.3 356.1 264.1 547.8,1,1.200,0,0,24.595,40.659
118,3.933,2,motorcycle,0.698,355.6 380.9 503.4 482.0,2,1.200 1.175,1,1,23.644,42.295
118,3.933,1,motorcycle,0.697,538.7 422.3 768.3 606.9,1,1.200,0,0,23.644,42.295
118,3.933,10,motorcycle,0.600,715.5 380.0 821.4 441.5,1,1.188,0,1,23.644,42.295
118,3.933,7,motorcycle,0.496,0.4 354.6 263.3 547.0,1,1.200,0,0,23.644,42.295
118,3.933,12,motorcycle,0.270,534.9 384.5 584.2 439.6,1,1.200,0,0,23.644,42.295
119,3.967,1,motorcycle,0.699,538.9 425.5 768.6 606.7,1,1.200,0,0,23.689,42.214
119,3.967,2,motorcycle,0.690,355.0 381.1 503.7 481.9,2,1.200 1.174,1,1,23.689,42.214
119,3.967,10,motorcycle,0.616,715.8 379.9 821.8 441.6,1,1.192,0,1,23.689,42.214
119,3.967,7,motorcycle,0.435,0.3 353.5 267.0 546.3,1,1.200,0,0,23.689,42.214
119,3.967,12,motorcycle,0.258,535.4 384.5 584.2 439.4,1,1.200,0,0,23.689,42.214
120,4.000,1,motorcycle,0.706,539.0 423.6 768.4 606.4,1,1.200,0,0,24.320,41.119
120,4.000,2,motorcycle,0.695,356.0 381.7 503.6 482.3,2,1.200 1.175,1,1,24.320,41.119
120,4.000,10,motorcycle,0.627,715.6 380.2 822.3 441.9,1,1.190,0,1,24.320,41.119
120,4.000,7,motorcycle,0.416,0.5 353.5 274.2 545.6,1,1.200,0,0,24.320,41.119
120,4.000,12,motorcycle,0.285,535.5 384.9 584.2 439.4,1,1.200,0,0,24.320,41.119
121,4.033,1,motorcycle,0.711,540.4 421.7 769.3 605.7,1,1.200,0,0,23.819,41.983
121,4.033,2,motorcycle,0.701,355.8 381.6 503.6 481.6,2,1.200 1.173,1,1,23.819,41.983
121,4.033,10,motorcycle,0.617,715.9 380.0 822.3 441.8,1,1.180,0,1,23.819,41.983
121,4.033,7,motorcycle,0.411,0.4 353.8 268.3 545.5,1,1.200,0,0,23.819,41.983
121,4.033,12,motorcycle,0.312,535.3 385.0 584.3 439.1,1,1.200,0,0,23.819,41.983
122,4.067,1,motorcycle,0.742,538.9 414.4 769.5 605.8,1,1.200,0,0,24.178,41.359
122,4.067,2,motorcycle,0.692,355.5 381.4 504.0 481.6,2,1.200 1.174,1,1,24.178,41.359
122,4.067,10,motorcycle,0.621,715.8 380.2 822.8 442.6,1,1.180,0,1,24.178,41.359
122,4.067,7,motorcycle,0.459,0.6 353.3 271.8 545.4,1,1.200,0,0,24.178,41.359
122,4.067,12,motorcycle,0.302,535.9 384.8 583.8 438.9,1,1.200,0,0,24.178,41.359
123,4.100,1,motorcycle,0.745,539.0 413.9 769.5 605.6,1,1.200,0,0,24.314,41.129
123,4.100,2,motorcycle,0.687,355.3 381.3 504.3 481.6,2,1.200 1.175,1,1,24.314,41.129
123,4.100,10,motorcycle,0.620,716.1 380.0 822.9 442.7,1,1.193,0,1,24.314,41.129
123,4.100,7,motorcycle,0.471,0.6 354.4 273.0 544.9,1,1.200,0,0,24.314,41.129
123,4.100,12,motorcycle,0.282,536.0 384.7 583.9 438.6,1,1.200,0,0,24.314,41.129
124,4.133,1,motorcycle,0.742,539.3 413.4 769.6 605.6,1,1.200,0,0,23.982,41.698
124,4.133,2,motorcycle,0.687,355.6 380.8 504.2 481.1,2,1.200 1.175,1,1,23.982,41.698
124,4.133,10,motorcycle,0.606,716.2 379.7 823.2 442.8,1,1.173,0,1,23.982,41.698
124,4.133,7,motorcycle,0.433,0.6 355.6 279.5 544.6,1,1.200,0,0,23.982,41.698
124,4.133,12,motorcycle,0.296,536.0 384.3 584.6 438.0,1,1.200,0,0,23.982,41.698
125,4.167,1,motorcycle,0.747,539.3 413.9 769.6 605.5,1,1.200,0,0,23.639,42.304
125,4.167,2,motorcycle,0.697,355.4 381.2 504.4 481.3,2,1.200 1.174,1,1,23.639,42.304
125,4.167,10,motorcycle,0.609,716.5 379.4 823.4 443.0,1,1.171,0,1,23.639,42.304
125,4.167,7,motorcycle,0.459,0.8 356.7 271.1 544.8,1,1.200,0,0,23.639,42.304
125,4.167,12,motorcycle,0.324,536.1 384.5 584.5 437.7,1,1.200,0,0,23.639,42.304
126,4.200,1,motorcycle,0.748,539.8 413.0 769.8 605.6,1,1.200,0,0,23.877,41.881
126,4.200,2,motorcycle,0.690,354.8 380.8 504.6 481.1,2,1.200 1.167,1,1,23.877,41.881
126,4.200,10,motorcycle,0.617,716.6 379.2 823.2 443.5,1,1.172,0,1,23.877,41.881
126,4.200,7,motorcycle,0.475,0.8 357.2 278.8 545.3,1,1.200,0,0,23.877,41.881
126,4.200,12,motorcycle,0.294,535.9 384.4 584.6 437.1,1,1.200,0,0,23.877,41.881
127,4.233,1,motorcycle,0.743,539.7 413.0 769.7 605.4,1,1.200,0,0,24.400,40.984
127,4.233,2,motorcycle,0.710,354.3 381.0 504.7 480.8,2,1.200 1.167,1,1,24.400,40.984
127,4.233,10,motorcycle,0.618,716.5 378.8 823.4 443.7,2,1.200 1.171,1,1,24.400,40.984
127,4.233,7,motorcycle,0.482,0.8 358.7 277.5 544.6,1,1.200,0,0,24.400,40.984
127,4.233,12,motorcycle,0.333,536.2 384.3 584.4 437.0,1,1.200,0,0,24.400,40.984
128,4.267,1,motorcycle,0.750,539.7 412.4 769.8 605.5,1,1.200,0,0,23.170,43.159
128,4.267,2,motorcycle,0.690,354.1 380.2 504.7 480.4,2,1.200 1.165,1,1,23.170,43.159
128,4.267,10,motorcycle,0.631,716.5 378.9 823.3 443.8,1,1.174,0,1,23.170,43.159
128,4.267,7,motorcycle,0.426,1.3 358.4 282.2 544.6,1,1.200,0,0,23.170,43.159
128,4.267,12,motorcycle,0.289,536.8 384.3 584.7 435.5,1,1.200,0,0,23.170,43.159
129,4.300,1,motorcycle,0.751,539.9 411.6 769.8 605.9,1,1.200,0,0,23.467,42.613
129,4.300,2,motorcycle,0.695,353.5 380.1 504.7 480.3,2,1.200 1.164,1,1,23.467,42.613
129,4.300,10,motorcycle,0.642,716.4 378.1 823.4 443.7,1,1.166,0,1,23.467,42.613
129,4.300,7,motorcycle,0.399,1.5 356.9 282.6 544.9,1,1.200,0,0,23.467,42.613
129,4.300,12,motorcycle,0.272,536.8 384.5 584.5 435.3,1,1.200,0,0,23.467,42.613
129,4.300,13,motorcycle,0.252,685.2 418.9 768.9 573.5,0,,0,0,23.467,42.613
130,4.333,1,motorcycle,0.744,540.1 410.1 769.9 606.3,1,1.200,0,0,24.365,41.042
130,4.333,10,motorcycle,0.668,716.6 377.9 824.1 443.2,1,1.172,0,1,24.365,41.042
130,4.333,2,motorcycle,0.662,353.7 380.0 505.4 480.2,2,1.200 1.163,1,1,24.365,41.042
130,4.333,7,motorcycle,0.387,1.4 356.1 269.5 545.4,1,1.200,0,0,24.365,41.042
131,4.367,1,motorcycle,0.743,540.2 409.9 770.0 606.1,1,1.200,0,0,22.210,45.025
131,4.367,2,motorcycle,0.678,353.9 379.9 505.2 480.2,2,1.200 1.159,1,1,22.210,45.025
131,4.367,10,motorcycle,0.663,716.7 377.8 824.0 443.3,1,1.175,0,1,22.210,45.025
131,4.367,7,motorcycle,0.380,1.4 354.5 269.9 545.3,1,1.200,0,0,22.210,45.025
132,4.400,1,motorcycle,0.739,540.5 410.1 770.0 605.7,1,1.200,0,0,23.043,43.396
132,4.400,10,motorcycle,0.659,716.8 377.9 824.1 443.4,1,1.174,0,1,23.043,43.396
132,4.400,2,motorcycle,0.637,353.9 380.2 505.4 480.1,2,1.200 1.161,1,1,23.043,43.396
132,4.400,7,motorcycle,0.430,2.8 355.4 263.2 543.6,1,1.200,0,0,23.043,43.396
133,4.433,1,motorcycle,0.743,540.6 409.8 770.0 605.7,1,1.200,0,0,23.287,42.943
133,4.433,10,motorcycle,0.644,717.0 377.5 824.2 443.5,1,1.177,0,1,23.287,42.943
133,4.433,2,motorcycle,0.610,354.2 379.6 505.9 480.1,2,1.200 1.156,1,1,23.287,42.943
133,4.433,7,motorcycle,0.427,2.3 354.5 262.5 543.2,1,1.200,0,0,23.287,42.943
134,4.467,1,motorcycle,0.735,540.7 409.1 770.0 606.2,1,1.200,0,0,24.172,41.371
134,4.467,10,motorcycle,0.657,717.3 377.1 824.4 444.0,1,1.173,0,1,24.172,41.371
134,4.467,2,motorcycle,0.576,354.2 379.7 506.3 480.2,2,1.200 1.153,1,1,24.172,41.371
134,4.467,7,motorcycle,0.449,2.0 355.4 261.7 543.9,1,1.200,0,0,24.172,41.371
135,4.500,1,motorcycle,0.732,540.8 410.1 770.2 606.0,1,1.200,0,0,23.995,41.675
135,4.500,10,motorcycle,0.665,717.4 377.3 824.4 444.3,1,1.178,0,1,23.995,41.675
135,4.500,2,motorcycle,0.556,354.3 379.0 506.7 480.3,2,1.200 1.149,1,1,23.995,41.675
135,4.500,7,motorcycle,0.464,4.3 355.7 261.9 543.3,1,1.200,0,0,23.995,41.675
136,4.533,1,motorcycle,0.738,541.2 410.4 770.5 606.5,1,1.200,0,0,25.668,38.959
136,4.533,10,motorcycle,0.677,716.9 377.4 824.7 443.2,1,1.184,0,1,25.668,38.959
136,4.533,2,motorcycle,0.520,355.8 378.8 507.4 480.1,2,1.200 1.152,1,1,25.668,38.959
136,4.533,7,motorcycle,0.423,6.0 356.3 261.4 543.8,1,1.200,0,0,25.668,38.959
137,4.567,1,motorcycle,0.730,541.2 410.4 770.5 606.2,1,1.200,0,0,25.088,39.860
137,4.567,10,motorcycle,0.672,716.6 376.7 824.7 443.3,1,1.177,0,1,25.088,39.860
137,4.567,2,motorcycle,0.525,356.0 378.4 507.3 479.9,2,1.200 1.156,1,1,25.088,39.860
137,4.567,7,motorcycle,0.466,7.0 356.3 260.9 543.6,1,1.200,0,0,25.088,39.860
138,4.600,1,motorcycle,0.731,541.9 410.4 770.9 606.5,1,1.200,0,0,24.156,41.397
138,4.600,10,motorcycle,0.672,716.2 377.1 824.7 443.1,1,1.191,0,1,24.156,41.397
138,4.600,2,motorcycle,0.541,357.5 382.3 506.3 482.0,2,1.200 1.162,1,1,24.156,41.397
138,4.600,7,motorcycle,0.479,7.4 356.4 262.1 543.0,1,1.200,0,0,24.156,41.397
139,4.633,1,motorcycle,0.732,541.8 413.4 771.0 606.1,1,1.200,0,0,24.651,40.566
139,4.633,10,motorcycle,0.676,716.6 377.2 825.0 443.2,1,1.189,0,1,24.651,40.566
139,4.633,2,motorcycle,0.554,357.2 376.5 508.0 479.9,2,1.200 1.159,1,1,24.651,40.566
139,4.633,7,motorcycle,0.416,5.0 357.5 263.6 542.9,1,1.200,0,0,24.651,40.566
140,4.667,1,motorcycle,0.742,542.4 412.5 771.0 606.2,1,1.200,0,0,24.233,41.266
140,4.667,10,motorcycle,0.668,716.0 377.2 825.3 443.2,1,1.185,0,1,24.233,41.266
140,4.667,2,motorcycle,0.578,358.5 381.8 506.9 482.1,2,1.200 1.162,1,1,24.233,41.266
140,4.667,7,motorcycle,0.432,4.5 356.8 273.8 542.4,1,1.200,0,0,24.233,41.266
141,4.700,1,motorcycle,0.741,542.3 411.5 770.9 606.4,1,1.200,0,0,24.167,41.379
141,4.700,10,motorcycle,0.673,716.6 376.5 825.5 443.2,1,1.187,0,1,24.167,41.379
141,4.700,2,motorcycle,0.592,358.4 381.5 506.9 482.1,2,1.200 1.165,1,1,24.167,41.379
141,4.700,7,motorcycle,0.414,3.3 355.9 280.7 542.4,1,1.200,0,0,24.167,41.379
142,4.733,1,motorcycle,0.748,543.3 410.5 771.0 605.7,1,1.200,0,0,24.712,40.466
142,4.733,10,motorcycle,0.637,717.1 376.2 825.1 442.4,1,1.194,0,1,24.712,40.466
142,4.733,2,motorcycle,0.609,357.7 376.3 507.9 479.6,2,1.200 1.160,1,1,24.712,40.466
142,4.733,7,motorcycle,0.488,5.8 354.4 279.0 542.0,1,1.200,0,0,24.712,40.466
143,4.767,1,motorcycle,0.752,543.3 408.3 771.0 606.0,1,1.200,0,0,24.846,40.248
143,4.767,10,motorcycle,0.638,717.9 376.2 825.4 442.1,1,1.200,0,1,24.846,40.248
143,4.767,2,motorcycle,0.609,357.9 376.3 508.6 480.0,2,1.200 1.159,1,1,24.846,40.248
143,4.767,7,motorcycle,0.506,5.2 354.9 280.3 541.9,1,1.200,0,0,24.846,40.248
144,4.800,1,motorcycle,0.751,543.5 406.3 771.1 607.1,1,1.200,0,0,24.267,41.208
144,4.800,10,motorcycle,0.606,718.0 376.3 825.0 441.9,1,1.200,0,0,24.267,41.208
144,4.800,2,motorcycle,0.567,357.2 374.8 508.8 479.2,2,1.200 1.157,1,1,24.267,41.208
144,4.800,7,motorcycle,0.523,6.7 355.7 278.7 542.4,1,1.200,0,0,24.267,41.208
145,4.833,1,motorcycle,0.749,544.5 412.6 771.4 606.6,1,1.200,0,0,25.365,39.425
145,4.833,10,motorcycle,0.592,718.2 376.1 825.0 441.0,1,1.200,0,0,25.365,39.425
145,4.833,7,motorcycle,0.577,6.8 355.8 290.8 542.9,1,1.200,0,0,25.365,39.425
145,4.833,2,motorcycle,0.549,356.6 373.2 509.3 479.0,2,1.200 1.158,1,1,25.365,39.425
146,4.867,1,motorcycle,0.739,545.5 411.7 771.5 606.9,1,1.200,0,0,23.277,42.960
146,4.867,2,motorcycle,0.584,358.7 373.0 508.9 478.7,2,1.200 1.161,1,1,23.277,42.960
146,4.867,7,motorcycle,0.576,10.6 355.5 297.8 542.1,1,1.200,0,0,23.277,42.960
146,4.867,10,motorcycle,0.575,718.3 376.2 824.6 440.3,1,1.200,0,0,23.277,42.960
147,4.900,1,motorcycle,0.743,545.5 413.4 771.8 606.8,1,1.200,0,0,32.391,30.873
147,4.900,7,motorcycle,0.611,13.9 355.6 299.1 542.1,1,1.200,0,0,32.391,30.873
147,4.900,2,motorcycle,0.563,359.8 371.7 509.3 478.6,2,1.200 1.161,1,1,32.391,30.873
147,4.900,10,motorcycle,0.560,718.7 375.8 824.5 439.9,1,1.200,0,0,32.391,30.873
147,4.900,14,motorcycle,0.257,688.0 421.7 771.4 570.5,0,,0,0,32.391,30.873
148,4.933,1,motorcycle,0.744,546.4 416.7 772.2 606.6,1,1.200,0,0,24.881,40.191
148,4.933,7,motorcycle,0.627,17.0 356.1 302.3 541.3,1,1.200,0,0,24.881,40.191
148,4.933,2,motorcycle,0.568,369.5 372.1 508.6 478.0,2,1.200 1.177,1,1,24.881,40.191
148,4.933,10,motorcycle,0.532,717.9 376.5 824.5 439.9,1,1.200,0,0,24.881,40.191
148,4.933,14,motorcycle,0.261,688.2 423.5 771.6 570.7,0,,0,0,24.881,40.191
149,4.967,1,motorcycle,0.744,546.6 415.9 772.1 606.0,1,1.200,0,0,24.640,40.584
149,4.967,7,motorcycle,0.665,16.7 357.0 305.5 541.2,1,1.200,0,0,24.640,40.584
149,4.967,10,motorcycle,0.530,718.0 377.7 827.3 438.6,1,1.200,0,0,24.640,40.584
149,4.967,2,motorcycle,0.507,366.1 368.5 509.3 477.5,2,1.200 1.162,1,1,24.640,40.584
149,4.967,14,motorcycle,0.276,687.9 422.0 771.6 570.5,0,,0,0,24.640,40.584
150,5.000,1,motorcycle,0.735,546.6 417.5 772.4 605.8,1,1.200,0,0,23.738,42.127
150,5.000,7,motorcycle,0.667,20.5 356.7 304.3 541.0,1,1.200,0,0,23.738,42.127
150,5.000,2,motorcycle,0.543,362.4 369.3 509.6 477.5,2,1.200 1.156,1,1,23.738,42.127
150,5.000,10,motorcycle,0.509,717.6 376.8 826.9 438.3,1,1.200,0,0,23.738,42.127
150,5.000,14,motorcycle,0.307,688.9 422.0 771.8 570.6,0,,0,0,23.738,42.127
151,5.033,1,motorcycle,0.731,545.9 419.5 771.3 605.0,1,1.200,0,0,24.080,41.529
151,5.033,7,motorcycle,0.680,19.7 355.1 303.2 541.7,1,1.200,0,0,24.080,41.529
151,5.033,2,motorcycle,0.563,360.0 368.7 509.8 477.5,2,1.200 1.151,1,1,24.080,41.529
151,5.033,10,motorcycle,0.501,717.5 377.8 826.6 438.3,1,1.200,0,0,24.080,41.529
151,5.033,14,motorcycle,0.349,688.9 422.3 771.9 570.5,0,,0,0,24.080,41.529
152,5.067,1,motorcycle,0.738,545.8 406.5 772.0 605.4,1,1.200,0,0,23.243,43.024
152,5.067,7,motorcycle,0.677,20.0 355.2 305.8 539.3,1,1.200,0,0,23.243,43.024
152,5.067,2,motorcycle,0.624,358.6 367.7 510.1 477.4,2,1.200 1.151,1,1,23.243,43.024
152,5.067,10,motorcycle,0.509,716.8 377.6 826.9 438.4,1,1.200,0,0,23.243,43.024
152,5.067,14,motorcycle,0.352,688.3 422.4 772.0 570.3,0,,0,0,23.243,43.024
153,5.100,1,motorcycle,0.755,545.7 406.4 771.7 604.9,1,1.200,0,0,23.499,42.556
153,5.100,7,motorcycle,0.708,20.6 355.9 306.2 539.2,1,1.200,0,0,23.499,42.556
153,5.100,2,motorcycle,0.650,357.5 366.7 510.5 477.5,2,1.200 1.147,1,1,23.499,42.556
153,5.100,10,motorcycle,0.489,717.2 378.0 827.1 438.4,1,1.200,0,0,23.499,42.556
153,5.100,14,motorcycle,0.388,688.8 420.8 771.9 570.3,0,,0,0,23.499,42.556
154,5.133,1,motorcycle,0.766,546.1 406.0 772.0 603.8,1,1.200,0,0,24.155,41.399
154,5.133,2,motorcycle,0.671,357.3 366.4 511.0 477.6,2,1.200 1.143,1,1,24.155,41.399
154,5.133,7,motorcycle,0.646,19.9 355.4 304.6 539.4,1,1.200,0,0,24.155,41.399
154,5.133,10,motorcycle,0.514,718.2 376.6 827.6 437.9,1,1.200,0,0,24.155,41.399
154,5.133,14,motorcycle,0.407,689.6 419.3 772.2 569.7,0,,0,0,24.155,41.399
155,5.167,1,motorcycle,0.766,546.2 406.4 771.9 603.8,1,1.200,0,0,23.274,42.966
155,5.167,2,motorcycle,0.671,358.2 364.8 511.4 477.8,2,1.200 1.151,1,1,23.274,42.966
155,5.167,7,motorcycle,0.654,20.0 355.5 304.5 539.6,1,1.200,0,0,23.274,42.966
155,5.167,10,motorcycle,0.540,718.9 375.8 827.7 438.0,1,1.200,0,0,23.274,42.966
155,5.167,14,motorcycle,0.370,689.2 419.1 772.2 569.0,0,,0,0,23.274,42.966
156,5.200,1,motorcycle,0.763,546.0 409.8 772.2 603.4,1,1.200,0,0,24.832,40.270
156,5.200,7,motorcycle,0.655,18.2 355.4 303.8 539.7,1,1.198,0,0,24.832,40.270
156,5.200,2,motorcycle,0.639,358.2 363.9 511.1 477.4,2,1.200 1.142,1,1,24.832,40.270
156,5.200,10,motorcycle,0.532,718.3 376.6 827.7 437.6,1,1.200,0,0,24.832,40.270
156,5.200,14,motorcycle,0.413,688.7 419.8 772.3 568.1,0,,0,0,24.832,40.270
157,5.233,1,motorcycle,0.763,545.8 412.5 772.4 603.6,1,1.200,0,0,23.273,42.969
157,5.233,2,motorcycle,0.651,361.2 364.3 511.6 477.3,2,1.200 1.146,1,1,23.273,42.969
157,5.233,7,motorcycle,0.632,17.7 355.2 300.8 539.6,1,1.197,0,0,23.273,42.969
157,5.233,10,motorcycle,0.522,718.1 377.3 827.9 437.5,1,1.200,0,0,23.273,42.969
157,5.233,14,motorcycle,0.427,688.8 420.5 772.5 568.1,0,,0,0,23.273,42.969
158,5.267,1,motorcycle,0.779,546.3 412.3 772.8 603.2,1,1.200,0,0,24.705,40.478
158,5.267,7,motorcycle,0.639,19.2 357.0 301.6 538.6,1,1.199,0,0,24.705,40.478
158,5.267,2,motorcycle,0.604,362.3 369.6 510.9 476.4,2,1.200 1.150,1,1,24.705,40.478
158,5.267,10,motorcycle,0.465,717.7 377.0 827.8 436.9,1,1.200,0,0,24.705,40.478
158,5.267,14,motorcycle,0.380,689.1 420.7 772.8 568.9,0,,0,0,24.705,40.478
158,5.267,15,motorcycle,0.316,548.8 351.0 594.9 418.0,1,1.200,0,0,24.705,40.478
159,5.300,1,motorcycle,0.785,546.3 414.5 772.8 602.9,1,1.200,0,0,24.592,40.664
159,5.300,7,motorcycle,0.607,18.2 356.8 301.6 538.7,1,1.199,0,0,24.592,40.664
159,5.300,2,motorcycle,0.533,361.9 368.8 510.3 476.3,2,1.200 1.145,1,1,24.592,40.664
159,5.300,10,motorcycle,0.447,717.6 376.9 827.7 436.7,1,1.200,0,0,24.592,40.664
159,5.300,14,motorcycle,0.353,688.7 420.4 773.0 568.8,0,,0,0,24.592,40.664
159,5.300,15,motorcycle,0.311,550.3 353.0 595.6 417.5,1,1.200,0,0,24.592,40.664
160,5.333,1,motorcycle,0.769,546.1 418.8 772.9 603.2,1,1.200,0,0,31.085,32.170
160,5.333,7,motorcycle,0.604,21.1 356.4 304.7 537.6,1,1.200,0,0,31.085,32.170
160,5.333,10,motorcycle,0.435,717.7 377.5 827.9 436.1,1,1.200,0,0,31.085,32.170
160,5.333,2,motorcycle,0.426,361.0 368.4 508.4 476.2,2,1.200 1.152,1,1,31.085,32.170
160,5.333,14,motorcycle,0.382,688.5 420.8 773.1 567.8,0,,0,0,31.085,32.170
160,5.333,15,motorcycle,0.332,553.4 357.2 594.0 415.7,1,1.200,0,0,31.085,32.170
161,5.367,1,motorcycle,0.774,545.9 420.2 773.0 603.0,1,1.200,0,0,23.950,41.753
161,5.367,7,motorcycle,0.601,19.8 355.8 305.2 537.7,1,1.200,0,0,23.950,41.753
161,5.367,14,motorcycle,0.416,688.4 419.9 773.2 567.5,0,,0,0,23.950,41.753
161,5.367,10,motorcycle,0.413,717.6 377.5 828.1 435.7,1,1.200,0,0,23.950,41.753
161,5.367,2,motorcycle,0.385,362.7 369.2 507.1 475.8,2,1.200 1.159,1,1,23.950,41.753
161,5.367,15,motorcycle,0.304,553.2 357.4 602.3 416.7,1,1.200,0,0,23.950,41.753
162,5.400,1,motorcycle,0.792,545.9 416.5 773.1 601.1,1,1.200,0,0,23.919,41.808
162,5.400,7,motorcycle,0.619,17.6 353.7 301.3 537.9,1,1.200,0,0,23.919,41.808
162,5.400,10,motorcycle,0.436,717.8 377.6 827.8 435.5,1,1.200,0,0,23.919,41.808
162,5.400,2,motorcycle,0.378,363.2 370.0 501.1 475.4,2,1.200 1.171,1,1,23.919,41.808
162,5.400,14,motorcycle,0.378,688.5 418.8 773.1 567.5,0,,0,0,23.919,41.808
162,5.400,15,motorcycle,0.308,555.6 342.9 594.5 414.4,1,1.200,0,0,23.919,41.808
163,5.433,1,motorcycle,0.781,545.9 416.5 773.1 601.1,1,1.200,0,0,24.297,41.157
163,5.433,7,motorcycle,0.620,19.1 353.6 299.5 537.8,1,1.200,0,0,24.297,41.157
163,5.433,10,motorcycle,0.472,718.0 377.4 828.2 435.3,1,1.200,0,0,24.297,41.157
163,5.433,14,motorcycle,0.424,688.3 418.2 773.2 567.4,0,,0,0,24.297,41.157
163,5.433,15,motorcycle,0.343,555.8 345.7 594.5 414.0,1,1.200,0,0,24.297,41.157
164,5.467,1,motorcycle,0.783,545.8 413.3 772.8 600.9,1,1.200,0,0,23.506,42.543
164,5.467,7,motorcycle,0.636,21.1 356.5 296.0 537.5,1,1.200,0,0,23.506,42.543
164,5.467,10,motorcycle,0.498,718.6 376.5 827.6 435.2,1,1.200,0,0,23.506,42.543
164,5.467,14,motorcycle,0.404,688.6 417.7 773.1 566.8,0,,0,0,23.506,42.543
164,5.467,15,motorcycle,0.358,556.4 351.9 594.9 413.5,1,1.200,0,0,23.506,42.543
165,5.500,1,motorcycle,0.781,545.4 413.9 772.8 601.7,1,1.200,0,0,24.142,41.422
165,5.500,7,motorcycle,0.624,20.5 354.7 294.1 536.9,1,1.200,0,0,24.142,41.422
165,5.500,10,motorcycle,0.489,719.5 375.9 827.4 435.1,1,1.200,0,0,24.142,41.422
165,5.500,14,motorcycle,0.367,688.9 416.5 773.1 567.0,0,,0,0,24.142,41.422
166,5.533,1,motorcycle,0.778,545.2 412.1 772.6 600.7,1,1.200,0,0,25.506,39.207
166,5.533,7,motorcycle,0.576,20.3 354.6 278.6 537.1,1,1.200,0,0,25.506,39.207
166,5.533,10,motorcycle,0.455,720.0 375.8 827.4 435.1,1,1.200,0,0,25.506,39.207
166,5.533,14,motorcycle,0.295,687.9 416.8 773.0 567.0,0,,0,0,25.506,39.207
166,5.533,2,motorcycle,0.264,366.5 372.8 492.5 474.7,2,1.200 1.185,1,1,25.506,39.207
167,5.567,1,motorcycle,0.781,544.9 411.3 771.9 599.9,1,1.200,0,0,23.419,42.699
167,5.567,7,motorcycle,0.597,21.0 354.4 278.7 536.4,1,1.200,0,0,23.419,42.699
167,5.567,10,motorcycle,0.440,720.1 373.6 826.7 434.8,1,1.200,0,0,23.419,42.699
167,5.567,14,motorcycle,0.252,688.0 415.4 773.0 567.2,0,,0,0,23.419,42.699
168,5.600,1,motorcycle,0.777,545.0 412.6 771.8 599.5,1,1.200,0,0,24.412,40.964
168,5.600,7,motorcycle,0.568,19.5 354.2 273.4 536.3,1,1.200,0,0,24.412,40.964
168,5.600,10,motorcycle,0.422,723.3 370.3 813.3 434.9,1,1.200,0,0,24.412,40.964
169,5.633,1,motorcycle,0.769,545.1 414.5 771.7 599.8,1,1.200,0,0,24.420,40.950
169,5.633,7,motorcycle,0.575,20.0 352.1 276.8 536.8,1,1.200,0,0,24.420,40.950
169,5.633,10,motorcycle,0.443,723.2 369.2 813.5 434.9,1,1.200,0,0,24.420,40.950
169,5.633,15,motorcycle,0.266,561.0 339.4 600.4 413.1,1,1.200,0,0,24.420,40.950
170,5.667,1,motorcycle,0.766,544.5 414.4 771.7 600.1,1,1.200,0,0,25.004,39.993
170,5.667,7,motorcycle,0.520,20.6 351.0 276.8 536.2,1,1.200,0,0,25.004,39.993
170,5.667,10,motorcycle,0.416,721.6 368.0 822.6 434.6,1,1.200,0,0,25.004,39.993
170,5.667,2,motorcycle,0.274,371.7 370.5 501.3 472.6,2,1.200 1.173,1,1,25.004,39.993
170,5.667,15,motorcycle,0.271,562.0 357.6 599.0 410.2,1,1.200,0,0,25.004,39.993
171,5.700,1,motorcycle,0.765,544.5 415.5 771.7 600.1,1,1.200,0,0,24.948,40.083
171,5.700,7,motorcycle,0.498,19.2 348.8 279.2 535.8,1,1.200,0,0,24.948,40.083
171,5.700,10,motorcycle,0.415,721.5 367.5 822.1 434.8,1,1.200,0,0,24.948,40.083
171,5.700,16,motorcycle,0.363,588.8 342.1 642.5 417.3,1,1.200,0,0,24.948,40.083
171,5.700,2,motorcycle,0.336,373.0 370.2 501.1 471.8,2,1.200 1.164,1,1,24.948,40.083
171,5.700,15,motorcycle,0.290,562.6 353.0 598.5 408.7,1,1.200,0,0,24.948,40.083
172,5.733,1,motorcycle,0.764,543.8 414.0 771.3 599.5,1,1.200,0,0,24.328,41.105
172,5.733,7,motorcycle,0.507,20.0 345.3 278.5 535.6,1,1.200,0,0,24.328,41.105
172,5.733,10,motorcycle,0.414,721.7 365.8 819.6 434.1,1,1.200,0,0,24.328,41.105
172,5.733,2,motorcycle,0.354,373.4 369.5 501.8 471.2,2,1.200 1.161,1,1,24.328,41.105
172,5.733,15,motorcycle,0.283,563.5 350.1 597.4 407.2,1,1.200,0,0,24.328,41.105
172,5.733,16,motorcycle,0.277,589.6 339.8 642.2 417.2,1,1.200,0,0,24.328,41.105
173,5.767,1,motorcycle,0.769,544.0 413.4 771.1 599.1,1,1.200,0,0,24.040,41.598
173,5.767,7,motorcycle,0.508,22.2 345.2 278.9 535.2,1,1.200,0,0,24.040,41.598
173,5.767,10,motorcycle,0.427,721.4 364.9 819.0 434.2,1,1.200,0,0,24.040,41.598
173,5.767,2,motorcycle,0.269,375.4 367.7 501.0 470.4,2,1.200 1.165,1,1,24.040,41.598
173,5.767,15,motorcycle,0.252,564.4 356.0 600.0 407.6,1,1.200,0,0,24.040,41.598
174,5.800,1,motorcycle,0.762,543.5 416.9 770.8 598.5,1,1.200,0,0,23.492,42.568
174,5.800,10,motorcycle,0.483,720.8 368.3 809.9 434.2,2,1.200 1.200,1,0,23.492,42.568
174,5.800,7,motorcycle,0.451,21.4 342.2 280.6 535.7,1,1.200,0,0,23.492,42.568
174,5.800,16,motorcycle,0.260,587.4 337.8 640.2 416.0,2,1.200 1.110,1,0,23.492,42.568
175,5.833,1,motorcycle,0.759,543.0 418.0 770.7 598.1,1,1.200,0,0,24.263,41.216
175,5.833,10,motorcycle,0.466,720.5 368.5 809.6 433.9,1,1.200,0,0,24.263,41.216
175,5.833,7,motorcycle,0.456,22.7 342.8 280.3 535.7,1,1.200,0,0,24.263,41.216
175,5.833,16,motorcycle,0.308,574.9 357.9 638.1 415.8,2,1.200 1.200,1,1,24.263,41.216
176,5.867,1,motorcycle,0.768,542.5 420.7 770.5 597.3,1,1.200,0,0,24.576,40.690
176,5.867,7,motorcycle,0.474,25.5 349.3 275.4 535.1,1,1.200,0,0,24.576,40.690
176,5.867,10,motorcycle,0.458,720.5 368.3 819.9 433.9,1,1.200,0,0,24.576,40.690
176,5.867,2,motorcycle,0.316,379.0 368.7 519.0 469.2,2,1.200 1.154,1,1,24.576,40.690
176,5.867,16,motorcycle,0.275,578.3 360.5 621.6 414.5,2,1.180 1.164,1,1,24.576,40.690
177,5.900,1,motorcycle,0.751,542.4 426.2 770.1 598.8,1,1.200,0,0,23.782,42.048
177,5.900,7,motorcycle,0.489,26.2 350.0 277.9 534.8,1,1.200,0,0,23.782,42.048
177,5.900,10,motorcycle,0.462,720.2 366.8 818.3 433.9,1,1.200,0,0,23.782,42.048
177,5.900,16,motorcycle,0.438,575.7 356.1 635.5 414.2,2,1.200 1.200,1,1,23.782,42.048
177,5.900,2,motorcycle,0.369,381.4 368.3 522.6 468.6,2,1.200 1.165,1,1,23.782,42.048
178,5.933,1,motorcycle,0.739,541.7 424.9 769.9 598.4,1,1.200,0,0,25.290,39.541
178,5.933,16,motorcycle,0.597,571.9 345.5 634.8 415.1,2,1.200 1.200,1,1,25.290,39.541
178,5.933,7,motorcycle,0.479,25.3 349.3 277.3 535.5,1,1.200,0,0,25.290,39.541
178,5.933,10,motorcycle,0.470,720.1 367.3 820.5 433.0,1,1.200,0,0,25.290,39.541
178,5.933,2,motorcycle,0.386,387.2 366.0 525.6 469.4,2,1.200 1.141,1,1,25.290,39.541
179,5.967,1,motorcycle,0.734,541.2 426.9 769.5 599.1,1,1.200,0,0,24.837,40.263
179,5.967,16,motorcycle,0.591,573.4 341.4 634.2 415.4,2,1.200 1.200,1,1,24.837,40.263
179,5.967,7,motorcycle,0.475,27.1 348.8 295.9 535.3,1,1.200,0,0,24.837,40.263
179,5.967,10,motorcycle,0.467,719.5 369.0 821.2 432.5,1,1.200,0,0,24.837,40.263
179,5.967,2,motorcycle,0.295,387.1 368.6 525.0 468.2,2,1.200 1.142,1,1,24.837,40.263
180,6.000,1,motorcycle,0.731,540.9 428.2 769.3 598.9,1,1.200,0,0,24.248,41.241
180,6.000,16,motorcycle,0.569,572.5 344.6 631.3 415.1,2,1.200 1.200,1,1,24.248,41.241
180,6.000,7,motorcycle,0.564,25.4 350.8 303.1 534.9,1,1.199,0,0,24.248,41.241
180,6.000,10,motorcycle,0.487,719.3 367.8 821.3 432.4,1,1.200,0,0,24.248,41.241
180,6.000,2,motorcycle,0.385,388.7 369.1 525.5 468.2,2,1.200 1.144,1,1,24.248,41.241
181,6.033,1,motorcycle,0.736,540.5 424.0 768.6 596.9,1,1.200,0,0,23.746,42.112
181,6.033,16,motorcycle,0.654,571.3 345.9 630.7 414.8,2,1.200 1.200,1,1,23.746,42.112
181,6.033,7,motorcycle,0.573,25.7 349.3 302.9 534.7,1,1.192,0,0,23.746,42.112
181,6.033,2,motorcycle,0.551,389.7 369.3 525.9 467.9,1,1.200,0,1,23.746,42.112
181,6.033,10,motorcycle,0.460,719.1 367.3 819.8 431.3,1,1.200,0,0,23.746,42.112
182,6.067,1,motorcycle,0.728,540.2 429.5 768.0 597.8,1,1.200,0,0,24.016,41.638
182,6.067,16,motorcycle,0.668,570.7 351.4 634.9 415.1,2,1.200 1.200,1,1,24.016,41.638
182,6.067,2,motorcycle,0.621,390.6 364.7 524.5 462.7,1,1.200,0,1,24.016,41.638
182,6.067,7,motorcycle,0.581,24.3 348.3 302.9 535.2,1,1.200,0,0,24.016,41.638
182,6.067,10,motorcycle,0.512,719.1 365.1 808.1 432.3,1,1.200,0,0,24.016,41.638
183,6.100,1,motorcycle,0.722,539.5 432.2 767.7 598.6,1,1.200,0,0,23.568,42.431
183,6.100,16,motorcycle,0.612,570.5 350.6 629.9 414.5,2,1.200 1.200,1,1,23.568,42.431
183,6.100,7,motorcycle,0.585,26.0 349.1 302.7 533.8,1,1.200,0,0,23.568,42.431
183,6.100,10,motorcycle,0.533,718.4 365.7 808.1 431.9,1,1.200,0,0,23.568,42.431
183,6.100,2,motorcycle,0.501,392.4 367.5 527.5 465.6,2,1.200 1.142,1,1,23.568,42.431
184,6.133,1,motorcycle,0.719,539.2 431.3 766.9 598.6,1,1.200,0,0,23.583,42.403
184,6.133,7,motorcycle,0.618,20.3 349.1 303.2 534.2,1,1.196,0,0,23.583,42.403
184,6.133,2,motorcycle,0.593,392.9 367.2 527.8 465.1,2,1.200 1.144,1,1,23.583,42.403
184,6.133,10,motorcycle,0.553,717.9 367.1 808.1 431.3,1,1.200,0,0,23.583,42.403
184,6.133,16,motorcycle,0.547,569.4 354.4 627.5 413.6,2,1.200 1.200,1,1,23.583,42.403
185,6.167,1,motorcycle,0.737,538.7 427.8 767.1 598.5,1,1.200,0,0,24.241,41.252
185,6.167,7,motorcycle,0.613,25.1 353.1 302.0 533.6,1,1.200,0,0,24.241,41.252
185,6.167,2,motorcycle,0.577,394.3 367.4 528.1 463.5,1,1.200,0,1,24.241,41.252
185,6.167,16,motorcycle,0.575,566.3 358.8 630.2 413.6,2,1.200 1.200,1,1,24.241,41.252
185,6.167,10,motorcycle,0.498,717.0 364.8 807.5 430.8,1,1.200,0,0,24.241,41.252
186,6.200,1,motorcycle,0.747,538.0 426.0 766.7 597.3,1,1.200,0,0,24.585,40.676
186,6.200,2,motorcycle,0.706,399.1 363.7 526.6 460.3,1,1.200,0,1,24.585,40.676
186,6.200,16,motorcycle,0.702,563.0 351.6 626.5 413.7,1,1.200,0,1,24.585,40.676
186,6.200,7,motorcycle,0.570,27.6 353.1 299.0 533.6,1,1.200,0,0,24.585,40.676
186,6.200,10,motorcycle,0.558,716.3 365.7 807.0 429.9,1,1.200,0,0,24.585,40.676
187,6.233,16,motorcycle,0.743,561.3 349.8 627.7 413.9,2,1.200 1.200,1,1,25.207,39.671
187,6.233,1,motorcycle,0.727,537.6 428.6 766.5 596.1,1,1.200,0,0,25.207,39.671
187,6.233,2,motorcycle,0.649,401.3 363.8 528.0 459.0,2,1.200 1.163,1,1,25.207,39.671
187,6.233,10,motorcycle,0.548,716.8 365.7 806.3 429.2,1,1.200,0,0,25.207,39.671
187,6.233,7,motorcycle,0.544,26.3 353.5 297.2 533.0,1,1.200,0,0,25.207,39.671
188,6.267,2,motorcycle,0.743,403.9 361.9 528.4 459.1,2,1.200 1.154,1,1,23.012,43.455
188,6.267,1,motorcycle,0.715,537.4 429.9 767.0 594.9,1,1.200,0,0,23.012,43.455
188,6.267,7,motorcycle,0.707,32.2 355.2 295.7 532.4,1,1.199,0,0,23.012,43.455
188,6.267,16,motorcycle,0.682,561.2 350.9 626.9 412.8,1,1.200,0,1,23.012,43.455
188,6.267,10,motorcycle,0.497,716.3 366.5 805.4 428.7,1,1.200,0,0,23.012,43.455
189,6.300,16,motorcycle,0.752,560.4 353.3 625.8 413.5,1,1.200,0,1,23.958,41.740
189,6.300,1,motorcycle,0.713,537.3 426.5 766.4 594.6,1,1.200,0,0,23.958,41.740
189,6.300,2,motorcycle,0.706,404.2 362.4 529.7 459.0,2,1.200 1.151,1,1,23.958,41.740
189,6.300,7,motorcycle,0.593,33.9 353.3 291.6 532.2,1,1.200,0,0,23.958,41.740
189,6.300,10,motorcycle,0.526,714.7 367.0 818.6 428.6,1,1.200,0,0,23.958,41.740
190,6.333,16,motorcycle,0.712,559.7 353.6 621.5 414.0,1,1.200,0,1,24.485,40.842
190,6.333,1,motorcycle,0.694,536.3 429.1 766.0 593.8,1,1.200,0,0,24.485,40.842
190,6.333,2,motorcycle,0.661,405.7 364.0 531.0 460.3,2,1.200 1.168,1,1,24.485,40.842
190,6.333,10,motorcycle,0.591,713.6 368.7 816.9 428.9,1,1.200,0,0,24.485,40.842
190,6.333,7,motorcycle,0.497,36.3 350.8 281.0 530.5,1,1.200,0,0,24.485,40.842
191,6.367,1,motorcycle,0.697,536.0 432.7 765.5 593.5,1,1.200,0,0,24.985,40.024
191,6.367,16,motorcycle,0.665,557.9 353.2 620.5 412.1,2,1.200 1.200,1,1,24.985,40.024
191,6.367,2,motorcycle,0.654,407.1 362.2 530.8 458.1,1,1.200,0,1,24.985,40.024
191,6.367,10,motorcycle,0.599,710.9 369.4 814.9 429.2,1,1.200,0,0,24.985,40.024
191,6.367,7,motorcycle,0.409,33.9 342.2 285.1 529.6,1,1.200,0,0,24.985,40.024
192,6.400,1,motorcycle,0.686,535.5 435.5 764.3 592.8,1,1.200,0,0,24.279,41.188
192,6.400,2,motorcycle,0.642,408.8 364.5 532.1 457.6,1,1.200,0,1,24.279,41.188
192,6.400,16,motorcycle,0.628,555.5 352.2 616.9 412.8,2,1.200 1.200,1,1,24.279,41.188
192,6.400,10,motorcycle,0.617,709.9 369.4 819.3 428.7,1,1.200,0,0,24.279,41.188
192,6.400,7,motorcycle,0.529,42.1 366.3 281.7 525.9,1,1.200,0,0,24.279,41.188
193,6.433,1,motorcycle,0.678,534.3 432.7 763.5 590.5,1,1.200,0,0,25.675,38.948
193,6.433,2,motorcycle,0.621,410.3 364.3 532.3 456.7,1,1.200,0,1,25.675,38.948
193,6.433,10,motorcycle,0.576,709.8 368.4 815.9 428.6,2,1.200 1.200,1,0,25.675,38.948
193,6.433,16,motorcycle,0.558,555.3 352.4 615.5 410.6,1,1.200,0,1,25.675,38.948
193,6.433,7,motorcycle,0.547,41.9 379.4 282.8 524.3,1,1.200,0,0,25.675,38.948
194,6.467,1,motorcycle,0.690,532.9 438.8 762.3 591.7,1,1.200,0,0,23.378,42.776
194,6.467,16,motorcycle,0.646,553.4 351.2 611.7 408.8,1,1.200,0,1,23.378,42.776
194,6.467,2,motorcycle,0.610,413.3 361.7 532.8 454.9,1,1.200,0,1,23.378,42.776
194,6.467,10,motorcycle,0.555,707.8 367.5 813.9 428.6,2,1.200 1.153,1,1,23.378,42.776
194,6.467,7,motorcycle,0.549,48.3 367.5 286.8 524.2,1,1.200,0,0,23.378,42.776
195,6.500,1,motorcycle,0.681,530.9 435.0 760.6 588.6,1,1.200,0,0,24.029,41.616
195,6.500,7,motorcycle,0.581,51.7 373.4 287.7 526.5,1,1.200,0,0,24.029,41.616
195,6.500,16,motorcycle,0.558,552.7 351.6 609.4 407.8,1,1.200,0,1,24.029,41.616
195,6.500,10,motorcycle,0.537,706.9 367.4 811.2 428.6,2,1.200 1.194,1,1,24.029,41.616
195,6.500,2,motorcycle,0.488,417.8 364.8 532.9 454.6,2,1.200 1.130,1,1,24.029,41.616
196,6.533,16,motorcycle,0.644,550.9 351.8 605.6 406.9,1,1.200,0,1,25.292,39.538
196,6.533,1,motorcycle,0.637,529.4 433.0 758.8 587.3,1,1.200,0,0,25.292,39.538
196,6.533,10,motorcycle,0.532,705.1 365.3 809.3 427.9,2,1.200 1.167,1,1,25.292,39.538
196,6.533,2,motorcycle,0.388,419.3 364.8 534.5 453.9,2,1.200 1.144,1,1,25.292,39.538
196,6.533,7,motorcycle,0.370,54.2 379.6 285.3 525.1,1,1.200,0,0,25.292,39.538
197,6.567,1,motorcycle,0.644,528.7 438.6 756.8 586.5,1,1.200,0,0,25.592,39.074
197,6.567,16,motorcycle,0.604,548.8 351.2 602.8 405.8,1,1.200,0,1,25.592,39.074
197,6.567,10,motorcycle,0.598,704.6 361.3 795.6 426.9,1,1.200,0,1,25.592,39.074
197,6.567,2,motorcycle,0.532,419.9 364.3 535.7 453.4,2,1.200 1.124,1,1,25.592,39.074
197,6.567,7,motorcycle,0.411,56.8 378.0 285.6 523.7,1,1.200,0,0,25.592,39.074
198,6.600,1,motorcycle,0.638,527.5 437.8 754.5 587.9,1,1.200,0,0,24.067,41.550
198,6.600,10,motorcycle,0.566,703.1 363.7 795.6 428.2,2,1.200 1.200,1,1,24.067,41.550
198,6.600,2,motorcycle,0.557,421.3 363.5 536.4 452.6,2,1.200 1.133,1,1,24.067,41.550
198,6.600,16,motorcycle,0.521,547.9 349.2 599.5 404.5,1,1.200,0,1,24.067,41.550
198,6.600,7,motorcycle,0.366,64.7 357.3 286.1 522.5,1,1.200,0,0,24.067,41.550
199,6.633,1,motorcycle,0.602,526.1 437.1 754.3 587.7,1,1.200,0,0,24.503,40.811
199,6.633,10,motorcycle,0.572,702.1 362.5 794.1 428.0,1,1.200,0,1,24.503,40.811
199,6.633,2,motorcycle,0.457,424.0 363.0 536.8 451.7,2,1.200 1.144,1,1,24.503,40.811
199,6.633,16,motorcycle,0.442,546.2 348.4 598.5 404.1,2,1.200 1.200,1,1,24.503,40.811
199,6.633,7,motorcycle,0.326,64.8 373.6 286.8 522.7,1,1.200,0,0,24.503,40.811
200,6.667,1,motorcycle,0.626,524.1 433.2 753.2 586.1,1,1.200,0,0,23.592,42.388
200,6.667,10,motorcycle,0.624,701.8 361.9 792.6 427.3,1,1.200,0,1,23.592,42.388
200,6.667,2,motorcycle,0.462,426.2 361.4 536.5 450.0,2,1.200 1.138,1,1,23.592,42.388
201,6.700,1,motorcycle,0.626,523.9 445.8 749.6 586.9,1,1.200,0,0,24.115,41.468
201,6.700,10,motorcycle,0.610,700.6 357.5 790.9 425.1,1,1.200,0,0,24.115,41.468
201,6.700,2,motorcycle,0.506,425.5 356.1 536.7 448.9,2,1.200 1.123,1,1,24.115,41.468
202,6.733,10,motorcycle,0.662,700.4 354.6 788.3 423.5,1,1.145,0,0,28.772,34.756
202,6.733,1,motorcycle,0.607,521.3 435.9 750.9 587.7,1,1.200,0,0,28.772,34.756
202,6.733,2,motorcycle,0.536,426.7 351.6 536.9 447.2,2,1.200 1.120,1,1,28.772,34.756
202,6.733,7,motorcycle,0.433,77.0 358.1 295.2 519.7,1,1.200,0,0,28.772,34.756
203,6.767,10,motorcycle,0.628,696.2 353.0 785.6 422.7,1,1.129,0,0,24.346,41.074
203,6.767,2,motorcycle,0.615,428.9 348.5 535.2 446.5,2,1.200 1.123,1,1,24.346,41.074
203,6.767,1,motorcycle,0.603,520.8 434.6 749.8 587.0,1,1.200,0,0,24.346,41.074
203,6.767,7,motorcycle,0.497,80.7 378.5 297.9 518.8,2,1.200 1.067,1,0,24.346,41.074
204,6.800,1,motorcycle,0.641,519.5 432.6 748.2 587.3,1,1.200,0,0,24.649,40.570
204,6.800,7,motorcycle,0.618,87.4 378.1 300.1 516.0,1,1.200,0,0,24.649,40.570
204,6.800,2,motorcycle,0.598,432.5 344.1 534.9 445.5,2,1.200 1.135,1,1,24.649,40.570
204,6.800,10,motorcycle,0.521,694.0 356.7 786.6 423.0,1,1.157,0,0,24.649,40.570
205,6.833,1,motorcycle,0.648,519.3 426.7 746.9 587.1,1,1.200,0,0,23.847,41.934
205,6.833,7,motorcycle,0.567,90.0 377.4 302.5 517.1,1,1.200,0,0,23.847,41.934
205,6.833,10,motorcycle,0.534,693.7 359.8 794.1 424.2,1,1.142,0,0,23.847,41.934
205,6.833,2,motorcycle,0.534,433.3 346.7 536.0 444.0,2,1.200 1.152,1,1,23.847,41.934
206,6.867,1,motorcycle,0.669,518.7 429.2 742.6 588.1,1,1.200,0,0,24.974,40.042
206,6.867,7,motorcycle,0.605,95.4 359.5 306.8 515.6,1,1.200,0,0,24.974,40.042
206,6.867,2,motorcycle,0.592,433.7 347.3 538.0 442.9,2,1.200 1.166,1,1,24.974,40.042
206,6.867,10,motorcycle,0.522,692.7 360.0 793.6 424.8,2,1.200 1.130,1,0,24.974,40.042
206,6.867,17,motorcycle,0.272,572.3 324.2 599.8 372.1,1,1.200,0,0,24.974,40.042
207,6.900,1,motorcycle,0.722,517.6 426.8 741.5 585.2,1,1.200,0,0,24.597,40.655
207,6.900,10,motorcycle,0.496,689.0 355.5 790.2 424.4,1,1.167,0,0,24.597,40.655
207,6.900,2,motorcycle,0.493,435.6 349.5 537.9 440.9,2,1.200 1.185,1,1,24.597,40.655
207,6.900,7,motorcycle,0.380,104.0 375.8 308.9 513.1,1,1.200,0,0,24.597,40.655
207,6.900,17,motorcycle,0.337,571.4 327.5 599.2 371.4,1,1.200,0,0,24.597,40.655
208,6.933,1,motorcycle,0.751,514.7 419.9 741.4 582.9,1,1.200,0,0,24.460,40.884
208,6.933,10,motorcycle,0.554,687.5 357.8 790.6 423.3,1,1.192,0,0,24.460,40.884
208,6.933,7,motorcycle,0.520,107.9 372.2 311.7 512.6,1,1.200,0,0,24.460,40.884
208,6.933,2,motorcycle,0.482,437.0 351.1 538.2 439.8,1,1.200,0,1,24.460,40.884
208,6.933,17,motorcycle,0.283,570.3 320.8 598.5 370.4,1,1.200,0,0,24.460,40.884
209,6.967,1,motorcycle,0.766,513.9 419.0 740.2 581.8,1,1.200,0,0,25.047,39.925
209,6.967,7,motorcycle,0.595,112.8 361.0 315.6 511.6,1,1.200,0,0,25.047,39.925
209,6.967,10,motorcycle,0.532,684.2 360.1 773.5 423.2,1,1.200,0,0,25.047,39.925
209,6.967,2,motorcycle,0.504,441.6 355.0 535.5 438.1,1,1.200,0,1,25.047,39.925
210,7.000,1,motorcycle,0.788,512.1 416.7 739.8 582.3,1,1.200,0,0,24.356,41.058
210,7.000,7,motorcycle,0.668,118.6 359.3 318.3 510.0,1,1.200,0,0,24.356,41.058
210,7.000,2,motorcycle,0.539,440.5 350.5 537.7 438.4,1,1.200,0,1,24.356,41.058
210,7.000,10,motorcycle,0.458,682.4 353.5 770.7 421.2,1,1.183,0,0,24.356,41.058
211,7.033,1,motorcycle,0.803,511.5 416.4 739.7 582.0,1,1.200,0,0,24.687,40.507
211,7.033,2,motorcycle,0.614,444.5 352.5 537.0 437.2,1,1.200,0,1,24.687,40.507
211,7.033,10,motorcycle,0.438,679.0 344.4 769.8 420.6,1,1.124,0,0,24.687,40.507
211,7.033,7,motorcycle,0.406,121.1 367.7 320.5 509.2,1,1.200,0,0,24.687,40.507
212,7.067,1,motorcycle,0.798,509.8 413.0 739.9 581.9,1,1.200,0,0,24.716,40.460
212,7.067,7,motorcycle,0.463,130.0 373.9 322.1 507.8,1,1.200,0,0,24.716,40.460
212,7.067,2,motorcycle,0.415,444.5 353.2 536.6 436.9,2,1.200 1.055,1,1,24.716,40.460
212,7.067,10,motorcycle,0.347,673.0 347.0 765.4 421.2,1,1.145,0,0,24.716,40.460
213,7.100,1,motorcycle,0.783,508.9 411.8 738.3 581.0,1,1.200,0,0,24.016,41.639
213,7.100,2,motorcycle,0.500,448.7 353.4 535.6 437.0,2,1.200 1.077,1,1,24.016,41.639
213,7.100,10,motorcycle,0.496,672.6 354.5 763.3 419.7,1,1.180,0,0,24.016,41.639
213,7.100,7,motorcycle,0.379,138.1 366.7 324.8 506.3,1,1.200,0,0,24.016,41.639
214,7.133,1,motorcycle,0.770,507.9 402.4 737.9 581.3,1,1.200,0,0,27.560,36.284
214,7.133,2,motorcycle,0.516,449.5 352.9 537.2 435.6,2,1.180 1.113,1,1,27.560,36.284
214,7.133,7,motorcycle,0.489,142.0 354.4 329.7 504.6,1,1.200,0,0,27.560,36.284
214,7.133,10,motorcycle,0.376,671.9 344.0 762.0 419.3,1,1.200,0,0,27.560,36.284
215,7.167,1,motorcycle,0.775,505.5 406.4 736.8 581.1,1,1.200,0,0,26.018,38.435
215,7.167,2,motorcycle,0.562,452.7 351.4 537.9 433.1,2,1.188 1.129,1,1,26.018,38.435
215,7.167,10,motorcycle,0.474,670.7 351.8 773.6 421.2,1,1.152,0,0,26.018,38.435
215,7.167,7,motorcycle,0.416,130.4 345.2 334.9 502.2,1,1.200,0,0,26.018,38.435
216,7.200,1,motorcycle,0.748,504.7 408.0 735.7 579.8,1,1.200,0,0,23.980,41.702
216,7.200,2,motorcycle,0.522,452.7 350.2 539.5 433.1,3,1.200 1.177 1.176,1,1,23.980,41.702
216,7.200,10,motorcycle,0.475,668.7 353.8 769.8 421.1,1,1.148,0,0,23.980,41.702
217,7.233,1,motorcycle,0.735,504.6 430.1 733.6 578.2,1,1.200,0,0,24.787,40.344
217,7.233,2,motorcycle,0.627,453.8 352.0 537.1 430.4,2,1.200 1.158,1,1,24.787,40.344
217,7.233,10,motorcycle,0.505,667.4 353.2 766.1 420.2,1,1.134,0,0,24.787,40.344
217,7.233,18,motorcycle,0.322,565.8 316.7 592.2 361.8,1,1.200,0,0,24.787,40.344
218,7.267,1,motorcycle,0.728,503.9 429.0 733.1 576.1,1,1.200,0,0,25.750,38.835
218,7.267,2,motorcycle,0.552,455.7 349.6 538.0 430.0,2,1.200 1.200,1,1,25.750,38.835
218,7.267,10,motorcycle,0.497,665.6 352.4 762.9 418.7,1,1.149,0,0,25.750,38.835
218,7.267,18,motorcycle,0.276,565.1 314.2 591.3 360.9,1,1.200,0,0,25.750,38.835
219,7.300,1,motorcycle,0.754,503.7 424.1 732.0 575.6,1,1.200,0,0,24.461,40.882
219,7.300,10,motorcycle,0.537,663.0 353.6 758.4 417.3,1,1.172,0,0,24.461,40.882
219,7.300,2,motorcycle,0.480,458.6 348.9 547.0 428.5,2,1.200 1.200,1,1,24.461,40.882
219,7.300,18,motorcycle,0.285,564.1 314.3 590.7 360.1,1,1.200,0,0,24.461,40.882
220,7.333,1,motorcycle,0.765,503.7 421.3 729.4 575.4,1,1.200,0,0,24.139,41.426
220,7.333,2,motorcycle,0.517,460.8 347.8 546.9 427.3,2,1.200 1.200,1,1,24.139,41.426
220,7.333,10,motorcycle,0.503,662.7 354.2 753.0 416.2,2,1.200 1.182,1,0,24.139,41.426
220,7.333,18,motorcycle,0.317,563.6 314.5 590.6 359.4,1,1.200,0,0,24.139,41.426
221,7.367,1,motorcycle,0.791,502.9 415.9 727.3 574.6,1,1.200,0,0,24.193,41.334
221,7.367,2,motorcycle,0.581,464.9 346.7 546.1 425.5,2,1.200 1.200,1,1,24.193,41.334
221,7.367,10,motorcycle,0.503,661.0 350.8 752.7 417.3,2,1.200 1.200,1,1,24.193,41.334
221,7.367,18,motorcycle,0.371,562.6 314.7 590.0 358.7,1,1.200,0,0,24.193,41.334
221,7.367,7,motorcycle,0.341,194.6 372.1 355.2 489.3,1,1.200,0,0,24.193,41.334
222,7.400,1,motorcycle,0.795,501.4 414.5 726.2 574.7,1,1.200,0,0,25.398,39.374
222,7.400,7,motorcycle,0.621,202.8 372.4 356.5 487.7,1,1.200,0,0,25.398,39.374
222,7.400,2,motorcycle,0.591,467.0 343.0 547.1 425.5,2,1.200 1.200,1,1,25.398,39.374
222,7.400,10,motorcycle,0.483,659.4 347.6 752.9 416.2,2,1.200 1.200,1,1,25.398,39.374
222,7.400,18,motorcycle,0.447,562.0 313.9 589.7 357.5,1,1.200,0,0,25.398,39.374
223,7.433,1,motorcycle,0.798,500.8 415.4 725.3 573.8,1,1.200,0,0,25.153,39.756
223,7.433,2,motorcycle,0.625,470.8 340.6 544.0 422.3,2,1.200 1.200,1,1,25.153,39.756
223,7.433,10,motorcycle,0.470,655.9 333.9 753.1 414.8,2,1.200 1.175,1,1,25.153,39.756
223,7.433,18,motorcycle,0.459,561.5 312.8 588.9 356.2,1,1.200,0,0,25.153,39.756
223,7.433,7,motorcycle,0.363,208.9 364.5 360.4 485.2,1,1.200,0,0,25.153,39.756
224,7.467,1,motorcycle,0.801,500.2 418.3 725.1 573.8,1,1.200,0,0,23.890,41.859
224,7.467,2,motorcycle,0.557,472.9 342.4 542.7 421.4,2,1.200 1.200,1,1,23.890,41.859
224,7.467,7,motorcycle,0.504,223.1 361.4 364.0 478.2,1,1.200,0,0,23.890,41.859
224,7.467,10,motorcycle,0.473,654.3 330.1 752.1 414.2,2,1.200 1.096,1,1,23.890,41.859
224,7.467,18,motorcycle,0.460,561.3 312.1 588.4 355.8,1,1.200,0,0,23.890,41.859
225,7.500,1,motorcycle,0.810,499.2 424.4 724.0 573.4,1,1.200,0,0,24.258,41.224
225,7.500,2,motorcycle,0.407,475.2 347.4 545.3 421.2,2,1.200 1.200,1,1,24.258,41.224
225,7.500,10,motorcycle,0.400,652.7 344.5 752.5 414.0,1,1.096,0,1,24.258,41.224
225,7.500,7,motorcycle,0.251,230.1 350.1 364.9 475.4,1,1.200,0,0,24.258,41.224
226,7.533,1,motorcycle,0.809,498.2 427.5 723.2 573.1,1,1.200,0,0,23.850,41.929
226,7.533,10,motorcycle,0.513,650.1 351.0 752.8 414.4,1,1.158,0,1,23.850,41.929
226,7.533,2,motorcycle,0.444,474.9 346.0 545.1 419.5,2,1.200 1.200,1,1,23.850,41.929
227,7.567,1,motorcycle,0.788,497.3 426.6 721.9 573.0,1,1.200,0,0,24.956,40.070
227,7.567,2,motorcycle,0.513,476.4 345.6 546.4 417.4,2,1.200 1.200,1,1,24.956,40.070
227,7.567,10,motorcycle,0.417,646.8 336.6 747.4 414.2,1,1.135,0,1,24.956,40.070
227,7.567,7,motorcycle,0.358,239.1 351.6 372.6 474.9,0,,0,0,24.956,40.070
228,7.600,1,motorcycle,0.795,496.1 425.9 722.8 572.6,1,1.200,0,0,23.821,41.980
228,7.600,2,motorcycle,0.573,479.5 341.9 541.8 415.7,1,1.200,0,1,23.821,41.980
228,7.600,7,motorcycle,0.429,249.4 346.7 377.3 470.7,0,,0,0,23.821,41.980
228,7.600,10,motorcycle,0.415,645.1 325.3 744.9 414.6,1,1.200,0,0,23.821,41.980
229,7.633,1,motorcycle,0.786,494.6 418.1 721.9 572.2,1,1.200,0,0,25.291,39.539
229,7.633,2,motorcycle,0.629,481.1 338.8 543.9 413.7,1,1.200,0,1,25.291,39.539
229,7.633,7,motorcycle,0.534,256.4 347.6 379.2 470.7,0,,0,0,25.291,39.539
229,7.633,10,motorcycle,0.355,644.3 328.9 742.0 414.8,0,,0,0,25.291,39.539
230,7.667,1,motorcycle,0.760,494.4 415.4 721.3 572.3,1,1.200,0,0,25.521,39.183
230,7.667,2,motorcycle,0.565,482.4 340.4 544.9 412.9,1,1.200,0,1,25.521,39.183
230,7.667,10,motorcycle,0.295,643.0 328.5 741.4 415.0,2,1.200 1.175,1,0,25.521,39.183
231,7.700,1,motorcycle,0.754,494.3 414.0 721.0 572.0,1,1.200,0,0,25.283,39.553
231,7.700,2,motorcycle,0.586,485.2 340.9 545.2 411.2,1,1.200,0,1,25.283,39.553
231,7.700,10,motorcycle,0.285,640.4 346.3 742.5 414.8,1,1.159,0,0,25.283,39.553
231,7.700,7,motorcycle,0.251,267.4 365.2 383.7 468.4,0,,0,0,25.283,39.553
232,7.733,1,motorcycle,0.734,494.5 409.8 720.3 571.8,1,1.200,0,0,23.851,41.926
232,7.733,7,motorcycle,0.597,272.0 363.9 386.7 465.9,1,1.200,0,0,23.851,41.926
232,7.733,2,motorcycle,0.499,485.5 341.8 546.0 410.4,1,1.200,0,1,23.851,41.926
232,7.733,10,motorcycle,0.281,642.2 350.3 726.2 414.4,1,1.200,0,0,23.851,41.926
233,7.767,1,motorcycle,0.749,494.6 410.8 720.0 570.9,1,1.200,0,0,23.864,41.904
233,7.767,2,motorcycle,0.516,489.6 343.4 547.8 408.9,1,1.200,0,1,23.864,41.904
233,7.767,10,motorcycle,0.251,640.8 349.7 724.1 413.6,1,1.180,0,0,23.864,41.904
234,7.800,1,motorcycle,0.780,494.9 413.9 719.1 571.2,1,1.200,0,0,24.321,41.117
234,7.800,2,motorcycle,0.433,490.8 344.7 549.4 408.5,1,1.200,0,1,24.321,41.117
235,7.833,1,motorcycle,0.798,495.7 417.6 718.2 570.9,1,1.200,0,0,24.796,40.330
235,7.833,2,motorcycle,0.481,491.6 343.2 548.2 408.6,1,1.200,0,1,24.796,40.330
236,7.867,1,motorcycle,0.787,496.2 411.0 717.5 571.3,2,1.200 1.200,1,0,24.236,41.260
236,7.867,2,motorcycle,0.628,492.8 339.5 552.3 407.4,1,1.200,0,1,24.236,41.260
237,7.900,1,motorcycle,0.773,496.9 409.3 717.0 571.6,2,1.200 1.200,1,1,24.607,40.639
237,7.900,2,motorcycle,0.617,493.7 338.2 550.7 407.2,1,1.200,0,1,24.607,40.639
237,7.900,19,motorcycle,0.263,557.0 315.6 578.8 348.0,0,,0,0,24.607,40.639
238,7.933,1,motorcycle,0.773,498.0 413.8 715.7 570.5,1,1.200,0,0,25.909,38.596
238,7.933,2,motorcycle,0.564,496.7 336.6 553.9 406.1,1,1.200,0,1,25.909,38.596
238,7.933,7,motorcycle,0.424,310.0 365.7 396.2 454.7,1,1.200,0,0,25.909,38.596
238,7.933,19,motorcycle,0.280,556.5 315.0 578.6 347.8,0,,0,0,25.909,38.596
239,7.967,1,motorcycle,0.756,499.2 412.3 714.6 569.2,1,1.200,0,0,25.076,39.878
239,7.967,2,motorcycle,0.549,498.3 337.9 555.0 404.7,1,1.200,0,1,25.076,39.878
239,7.967,7,motorcycle,0.460,315.3 363.3 398.4 451.5,1,1.200,0,0,25.076,39.878
239,7.967,19,motorcycle,0.332,555.8 315.8 578.7 346.9,0,,0,0,25.076,39.878
240,8.000,1,motorcycle,0.738,501.1 412.8 713.4 568.3,1,1.200,0,0,25.145,39.770
240,8.000,2,motorcycle,0.559,499.4 336.4 555.3 402.7,1,1.200,0,1,25.145,39.770
240,8.000,7,motorcycle,0.532,319.8 362.5 399.7 447.7,1,1.200,0,0,25.145,39.770
240,8.000,19,motorcycle,0.320,556.0 316.0 578.2 346.9,0,,0,0,25.145,39.770
241,8.033,1,motorcycle,0.699,504.0 405.4 713.7 568.7,1,1.200,0,0,24.249,41.239
241,8.033,7,motorcycle,0.589,324.6 359.5 400.6 444.3,1,1.200,0,0,24.249,41.239
241,8.033,2,motorcycle,0.577,500.4 335.2 555.3 402.9,1,1.200,0,1,24.249,41.239
241,8.033,19,motorcycle,0.272,554.8 316.4 578.1 347.0,0,,0,0,24.249,41.239
242,8.067,1,motorcycle,0.684,504.6 411.1 711.6 565.6,1,1.200,0,0,23.904,41.834
242,8.067,7,motorcycle,0.531,329.9 362.1 400.9 444.9,1,1.200,0,0,23.904,41.834
242,8.067,2,motorcycle,0.487,502.5 338.6 553.2 401.5,1,1.200,0,1,23.904,41.834
243,8.100,1,motorcycle,0.656,505.7 409.0 712.3 565.2,1,1.200,0,0,24.573,40.695
243,8.100,7,motorcycle,0.633,334.4 359.5 401.8 445.5,1,1.200,0,0,24.573,40.695
243,8.100,2,motorcycle,0.586,504.3 334.5 554.7 399.6,1,1.200,0,1,24.573,40.695
244,8.133,1,motorcycle,0.694,507.7 404.5 714.1 568.2,1,1.200,0,0,24.241,41.253
244,8.133,2,motorcycle,0.652,506.0 333.5 555.4 399.0,1,1.200,0,1,24.241,41.253
244,8.133,7,motorcycle,0.580,337.1 357.6 404.3 439.9,1,1.200,0,0,24.241,41.253
245,8.167,1,motorcycle,0.685,511.2 400.6 714.9 567.3,1,1.200,0,0,26.173,38.208
245,8.167,2,motorcycle,0.668,506.9 334.9 556.5 398.2,1,1.200,0,1,26.173,38.208
245,8.167,7,motorcycle,0.658,344.7 351.0 406.6 438.4,1,1.200,0,0,26.173,38.208
246,8.200,1,motorcycle,0.688,512.9 406.3 714.3 566.3,1,1.200,0,0,23.894,41.851
246,8.200,2,motorcycle,0.645,508.4 335.3 554.7 395.0,1,1.200,0,1,23.894,41.851
246,8.200,7,motorcycle,0.582,348.3 353.7 408.6 437.7,1,1.200,0,0,23.894,41.851
247,8.233,7,motorcycle,0.670,351.6 355.9 410.1 435.5,1,1.200,0,0,25.698,38.913
247,8.233,1,motorcycle,0.663,515.4 406.5 713.5 566.2,1,1.200,0,0,25.698,38.913
247,8.233,2,motorcycle,0.642,508.7 334.8 555.1 393.4,1,1.200,0,1,25.698,38.913
248,8.267,1,motorcycle,0.696,518.5 418.5 713.8 565.0,1,1.200,0,0,24.404,40.978
248,8.267,2,motorcycle,0.598,510.0 335.6 556.1 392.9,1,1.200,0,1,24.404,40.978
248,8.267,7,motorcycle,0.522,352.1 357.0 410.3 431.7,1,1.200,0,0,24.404,40.978
249,8.300,1,motorcycle,0.652,520.8 414.9 714.7 564.1,1,1.200,0,0,24.203,41.317
249,8.300,2,motorcycle,0.630,512.5 335.1 553.2 392.2,1,1.200,0,1,24.203,41.317
249,8.300,7,motorcycle,0.589,355.6 355.0 410.8 430.1,1,1.200,0,0,24.203,41.317
250,8.333,1,motorcycle,0.677,523.3 409.4 715.5 564.1,1,1.200,0,0,24.157,41.395
250,8.333,2,motorcycle,0.668,513.5 334.2 553.4 391.5,0,,0,1,24.157,41.395
250,8.333,7,motorcycle,0.557,360.6 352.9 411.9 427.8,1,1.200,0,0,24.157,41.395
251,8.367,1,motorcycle,0.675,526.6 408.0 716.7 563.5,1,1.200,0,0,24.486,40.839
251,8.367,2,motorcycle,0.655,514.7 333.5 552.9 391.2,1,1.200,0,1,24.486,40.839
251,8.367,7,motorcycle,0.568,364.1 354.3 413.1 426.3,1,1.200,0,0,24.486,40.839
252,8.400,1,motorcycle,0.628,529.2 400.8 717.5 560.8,1,1.200,0,0,24.693,40.497
252,8.400,2,motorcycle,0.622,516.5 334.2 553.0 390.2,0,,0,1,24.693,40.497
252,8.400,7,motorcycle,0.517,368.4 352.9 413.5 424.8,1,1.200,0,0,24.693,40.497
253,8.433,1,motorcycle,0.627,534.8 396.3 718.7 559.0,1,1.200,0,0,24.502,40.813
253,8.433,2,motorcycle,0.577,516.5 334.4 555.8 390.2,0,,0,1,24.502,40.813
253,8.433,7,motorcycle,0.432,370.7 354.5 415.5 422.2,1,1.200,0,0,24.502,40.813
254,8.467,1,motorcycle,0.610,540.4 399.4 716.8 557.5,1,1.200,0,0,32.463,30.804
254,8.467,2,motorcycle,0.567,517.7 332.3 555.3 389.2,0,,0,1,32.463,30.804
254,8.467,7,motorcycle,0.485,372.2 355.3 417.9 420.2,1,1.200,0,0,32.463,30.804
255,8.500,1,motorcycle,0.579,546.4 395.0 718.8 554.6,1,1.200,0,0,24.472,40.864
255,8.500,2,motorcycle,0.542,518.8 322.9 563.7 386.7,0,,0,1,24.472,40.864
255,8.500,7,motorcycle,0.538,374.9 349.6 419.4 418.9,1,1.200,0,0,24.472,40.864
256,8.533,2,motorcycle,0.635,519.3 324.7 565.3 386.7,1,1.173,0,1,25.559,39.126
256,8.533,7,motorcycle,0.585,378.2 357.7 418.7 417.0,1,1.200,0,0,25.559,39.126
256,8.533,1,motorcycle,0.543,550.0 394.6 720.0 553.8,1,1.200,0,0,25.559,39.126
257,8.567,2,motorcycle,0.628,520.3 326.2 565.1 386.3,1,1.199,0,1,25.379,39.403
257,8.567,1,motorcycle,0.513,555.6 426.2 717.0 553.6,1,1.200,0,0,25.379,39.403
257,8.567,7,motorcycle,0.501,380.5 349.6 426.0 416.3,1,1.200,0,0,25.379,39.403
258,8.600,2,motorcycle,0.595,521.4 327.0 564.4 385.1,2,1.200 1.200,1,1,34.910,28.645
258,8.600,7,motorcycle,0.489,381.7 349.5 427.8 414.2,1,1.200,0,0,34.910,28.645
258,8.600,1,motorcycle,0.470,556.6 407.6 721.4 550.7,1,1.200,0,0,34.910,28.645
258,8.600,20,motorcycle,0.285,583.8 349.6 612.6 406.6,0,,0,0,34.910,28.645
259,8.633,2,motorcycle,0.613,521.9 327.7 565.7 384.8,2,1.200 1.200,1,1,24.408,40.970
259,8.633,7,motorcycle,0.566,383.9 350.2 429.6 412.3,1,1.200,0,0,24.408,40.970
259,8.633,1,motorcycle,0.495,562.7 393.1 725.2 550.5,1,1.200,0,0,24.408,40.970
259,8.633,20,motorcycle,0.480,580.8 346.2 623.2 406.4,0,,0,0,24.408,40.970
260,8.667,1,motorcycle,0.646,566.3 412.7 715.4 548.6,1,1.200,0,0,23.821,41.980
260,8.667,2,motorcycle,0.631,524.4 330.4 561.6 384.1,1,1.165,0,1,23.821,41.980
260,8.667,7,motorcycle,0.552,383.4 348.2 430.0 409.2,1,1.200,0,0,23.821,41.980
260,8.667,20,motorcycle,0.421,578.9 346.3 627.2 407.0,0,,0,0,23.821,41.980
261,8.700,1,motorcycle,0.723,572.2 413.7 722.1 547.0,1,1.200,0,0,25.051,39.919
261,8.700,2,motorcycle,0.646,525.3 331.1 562.2 383.7,2,1.189 1.169,1,1,25.051,39.919
261,8.700,20,motorcycle,0.538,576.6 347.6 622.8 406.6,0,,0,0,25.051,39.919
261,8.700,7,motorcycle,0.520,385.6 350.7 429.9 408.7,1,1.200,0,0,25.051,39.919
262,8.733,1,motorcycle,0.718,576.7 421.1 718.0 544.4,1,1.200,0,0,25.157,39.750
262,8.733,2,motorcycle,0.658,524.2 329.7 563.1 382.5,1,1.185,0,1,25.157,39.750
262,8.733,20,motorcycle,0.584,574.5 345.6 620.4 406.3,0,,0,0,25.157,39.750
262,8.733,7,motorcycle,0.540,391.4 351.8 431.5 406.1,1,1.200,0,0,25.157,39.750
263,8.767,1,motorcycle,0.661,581.7 425.7 714.8 542.1,1,1.200,0,0,24.208,41.309
263,8.767,2,motorcycle,0.644,524.7 328.9 563.9 381.8,2,1.200 1.187,1,1,24.208,41.309
263,8.767,20,motorcycle,0.546,571.9 345.4 622.2 407.4,1,1.119,0,0,24.208,41.309
263,8.767,7,motorcycle,0.426,393.5 347.8 435.0 402.2,1,1.200,0,0,24.208,41.309
264,8.800,20,motorcycle,0.748,569.6 330.0 639.3 407.0,1,1.200,0,0,26.018,38.434
264,8.800,1,motorcycle,0.684,585.9 424.2 714.7 537.6,2,1.200 1.200,1,0,26.018,38.434
264,8.800,2,motorcycle,0.583,528.2 330.9 563.4 381.0,1,1.170,0,1,26.018,38.434
264,8.800,7,motorcycle,0.477,396.5 352.3 435.7 402.6,1,1.200,0,0,26.018,38.434
265,8.833,1,motorcycle,0.628,590.7 427.5 715.5 535.1,2,1.200 1.200,1,1,25.123,39.804
265,8.833,2,motorcycle,0.567,532.7 331.2 564.3 380.2,1,1.114,0,1,25.123,39.804
265,8.833,20,motorcycle,0.532,567.7 344.1 630.6 407.6,1,1.200,0,0,25.123,39.804
265,8.833,7,motorcycle,0.431,397.5 352.2 435.9 402.0,1,1.200,0,0,25.123,39.804
266,8.867,7,motorcycle,0.540,399.1 348.8 438.9 400.2,1,1.200,0,0,25.080,39.872
266,8.867,2,motorcycle,0.535,534.7 328.7 565.4 378.8,1,1.093,0,1,25.080,39.872
266,8.867,1,motorcycle,0.514,594.3 426.4 714.0 535.1,1,1.200,0,0,25.080,39.872
266,8.867,20,motorcycle,0.413,563.9 343.8 630.4 407.3,1,1.200,0,0,25.080,39.872
267,8.900,7,motorcycle,0.554,400.2 348.6 440.5 399.2,1,1.200,0,0,24.789,40.341
267,8.900,1,motorcycle,0.494,598.8 424.7 718.4 533.6,1,1.200,0,0,24.789,40.341
267,8.900,2,motorcycle,0.476,535.6 327.8 565.3 378.0,2,1.200 1.083,1,1,24.789,40.341
267,8.900,20,motorcycle,0.365,561.4 346.0 628.2 407.0,1,1.200,0,0,24.789,40.341
268,8.933,7,motorcycle,0.506,400.4 345.3 444.4 396.7,1,1.200,0,0,24.935,40.105
268,8.933,1,motorcycle,0.494,602.6 419.1 726.4 530.8,1,1.200,0,0,24.935,40.105
268,8.933,2,motorcycle,0.363,536.1 324.0 565.0 376.0,2,1.200 1.073,1,1,24.935,40.105
268,8.933,20,motorcycle,0.335,559.7 343.4 625.3 407.5,1,1.200,0,0,24.935,40.105
269,8.967,7,motorcycle,0.460,402.8 352.3 441.9 397.8,1,1.200,0,0,25.142,39.774
269,8.967,1,motorcycle,0.446,607.2 422.7 730.9 530.8,1,1.200,0,0,25.142,39.774
269,8.967,2,motorcycle,0.270,537.1 324.8 565.6 374.2,2,1.200 1.071,1,1,25.142,39.774
270,9.000,7,motorcycle,0.419,408.3 359.7 442.7 397.9,1,1.176,0,0,26.372,37.920
270,9.000,1,motorcycle,0.319,610.1 421.0 731.5 527.4,1,1.200,0,0,26.372,37.920
270,9.000,20,motorcycle,0.313,555.5 344.8 619.5 407.2,2,1.200 1.173,1,0,26.372,37.920
271,9.033,7,motorcycle,0.381,410.5 362.2 443.9 396.3,1,1.155,0,0,24.079,41.530
271,9.033,20,motorcycle,0.251,552.1 328.8 640.0 407.5,2,1.185 1.135,1,1,24.079,41.530
272,9.067,20,motorcycle,0.429,549.9 336.4 647.0 407.6,3,1.200 1.193 1.137,1,1,24.109,41.479
272,9.067,7,motorcycle,0.423,411.7 345.5 448.5 392.9,1,1.200,0,0,24.109,41.479
272,9.067,1,motorcycle,0.345,617.2 416.4 732.3 524.2,1,1.200,0,0,24.109,41.479
273,9.100,7,motorcycle,0.499,413.2 344.7 451.7 392.2,1,1.200,0,0,23.938,41.774
273,9.100,20,motorcycle,0.448,546.9 333.8 645.3 407.6,2,1.200 1.175,1,1,23.938,41.774
273,9.100,1,motorcycle,0.395,620.8 413.3 734.0 521.8,1,1.200,0,0,23.938,41.774
274,9.133,7,motorcycle,0.535,416.8 344.7 453.2 391.2,1,1.200,0,0,24.514,40.792
274,9.133,1,motorcycle,0.489,625.2 412.0 732.7 519.5,1,1.200,0,0,24.514,40.792
274,9.133,20,motorcycle,0.424,545.5 326.8 629.5 407.3,1,1.200,0,1,24.514,40.792
275,9.167,1,motorcycle,0.659,626.9 410.2 732.2 517.6,1,1.200,0,0,25.207,39.672
275,9.167,7,motorcycle,0.550,418.1 344.5 454.6 390.5,1,1.200,0,0,25.207,39.672
275,9.167,20,motorcycle,0.411,541.8 331.8 645.9 407.7,1,1.191,0,1,25.207,39.672
276,9.200,1,motorcycle,0.627,630.3 403.6 735.6 517.1,1,1.200,0,0,24.737,40.426
276,9.200,7,motorcycle,0.587,418.8 329.3 458.9 390.0,1,1.200,0,0,24.737,40.426
276,9.200,20,motorcycle,0.499,539.6 336.6 648.3 407.1,2,1.200 1.159,1,1,24.737,40.426
277,9.233,20,motorcycle,0.615,537.7 343.5 633.8 406.6,1,1.200,0,1,24.119,41.461
277,9.233,1,motorcycle,0.608,633.3 399.5 737.1 515.9,1,1.200,0,0,24.119,41.461
277,9.233,7,motorcycle,0.521,420.3 335.4 460.4 390.9,1,1.200,0,0,24.119,41.461
278,9.267,20,motorcycle,0.750,536.5 336.7 632.8 406.9,1,1.200,0,0,24.968,40.052
278,9.267,1,motorcycle,0.548,634.9 400.4 737.0 514.9,1,1.200,0,0,24.968,40.052
278,9.267,7,motorcycle,0.497,422.6 333.7 463.9 388.7,1,1.200,0,0,24.968,40.052
279,9.300,20,motorcycle,0.683,530.9 340.1 638.4 406.8,1,1.200,0,0,42.246,23.671
279,9.300,1,motorcycle,0.557,638.9 389.8 737.0 510.4,1,1.200,0,0,42.246,23.671
279,9.300,7,motorcycle,0.454,425.6 341.2 461.4 388.8,1,1.200,0,0,42.246,23.671
280,9.333,20,motorcycle,0.702,528.4 340.7 637.0 406.2,1,1.191,0,0,25.244,39.614
280,9.333,1,motorcycle,0.543,640.4 397.3 736.6 509.2,1,1.200,0,0,25.244,39.614
280,9.333,7,motorcycle,0.290,427.9 349.8 463.5 387.9,1,1.161,0,0,25.244,39.614
281,9.367,20,motorcycle,0.628,526.7 337.9 636.3 406.1,2,1.200 1.160,1,0,23.329,42.866
281,9.367,1,motorcycle,0.566,642.7 399.9 736.7 507.4,1,1.200,0,0,23.329,42.866
281,9.367,7,motorcycle,0.343,429.7 344.8 468.5 386.9,1,1.195,0,0,23.329,42.866
282,9.400,20,motorcycle,0.656,524.3 335.5 622.0 405.2,1,1.200,0,0,25.370,39.416
282,9.400,1,motorcycle,0.549,644.4 398.9 736.9 505.8,1,1.200,0,0,25.370,39.416
282,9.400,7,motorcycle,0.454,430.2 331.8 470.7 383.6,1,1.200,0,0,25.370,39.416
283,9.433,20,motorcycle,0.692,523.0 338.8 620.7 404.7,1,1.200,0,0,24.926,40.119
283,9.433,1,motorcycle,0.562,645.9 401.5 737.4 504.2,1,1.200,0,0,24.926,40.119
283,9.433,7,motorcycle,0.497,432.4 339.7 470.0 381.4,1,1.200,0,0,24.926,40.119
284,9.467,20,motorcycle,0.686,520.1 335.8 616.8 405.0,2,1.176 1.064,1,0,24.656,40.559
284,9.467,1,motorcycle,0.582,647.0 397.6 737.1 503.8,1,1.200,0,0,24.656,40.559
284,9.467,7,motorcycle,0.472,433.6 337.1 471.8 380.8,1,1.200,0,0,24.656,40.559
285,9.500,1,motorcycle,0.609,647.8 398.7 736.6 502.6,1,1.200,0,0,24.567,40.705
285,9.500,20,motorcycle,0.605,516.2 337.8 613.6 404.4,1,1.171,0,0,24.567,40.705
285,9.500,7,motorcycle,0.499,437.6 337.8 473.7 378.6,1,1.200,0,0,24.567,40.705
286,9.533,1,motorcycle,0.620,648.3 398.6 735.7 501.6,1,1.200,0,0,25.259,39.590
286,9.533,20,motorcycle,0.537,514.6 336.7 610.4 404.9,1,1.200,0,0,25.259,39.590
286,9.533,7,motorcycle,0.493,440.0 326.4 477.5 378.1,1,1.200,0,0,25.259,39.590
287,9.567,20,motorcycle,0.590,511.1 333.3 608.8 403.8,2,1.200 1.113,1,0,22.703,44.046
287,9.567,1,motorcycle,0.582,649.6 395.4 735.1 501.4,1,1.200,0,0,22.703,44.046
287,9.567,7,motorcycle,0.516,442.8 323.9 479.2 377.5,1,1.200,0,0,22.703,44.046
288,9.600,20,motorcycle,0.647,508.4 341.0 606.3 404.1,1,1.200,0,0,23.583,42.403
288,9.600,1,motorcycle,0.516,650.5 392.2 734.7 500.6,1,1.200,0,0,23.583,42.403
288,9.600,7,motorcycle,0.488,445.9 326.0 480.5 376.5,1,1.200,0,0,23.583,42.403
289,9.633,20,motorcycle,0.568,507.2 338.4 604.1 405.2,1,1.200,0,0,24.824,40.283
289,9.633,1,motorcycle,0.504,651.1 393.5 735.0 499.9,1,1.200,0,0,24.824,40.283
289,9.633,7,motorcycle,0.374,447.7 332.7 482.6 375.9,1,1.200,0,0,24.824,40.283
290,9.667,7,motorcycle,0.519,448.6 335.1 484.6 375.9,1,1.200,0,0,24.373,41.030
290,9.667,20,motorcycle,0.508,503.8 348.7 599.4 404.0,1,1.200,0,0,24.373,41.030
290,9.667,1,motorcycle,0.439,654.4 401.6 734.0 496.9,1,1.200,0,0,24.373,41.030
291,9.700,7,motorcycle,0.472,451.5 333.2 486.9 375.8,1,1.200,0,0,31.328,31.921
291,9.700,20,motorcycle,0.446,498.2 340.9 599.2 405.7,2,1.200 1.114,1,0,31.328,31.921
291,9.700,1,motorcycle,0.430,656.7 402.1 734.3 495.6,1,1.200,0,0,31.328,31.921
292,9.733,20,motorcycle,0.530,496.4 339.4 601.0 404.2,2,1.200 1.178,1,1,24.960,40.064
292,9.733,7,motorcycle,0.512,453.4 333.4 488.6 375.0,1,1.200,0,0,24.960,40.064
292,9.733,1,motorcycle,0.491,657.9 401.5 734.4 493.7,1,1.200,0,0,24.960,40.064
293,9.767,7,motorcycle,0.515,457.3 333.3 489.5 375.1,1,1.200,0,0,24.159,41.393
293,9.767,1,motorcycle,0.504,656.0 395.1 736.5 486.5,1,1.200,0,0,24.159,41.393
293,9.767,20,motorcycle,0.499,494.9 339.9 600.0 404.1,1,1.200,0,0,24.159,41.393
294,9.800,20,motorcycle,0.533,495.6 333.6 600.9 401.9,1,1.200,0,0,24.010,41.650
294,9.800,1,motorcycle,0.504,656.2 395.1 736.2 484.9,1,1.200,0,0,24.010,41.650
294,9.800,7,motorcycle,0.478,461.0 332.4 489.9 374.0,1,1.200,0,0,24.010,41.650
295,9.833,1,motorcycle,0.516,656.2 394.3 736.3 483.9,1,1.200,0,0,26.381,37.906
295,9.833,20,motorcycle,0.463,493.2 333.9 596.3 401.8,2,1.151 1.120,1,0,26.381,37.906
295,9.833,7,motorcycle,0.383,463.0 323.1 489.9 373.8,1,1.200,0,0,26.381,37.906
296,9.867,20,motorcycle,0.499,487.9 340.6 576.5 401.1,1,1.200,0,0,26.014,38.441
296,9.867,1,motorcycle,0.426,656.9 393.0 735.9 482.2,1,1.200,0,0,26.014,38.441
296,9.867,7,motorcycle,0.259,464.8 329.0 491.4 372.7,1,1.200,0,0,26.014,38.441
297,9.900,20,motorcycle,0.417,486.8 340.3 572.8 400.8,2,1.200 1.160,1,0,25.002,39.997
297,9.900,1,motorcycle,0.354,657.2 393.2 734.9 480.5,1,1.200,0,0,25.002,39.997
298,9.933,20,motorcycle,0.571,482.4 337.7 568.1 400.4,2,1.200 1.195,1,1,24.747,40.409
298,9.933,1,motorcycle,0.302,657.3 394.9 733.7 480.0,1,1.200,0,0,24.747,40.409
299,9.967,20,motorcycle,0.488,480.5 336.2 566.4 399.2,1,1.200,0,0,24.410,40.967
299,9.967,1,motorcycle,0.273,657.0 395.2 733.2 479.9,1,1.200,0,0,24.410,40.967
300,10.000,20,motorcycle,0.568,478.8 340.4 561.6 398.8,2,1.200 1.133,1,1,23.598,42.376
300,10.000,1,motorcycle,0.419,659.0 390.0 732.1 477.3,1,1.200,0,0,23.598,42.376
301,10.033,20,motorcycle,0.477,475.4 345.9 560.4 398.8,2,1.183 1.158,1,1,23.886,41.865
301,10.033,1,motorcycle,0.438,659.3 390.6 732.0 476.8,1,1.200,0,0,23.886,41.865
302,10.067,20,motorcycle,0.474,473.8 335.2 555.5 400.0,2,1.200 1.141,1,1,23.707,42.181
302,10.067,1,motorcycle,0.406,659.9 389.6 728.6 476.1,1,1.200,0,0,23.707,42.181
303,10.100,20,motorcycle,0.423,472.1 332.6 560.3 399.4,2,1.200 1.103,1,1,24.410,40.966
303,10.100,1,motorcycle,0.339,659.8 389.6 727.0 475.9,0,,0,0,24.410,40.966
303,10.100,21,bicycle,0.338,667.4 393.8 724.4 479.1,1,1.200,0,0,24.410,40.966
303,10.100,22,motorcycle,0.255,550.7 306.8 575.4 353.9,0,,0,0,24.410,40.966
304,10.133,21,bicycle,0.448,667.7 393.5 721.2 475.5,0,,0,0,24.324,41.111
304,10.133,20,motorcycle,0.421,470.7 330.3 563.3 399.8,2,1.200 1.102,1,1,24.324,41.111
304,10.133,1,motorcycle,0.348,659.7 390.5 725.3 473.5,1,1.200,0,0,24.324,41.111
305,10.167,20,motorcycle,0.445,469.7 341.2 542.7 394.8,2,1.200 1.200,1,1,32.781,30.506
305,10.167,21,bicycle,0.394,663.1 386.6 721.7 473.7,0,,0,0,32.781,30.506
305,10.167,1,motorcycle,0.392,659.2 390.7 723.6 472.2,1,1.200,0,0,32.781,30.506
306,10.200,20,motorcycle,0.504,467.4 341.0 540.0 396.0,1,1.200,0,1,24.188,41.343
306,10.200,1,motorcycle,0.416,659.2 391.6 722.9 468.9,0,,0,0,24.188,41.343
306,10.200,21,bicycle,0.390,663.0 387.2 721.0 470.7,1,1.200,0,0,24.188,41.343
307,10.233,20,motorcycle,0.490,467.2 340.2 535.0 394.2,1,1.200,0,1,26.318,37.996
307,10.233,1,motorcycle,0.481,658.9 387.2 722.9 468.3,0,,0,0,26.318,37.996
307,10.233,21,bicycle,0.356,662.2 385.7 721.2 469.7,1,1.200,0,0,26.318,37.996
308,10.267,20,motorcycle,0.520,466.2 341.4 534.2 394.0,2,1.200 1.147,1,1,24.423,40.945
308,10.267,1,motorcycle,0.471,659.2 386.1 723.1 465.8,0,,0,0,24.423,40.945
308,10.267,21,bicycle,0.341,662.4 386.6 721.3 467.7,1,1.200,0,0,24.423,40.945
309,10.300,20,motorcycle,0.456,466.8 339.1 548.4 395.7,1,1.200,0,1,24.649,40.569
309,10.300,21,motorcycle,0.399,658.1 383.6 723.2 465.0,0,,0,0,24.649,40.569
309,10.300,1,bicycle,0.385,660.3 385.3 721.2 465.7,1,1.200,0,0,24.649,40.569
310,10.333,20,motorcycle,0.413,466.4 340.5 535.6 394.5,1,1.200,0,1,24.002,41.664
310,10.333,1,bicycle,0.403,658.2 385.2 721.5 463.2,0,,0,0,24.002,41.664
310,10.333,21,motorcycle,0.368,655.9 385.1 721.5 462.0,1,1.200,0,0,24.002,41.664
311,10.367,20,motorcycle,0.467,466.0 338.9 544.8 393.7,1,1.200,0,1,24.766,40.378
311,10.367,1,bicycle,0.427,659.3 385.3 721.4 462.6,0,,0,0,24.766,40.378
311,10.367,21,motorcycle,0.289,654.2 379.2 723.5 463.1,1,1.200,0,0,24.766,40.378
312,10.400,20,motorcycle,0.515,464.9 338.1 540.1 391.8,1,1.200,0,1,24.170,41.374
312,10.400,1,bicycle,0.398,662.6 384.7 721.4 460.1,0,,0,0,24.170,41.374
312,10.400,21,motorcycle,0.293,650.2 373.3 724.0 462.7,1,1.200,0,0,24.170,41.374
313,10.433,20,motorcycle,0.424,464.2 339.1 534.6 390.3,1,1.200,0,0,25.855,38.678
313,10.433,1,bicycle,0.392,665.8 385.7 721.3 459.8,1,1.181,0,0,25.855,38.678
314,10.467,20,motorcycle,0.447,463.3 338.8 532.6 390.4,1,1.200,0,0,25.255,39.596
314,10.467,1,bicycle,0.386,662.6 384.5 722.9 458.6,0,,0,0,25.255,39.596
314,10.467,21,motorcycle,0.283,649.0 350.3 724.0 454.3,1,1.200,0,0,25.255,39.596
315,10.500,20,motorcycle,0.435,464.1 335.2 532.1 390.7,1,1.197,0,0,24.062,41.560
315,10.500,1,bicycle,0.379,663.9 383.8 723.6 456.8,0,,0,0,24.062,41.560
315,10.500,21,motorcycle,0.276,654.8 376.7 724.5 456.9,1,1.200,0,0,24.062,41.560
316,10.533,20,motorcycle,0.444,463.6 336.4 531.4 390.3,1,1.194,0,0,24.462,40.879
316,10.533,1,bicycle,0.362,662.0 382.5 723.2 456.1,0,,0,0,24.462,40.879
316,10.533,21,motorcycle,0.340,658.1 380.1 724.0 454.1,1,1.200,0,0,24.462,40.879
317,10.567,20,motorcycle,0.539,465.7 327.9 525.6 388.8,0,,0,0,30.952,32.308
317,10.567,1,bicycle,0.352,661.6 382.5 722.9 455.7,0,,0,0,30.952,32.308
317,10.567,21,motorcycle,0.342,646.3 366.3 723.1 457.6,1,1.200,0,0,30.952,32.308
318,10.600,20,motorcycle,0.549,467.7 333.9 520.8 388.3,0,,0,0,24.144,41.418
318,10.600,21,motorcycle,0.410,647.5 366.1 724.0 451.6,1,1.200,0,0,24.144,41.418
319,10.633,20,motorcycle,0.512,469.1 331.2 520.5 387.4,0,,0,0,23.942,41.768
319,10.633,21,motorcycle,0.508,642.7 364.3 723.5 449.9,1,1.200,0,0,23.942,41.768
320,10.667,21,motorcycle,0.440,642.6 369.4 722.4 450.0,1,1.200,0,0,24.281,41.184
320,10.667,20,motorcycle,0.435,471.3 336.8 521.3 387.1,0,,0,0,24.281,41.184
320,10.667,23,motorcycle,0.279,555.2 311.8 573.4 345.3,1,1.200,0,0,24.281,41.184
321,10.700,20,motorcycle,0.508,473.4 333.1 521.3 385.4,0,,0,0,23.695,42.202
321,10.700,23,motorcycle,0.405,555.1 312.1 573.9 343.8,1,1.200,0,0,23.695,42.202
321,10.700,21,motorcycle,0.324,646.0 377.1 713.5 449.5,1,1.200,0,0,23.695,42.202
322,10.733,20,motorcycle,0.473,474.8 335.2 520.4 383.9,1,1.200,0,0,24.200,41.322
322,10.733,23,motorcycle,0.450,554.9 311.0 574.2 343.6,1,1.200,0,0,24.200,41.322
322,10.733,21,motorcycle,0.384,655.4 381.0 705.4 439.8,1,1.181,0,0,24.200,41.322
323,10.767,20,motorcycle,0.478,475.9 325.1 521.7 382.0,1,1.200,0,0,24.427,40.938
323,10.767,23,motorcycle,0.374,555.0 309.6 574.3 343.2,1,1.200,0,0,24.427,40.938
323,10.767,21,motorcycle,0.337,636.5 361.8 704.2 434.7,1,1.200,0,0,24.427,40.938
324,10.800,20,motorcycle,0.515,478.7 321.8 518.7 380.1,1,1.200,0,0,24.621,40.615
324,10.800,23,motorcycle,0.330,555.2 308.7 574.4 342.7,1,1.200,0,0,24.621,40.615
324,10.800,21,motorcycle,0.315,637.2 365.0 704.8 436.6,1,1.200,0,0,24.621,40.615
325,10.833,20,motorcycle,0.597,479.2 323.6 513.6 379.9,1,1.200,0,0,24.751,40.402
325,10.833,21,motorcycle,0.389,636.5 358.6 704.1 437.6,2,1.200 1.200,1,0,24.751,40.402
325,10.833,23,motorcycle,0.345,555.6 308.8 574.5 342.3,1,1.200,0,0,24.751,40.402
326,10.867,20,motorcycle,0.582,479.4 322.0 515.9 379.6,1,1.200,0,0,23.748,42.108
326,10.867,21,motorcycle,0.470,635.2 361.5 703.4 438.5,1,1.200,0,0,23.748,42.108
326,10.867,23,motorcycle,0.335,555.4 308.0 574.7 342.0,1,1.200,0,0,23.748,42.108
327,10.900,20,motorcycle,0.601,480.4 320.2 515.2 379.8,1,1.200,0,0,24.501,40.814
327,10.900,21,motorcycle,0.535,634.2 361.5 702.0 440.3,1,1.200,0,0,24.501,40.814
327,10.900,23,motorcycle,0.368,555.6 307.7 575.1 341.0,1,1.200,0,0,24.501,40.814
328,10.933,20,motorcycle,0.578,481.4 324.5 516.2 379.0,1,1.200,0,0,24.513,40.795
328,10.933,21,motorcycle,0.513,632.1 366.3 700.7 440.4,2,1.200 1.189,1,0,24.513,40.795
328,10.933,23,motorcycle,0.333,556.1 307.6 575.3 340.9,1,1.200,0,0,24.513,40.795
329,10.967,20,motorcycle,0.543,482.7 325.3 518.1 377.9,1,1.200,0,0,30.522,32.764
329,10.967,21,motorcycle,0.529,628.7 365.9 699.3 440.0,1,1.200,0,0,30.522,32.764
329,10.967,23,motorcycle,0.362,556.6 305.5 576.0 339.3,1,1.200,0,0,30.522,32.764
330,11.000,21,motorcycle,0.549,625.7 359.5 698.2 437.8,1,1.200,0,0,23.465,42.617
330,11.000,20,motorcycle,0.510,483.8 325.2 519.7 377.9,1,1.200,0,0,23.465,42.617
330,11.000,23,motorcycle,0.317,556.7 306.8 575.4 338.6,0,,0,0,23.465,42.617
331,11.033,21,motorcycle,0.446,623.6 359.7 695.1 436.1,2,1.200 1.200,1,0,24.184,41.349
331,11.033,20,motorcycle,0.358,485.4 325.2 519.1 377.5,1,1.200,0,0,24.184,41.349
331,11.033,23,motorcycle,0.259,556.7 307.4 574.8 338.4,0,,0,0,24.184,41.349
332,11.067,21,motorcycle,0.548,620.0 350.5 695.3 431.5,1,1.200,0,0,23.887,41.864
332,11.067,20,motorcycle,0.353,486.7 321.7 521.6 377.6,0,,0,0,23.887,41.864
332,11.067,23,motorcycle,0.261,556.6 305.9 576.1 338.2,0,,0,0,23.887,41.864
333,11.100,21,motorcycle,0.597,618.0 351.7 693.7 435.1,1,1.200,0,0,23.202,43.099
333,11.100,20,motorcycle,0.406,488.6 320.6 521.5 377.0,1,1.200,0,0,23.202,43.099
334,11.133,21,motorcycle,0.557,615.7 350.7 692.2 431.2,1,1.200,0,0,24.439,40.918
334,11.133,20,motorcycle,0.521,488.8 314.7 526.2 377.6,1,1.200,0,0,24.439,40.918
335,11.167,21,motorcycle,0.628,607.5 351.4 692.1 430.2,1,1.200,0,0,24.041,41.596
335,11.167,20,motorcycle,0.581,491.9 321.2 525.3 376.0,1,1.200,0,0,24.041,41.596
336,11.200,21,motorcycle,0.598,604.7 347.4 690.7 429.8,1,1.200,0,0,24.413,40.962
336,11.200,20,motorcycle,0.551,492.0 315.8 532.4 375.6,0,,0,0,24.413,40.962
337,11.233,21,motorcycle,0.561,601.1 344.3 687.5 428.3,1,1.200,0,0,24.496,40.823
337,11.233,20,motorcycle,0.536,494.6 310.0 530.3 373.9,0,,0,0,24.496,40.823
338,11.267,21,motorcycle,0.648,594.2 340.8 686.9 425.5,1,1.186,0,0,23.912,41.820
338,11.267,20,motorcycle,0.630,496.1 315.4 530.3 373.4,1,1.200,0,0,23.912,41.820
339,11.300,21,motorcycle,0.656,593.3 344.4 685.7 425.7,1,1.200,0,0,24.205,41.314
339,11.300,20,motorcycle,0.552,497.1 308.3 535.9 371.5,2,1.200 1.097,1,0,24.205,41.314
340,11.333,20,motorcycle,0.554,498.7 316.6 536.3 370.9,2,1.200 1.153,1,1,23.420,42.699
340,11.333,21,motorcycle,0.548,590.4 343.6 684.3 424.6,1,1.200,0,0,23.420,42.699
341,11.367,21,motorcycle,0.584,590.6 339.7 682.8 425.1,1,1.200,0,0,24.210,41.305
341,11.367,20,motorcycle,0.511,500.8 320.7 540.1 369.4,1,1.200,0,0,24.210,41.305
341,11.367,24,motorcycle,0.289,558.6 302.8 579.0 334.7,0,,0,0,24.210,41.305
342,11.400,20,motorcycle,0.601,504.0 312.3 541.2 367.7,2,1.200 1.177,1,1,23.392,42.750
342,11.400,21,motorcycle,0.524,589.6 350.3 679.3 423.7,1,1.200,0,0,23.392,42.750
342,11.400,24,motorcycle,0.287,559.0 304.9 579.4 334.1,0,,0,0,23.392,42.750
342,11.400,25,motorcycle,0.253,590.3 349.7 633.1 411.9,0,,0,0,23.392,42.750
343,11.433,21,motorcycle,0.697,587.8 350.0 675.7 421.2,1,1.200,0,0,24.130,41.443
343,11.433,20,motorcycle,0.508,505.3 314.5 540.2 366.5,0,,0,0,24.130,41.443
343,11.433,24,motorcycle,0.275,559.8 304.1 579.0 333.7,0,,0,0,24.130,41.443
344,11.467,21,motorcycle,0.604,584.7 350.2 673.6 419.4,1,1.200,0,0,22.559,44.327
344,11.467,20,motorcycle,0.546,506.4 320.3 539.9 365.9,1,1.148,0,0,22.559,44.327
345,11.500,21,motorcycle,0.610,581.7 352.4 672.4 422.7,1,1.200,0,0,24.844,40.251
345,11.500,20,motorcycle,0.542,508.3 322.7 541.9 365.3,2,1.200 1.200,1,0,24.844,40.251
346,11.533,21,motorcycle,0.598,578.9 346.5 670.1 421.3,1,1.200,0,0,23.846,41.936
346,11.533,20,motorcycle,0.539,509.0 316.9 546.5 363.3,1,1.200,0,0,23.846,41.936
347,11.567,20,motorcycle,0.627,510.9 317.9 547.5 361.6,1,1.200,0,0,23.684,42.223
347,11.567,21,motorcycle,0.616,575.8 346.8 666.8 419.9,1,1.200,0,0,23.684,42.223
348,11.600,21,motorcycle,0.675,574.2 343.2 665.1 415.3,1,1.200,0,0,24.423,40.946
348,11.600,20,motorcycle,0.654,512.0 316.6 548.3 360.0,1,1.200,0,0,24.423,40.946
349,11.633,20,motorcycle,0.629,515.7 315.5 548.8 359.3,1,1.200,0,0,24.792,40.335
349,11.633,21,motorcycle,0.629,571.8 339.3 662.3 413.9,1,1.200,0,0,24.792,40.335
350,11.667,21,motorcycle,0.615,568.6 340.9 659.0 413.4,1,1.200,0,0,24.609,40.635
350,11.667,20,motorcycle,0.583,517.8 311.8 550.3 358.8,1,1.200,0,0,24.609,40.635
351,11.700,21,motorcycle,0.736,566.6 339.6 656.3 412.5,1,1.200,0,0,24.187,41.345
351,11.700,20,motorcycle,0.654,521.2 302.9 551.1 357.8,1,1.200,0,0,24.187,41.345
352,11.733,20,motorcycle,0.668,522.7 305.8 552.9 358.2,1,1.200,0,0,24.145,41.416
352,11.733,21,motorcycle,0.653,564.8 337.7 653.3 412.1,1,1.200,0,0,24.145,41.416
353,11.767,21,motorcycle,0.671,563.7 340.1 652.0 412.5,1,1.200,0,0,24.930,40.112
353,11.767,20,motorcycle,0.505,525.5 300.7 554.3 357.4,1,1.200,0,0,24.930,40.112
354,11.800,21,motorcycle,0.668,563.1 339.0 649.7 412.5,1,1.200,0,0,23.836,41.953
354,11.800,20,motorcycle,0.453,527.6 303.2 557.5 356.8,2,1.200 1.200,1,0,23.836,41.953
355,11.833,21,motorcycle,0.686,561.9 338.1 647.2 412.8,1,1.200,0,0,24.618,40.621
355,11.833,20,motorcycle,0.369,529.1 302.3 558.5 356.2,1,1.200,0,0,24.618,40.621
356,11.867,21,motorcycle,0.622,560.6 337.2 643.5 411.8,1,1.200,0,0,23.790,42.035
356,11.867,20,motorcycle,0.318,530.9 299.4 559.8 356.3,1,1.200,0,0,23.790,42.035
357,11.900,21,motorcycle,0.510,560.8 336.8 641.1 408.3,1,1.200,0,0,24.553,40.728
357,11.900,20,motorcycle,0.261,535.6 296.8 561.6 355.7,1,1.200,0,0,24.553,40.728
358,11.933,21,motorcycle,0.544,560.5 336.1 639.3 407.4,1,1.200,0,0,32.347,30.915
359,11.967,21,motorcycle,0.503,559.7 336.4 634.3 405.2,1,1.200,0,0,25.102,39.838
360,12.000,21,motorcycle,0.540,559.8 328.9 634.4 402.3,2,1.200 1.106,1,0,24.035,41.607
361,12.033,21,motorcycle,0.534,559.4 331.2 632.2 402.1,2,1.200 1.200,1,1,24.566,40.706
362,12.067,21,motorcycle,0.513,556.7 331.3 630.4 401.5,0,,0,0,24.741,40.419
363,12.100,21,motorcycle,0.538,555.7 327.5 627.4 400.2,0,,0,0,24.576,40.690
364,12.133,21,motorcycle,0.379,561.1 335.1 625.6 399.0,2,1.200 1.200,1,0,24.544,40.743
364,12.133,26,motorcycle,0.309,557.2 339.1 594.7 394.8,1,1.200,0,0,24.544,40.743
365,12.167,21,motorcycle,0.433,561.3 336.4 624.1 398.8,0,,0,0,24.759,40.390
365,12.167,26,motorcycle,0.323,558.4 330.2 592.2 392.6,0,,0,0,24.759,40.390
366,12.200,21,motorcycle,0.452,559.1 330.6 624.4 398.3,0,,0,0,23.600,42.373
366,12.200,27,motorcycle,0.300,583.8 351.2 624.0 400.8,0,,0,0,23.600,42.373
367,12.233,21,motorcycle,0.490,559.1 326.5 627.2 397.1,0,,0,0,25.303,39.522
368,12.267,21,motorcycle,0.287,561.1 339.3 628.3 394.6,1,1.200,0,0,24.553,40.728
369,12.300,21,motorcycle,0.309,561.7 337.6 621.7 393.6,0,,0,0,24.098,41.497
370,12.333,27,motorcycle,0.292,582.1 345.6 614.6 392.8,0,,0,0,31.937,31.312
371,12.367,21,motorcycle,0.383,562.8 339.8 614.3 390.8,0,,0,0,26.044,38.396
372,12.400,21,motorcycle,0.551,562.6 336.7 613.6 390.3,1,1.200,0,0,24.855,40.233
372,12.400,28,motorcycle,0.408,0.1 418.4 302.3 695.2,2,1.200 1.125,1,0,24.855,40.233
373,12.433,28,motorcycle,0.649,0.1 399.2 342.3 706.3,1,1.099,0,0,24.612,40.631
373,12.433,21,motorcycle,0.450,564.4 333.7 613.4 389.5,0,,0,0,24.612,40.631
374,12.467,28,motorcycle,0.608,0.7 403.2 383.6 710.1,1,1.089,0,0,24.867,40.213
374,12.467,21,motorcycle,0.511,564.7 332.4 612.2 389.1,0,,0,0,24.867,40.213
375,12.500,28,motorcycle,0.647,0.0 401.7 413.5 709.0,1,1.076,0,0,24.623,40.613
375,12.500,21,motorcycle,0.573,565.0 329.4 611.3 388.3,1,1.200,0,0,24.623,40.613
376,12.533,28,motorcycle,0.530,41.5 401.9 443.8 668.9,1,1.200,0,0,24.824,40.284
376,12.533,21,motorcycle,0.495,564.5 330.9 609.6 388.1,1,1.200,0,0,24.824,40.284
377,12.567,28,motorcycle,0.616,92.8 392.7 471.5 644.8,1,1.098,0,0,25.253,39.599
377,12.567,21,motorcycle,0.533,564.6 329.7 608.3 388.1,1,1.200,0,0,25.253,39.599
378,12.600,28,motorcycle,0.684,105.8 404.3 495.0 630.9,1,1.169,0,0,24.607,40.639
378,12.600,21,motorcycle,0.483,566.0 322.3 608.7 385.5,1,1.200,0,0,24.607,40.639
379,12.633,28,motorcycle,0.720,159.9 389.2 521.2 618.6,1,1.099,0,0,24.464,40.877
379,12.633,21,motorcycle,0.552,564.6 318.6 609.5 382.7,1,1.200,0,0,24.464,40.877
380,12.667,28,motorcycle,0.589,214.1 398.6 544.3 603.0,1,1.200,0,0,23.993,41.680
380,12.667,21,motorcycle,0.407,563.9 324.7 611.5 382.3,0,,0,0,23.993,41.680
381,12.700,28,motorcycle,0.571,261.5 386.5 566.1 594.7,1,1.119,0,0,24.120,41.460
382,12.733,28,motorcycle,0.554,291.3 369.0 590.3 589.4,1,1.114,0,0,26.271,38.065
383,12.767,28,motorcycle,0.481,328.6 378.0 607.6 573.2,1,1.200,0,0,26.260,38.081
383,12.767,21,motorcycle,0.329,563.7 304.6 610.2 376.8,2,1.200 1.200,1,0,26.260,38.081
384,12.800,28,motorcycle,0.592,360.8 351.6 629.9 555.3,1,1.200,0,0,24.677,40.523
385,12.833,28,motorcycle,0.580,390.3 372.2 646.0 559.6,1,1.200,0,0,24.553,40.729
386,12.867,28,motorcycle,0.728,417.5 351.1 669.6 546.1,1,1.200,0,0,24.099,41.495
387,12.900,28,motorcycle,0.709,443.6 345.6 685.1 550.2,1,1.177,0,0,25.057,39.909
388,12.933,28,motorcycle,0.715,468.2 359.4 701.7 541.1,1,1.200,0,0,25.304,39.519
389,12.967,28,motorcycle,0.607,493.5 361.6 715.8 536.6,1,1.200,0,0,24.161,41.389
389,12.967,29,motorcycle,0.264,855.5 310.8 927.9 369.0,0,,0,0,24.161,41.389
389,12.967,21,motorcycle,0.258,560.9 299.8 604.2 371.2,2,1.200 1.062,1,1,24.161,41.389
390,13.000,28,motorcycle,0.603,523.2 364.4 729.7 531.5,1,1.200,0,0,24.593,40.661
390,13.000,21,motorcycle,0.296,560.4 305.8 601.7 367.9,1,1.200,0,0,24.593,40.661
391,13.033,28,motorcycle,0.719,544.5 369.2 740.3 525.1,1,1.192,0,0,25.517,39.189
392,13.067,28,motorcycle,0.794,567.9 373.0 752.0 519.6,1,1.194,0,0,25.506,39.206
393,13.100,28,motorcycle,0.831,584.4 370.4 763.7 515.0,1,1.198,0,0,24.015,41.641
394,13.133,28,motorcycle,0.759,600.4 371.5 773.4 510.0,1,1.200,0,0,23.787,42.039
394,13.133,21,motorcycle,0.257,561.6 313.2 595.9 368.0,0,,0,0,23.787,42.039
395,13.167,28,motorcycle,0.755,620.3 369.2 789.2 506.0,1,1.200,0,0,25.512,39.198
395,13.167,21,motorcycle,0.466,561.0 313.1 594.6 367.3,1,1.200,0,0,25.512,39.198
396,13.200,28,motorcycle,0.667,633.9 364.2 800.6 502.3,2,1.200 1.110,1,0,24.782,40.352
396,13.200,21,motorcycle,0.513,561.1 313.0 593.8 366.6,1,1.200,0,0,24.782,40.352
397,13.233,28,motorcycle,0.734,652.4 369.9 806.6 497.5,1,1.200,0,0,25.209,39.668
397,13.233,21,motorcycle,0.453,561.0 313.5 593.4 365.9,0,,0,0,25.209,39.668
398,13.267,28,motorcycle,0.559,669.6 359.2 818.9 492.7,1,1.200,0,0,24.146,41.415
398,13.267,21,motorcycle,0.286,561.2 313.5 593.7 365.6,0,,0,0,24.146,41.415
399,13.300,28,motorcycle,0.620,690.1 364.6 826.4 490.1,1,1.200,0,0,25.458,39.280
399,13.300,21,motorcycle,0.314,561.2 309.1 593.9 364.2,0,,0,0,25.458,39.280
400,13.333,28,motorcycle,0.642,700.1 366.4 839.7 487.4,1,1.200,0,0,25.053,39.915
400,13.333,21,motorcycle,0.410,560.5 308.8 593.7 362.7,0,,0,0,25.053,39.915
401,13.367,28,motorcycle,0.432,719.3 386.2 845.6 483.1,1,1.200,0,0,24.667,40.540
401,13.367,21,motorcycle,0.296,560.2 311.3 593.0 362.3,0,,0,0,24.667,40.540
402,13.400,28,motorcycle,0.493,717.0 361.5 857.9 482.3,1,1.200,0,0,25.228,39.639
402,13.400,21,motorcycle,0.426,560.3 310.7 592.4 361.6,1,1.200,0,0,25.228,39.639
403,13.433,28,motorcycle,0.521,723.9 355.1 865.5 479.1,0,,0,0,23.347,42.832
403,13.433,21,motorcycle,0.357,561.2 312.8 592.2 360.0,0,,0,0,23.347,42.832
404,13.467,28,motorcycle,0.538,730.2 349.8 874.7 476.2,0,,0,0,25.043,39.932
404,13.467,21,motorcycle,0.378,560.9 312.8 592.0 359.0,0,,0,0,25.043,39.932
405,13.500,28,motorcycle,0.531,742.2 337.9 881.9 473.9,0,,0,0,25.175,39.722
405,13.500,21,motorcycle,0.300,561.1 311.8 591.8 358.3,1,1.200,0,0,25.175,39.722
406,13.533,28,motorcycle,0.528,756.2 353.7 888.8 472.6,0,,0,0,25.197,39.688
406,13.533,21,motorcycle,0.360,561.2 312.0 592.0 358.0,0,,0,0,25.197,39.688
407,13.567,28,motorcycle,0.516,762.7 353.3 896.1 469.0,1,1.200,0,0,23.873,41.888
407,13.567,21,motorcycle,0.282,561.7 312.3 591.9 356.9,1,1.200,0,0,23.873,41.888
408,13.600,28,motorcycle,0.583,774.2 356.5 903.8 466.8,1,1.200,0,0,25.366,39.423
408,13.600,21,motorcycle,0.278,562.0 312.6 592.0 355.9,0,,0,0,25.366,39.423
409,13.633,28,motorcycle,0.600,783.7 353.2 910.8 464.7,1,1.200,0,0,24.547,40.739
410,13.667,28,motorcycle,0.563,793.8 357.9 916.5 463.8,1,1.200,0,0,25.767,38.810
411,13.700,28,motorcycle,0.580,802.5 350.7 924.7 460.1,1,1.200,0,0,24.589,40.669
412,13.733,28,motorcycle,0.543,814.1 362.2 929.8 459.6,1,1.200,0,0,24.645,40.577
412,13.733,21,motorcycle,0.275,564.1 308.1 593.5 354.2,0,,0,0,24.645,40.577
413,13.767,28,motorcycle,0.544,820.6 353.8 936.6 456.0,1,1.200,0,0,24.773,40.367
414,13.800,28,motorcycle,0.534,829.8 353.7 942.2 453.5,1,1.200,0,0,25.758,38.822
414,13.800,21,motorcycle,0.256,565.7 307.5 593.6 352.5,0,,0,0,25.758,38.822
415,13.833,28,motorcycle,0.516,833.9 352.1 947.3 449.9,1,1.200,0,0,24.872,40.206
416,13.867,28,motorcycle,0.527,862.3 367.5 954.1 449.5,1,1.200,0,0,24.140,41.425
417,13.900,28,motorcycle,0.529,849.2 353.2 959.4 449.4,1,1.200,0,0,23.870,41.894
418,13.933,28,motorcycle,0.602,873.8 360.6 963.8 446.7,1,1.200,0,0,23.910,41.824
418,13.933,21,motorcycle,0.253,567.2 313.1 592.5 351.0,0,,0,0,23.910,41.824
419,13.967,28,motorcycle,0.423,879.9 370.4 968.8 446.0,1,1.200,0,0,24.807,40.312
420,14.000,28,motorcycle,0.421,866.5 344.5 976.0 443.4,1,1.199,0,0,24.484,40.843
420,14.000,21,motorcycle,0.322,569.1 313.6 593.5 349.6,0,,0,0,24.484,40.843
421,14.033,28,motorcycle,0.522,875.3 350.4 980.7 441.1,1,1.200,0,0,24.481,40.848
421,14.033,21,motorcycle,0.336,569.8 312.0 593.9 349.7,0,,0,0,24.481,40.848
422,14.067,28,motorcycle,0.491,880.6 344.6 986.9 440.1,1,1.165,0,0,24.287,41.173
422,14.067,21,motorcycle,0.273,570.7 310.1 594.0 349.1,0,,0,0,24.287,41.173
423,14.100,28,motorcycle,0.579,885.4 327.7 993.8 440.5,1,1.122,0,0,24.350,41.068
424,14.133,28,motorcycle,0.503,895.6 344.1 997.8 437.6,1,1.184,0,0,24.401,40.981
425,14.167,28,motorcycle,0.544,899.1 344.6 1004.2 437.0,1,1.156,0,0,23.792,42.030
426,14.200,28,motorcycle,0.474,906.8 333.6 1010.8 434.8,1,1.126,0,0,24.909,40.146
427,14.233,28,motorcycle,0.454,912.2 340.7 1015.2 435.8,1,1.185,0,0,25.299,39.527
427,14.233,21,motorcycle,0.307,574.1 305.6 596.5 347.0,0,,0,0,25.299,39.527
428,14.267,28,motorcycle,0.558,912.1 324.9 1022.9 434.3,0,,0,0,25.046,39.927
428,14.267,21,motorcycle,0.293,574.5 307.5 598.0 346.8,0,,0,0,25.046,39.927
429,14.300,28,motorcycle,0.478,942.2 361.3 1025.0 433.4,1,1.200,0,0,25.476,39.253
430,14.333,28,motorcycle,0.473,936.2 347.9 1032.5 433.7,1,1.200,0,0,24.675,40.526
431,14.367,28,motorcycle,0.480,939.1 342.8 1036.6 432.6,1,1.174,0,0,24.274,41.197
432,14.400,28,motorcycle,0.463,956.8 358.9 1039.5 431.6,1,1.200,0,0,24.251,41.236
433,14.433,28,motorcycle,0.442,946.2 337.6 1047.4 430.8,1,1.185,0,0,23.851,41.927
434,14.467,28,motorcycle,0.476,950.9 334.4 1052.5 429.4,0,,0,0,24.955,40.072
435,14.500,28,motorcycle,0.520,953.6 340.2 1057.5 428.4,0,,0,0,23.746,42.113
436,14.533,28,motorcycle,0.521,962.0 341.2 1061.5 427.8,1,1.145,0,0,24.456,40.890
437,14.567,28,motorcycle,0.551,966.9 336.9 1067.6 425.2,0,,0,0,24.852,40.239
438,14.600,28,motorcycle,0.504,970.1 334.8 1071.1 424.3,0,,0,0,32.643,30.634
439,14.633,28,motorcycle,0.557,976.0 338.0 1075.5 424.5,0,,0,0,23.331,42.862
440,14.667,28,motorcycle,0.535,980.2 336.4 1081.3 422.4,0,,0,0,24.822,40.287
441,14.700,28,motorcycle,0.593,983.3 339.1 1084.8 422.3,0,,0,0,25.208,39.670
442,14.733,28,motorcycle,0.573,990.9 343.4 1088.8 421.9,1,1.179,0,0,24.583,40.679
443,14.767,28,motorcycle,0.512,996.5 342.0 1094.9 420.1,1,1.200,0,0,24.756,40.394
444,14.800,28,motorcycle,0.652,1000.3 340.0 1100.6 420.8,1,1.119,0,0,24.336,41.091
446,14.867,28,motorcycle,0.640,1010.0 341.0 1105.8 418.8,0,,0,0,24.074,41.539
450,15.000,28,motorcycle,0.519,1024.6 337.5 1125.2 416.7,0,,0,0,30.448,32.843
451,15.033,28,motorcycle,0.399,1032.5 336.9 1130.3 415.5,0,,0,0,24.885,40.185
453,15.100,28,motorcycle,0.331,1055.3 351.1 1137.1 414.8,0,,0,0,24.151,41.406
454,15.133,28,motorcycle,0.504,1059.1 338.6 1141.3 414.3,0,,0,0,24.771,40.371
455,15.167,28,motorcycle,0.509,1056.6 335.9 1145.1 414.8,0,,0,0,25.150,39.762
456,15.200,28,motorcycle,0.408,1061.4 333.3 1152.5 414.5,0,,0,0,24.685,40.510
457,15.233,28,motorcycle,0.394,1070.5 340.9 1151.9 413.7,0,,0,0,23.718,42.162
458,15.267,28,motorcycle,0.260,1071.2 335.4 1156.5 413.5,0,,0,0,24.453,40.895
459,15.300,28,motorcycle,0.288,1075.8 342.4 1157.9 412.5,0,,0,0,23.999,41.668
585,19.500,30,bicycle,0.795,0.3 452.2 249.5 679.4,0,,0,0,24.122,41.455
586,19.533,30,bicycle,0.343,0.0 438.3 210.4 676.7,0,,0,0,24.621,40.615
587,19.567,30,bicycle,0.322,0.4 433.2 297.8 695.9,0,,0,0,24.114,41.469
588,19.600,30,bicycle,0.582,0.6 443.3 309.3 695.6,1,1.200,0,0,23.874,41.886
589,19.633,30,bicycle,0.354,0.4 437.3 334.8 700.8,1,1.200,0,0,26.652,37.521
590,19.667,31,bicycle,0.564,1.4 417.3 356.1 690.7,0,,0,0,24.225,41.279
590,19.667,30,motorcycle,0.485,0.6 416.0 356.7 694.6,1,1.200,0,0,24.225,41.279
591,19.700,30,bicycle,0.607,1.5 405.8 373.1 686.8,0,,0,0,25.168,39.733
591,19.700,31,motorcycle,0.336,0.4 404.8 373.4 690.6,1,1.200,0,0,25.168,39.733
592,19.733,30,bicycle,0.663,0.6 395.3 391.8 686.2,1,1.200,0,0,24.305,41.143
593,19.767,31,bicycle,0.532,0.0 387.1 408.7 693.4,0,,0,0,24.385,41.009
593,19.767,30,motorcycle,0.526,0.8 390.1 409.8 690.3,1,1.200,0,0,24.385,41.009
594,19.800,30,bicycle,0.765,0.2 402.4 428.7 690.4,1,1.200,0,0,23.638,42.305
595,19.833,30,bicycle,0.803,0.8 414.9 442.9 682.1,1,1.200,0,0,31.491,31.755
596,19.867,30,bicycle,0.828,0.0 421.7 460.2 689.7,1,1.200,0,0,24.887,40.181
597,19.900,30,bicycle,0.893,0.2 428.0 476.9 695.4,1,1.200,0,0,24.005,41.657
598,19.933,30,bicycle,0.916,27.5 442.4 491.4 683.8,1,1.200,0,0,24.887,40.181
599,19.967,30,bicycle,0.923,61.5 435.7 505.2 672.7,1,1.200,0,0,23.447,42.650
600,20.000,30,bicycle,0.900,90.3 433.4 520.8 663.7,1,1.200,0,0,23.903,41.836
601,20.033,30,bicycle,0.915,119.5 425.6 537.4 663.3,1,1.200,0,0,25.688,38.928
602,20.067,30,bicycle,0.920,144.8 428.3 546.7 655.6,1,1.200,0,0,24.756,40.394
603,20.100,30,bicycle,0.882,172.9 434.4 560.6 653.2,1,1.200,0,0,25.333,39.474
604,20.133,30,bicycle,0.916,198.9 435.1 573.6 646.0,1,1.200,0,0,24.256,41.227
605,20.167,30,bicycle,0.930,222.6 432.9 586.0 649.8,1,1.200,0,0,23.355,42.817
606,20.200,30,bicycle,0.934,244.3 426.8 598.8 650.3,1,1.200,0,0,23.603,42.367
607,20.233,30,bicycle,0.927,268.6 428.8 607.4 648.3,1,1.200,0,0,23.406,42.724
608,20.267,30,bicycle,0.935,289.4 430.1 618.2 647.3,1,1.200,0,0,24.673,40.530
609,20.300,30,bicycle,0.934,308.9 432.4 630.5 641.8,1,1.200,0,0,31.090,32.165
610,20.333,30,bicycle,0.950,328.7 423.3 641.0 636.1,1,1.200,0,0,24.839,40.260
611,20.367,30,bicycle,0.942,346.4 419.5 650.4 632.7,1,1.200,0,0,23.515,42.526
612,20.400,30,bicycle,0.937,365.6 424.0 662.3 630.3,1,1.200,0,0,26.044,38.396
613,20.433,30,bicycle,0.938,385.1 421.9 671.2 623.2,1,1.200,0,0,23.816,41.988
614,20.467,30,bicycle,0.928,402.2 418.9 679.8 619.2,1,1.200,0,0,24.784,40.349
615,20.500,30,bicycle,0.911,417.4 415.9 689.9 614.3,1,1.200,0,0,24.061,41.560
616,20.533,30,bicycle,0.895,433.6 413.7 697.6 609.8,1,1.200,0,0,24.601,40.648
617,20.567,30,bicycle,0.876,449.8 409.4 708.3 604.1,1,1.200,0,0,24.172,41.370
618,20.600,30,bicycle,0.894,465.0 409.8 713.4 600.7,1,1.200,0,0,24.748,40.408
619,20.633,30,bicycle,0.883,479.2 404.5 722.8 594.5,1,1.200,0,0,24.151,41.407
620,20.667,30,bicycle,0.908,491.7 407.2 732.4 589.3,1,1.200,0,0,23.175,43.149
621,20.700,30,bicycle,0.881,506.7 406.2 740.4 586.5,1,1.200,0,0,23.618,42.341
622,20.733,30,bicycle,0.844,517.9 404.6 746.6 584.7,1,1.200,0,0,24.907,40.150
623,20.767,30,bicycle,0.855,532.6 405.2 754.2 581.2,1,1.200,0,0,28.334,35.293
624,20.800,30,bicycle,0.881,542.7 406.2 758.4 579.6,1,1.200,0,0,24.083,41.523
625,20.833,30,bicycle,0.905,558.3 406.4 769.4 573.5,1,1.200,0,0,24.890,40.177
626,20.867,30,bicycle,0.833,568.3 398.7 773.2 569.4,1,1.200,0,0,24.561,40.715
627,20.900,30,bicycle,0.876,580.1 397.8 781.5 567.6,1,1.200,0,0,23.717,42.163
628,20.933,30,bicycle,0.892,592.5 401.2 787.9 561.9,1,1.200,0,0,24.122,41.456
629,20.967,30,bicycle,0.890,599.4 401.1 793.3 559.7,1,1.200,0,0,24.064,41.555
630,21.000,30,bicycle,0.902,613.6 397.0 800.9 557.1,1,1.200,0,0,24.642,40.581
631,21.033,30,bicycle,0.885,622.0 396.4 806.0 556.3,1,1.200,0,0,24.906,40.151
632,21.067,30,bicycle,0.881,633.8 394.4 812.8 553.6,1,1.200,0,0,24.406,40.973
633,21.100,30,bicycle,0.899,644.4 394.6 819.1 549.8,1,1.200,0,0,23.834,41.956
634,21.133,30,bicycle,0.895,653.3 398.4 824.4 547.9,1,1.200,0,0,23.922,41.803
635,21.167,30,bicycle,0.818,662.5 393.0 830.0 544.8,1,1.200,0,0,24.734,40.430
636,21.200,30,bicycle,0.842,671.9 389.3 834.4 542.3,1,1.200,0,0,24.355,41.059
637,21.233,30,bicycle,0.866,680.3 391.2 839.7 537.9,1,1.200,0,0,23.963,41.731
638,21.267,30,bicycle,0.849,689.1 389.7 845.1 534.2,1,1.200,0,0,24.525,40.774
639,21.300,30,bicycle,0.796,696.2 394.2 849.2 532.2,1,1.200,0,0,23.986,41.691
640,21.333,30,bicycle,0.797,705.7 388.2 853.6 529.9,1,1.200,0,0,24.739,40.422
641,21.367,30,bicycle,0.813,712.9 392.7 858.4 528.2,1,1.200,0,0,24.693,40.498
642,21.400,30,bicycle,0.840,720.2 392.0 861.8 526.7,1,1.200,0,0,24.111,41.475
643,21.433,30,bicycle,0.844,728.3 388.6 866.0 526.7,1,1.200,0,0,23.215,43.075
644,21.467,30,bicycle,0.898,735.3 394.6 871.6 522.1,1,1.200,0,0,24.455,40.892
645,21.500,30,bicycle,0.888,742.8 393.8 877.4 520.6,1,1.200,0,0,23.960,41.737
646,21.533,30,bicycle,0.873,749.8 392.8 881.2 519.1,1,1.200,0,0,24.219,41.290
647,21.567,30,bicycle,0.873,756.2 396.9 885.0 517.3,1,1.200,0,0,23.677,42.235
648,21.600,30,bicycle,0.867,760.5 396.5 889.0 517.2,1,1.200,0,0,23.353,42.821
649,21.633,30,bicycle,0.820,768.9 388.9 895.6 515.0,1,1.200,0,0,24.581,40.681
650,21.667,30,bicycle,0.842,774.5 390.9 900.0 510.1,1,1.200,0,0,35.055,28.526
651,21.700,30,bicycle,0.850,780.3 395.8 901.9 508.6,1,1.195,0,0,25.653,38.982
652,21.733,30,bicycle,0.807,784.2 385.3 906.1 506.9,1,1.200,0,0,25.077,39.877
653,21.767,30,bicycle,0.833,792.2 387.6 911.2 503.8,1,1.200,0,0,24.019,41.634
654,21.800,30,bicycle,0.809,796.6 378.3 915.5 502.6,1,1.200,0,0,25.024,39.962
655,21.833,30,bicycle,0.799,801.1 371.9 918.6 499.9,1,1.200,0,0,25.419,39.341
656,21.867,30,bicycle,0.806,806.4 370.0 922.9 496.6,1,1.200,0,0,25.121,39.807
657,21.900,30,bicycle,0.839,813.5 372.6 927.2 494.0,1,1.200,0,0,24.948,40.083
658,21.933,30,bicycle,0.818,818.8 371.6 930.7 494.6,1,1.200,0,0,23.874,41.887
659,21.967,30,bicycle,0.764,822.0 372.7 933.7 494.2,1,1.200,0,0,24.172,41.369
660,22.000,30,bicycle,0.699,829.5 369.4 941.3 492.8,1,1.200,0,0,24.688,40.506
661,22.033,30,bicycle,0.765,832.7 364.6 946.7 491.4,1,1.200,0,0,25.853,38.680
662,22.067,30,bicycle,0.761,838.2 368.2 950.3 488.9,1,1.200,0,0,23.652,42.280
663,22.100,30,bicycle,0.731,843.2 365.6 952.6 488.3,1,1.200,0,0,24.692,40.499
664,22.133,30,bicycle,0.743,846.6 366.5 957.0 485.2,1,1.200,0,0,25.043,39.931
665,22.167,30,bicycle,0.744,852.6 367.9 961.0 485.2,1,1.200,0,0,24.197,41.327
666,22.200,30,bicycle,0.705,855.8 370.0 963.8 484.2,1,1.200,0,0,24.212,41.302
667,22.233,30,bicycle,0.752,862.5 383.8 964.7 484.3,1,1.200,0,0,24.709,40.472
668,22.267,30,bicycle,0.799,867.5 382.5 968.5 482.1,1,1.200,0,0,25.768,38.809
669,22.300,30,bicycle,0.768,871.0 367.2 979.8 479.1,1,1.200,0,0,24.058,41.567
670,22.333,30,bicycle,0.876,876.3 363.3 982.2 477.4,1,1.200,0,0,24.818,40.293
671,22.367,30,bicycle,0.847,881.5 364.5 986.2 476.4,1,1.200,0,0,23.913,41.819
672,22.400,30,bicycle,0.830,885.0 364.8 988.7 476.0,1,1.200,0,0,25.363,39.427
673,22.433,30,bicycle,0.741,887.4 367.7 989.6 476.8,1,1.200,0,0,25.595,39.069
674,22.467,30,bicycle,0.748,892.8 363.5 994.5 474.2,1,1.200,0,0,24.166,41.381
675,22.500,30,bicycle,0.738,895.9 367.6 996.3 473.7,1,1.200,0,0,25.599,39.064
676,22.533,30,bicycle,0.780,902.9 370.6 996.7 473.7,1,1.200,0,0,25.258,39.592
677,22.567,30,bicycle,0.759,904.3 366.2 1004.6 470.5,1,1.200,0,0,24.356,41.058
678,22.600,30,bicycle,0.902,908.9 362.2 1009.9 467.2,1,1.200,0,0,23.802,42.013
679,22.633,30,bicycle,0.917,914.4 361.2 1014.1 465.8,1,1.200,0,0,23.806,42.007
680,22.667,30,bicycle,0.907,919.1 360.2 1017.6 466.5,1,1.200,0,0,23.398,42.740
681,22.700,30,bicycle,0.888,921.3 358.6 1018.5 465.8,1,1.200,0,0,24.971,40.047
682,22.733,30,bicycle,0.810,925.4 358.2 1021.6 465.4,1,1.200,0,0,25.196,39.689
683,22.767,30,bicycle,0.758,929.6 367.6 1023.0 467.9,1,1.200,0,0,24.713,40.464
684,22.800,30,bicycle,0.747,934.9 369.3 1024.9 465.0,1,1.200,0,0,25.699,38.912
685,22.833,30,bicycle,0.853,936.5 366.7 1027.7 465.9,1,1.200,0,0,24.328,41.105
686,22.867,30,bicycle,0.749,939.1 357.2 1037.6 459.5,1,1.200,0,0,25.502,39.212
687,22.900,30,bicycle,0.851,943.1 358.9 1039.6 458.5,1,1.200,0,0,26.503,37.732
688,22.933,30,bicycle,0.896,947.4 357.9 1043.5 458.4,1,1.200,0,0,24.900,40.160
689,22.967,30,bicycle,0.922,950.5 359.6 1047.3 457.9,1,1.200,0,0,25.100,39.840
690,23.000,30,bicycle,0.900,952.3 358.0 1050.2 457.9,1,1.200,0,0,25.063,39.900
691,23.033,30,bicycle,0.864,956.7 354.2 1052.8 457.7,1,1.200,0,0,25.658,38.974
692,23.067,30,bicycle,0.855,960.4 357.0 1054.8 457.3,1,1.200,0,0,25.060,39.904
693,23.100,30,bicycle,0.847,963.3 358.1 1057.8 457.5,1,1.200,0,0,24.745,40.412
694,23.133,30,bicycle,0.814,966.9 358.9 1061.0 457.1,1,1.200,0,0,24.114,41.469
695,23.167,30,bicycle,0.848,969.5 364.7 1063.1 457.3,1,1.200,0,0,24.780,40.356
696,23.200,30,bicycle,0.842,976.0 366.4 1062.3 452.2,1,1.200,0,0,24.661,40.550
697,23.233,30,bicycle,0.816,974.5 360.1 1070.2 452.5,1,1.200,0,0,24.349,41.069
698,23.267,30,bicycle,0.847,980.2 361.3 1072.9 453.4,1,1.200,0,0,24.700,40.486
699,23.300,30,bicycle,0.862,983.4 361.7 1073.9 452.1,1,1.200,0,0,24.499,40.818
700,23.333,30,bicycle,0.801,986.6 360.0 1076.4 451.4,1,1.200,0,0,24.040,41.598
701,23.367,30,bicycle,0.852,993.1 355.1 1078.7 449.9,1,1.200,0,0,33.132,30.183
702,23.400,30,bicycle,0.895,994.3 363.4 1073.3 449.3,1,1.200,0,0,25.528,39.173
703,23.433,30,bicycle,0.894,996.6 360.2 1075.6 449.7,1,1.200,0,0,24.079,41.529
704,23.467,30,bicycle,0.926,1000.2 368.0 1075.6 449.0,1,1.196,0,0,25.436,39.314
705,23.500,30,bicycle,0.887,1002.9 368.8 1077.5 447.4,1,1.189,0,0,24.904,40.155
706,23.533,30,bicycle,0.831,1007.6 372.7 1077.4 446.5,1,1.174,0,0,24.461,40.881
707,23.567,30,bicycle,0.779,1009.4 368.7 1082.8 446.6,1,1.184,0,0,23.914,41.816
708,23.600,30,bicycle,0.692,1012.9 368.7 1087.9 445.4,1,1.194,0,0,24.283,41.182
709,23.633,30,bicycle,0.781,1015.9 374.5 1087.7 445.4,1,1.183,0,0,24.376,41.023
710,23.667,30,bicycle,0.719,1018.2 372.1 1091.2 445.5,1,1.194,0,0,24.554,40.727
711,23.700,30,bicycle,0.728,1021.8 366.2 1095.1 443.7,1,1.193,0,0,25.695,38.919
712,23.733,30,bicycle,0.764,1024.3 366.1 1100.1 443.5,1,1.200,0,0,23.679,42.232
713,23.767,30,bicycle,0.749,1027.3 352.7 1108.5 443.6,1,1.200,0,0,25.331,39.478
714,23.800,30,bicycle,0.823,1029.3 353.3 1109.4 443.2,1,1.200,0,0,26.078,38.346
715,23.833,30,bicycle,0.829,1032.3 355.2 1108.9 442.3,1,1.200,0,0,24.957,40.070
716,23.867,30,bicycle,0.797,1032.7 356.5 1111.1 440.9,1,1.200,0,0,25.362,39.430
717,23.900,30,bicycle,0.732,1036.9 354.9 1119.1 440.1,1,1.200,0,0,25.004,39.993
718,23.933,30,bicycle,0.696,1040.3 363.9 1118.7 438.8,1,1.200,0,0,24.999,40.002
719,23.967,30,bicycle,0.713,1041.1 355.5 1126.6 438.4,1,1.200,0,0,25.538,39.157
720,24.000,30,bicycle,0.716,1044.4 372.5 1126.1 438.9,1,1.184,0,0,24.156,41.397
721,24.033,30,bicycle,0.806,1047.8 362.5 1127.7 435.3,1,1.200,0,0,24.908,40.147
722,24.067,30,bicycle,0.735,1049.0 360.9 1131.0 436.2,1,1.200,0,0,24.254,41.231
723,24.100,30,bicycle,0.723,1051.6 367.6 1132.5 438.1,1,1.200,0,0,24.147,41.412
724,24.133,30,bicycle,0.665,1054.9 352.5 1141.1 435.5,1,1.200,0,0,24.250,41.238
725,24.167,30,bicycle,0.785,1058.0 352.7 1142.1 433.2,1,1.200,0,0,23.465,42.617
726,24.200,30,bicycle,0.829,1060.8 354.3 1142.2 434.7,1,1.200,0,0,24.577,40.689
727,24.233,30,bicycle,0.900,1063.6 355.9 1142.6 434.9,1,1.200,0,0,24.731,40.435
728,24.267,30,bicycle,0.799,1064.9 354.6 1144.4 435.0,1,1.200,0,0,24.462,40.880
729,24.300,30,bicycle,0.710,1066.7 348.7 1150.2 433.9,1,1.200,0,0,23.620,42.337
730,24.333,30,bicycle,0.713,1072.0 352.8 1155.5 433.6,1,1.200,0,0,24.733,40.431
731,24.367,30,bicycle,0.699,1073.6 352.4 1158.1 433.5,1,1.200,0,0,25.844,38.693
732,24.400,30,bicycle,0.713,1076.3 354.7 1158.6 432.3,1,1.200,0,0,24.338,41.088
733,24.433,30,bicycle,0.755,1079.6 357.0 1160.2 433.4,1,1.200,0,0,24.721,40.451
734,24.467,30,bicycle,0.750,1081.2 360.1 1162.7 434.1,1,1.200,0,0,24.897,40.166
735,24.500,30,bicycle,0.651,1084.3 356.8 1166.3 432.9,1,1.200,0,0,24.704,40.480
736,24.533,30,bicycle,0.673,1088.7 355.8 1169.7 431.9,1,1.200,0,0,23.324,42.874
737,24.567,30,bicycle,0.815,1089.7 361.0 1171.4 432.1,1,1.200,0,0,25.754,38.829
738,24.600,30,bicycle,0.876,1092.0 359.3 1173.1 431.8,1,1.200,0,0,23.852,41.925
739,24.633,30,bicycle,0.881,1095.5 362.9 1170.1 431.8,1,1.200,0,0,24.999,40.002
740,24.667,30,bicycle,0.853,1096.6 362.2 1176.2 432.8,1,1.200,0,0,23.392,42.750
741,24.700,30,bicycle,0.786,1100.7 363.4 1176.9 432.0,1,1.200,0,0,24.045,41.588
742,24.733,30,bicycle,0.689,1104.4 366.1 1177.0 431.1,1,1.200,0,0,25.110,39.824
743,24.767,30,bicycle,0.634,1106.1 365.9 1181.9 429.8,1,1.200,0,0,24.527,40.771
744,24.800,30,bicycle,0.745,1107.7 366.3 1184.2 429.5,1,1.200,0,0,24.628,40.604
745,24.833,30,bicycle,0.827,1111.4 363.7 1181.1 430.7,1,1.200,0,0,23.955,41.746
746,24.867,30,bicycle,0.601,1114.1 365.6 1178.7 428.3,1,1.191,0,0,24.718,40.457
747,24.900,30,bicycle,0.445,1117.8 363.9 1182.4 428.3,1,1.200,0,0,24.225,41.280
748,24.933,30,bicycle,0.544,1120.2 366.2 1181.9 429.7,1,1.194,0,0,23.615,42.346
749,24.967,30,bicycle,0.372,1122.2 373.7 1179.7 430.8,0,,0,0,23.563,42.440
750,25.000,30,bicycle,0.442,1125.0 375.0 1177.8 429.6,1,1.122,0,0,24.462,40.880
751,25.033,30,bicycle,0.459,1128.0 362.7 1181.2 429.6,1,1.181,0,0,25.338,39.466
752,25.067,30,bicycle,0.346,1129.6 379.3 1176.5 428.7,0,,0,0,24.355,41.060
753,25.100,30,bicycle,0.421,1132.4 380.4 1176.0 429.2,0,,0,0,23.785,42.043
754,25.133,30,bicycle,0.357,1136.1 380.9 1178.2 428.8,0,,0,0,24.350,41.068
755,25.167,30,bicycle,0.268,1136.9 380.9 1180.5 428.9,0,,0,0,23.877,41.881
761,25.367,32,motorcycle,0.450,1150.0 314.5 1241.7 427.5,0,,0,0,24.078,41.532
762,25.400,32,motorcycle,0.489,1149.7 313.6 1243.6 427.1,0,,0,0,24.600,40.650
762,25.400,30,bicycle,0.295,1152.5 361.4 1237.9 427.5,0,,0,0,24.600,40.650
763,25.433,32,motorcycle,0.539,1150.1 312.2 1245.0 426.2,0,,0,0,24.586,40.673
763,25.433,30,bicycle,0.369,1153.0 346.4 1241.3 426.9,0,,0,0,24.586,40.673
764,25.467,32,motorcycle,0.560,1151.9 312.8 1246.7 425.6,0,,0,0,23.617,42.343
764,25.467,30,bicycle,0.455,1154.9 341.8 1243.8 425.9,0,,0,0,23.617,42.343
765,25.500,32,motorcycle,0.508,1153.9 313.0 1248.8 425.9,0,,0,0,24.337,41.090
765,25.500,30,bicycle,0.420,1158.9 348.6 1245.9 425.7,0,,0,0,24.337,41.090
766,25.533,30,bicycle,0.439,1160.1 343.2 1248.4 424.9,0,,0,0,24.020,41.633
766,25.533,32,motorcycle,0.372,1156.1 307.1 1252.0 424.6,0,,0,0,24.020,41.633
767,25.567,30,bicycle,0.456,1161.9 345.8 1251.4 424.2,0,,0,0,24.266,41.210
767,25.567,32,motorcycle,0.255,1159.8 309.5 1254.2 423.0,0,,0,0,24.266,41.210
768,25.600,32,bicycle,0.327,1206.1 363.3 1251.6 422.9,0,,0,0,23.605,42.364
768,25.600,30,bicycle,0.309,1166.4 352.3 1252.2 425.0,0,,0,0,23.605,42.364
769,25.633,32,bicycle,0.397,1206.8 366.9 1251.4 423.3,0,,0,0,24.372,41.032
770,25.667,32,bicycle,0.443,1207.1 368.9 1251.5 422.5,0,,0,0,23.988,41.688
771,25.700,32,bicycle,0.295,1204.6 371.3 1253.2 422.4,0,,0,0,23.618,42.341
784,26.133,33,bicycle,0.377,1202.7 363.0 1267.3 421.4,0,,0,0,23.201,43.102
785,26.167,33,bicycle,0.520,1205.6 368.5 1268.4 421.1,1,1.193,0,0,24.025,41.624
786,26.200,33,bicycle,0.389,1208.4 367.8 1274.0 421.4,1,1.198,0,0,25.284,39.551
787,26.233,33,bicycle,0.371,1210.3 363.6 1275.6 420.5,0,,0,0,23.658,42.268
788,26.267,33,bicycle,0.559,1211.2 365.0 1277.4 420.1,0,,0,0,23.722,42.155
789,26.300,33,bicycle,0.428,1213.2 368.2 1275.0 420.3,0,,0,0,23.855,41.920
790,26.333,33,bicycle,0.313,1216.4 371.1 1274.0 421.7,0,,0,0,23.737,42.129
793,26.433,33,bicycle,0.325,1221.7 369.4 1277.3 418.2,0,,0,0,24.883,40.188
794,26.467,33,bicycle,0.492,1222.9 366.4 1278.3 419.7,1,1.200,0,0,25.160,39.745
795,26.500,33,bicycle,0.358,1223.7 366.3 1278.5 420.8,1,1.200,0,0,24.896,40.167
796,26.533,33,bicycle,0.277,1226.4 367.1 1279.0 419.5,0,,0,0,24.664,40.545
797,26.567,33,bicycle,0.333,1227.4 366.1 1279.3 419.5,0,,0,0,24.266,41.211
798,26.600,33,bicycle,0.559,1229.4 365.6 1279.4 420.0,0,,0,0,25.351,39.446
799,26.633,33,bicycle,0.542,1231.5 365.8 1279.4 420.2,0,,0,0,24.778,40.359
800,26.667,33,bicycle,0.316,1232.6 366.8 1279.3 419.8,0,,0,0,23.576,42.416
802,26.733,33,bicycle,0.285,1236.6 372.5 1279.2 419.2,0,,0,0,23.011,43.457
803,26.767,33,bicycle,0.273,1238.8 373.0 1279.3 419.1,1,1.153,0,0,24.784,40.348
805,26.833,33,bicycle,0.308,1242.4 375.0 1275.6 418.3,0,,0,0,32.031,31.220
806,26.867,33,bicycle,0.268,1243.5 373.1 1279.2 418.0,0,,0,0,25.852,38.682
853,28.433,34,motorcycle,0.528,1082.6 324.4 1152.2 389.4,0,,0,0,25.514,39.194
854,28.467,34,motorcycle,0.316,1077.4 326.5 1147.6 389.8,0,,0,0,23.192,43.118
855,28.500,34,motorcycle,0.746,1070.3 323.1 1140.6 389.8,0,,0,0,25.276,39.564
857,28.567,34,motorcycle,0.332,1055.0 326.0 1130.6 392.3,0,,0,0,24.898,40.164
858,28.600,34,motorcycle,0.687,1047.1 324.7 1124.4 391.4,1,1.200,0,0,24.723,40.448
859,28.633,34,motorcycle,0.668,1040.3 322.0 1122.5 390.8,0,,0,0,24.223,41.282
860,28.667,34,motorcycle,0.570,1032.4 323.0 1111.9 390.7,0,,0,0,24.401,40.982
861,28.700,34,motorcycle,0.642,1025.0 324.1 1105.3 391.9,0,,0,0,25.347,39.452
862,28.733,34,motorcycle,0.594,1018.0 334.7 1096.7 393.0,1,1.200,0,0,25.209,39.668
863,28.767,34,motorcycle,0.661,1009.1 328.3 1092.5 392.5,1,1.197,0,0,24.532,40.763
864,28.800,34,motorcycle,0.609,999.8 326.3 1091.5 394.1,1,1.200,0,0,32.415,30.850
865,28.833,34,motorcycle,0.619,993.3 325.9 1075.3 392.7,1,1.184,0,0,24.207,41.310
866,28.867,34,motorcycle,0.568,983.3 327.1 1076.1 395.0,2,1.200 1.086,1,0,23.244,43.021
867,28.900,34,motorcycle,0.468,977.8 334.2 1059.8 393.6,1,1.200,0,0,23.978,41.706
868,28.933,34,motorcycle,0.594,967.3 327.7 1057.4 395.9,1,1.200,0,0,23.300,42.918
869,28.967,34,motorcycle,0.669,959.3 323.6 1043.9 395.4,2,1.200 1.087,1,0,23.456,42.633
870,29.000,34,motorcycle,0.514,948.7 326.5 1044.9 398.5,1,1.200,0,0,23.921,41.804
870,29.000,35,motorcycle,0.261,0.0 475.2 154.2 696.7,0,,0,0,23.921,41.804
871,29.033,34,motorcycle,0.526,939.0 329.0 1025.4 396.8,1,1.200,0,0,24.597,40.655
871,29.033,35,motorcycle,0.376,0.0 409.3 163.6 683.7,0,,0,0,24.597,40.655
872,29.067,35,motorcycle,0.724,0.2 392.4 300.1 691.6,0,,0,0,24.246,41.244
872,29.067,34,motorcycle,0.500,930.2 321.2 1026.9 398.3,1,1.200,0,0,24.246,41.244
873,29.100,34,motorcycle,0.551,921.9 323.0 1010.7 397.0,1,1.200,0,0,23.873,41.889
873,29.100,35,motorcycle,0.527,0.5 285.0 360.0 686.3,0,,0,0,23.873,41.889
874,29.133,35,motorcycle,0.723,0.0 349.0 414.9 687.0,1,1.200,0,0,23.588,42.395
874,29.133,34,motorcycle,0.581,914.3 328.4 1015.1 397.0,1,1.200,0,0,23.588,42.395
875,29.167,35,motorcycle,0.814,0.0 358.5 467.5 682.2,1,1.200,0,0,21.336,46.868
875,29.167,34,motorcycle,0.619,904.6 325.5 1006.3 398.3,2,1.200 1.173,1,0,21.336,46.868
876,29.200,35,motorcycle,0.759,11.8 356.8 511.9 625.6,1,1.200,0,0,22.552,44.341
876,29.200,34,motorcycle,0.563,896.2 325.3 1001.0 398.6,1,1.200,0,0,22.552,44.341
877,29.233,35,motorcycle,0.816,114.0 365.3 551.8 619.9,1,1.200,0,0,24.376,41.024
877,29.233,34,motorcycle,0.559,885.0 324.9 991.0 399.1,1,1.200,0,0,24.376,41.024
878,29.267,35,motorcycle,0.745,199.1 369.4 588.1 608.9,1,1.200,0,0,23.923,41.800
878,29.267,34,motorcycle,0.590,876.2 325.8 983.2 399.5,2,1.200 1.200,1,0,23.923,41.800
879,29.300,35,motorcycle,0.826,280.8 353.7 621.7 606.4,1,1.200,0,0,23.028,43.425
879,29.300,34,motorcycle,0.549,867.4 326.8 969.7 400.3,1,1.200,0,0,23.028,43.425
880,29.333,35,motorcycle,0.778,339.7 347.1 655.2 597.3,1,1.200,0,0,23.151,43.194
880,29.333,34,motorcycle,0.556,857.1 325.1 961.4 399.9,1,1.200,0,0,23.151,43.194
881,29.367,35,motorcycle,0.776,392.7 347.6 684.3 584.3,1,1.200,0,0,23.930,41.788
881,29.367,34,motorcycle,0.543,847.9 324.9 952.1 400.1,1,1.200,0,0,23.930,41.788
882,29.400,35,motorcycle,0.828,438.8 337.3 711.9 570.0,1,1.200,0,0,21.761,45.954
882,29.400,34,motorcycle,0.573,835.3 324.0 943.8 402.6,2,1.200 1.158,1,0,21.761,45.954
883,29.433,35,motorcycle,0.768,485.0 337.8 736.6 554.8,1,1.200,0,0,25.039,39.938
883,29.433,34,motorcycle,0.629,824.8 321.0 944.2 403.9,1,1.121,0,0,25.039,39.938
884,29.467,35,motorcycle,0.662,527.4 346.5 762.1 548.7,1,1.200,0,0,24.251,41.236
884,29.467,34,motorcycle,0.565,815.8 323.2 921.1 403.8,2,1.200 1.182,1,0,24.251,41.236
885,29.500,35,motorcycle,0.705,562.8 351.1 786.4 538.2,1,1.200,0,0,24.199,41.323
885,29.500,34,motorcycle,0.417,804.2 319.6 906.5 404.7,2,1.190 1.165,1,1,24.199,41.323
886,29.533,35,motorcycle,0.733,598.7 363.8 801.9 529.2,1,1.200,0,0,25.150,39.761
886,29.533,34,motorcycle,0.613,793.7 321.9 889.6 404.4,1,1.200,0,0,25.150,39.761
887,29.567,35,motorcycle,0.669,627.9 367.2 821.8 521.1,1,1.200,0,0,24.536,40.756
887,29.567,34,motorcycle,0.375,793.0 328.6 880.5 401.1,2,1.200 1.200,1,1,24.536,40.756
888,29.600,35,motorcycle,0.631,656.1 354.5 847.7 515.0,2,1.200 1.100,1,0,23.631,42.317
889,29.633,35,motorcycle,0.615,686.2 357.8 865.0 507.2,1,1.200,0,0,25.159,39.747
890,29.667,35,motorcycle,0.776,711.1 365.4 875.2 499.9,1,1.200,0,0,23.784,42.045
891,29.700,35,motorcycle,0.748,732.0 343.4 891.5 495.7,1,1.200,0,0,23.750,42.105
892,29.733,35,motorcycle,0.611,728.0 335.0 903.8 488.2,2,1.200 1.095,1,0,23.607,42.360
893,29.767,35,motorcycle,0.680,780.8 352.7 919.5 483.2,1,1.200,0,0,24.208,41.309
893,29.767,36,motorcycle,0.446,707.9 319.5 816.0 412.4,1,1.200,0,0,24.208,41.309
894,29.800,36,motorcycle,0.684,693.7 320.4 825.1 414.8,1,1.200,0,0,23.869,41.895
894,29.800,35,motorcycle,0.638,809.2 363.2 932.8 479.1,1,1.200,0,0,23.869,41.895
895,29.833,36,motorcycle,0.663,680.3 322.4 806.1 417.0,2,1.200 1.197,1,0,30.902,32.360
895,29.833,35,motorcycle,0.643,819.2 354.8 948.5 473.5,1,1.200,0,0,30.902,32.360
896,29.867,35,motorcycle,0.770,833.9 354.0 959.4 466.8,1,1.200,0,0,24.968,40.052
896,29.867,36,motorcycle,0.722,665.1 322.2 796.6 420.9,1,1.200,0,0,24.968,40.052
897,29.900,36,motorcycle,0.696,650.7 320.9 776.5 420.0,2,1.200 1.158,1,0,25.750,38.835
897,29.900,35,motorcycle,0.600,853.9 348.4 972.5 463.6,1,1.200,0,0,25.750,38.835
898,29.933,36,motorcycle,0.768,634.2 328.8 764.7 421.6,1,1.200,0,0,24.511,40.797
898,29.933,35,motorcycle,0.712,866.1 347.6 980.8 460.9,1,1.200,0,0,24.511,40.797
899,29.967,36,motorcycle,0.762,619.3 321.6 758.8 423.9,1,1.200,0,0,24.890,40.176
899,29.967,35,motorcycle,0.747,880.5 349.3 991.8 454.0,1,1.200,0,0,24.890,40.176
900,30.000,36,motorcycle,0.747,602.1 330.9 734.7 427.2,2,1.200 1.178,1,0,23.909,41.824
900,30.000,35,motorcycle,0.618,895.3 349.8 1001.0 454.8,1,1.200,0,0,23.909,41.824
901,30.033,36,motorcycle,0.752,584.3 329.9 736.0 429.1,1,1.200,0,0,24.129,41.444
901,30.033,35,motorcycle,0.693,907.5 346.6 1011.6 451.6,1,1.200,0,0,24.129,41.444
902,30.067,36,motorcycle,0.751,571.1 335.6 712.4 430.6,2,1.200 1.194,1,0,24.011,41.647
902,30.067,35,motorcycle,0.676,916.6 351.0 1017.5 446.6,1,1.200,0,0,24.011,41.647
903,30.100,36,motorcycle,0.731,553.4 326.9 706.4 434.6,1,1.200,0,0,23.871,41.893
903,30.100,35,motorcycle,0.602,930.6 350.4 1024.6 444.6,1,1.200,0,0,23.871,41.893
904,30.133,36,motorcycle,0.750,533.4 327.6 687.8 436.8,2,1.200 1.173,1,0,23.704,42.187
904,30.133,35,motorcycle,0.494,941.1 351.4 1035.5 441.4,1,1.200,0,0,23.704,42.187
905,30.167,36,motorcycle,0.778,513.9 328.5 674.3 439.4,2,1.200 1.200,1,1,24.457,40.888
905,30.167,35,motorcycle,0.551,951.9 348.2 1043.3 435.3,1,1.200,0,0,24.457,40.888
906,30.200,36,motorcycle,0.749,492.0 328.3 654.7 444.1,1,1.200,0,0,23.344,42.837
906,30.200,35,motorcycle,0.520,960.8 347.1 1048.6 434.7,1,1.200,0,0,23.344,42.837
907,30.233,36,motorcycle,0.814,467.0 328.1 646.5 447.0,1,1.200,0,0,25.551,39.138
907,30.233,35,motorcycle,0.599,971.8 346.7 1054.4 432.2,1,1.200,0,0,25.551,39.138
908,30.267,36,motorcycle,0.781,449.3 326.7 616.8 449.1,1,1.200,0,0,24.951,40.079
908,30.267,35,motorcycle,0.492,979.8 350.6 1063.6 430.3,1,1.200,0,0,24.951,40.079
909,30.300,36,motorcycle,0.712,421.4 327.6 606.3 454.9,1,1.200,0,0,25.745,38.842
909,30.300,35,motorcycle,0.493,988.5 346.7 1071.1 428.8,1,1.200,0,0,25.745,38.842
910,30.333,36,motorcycle,0.751,394.5 328.4 585.1 456.2,1,1.200,0,0,25.237,39.624
910,30.333,35,motorcycle,0.562,995.9 352.1 1074.2 427.3,1,1.200,0,0,25.237,39.624
911,30.367,36,motorcycle,0.740,369.1 321.1 571.8 459.1,1,1.200,0,0,24.605,40.642
911,30.367,35,motorcycle,0.479,1005.6 344.5 1079.0 421.7,1,1.200,0,0,24.605,40.642
912,30.400,36,motorcycle,0.761,338.5 318.5 554.2 463.0,1,1.197,0,0,25.022,39.964
912,30.400,35,motorcycle,0.485,1011.4 346.2 1094.2 421.5,1,1.200,0,0,25.022,39.964
913,30.433,36,motorcycle,0.796,311.8 322.4 530.8 468.3,1,1.200,0,0,25.260,39.588
913,30.433,35,motorcycle,0.618,1019.3 343.6 1100.0 418.6,1,1.200,0,0,25.260,39.588
914,30.467,36,motorcycle,0.793,277.4 320.2 509.9 471.9,1,1.183,0,0,24.589,40.669
914,30.467,35,motorcycle,0.599,1026.2 350.1 1106.3 418.7,1,1.189,0,0,24.589,40.669
915,30.500,36,motorcycle,0.697,243.3 317.2 485.7 474.6,1,1.186,0,0,24.204,41.316
915,30.500,35,motorcycle,0.523,1034.2 345.0 1109.5 415.3,1,1.200,0,0,24.204,41.316
916,30.533,36,motorcycle,0.831,203.7 309.9 459.0 483.4,1,1.170,0,0,23.568,42.431
916,30.533,35,motorcycle,0.375,1040.4 348.8 1118.4 415.0,1,1.200,0,0,23.568,42.431
917,30.567,35,motorcycle,0.426,1047.3 346.7 1126.8 414.8,1,1.185,0,0,25.383,39.397
917,30.567,36,motorcycle,0.272,163.1 312.5 435.1 490.1,1,1.191,0,0,25.383,39.397
918,30.600,35,motorcycle,0.607,1052.8 347.2 1132.8 412.1,1,1.200,0,0,25.218,39.654
918,30.600,36,motorcycle,0.504,120.9 327.3 407.1 496.5,1,1.200,0,0,25.218,39.654
919,30.633,36,motorcycle,0.694,75.6 309.3 377.9 504.9,1,1.200,0,0,24.503,40.811
919,30.633,35,motorcycle,0.450,1059.0 330.0 1138.8 410.9,1,1.200,0,0,24.503,40.811
920,30.667,35,motorcycle,0.433,1066.2 343.1 1142.5 409.8,1,1.200,0,0,24.434,40.927
921,30.700,36,motorcycle,0.478,0.2 325.9 318.1 519.7,1,1.200,0,0,23.768,42.073
921,30.700,35,motorcycle,0.360,1072.9 340.5 1150.7 407.5,1,1.200,0,0,23.768,42.073
922,30.733,35,motorcycle,0.413,1080.3 335.9 1157.7 405.7,1,1.200,0,0,30.946,32.314
923,30.767,35,motorcycle,0.454,1086.1 335.0 1163.9 404.1,1,1.200,0,0,23.897,41.846
924,30.800,35,motorcycle,0.397,1090.9 335.2 1169.1 404.3,1,1.200,0,0,24.579,40.684
926,30.867,35,motorcycle,0.285,1106.2 339.2 1181.1 401.2,1,1.200,0,0,24.013,41.644
1007,33.567,37,motorcycle,0.377,1024.3 318.8 1105.5 360.5,1,1.200,0,0,24.697,40.490
1008,33.600,37,motorcycle,0.399,1023.7 318.6 1104.5 360.5,1,1.200,0,0,24.704,40.480
1009,33.633,37,motorcycle,0.439,1022.1 319.4 1101.1 360.8,1,1.200,0,0,24.216,41.294
1010,33.667,37,motorcycle,0.395,1021.6 320.8 1101.0 360.8,1,1.200,0,0,24.442,40.912
1011,33.700,37,motorcycle,0.308,1021.2 322.4 1100.1 360.6,0,,0,0,23.823,41.976
1012,33.733,37,motorcycle,0.437,1020.8 320.2 1100.1 360.6,1,1.193,0,0,24.379,41.019
1013,33.767,37,motorcycle,0.304,1020.9 321.6 1101.5 360.1,0,,0,0,31.824,31.423
1014,33.800,37,motorcycle,0.278,1020.1 309.6 1100.1 357.1,0,,0,0,23.994,41.677
1015,33.833,37,motorcycle,0.287,1020.1 310.9 1100.3 357.1,0,,0,0,23.973,41.714
1016,33.867,37,motorcycle,0.303,1020.1 313.3 1100.3 357.0,0,,0,0,25.065,39.896
1017,33.900,37,motorcycle,0.299,1020.2 313.2 1100.1 357.2,0,,0,0,24.682,40.515
1018,33.933,37,motorcycle,0.310,1020.2 312.7 1099.8 357.2,0,,0,0,24.276,41.193
1019,33.967,37,motorcycle,0.302,1021.7 321.3 1102.1 359.9,0,,0,0,23.929,41.790
1020,34.000,37,motorcycle,0.317,1021.7 322.4 1101.6 360.3,0,,0,0,23.981,41.699
1021,34.033,37,motorcycle,0.308,1020.3 316.9 1098.5 357.1,0,,0,0,24.684,40.512
1022,34.067,37,motorcycle,0.337,1020.4 318.2 1099.0 357.3,0,,0,0,24.825,40.281
1023,34.100,37,motorcycle,0.302,1020.3 318.2 1098.1 357.2,0,,0,0,24.054,41.573
1024,34.133,37,motorcycle,0.397,1020.4 315.2 1099.2 357.6,0,,0,0,23.434,42.672
1025,34.167,37,motorcycle,0.415,1020.4 313.6 1099.5 357.5,0,,0,0,23.712,42.172
1026,34.200,37,motorcycle,0.430,1020.4 314.2 1099.6 357.5,1,1.200,0,0,23.382,42.767
1027,34.233,37,motorcycle,0.422,1020.5 315.7 1100.2 357.4,1,1.200,0,0,31.148,32.104
1028,34.267,37,motorcycle,0.440,1021.1 320.5 1102.1 360.6,1,1.190,0,0,22.784,43.890
1029,34.300,37,motorcycle,0.424,1020.8 319.8 1102.5 360.6,1,1.187,0,0,23.913,41.819
1030,34.333,37,motorcycle,0.398,1020.6 320.5 1102.4 360.7,1,1.189,0,0,24.872,40.205
1031,34.367,37,motorcycle,0.393,1020.4 320.2 1102.0 360.6,1,1.198,0,0,22.410,44.623
1032,34.400,37,motorcycle,0.461,1020.4 318.6 1102.1 360.8,1,1.200,0,0,24.260,41.221
1033,34.433,37,motorcycle,0.454,1020.6 318.6 1101.3 361.0,1,1.200,0,0,21.837,45.794
1034,34.467,37,motorcycle,0.427,1020.4 316.9 1101.8 360.9,0,,0,0,24.450,40.901
1035,34.500,37,motorcycle,0.444,1020.7 317.5 1102.6 360.7,1,1.200,0,0,32.895,30.400
1036,34.533,37,motorcycle,0.372,1021.4 316.3 1101.4 360.4,0,,0,0,24.452,40.897
1037,34.567,37,motorcycle,0.401,1021.8 313.6 1101.4 360.4,0,,0,0,24.001,41.664
1038,34.600,37,motorcycle,0.270,1021.2 310.8 1099.8 358.5,1,1.200,0,0,25.171,39.729
1039,34.633,37,motorcycle,0.287,1022.0 311.1 1102.3 359.9,1,1.200,0,0,24.140,41.425
1040,34.667,37,motorcycle,0.350,1022.0 314.0 1104.4 359.8,1,1.200,0,0,25.470,39.262
1041,34.700,37,motorcycle,0.339,1022.6 309.7 1104.9 359.4,0,,0,0,24.722,40.449
1042,34.733,37,motorcycle,0.430,1021.7 303.3 1100.4 358.4,0,,0,0,23.117,43.259
1043,34.767,37,motorcycle,0.460,1021.6 301.9 1099.7 358.7,0,,0,0,24.335,41.093
1044,34.800,37,motorcycle,0.395,1021.5 304.5 1098.4 358.6,0,,0,0,25.842,38.697
1045,34.833,37,motorcycle,0.302,1021.8 305.5 1099.5 358.2,0,,0,0,23.918,41.810
1046,34.867,37,motorcycle,0.371,1022.7 309.0 1105.7 359.7,0,,0,0,25.105,39.833
1047,34.900,37,motorcycle,0.347,1022.9 307.9 1106.1 359.4,0,,0,0,26.144,38.250
1048,34.933,37,motorcycle,0.403,1021.6 301.8 1097.7 358.4,1,1.199,0,0,24.192,41.336
1049,34.967,37,motorcycle,0.368,1021.7 305.0 1099.2 358.3,1,1.200,0,0,25.114,39.819
1050,35.000,37,motorcycle,0.366,1021.7 303.3 1098.7 358.5,1,1.200,0,0,24.850,40.241
1051,35.033,37,motorcycle,0.399,1022.0 305.7 1101.1 358.5,0,,0,0,25.073,39.883
1052,35.067,37,motorcycle,0.355,1022.1 303.0 1097.5 358.5,1,1.200,0,0,24.931,40.110
1053,35.100,37,motorcycle,0.454,1022.0 300.4 1099.3 358.6,1,1.200,0,0,24.861,40.224
1054,35.133,37,motorcycle,0.472,1022.4 311.5 1104.2 359.8,1,1.200,0,0,23.772,42.067
1055,35.167,37,motorcycle,0.476,1022.0 302.8 1104.1 359.6,0,,0,0,25.034,39.946
1056,35.200,37,motorcycle,0.464,1021.4 301.7 1102.9 359.1,0,,0,0,24.040,41.597
1057,35.233,37,motorcycle,0.375,1022.2 300.9 1103.8 359.6,0,,0,0,24.557,40.722
1058,35.267,37,motorcycle,0.440,1021.2 303.3 1102.2 359.0,0,,0,0,32.611,30.664
1059,35.300,37,motorcycle,0.446,1021.8 304.8 1102.3 359.7,0,,0,0,25.895,38.618
1060,35.333,37,motorcycle,0.425,1021.6 302.5 1096.9 358.1,0,,0,0,24.196,41.329
1061,35.367,37,motorcycle,0.402,1022.5 302.8 1101.2 359.5,0,,0,0,26.352,37.948
1062,35.400,37,motorcycle,0.404,1022.2 302.9 1101.2 359.3,0,,0,0,24.465,40.874
1063,35.433,37,motorcycle,0.432,1021.9 303.4 1102.3 359.1,0,,0,0,24.110,41.476
1064,35.467,37,motorcycle,0.433,1021.8 307.9 1101.1 359.4,0,,0,0,24.185,41.348
1065,35.500,37,motorcycle,0.377,1021.9 306.3 1102.0 359.2,0,,0,0,24.914,40.137
1066,35.533,37,motorcycle,0.299,1021.7 310.9 1100.3 358.4,0,,0,0,23.848,41.932
1067,35.567,37,motorcycle,0.331,1021.9 310.1 1099.8 358.6,0,,0,0,25.234,39.629
1068,35.600,37,motorcycle,0.403,1022.3 308.7 1101.6 359.4,0,,0,0,24.015,41.640
1069,35.633,37,motorcycle,0.448,1022.2 308.9 1102.6 359.5,0,,0,0,24.522,40.780
1070,35.667,37,motorcycle,0.443,1022.1 307.3 1104.3 359.3,0,,0,0,24.690,40.502
1071,35.700,37,motorcycle,0.490,1022.0 308.6 1102.8 359.8,0,,0,0,23.441,42.660
1072,35.733,37,motorcycle,0.541,1021.7 307.4 1109.1 359.6,0,,0,0,31.743,31.503
1073,35.767,37,motorcycle,0.532,1022.0 308.3 1106.8 359.7,0,,0,0,24.274,41.196
1073,35.767,38,motorcycle,0.259,965.8 289.9 990.6 316.1,0,,0,0,24.274,41.196
1074,35.800,37,motorcycle,0.487,1021.5 308.4 1099.4 358.1,0,,0,0,24.980,40.032
1075,35.833,37,motorcycle,0.467,1022.4 306.4 1105.2 359.3,0,,0,0,25.580,39.092
1076,35.867,37,motorcycle,0.439,1022.3 306.9 1107.2 359.2,0,,0,0,25.131,39.791
1077,35.900,37,motorcycle,0.494,1022.4 308.2 1106.5 359.1,0,,0,0,24.193,41.335
1078,35.933,37,motorcycle,0.524,1021.6 307.2 1105.8 359.5,0,,0,0,24.495,40.825
1079,35.967,37,motorcycle,0.508,1021.5 314.7 1107.6 359.8,0,,0,0,24.309,41.137
1080,36.000,37,motorcycle,0.487,1021.2 309.8 1107.0 359.8,0,,0,0,23.921,41.804
1081,36.033,37,motorcycle,0.487,1021.1 308.7 1108.4 360.3,0,,0,0,24.045,41.589
1082,36.067,37,motorcycle,0.455,1021.6 308.0 1108.2 360.1,0,,0,0,24.389,41.002
1083,36.100,37,motorcycle,0.472,1021.0 311.0 1106.2 359.9,0,,0,0,24.502,40.813
1084,36.133,37,motorcycle,0.455,1021.7 305.9 1098.9 358.7,0,,0,0,25.261,39.587
1085,36.167,37,motorcycle,0.444,1020.6 308.5 1103.8 360.0,1,1.109,0,0,25.135,39.785
1086,36.200,37,motorcycle,0.447,1021.0 308.0 1103.1 360.0,1,1.115,0,0,24.782,40.352
1087,36.233,37,motorcycle,0.456,1022.5 309.2 1102.8 360.0,0,,0,0,24.363,41.045
1088,36.267,37,motorcycle,0.433,1022.8 311.2 1103.2 359.7,1,1.200,0,0,24.620,40.618
1089,36.300,37,motorcycle,0.423,1022.5 312.4 1105.1 359.8,1,1.200,0,0,24.190,41.339
1090,36.333,37,motorcycle,0.321,1022.0 316.4 1106.4 359.4,0,,0,0,25.776,38.795
1091,36.367,37,motorcycle,0.273,1022.8 315.9 1104.5 359.6,0,,0,0,24.770,40.372
1092,36.400,37,motorcycle,0.288,1022.8 317.9 1100.9 360.0,0,,0,0,24.999,40.001
1092,36.400,39,motorcycle,0.270,1127.9 318.6 1183.8 388.9,1,1.200,0,0,24.999,40.001
1093,36.433,39,motorcycle,0.402,1122.3 310.0 1182.0 389.3,0,,0,0,24.750,40.404
1093,36.433,37,motorcycle,0.344,1022.6 316.9 1100.8 360.4,0,,0,0,24.750,40.404
1094,36.467,39,motorcycle,0.457,1115.6 331.1 1173.0 389.9,1,1.200,0,0,25.178,39.717
1094,36.467,37,motorcycle,0.419,1022.1 313.0 1100.1 360.5,0,,0,0,25.178,39.717
1095,36.500,39,motorcycle,0.423,1107.4 332.2 1168.5 390.5,1,1.200,0,0,24.307,41.141
1095,36.500,37,motorcycle,0.412,1022.1 307.6 1100.0 360.6,0,,0,0,24.307,41.141
1096,36.533,39,motorcycle,0.508,1102.9 328.2 1163.3 389.5,1,1.200,0,0,25.986,38.483
1096,36.533,37,motorcycle,0.424,1021.0 308.5 1106.7 360.1,0,,0,0,25.986,38.483
1097,36.567,39,motorcycle,0.659,1094.3 328.8 1155.0 391.2,1,1.200,0,0,23.754,42.098
1097,36.567,37,motorcycle,0.398,1021.5 309.6 1102.8 360.1,0,,0,0,23.754,42.098
1098,36.600,39,motorcycle,0.464,1087.9 324.5 1150.0 393.1,1,1.200,0,0,24.956,40.071
1098,36.600,37,motorcycle,0.384,1021.3 305.1 1109.1 359.8,0,,0,0,24.956,40.071
1099,36.633,39,motorcycle,0.555,1082.0 332.3 1141.5 392.7,0,,0,0,24.341,41.083
1099,36.633,37,motorcycle,0.320,1021.5 308.2 1095.0 360.2,0,,0,0,24.341,41.083
1100,36.667,39,motorcycle,0.457,1072.0 330.3 1138.1 394.7,0,,0,0,23.689,42.214
1101,36.700,39,motorcycle,0.499,1066.2 326.6 1132.1 394.3,1,1.200,0,0,24.328,41.105
1102,36.733,39,motorcycle,0.553,1057.3 331.1 1123.5 395.2,1,1.200,0,0,24.919,40.130
1103,36.767,39,motorcycle,0.640,1051.7 332.2 1118.5 394.6,2,1.200 1.175,1,0,24.052,41.576
1104,36.800,39,motorcycle,0.628,1042.8 329.6 1112.5 395.3,1,1.186,0,0,24.565,40.708
1105,36.833,39,motorcycle,0.578,1035.7 327.1 1106.8 395.6,1,1.200,0,0,24.927,40.117
1106,36.867,39,motorcycle,0.485,1023.2 327.9 1103.5 397.3,1,1.200,0,0,24.472,40.864
1107,36.900,39,motorcycle,0.722,1020.0 328.0 1091.6 397.0,1,1.200,0,0,23.406,42.723
1108,36.933,39,motorcycle,0.417,1013.3 327.3 1084.6 398.8,1,1.200,0,0,24.286,41.177
1109,36.967,39,motorcycle,0.551,1003.3 319.8 1077.3 399.0,1,1.200,0,0,24.784,40.349
1110,37.000,39,motorcycle,0.558,994.1 331.8 1066.6 398.1,1,1.200,0,0,25.340,39.464
1111,37.033,39,motorcycle,0.516,986.8 342.1 1060.9 398.1,1,1.200,0,0,24.054,41.573
1112,37.067,39,motorcycle,0.491,975.7 339.4 1052.8 398.4,1,1.200,0,0,24.588,40.670
1112,37.067,40,motorcycle,0.269,1039.2 317.5 1105.6 361.5,0,,0,0,24.588,40.670
1113,37.100,39,motorcycle,0.606,968.8 338.4 1044.1 397.8,1,1.200,0,0,24.789,40.341
1114,37.133,39,motorcycle,0.650,959.6 336.3 1037.3 398.8,1,1.200,0,0,24.840,40.257
1114,37.133,40,motorcycle,0.284,1034.0 301.5 1107.2 360.8,0,,0,0,24.840,40.257
1115,37.167,39,motorcycle,0.575,949.1 336.9 1028.7 397.9,1,1.200,0,0,24.595,40.659
1115,37.167,40,motorcycle,0.326,1032.8 301.4 1107.7 360.6,0,,0,0,24.595,40.659
1116,37.200,39,motorcycle,0.498,937.9 328.5 1021.5 399.8,1,1.200,0,0,24.684,40.512
1117,37.233,39,motorcycle,0.609,930.4 332.5 1013.2 398.3,1,1.200,0,0,24.450,40.900
1118,37.267,39,motorcycle,0.649,924.0 337.7 1006.0 399.4,1,1.200,0,0,31.469,31.777
1118,37.267,40,motorcycle,0.256,1020.7 303.1 1106.9 360.5,0,,0,0,31.469,31.777
1119,37.300,39,motorcycle,0.596,915.7 338.1 1000.0 399.3,1,1.200,0,0,24.544,40.743
1119,37.300,40,motorcycle,0.264,1021.3 300.2 1106.2 360.5,0,,0,0,24.544,40.743
1120,37.333,39,motorcycle,0.553,904.6 339.7 995.2 399.9,1,1.200,0,0,25.102,39.838
1120,37.333,40,motorcycle,0.362,1020.6 299.6 1106.6 360.0,0,,0,0,25.102,39.838
1121,37.367,39,motorcycle,0.551,896.6 335.3 986.3 398.4,1,1.200,0,0,26.589,37.610
1121,37.367,40,motorcycle,0.375,1020.4 300.7 1105.7 360.1,0,,0,0,26.589,37.610
1122,37.400,39,motorcycle,0.619,888.6 338.5 976.2 399.5,1,1.200,0,0,24.603,40.646
1122,37.400,40,motorcycle,0.431,1019.6 301.1 1104.8 360.2,0,,0,0,24.603,40.646
1123,37.433,39,motorcycle,0.581,879.8 336.9 970.2 399.3,1,1.200,0,0,25.232,39.632
1123,37.433,40,motorcycle,0.404,1019.5 300.6 1104.3 360.5,0,,0,0,25.232,39.632
1124,37.467,39,motorcycle,0.503,871.3 346.0 960.7 399.3,1,1.200,0,0,24.832,40.270
1124,37.467,40,motorcycle,0.453,1019.5 301.5 1104.6 360.2,0,,0,0,24.832,40.270
1125,37.500,39,motorcycle,0.513,863.3 333.6 956.3 398.7,1,1.200,0,0,23.623,42.332
1125,37.500,40,motorcycle,0.464,1019.9 302.0 1106.1 360.8,0,,0,0,23.623,42.332
1126,37.533,39,motorcycle,0.501,853.1 333.2 944.9 400.4,1,1.200,0,0,23.779,42.054
1126,37.533,40,motorcycle,0.429,1020.3 301.1 1105.9 360.7,0,,0,0,23.779,42.054
1127,37.567,39,motorcycle,0.594,845.3 333.4 941.8 400.0,1,1.200,0,0,25.811,38.744
1127,37.567,40,motorcycle,0.427,1020.3 302.6 1105.4 360.8,0,,0,0,25.811,38.744
1128,37.600,39,motorcycle,0.517,836.6 327.1 937.6 398.5,1,1.200,0,0,23.945,41.762
1128,37.600,40,motorcycle,0.421,1019.4 303.3 1104.1 360.3,0,,0,0,23.945,41.762
1129,37.633,39,motorcycle,0.456,828.2 329.4 935.0 401.1,1,1.200,0,0,25.110,39.824
1129,37.633,40,motorcycle,0.396,1020.4 303.4 1105.0 361.1,0,,0,0,25.110,39.824
1130,37.667,39,motorcycle,0.423,818.0 324.5 932.1 399.8,1,1.200,0,0,24.685,40.510
1130,37.667,40,motorcycle,0.396,1020.2 303.2 1105.0 360.8,0,,0,0,24.685,40.510
1131,37.700,39,motorcycle,0.647,810.2 321.9 913.0 400.1,1,1.200,0,0,24.040,41.597
1131,37.700,40,motorcycle,0.380,1019.4 303.6 1104.1 360.0,0,,0,0,24.040,41.597
1132,37.733,39,motorcycle,0.523,800.6 326.0 905.9 398.5,1,1.200,0,0,31.719,31.527
1132,37.733,40,motorcycle,0.347,1019.2 303.8 1104.0 360.2,0,,0,0,31.719,31.527
1133,37.767,39,motorcycle,0.503,793.8 326.2 896.8 399.0,1,1.200,0,0,25.309,39.512
1133,37.767,40,motorcycle,0.373,1019.3 303.7 1104.4 360.1,1,1.200,0,0,25.309,39.512
1134,37.800,39,motorcycle,0.585,784.8 329.2 887.7 399.2,1,1.200,0,0,25.119,39.810
1134,37.800,40,motorcycle,0.396,1019.7 303.3 1105.9 360.1,1,1.200,0,0,25.119,39.810
1135,37.833,39,motorcycle,0.622,777.7 333.7 880.5 400.2,1,1.200,0,0,23.425,42.689
1135,37.833,40,motorcycle,0.380,1019.9 303.8 1106.1 359.9,1,1.200,0,0,23.425,42.689
1136,37.867,39,motorcycle,0.592,766.6 330.4 876.2 398.2,1,1.200,0,0,24.197,41.327
1136,37.867,40,motorcycle,0.399,1019.9 302.2 1105.2 360.0,1,1.200,0,0,24.197,41.327
1137,37.900,39,motorcycle,0.594,759.1 322.2 867.3 400.1,2,1.200 1.200,1,0,25.045,39.929
1137,37.900,40,motorcycle,0.391,1019.9 301.6 1106.2 360.1,1,1.200,0,0,25.045,39.929
1138,37.933,39,motorcycle,0.666,752.3 326.3 856.6 400.6,1,1.200,0,0,24.169,41.375
1138,37.933,40,motorcycle,0.414,1019.9 302.1 1106.7 360.2,1,1.200,0,0,24.169,41.375
1139,37.967,39,motorcycle,0.713,742.9 328.1 852.6 399.1,1,1.200,0,0,24.425,40.941
1139,37.967,40,motorcycle,0.430,1020.4 302.5 1106.9 360.3,1,1.200,0,0,24.425,40.941
1140,38.000,39,motorcycle,0.639,735.4 326.8 846.3 397.3,1,1.200,0,0,23.910,41.824
1140,38.000,40,motorcycle,0.429,1020.4 302.5 1106.3 360.3,1,1.200,0,0,23.910,41.824
1141,38.033,39,motorcycle,0.580,728.2 325.4 837.7 397.9,1,1.200,0,0,24.165,41.382
1141,38.033,40,motorcycle,0.432,1020.3 302.9 1106.6 360.3,1,1.200,0,0,24.165,41.382
1142,38.067,39,motorcycle,0.546,720.8 326.0 829.9 399.4,1,1.200,0,0,24.617,40.623
1142,38.067,40,motorcycle,0.421,1020.2 302.9 1106.3 360.4,1,1.200,0,0,24.617,40.623
1143,38.100,39,motorcycle,0.653,712.6 329.3 820.7 400.0,1,1.200,0,0,24.299,41.153
1143,38.100,40,motorcycle,0.442,1019.7 303.0 1106.9 360.4,1,1.200,0,0,24.299,41.153
1144,38.133,39,motorcycle,0.660,704.0 329.0 819.1 398.2,1,1.200,0,0,23.494,42.564
1144,38.133,40,motorcycle,0.430,1019.6 305.1 1105.8 360.6,1,1.200,0,0,23.494,42.564
1145,38.167,39,motorcycle,0.563,696.6 328.3 808.4 397.9,1,1.200,0,0,24.492,40.830
1145,38.167,40,motorcycle,0.430,1019.6 305.8 1105.1 360.6,1,1.200,0,0,24.492,40.830
1146,38.200,39,motorcycle,0.618,688.4 325.8 803.0 399.2,1,1.200,0,0,23.877,41.882
1146,38.200,40,motorcycle,0.442,1019.5 305.7 1104.9 360.5,1,1.200,0,0,23.877,41.882
1147,38.233,39,motorcycle,0.648,680.5 326.0 794.2 398.2,1,1.200,0,0,23.316,42.890
1147,38.233,40,motorcycle,0.454,1019.4 304.9 1105.2 360.4,1,1.200,0,0,23.316,42.890
1148,38.267,39,motorcycle,0.677,672.3 322.8 787.2 397.9,1,1.200,0,0,23.688,42.216
1148,38.267,40,motorcycle,0.440,1019.4 305.4 1105.4 360.4,1,1.200,0,0,23.688,42.216
1149,38.300,39,motorcycle,0.653,670.2 323.1 779.4 394.7,1,1.200,0,0,24.576,40.690
1149,38.300,40,motorcycle,0.420,1019.6 305.2 1104.6 360.4,1,1.200,0,0,24.576,40.690
1150,38.333,39,motorcycle,0.635,664.4 322.4 773.0 396.0,1,1.200,0,0,25.342,39.461
1150,38.333,40,motorcycle,0.422,1019.5 304.9 1105.2 360.4,1,1.200,0,0,25.342,39.461
1151,38.367,39,motorcycle,0.667,657.9 323.5 767.3 395.7,1,1.200,0,0,23.618,42.341
1151,38.367,40,motorcycle,0.424,1019.6 304.6 1103.9 360.3,1,1.200,0,0,23.618,42.341
1151,38.367,41,motorcycle,0.254,845.6 286.7 891.4 324.6,0,,0,0,23.618,42.341
1152,38.400,39,motorcycle,0.695,651.3 322.9 759.0 394.6,1,1.200,0,0,24.386,41.007
1152,38.400,40,motorcycle,0.386,1019.5 301.7 1101.7 360.2,1,1.200,0,0,24.386,41.007
1153,38.433,39,motorcycle,0.692,646.5 322.6 755.6 394.8,1,1.200,0,0,23.784,42.045
1153,38.433,40,motorcycle,0.357,1019.4 300.5 1099.4 360.3,1,1.200,0,0,23.784,42.045
1154,38.467,39,motorcycle,0.681,640.5 326.7 747.3 392.5,1,1.200,0,0,24.444,40.910
1154,38.467,40,motorcycle,0.295,1019.5 300.5 1097.3 360.5,1,1.200,0,0,24.444,40.910
1155,38.500,39,motorcycle,0.596,634.4 322.7 743.6 393.0,1,1.200,0,0,24.710,40.470
1155,38.500,40,motorcycle,0.326,1019.2 300.9 1097.7 360.7,1,1.200,0,0,24.710,40.470
1156,38.533,39,motorcycle,0.647,629.1 321.0 738.1 394.0,1,1.200,0,0,24.952,40.078
1156,38.533,40,motorcycle,0.280,1019.3 300.2 1096.0 360.8,1,1.200,0,0,24.952,40.078
1157,38.567,39,motorcycle,0.651,624.1 322.3 732.9 394.1,1,1.200,0,0,25.498,39.218
1157,38.567,40,motorcycle,0.312,1019.3 301.3 1097.0 360.9,1,1.200,0,0,25.498,39.218
1158,38.600,39,motorcycle,0.717,619.6 324.2 727.6 393.7,1,1.200,0,0,24.325,41.109
1158,38.600,40,motorcycle,0.359,1019.3 302.1 1097.3 360.9,1,1.200,0,0,24.325,41.109
1159,38.633,39,motorcycle,0.690,613.9 326.3 719.5 391.3,1,1.200,0,0,24.101,41.493
1159,38.633,40,motorcycle,0.325,1019.4 302.0 1098.2 360.6,1,1.200,0,0,24.101,41.493
1160,38.667,39,motorcycle,0.673,609.1 323.9 714.3 390.9,1,1.200,0,0,23.941,41.769
1160,38.667,40,motorcycle,0.310,1019.2 302.2 1098.7 360.8,1,1.200,0,0,23.941,41.769
1161,38.700,39,motorcycle,0.669,603.7 324.0 714.1 390.4,1,1.200,0,0,24.170,41.374
1161,38.700,40,motorcycle,0.318,1019.3 300.9 1096.9 360.8,1,1.200,0,0,24.170,41.374
1162,38.733,39,motorcycle,0.615,599.9 321.0 708.2 390.7,1,1.200,0,0,24.070,41.545
1162,38.733,40,motorcycle,0.445,1019.6 301.0 1101.7 360.5,0,,0,0,24.070,41.545
1163,38.767,39,motorcycle,0.674,594.7 323.5 702.1 390.2,1,1.200,0,0,23.378,42.776
1163,38.767,40,motorcycle,0.360,1019.4 301.9 1099.3 360.3,1,1.200,0,0,23.378,42.776
1164,38.800,39,motorcycle,0.658,592.8 325.3 696.9 389.1,1,1.200,0,0,24.217,41.294
1165,38.833,39,motorcycle,0.671,588.3 325.8 693.6 387.9,1,1.200,0,0,24.514,40.794
1166,38.867,39,motorcycle,0.679,586.0 323.1 690.3 388.6,1,1.200,0,0,24.533,40.761
1167,38.900,39,motorcycle,0.692,580.7 322.8 686.0 389.2,1,1.200,0,0,23.392,42.749
1168,38.933,39,motorcycle,0.708,575.6 320.5 684.9 388.5,1,1.200,0,0,24.604,40.643
1169,38.967,39,motorcycle,0.659,573.5 320.5 684.8 388.0,1,1.200,0,0,24.066,41.552
1170,39.000,39,motorcycle,0.570,569.9 321.7 680.7 387.3,1,1.200,0,0,26.067,38.363
1171,39.033,39,motorcycle,0.625,567.1 322.3 665.0 386.7,1,1.200,0,0,24.965,40.056
1172,39.067,39,motorcycle,0.629,564.3 324.3 665.2 385.1,1,1.200,0,0,23.771,42.068
1172,39.067,42,motorcycle,0.262,1018.5 301.3 1100.7 360.3,1,1.200,0,0,23.771,42.068
1173,39.100,39,motorcycle,0.631,559.9 322.9 660.4 385.0,1,1.200,0,0,25.016,39.974
1174,39.133,39,motorcycle,0.653,558.3 318.5 656.3 384.4,1,1.200,0,0,23.757,42.094
1175,39.167,39,motorcycle,0.613,554.7 320.7 649.4 386.0,1,1.200,0,0,23.908,41.827
1176,39.200,39,motorcycle,0.666,551.1 319.0 649.4 383.5,1,1.200,0,0,23.232,43.045
1177,39.233,39,motorcycle,0.664,547.6 321.4 646.9 383.9,1,1.200,0,0,24.224,41.281
1178,39.267,39,motorcycle,0.611,544.7 311.6 638.9 384.1,1,1.200,0,0,24.211,41.303
1179,39.300,39,motorcycle,0.635,542.3 315.6 631.7 383.6,1,1.200,0,0,24.941,40.095
1180,39.333,39,motorcycle,0.627,540.0 321.5 630.6 382.5,1,1.200,0,0,31.056,32.200
1181,39.367,39,motorcycle,0.620,537.6 318.4 629.5 381.6,1,1.200,0,0,24.392,40.998
1182,39.400,39,motorcycle,0.641,535.2 308.8 622.7 380.3,1,1.200,0,0,24.620,40.617
1183,39.433,39,motorcycle,0.584,529.1 303.6 618.0 379.9,1,1.200,0,0,25.087,39.861
1183,39.433,43,bicycle,0.313,1152.3 322.6 1195.7 369.3,0,,0,0,25.087,39.861
1184,39.467,39,motorcycle,0.594,526.9 303.9 616.8 379.8,1,1.200,0,0,23.535,42.491
1185,39.500,39,motorcycle,0.561,525.3 312.2 614.0 379.9,1,1.200,0,0,23.424,42.691
1186,39.533,39,motorcycle,0.539,522.4 316.5 602.2 380.2,1,1.200,0,0,24.656,40.558
1187,39.567,39,motorcycle,0.572,520.0 315.2 596.8 380.3,1,1.200,0,0,23.910,41.824
1187,39.567,44,motorcycle,0.272,1021.4 301.4 1104.9 360.2,1,1.200,0,0,23.910,41.824
1188,39.600,39,motorcycle,0.697,517.6 316.6 597.6 378.4,1,1.200,0,0,23.374,42.782
1188,39.600,44,motorcycle,0.260,1021.7 298.9 1105.0 359.7,1,1.200,0,0,23.374,42.782
1189,39.633,39,motorcycle,0.694,514.9 316.1 594.5 377.9,1,1.200,0,0,24.520,40.783
1190,39.667,39,motorcycle,0.610,513.7 314.9 589.8 375.6,1,1.200,0,0,23.555,42.453
1191,39.700,39,motorcycle,0.669,509.7 311.1 584.8 375.1,1,1.200,0,0,24.101,41.492
1192,39.733,39,motorcycle,0.671,507.0 313.8 583.8 374.9,1,1.200,0,0,24.252,41.234
1193,39.767,39,motorcycle,0.585,504.9 310.2 576.7 371.9,1,1.200,0,0,24.931,40.111
1194,39.800,39,motorcycle,0.679,500.3 313.2 572.3 372.4,1,1.200,0,0,30.192,33.121
1195,39.833,39,motorcycle,0.634,498.4 315.5 569.4 372.2,1,1.200,0,0,24.889,40.178
1196,39.867,39,motorcycle,0.659,498.6 316.8 566.8 372.1,1,1.200,0,0,24.300,41.152
1197,39.900,39,motorcycle,0.605,495.9 314.3 561.5 371.1,2,1.200 1.200,1,0,25.452,39.290
1197,39.900,45,motorcycle,0.260,1021.1 305.9 1106.6 360.6,1,1.200,0,0,25.452,39.290
1198,39.933,39,motorcycle,0.578,493.1 308.8 558.6 369.5,0,,0,0,24.860,40.226
1198,39.933,46,motorcycle,0.268,520.5 316.9 559.9 357.0,0,,0,0,24.860,40.226
1198,39.933,45,motorcycle,0.257,1021.2 306.5 1106.0 360.8,1,1.200,0,0,24.860,40.226
1199,39.967,39,motorcycle,0.615,491.8 310.7 554.6 370.7,1,1.200,0,0,24.182,41.353
1199,39.967,45,motorcycle,0.257,1021.2 307.4 1106.7 360.8,1,1.200,0,0,24.182,41.353
1200,40.000,39,motorcycle,0.563,489.5 311.7 550.2 367.8,2,1.200 1.200,1,0,25.441,39.306
1200,40.000,45,motorcycle,0.276,1020.7 301.9 1108.1 360.9,1,1.200,0,0,25.441,39.306
1201,40.033,39,motorcycle,0.468,488.1 314.8 546.9 367.2,1,1.200,0,0,25.483,39.242
1201,40.033,45,motorcycle,0.286,1019.8 303.7 1109.4 360.4,1,1.200,0,0,25.483,39.242
1202,40.067,39,motorcycle,0.543,485.7 313.8 542.1 364.8,1,1.200,0,0,23.866,41.901
1202,40.067,45,motorcycle,0.301,1020.7 302.6 1108.3 360.9,1,1.200,0,0,23.866,41.901
1203,40.100,39,motorcycle,0.466,481.0 314.6 538.2 364.6,1,1.200,0,0,23.864,41.905
1203,40.100,45,motorcycle,0.301,1019.7 303.8 1109.4 360.3,1,1.200,0,0,23.864,41.905
1204,40.133,39,motorcycle,0.457,480.0 307.3 535.3 364.3,1,1.200,0,0,24.359,41.053
1204,40.133,45,motorcycle,0.304,1019.6 304.0 1109.5 360.5,1,1.200,0,0,24.359,41.053
1205,40.167,39,motorcycle,0.489,480.3 313.8 531.3 365.2,1,1.200,0,0,24.894,40.170
1205,40.167,45,motorcycle,0.292,1019.7 304.0 1109.0 360.4,1,1.200,0,0,24.894,40.170
1206,40.200,39,motorcycle,0.340,477.4 317.6 527.5 365.2,1,1.200,0,0,24.440,40.917
1206,40.200,45,motorcycle,0.310,1020.5 303.3 1108.0 361.0,1,1.200,0,0,24.440,40.917
1207,40.233,39,motorcycle,0.468,475.1 316.2 525.0 363.0,1,1.200,0,0,23.903,41.835
1207,40.233,45,motorcycle,0.290,1019.5 304.1 1109.0 360.4,1,1.200,0,0,23.903,41.835
1208,40.267,39,motorcycle,0.459,473.8 314.1 522.7 363.3,1,1.200,0,0,23.035,43.413
1208,40.267,45,motorcycle,0.287,1020.3 302.9 1108.3 361.1,1,1.200,0,0,23.035,43.413
1209,40.300,39,motorcycle,0.534,472.8 311.3 517.3 363.7,1,1.200,0,0,31.215,32.036
1209,40.300,45,motorcycle,0.279,1019.3 304.4 1109.5 360.7,1,1.200,0,0,31.215,32.036
1210,40.333,39,motorcycle,0.498,471.4 317.5 513.7 362.0,1,1.200,0,0,24.383,41.012
1210,40.333,45,motorcycle,0.280,1020.3 303.6 1108.6 361.3,1,1.200,0,0,24.383,41.012
1211,40.367,39,motorcycle,0.453,469.2 318.9 511.6 358.7,1,1.200,0,0,25.664,38.965
1211,40.367,45,motorcycle,0.273,1020.0 302.6 1108.7 361.3,1,1.200,0,0,25.664,38.965
1212,40.400,39,motorcycle,0.318,468.0 310.9 507.5 357.3,1,1.200,0,0,23.456,42.633
1212,40.400,45,motorcycle,0.286,1020.0 302.1 1108.7 361.4,1,1.200,0,0,23.456,42.633
1213,40.433,45,motorcycle,0.320,1020.0 302.4 1108.8 361.4,1,1.200,0,0,24.550,40.733
1213,40.433,39,motorcycle,0.266,466.0 308.9 504.6 356.8,1,1.200,0,0,24.550,40.733
1214,40.467,39,motorcycle,0.298,463.5 292.3 502.8 357.2,1,1.200,0,0,24.492,40.830
1214,40.467,45,motorcycle,0.273,1019.2 303.2 1108.6 360.7,1,1.200,0,0,24.492,40.830
1215,40.500,39,motorcycle,0.277,461.2 294.8 500.6 356.3,1,1.200,0,0,24.291,41.167
1215,40.500,45,motorcycle,0.263,1019.2 303.7 1108.6 360.7,1,1.200,0,0,24.291,41.167
1216,40.533,45,motorcycle,0.280,1018.9 303.7 1108.6 360.7,1,1.200,0,0,24.044,41.590
1217,40.567,45,motorcycle,0.267,1018.8 303.4 1108.2 360.7,1,1.200,0,0,24.367,41.038
1218,40.600,45,motorcycle,0.276,1018.9 303.4 1108.4 360.7,1,1.200,0,0,23.826,41.971
1219,40.633,45,motorcycle,0.295,1018.8 303.4 1108.4 360.8,1,1.200,0,0,23.831,41.963
1219,40.633,39,motorcycle,0.273,453.3 291.4 491.5 351.0,0,,0,0,23.831,41.963
1220,40.667,45,motorcycle,0.260,1018.8 303.4 1106.8 360.8,0,,0,0,24.717,40.457
1221,40.700,39,motorcycle,0.312,447.3 291.5 486.8 350.9,0,,0,0,25.008,39.987
1221,40.700,45,motorcycle,0.260,1018.9 303.5 1106.8 360.8,1,1.200,0,0,25.008,39.987
1222,40.733,39,motorcycle,0.295,447.6 294.3 483.8 351.1,0,,0,0,31.022,32.235
1222,40.733,45,motorcycle,0.278,1018.8 303.5 1106.7 360.8,1,1.200,0,0,31.022,32.235
1223,40.767,39,motorcycle,0.468,446.2 294.8 481.5 351.0,1,1.200,0,0,24.624,40.611
1223,40.767,45,motorcycle,0.274,1018.7 303.5 1106.7 360.8,1,1.200,0,0,24.624,40.611
1224,40.800,39,motorcycle,0.401,443.2 287.9 478.8 349.6,1,1.200,0,0,24.963,40.059
1224,40.800,45,motorcycle,0.291,1018.7 303.2 1107.2 360.8,1,1.200,0,0,24.963,40.059
1225,40.833,39,motorcycle,0.477,441.2 297.9 476.3 347.9,1,1.200,0,0,25.440,39.308
1225,40.833,45,motorcycle,0.289,1018.7 303.4 1107.1 360.8,1,1.200,0,0,25.440,39.308
1226,40.867,39,motorcycle,0.381,439.2 290.0 474.5 346.9,1,1.200,0,0,24.264,41.213
1226,40.867,45,motorcycle,0.332,1019.7 304.6 1107.3 361.8,1,1.190,0,0,24.264,41.213
1227,40.900,39,motorcycle,0.376,437.1 291.4 471.2 346.5,1,1.200,0,0,23.492,42.568
1227,40.900,45,motorcycle,0.341,1019.4 304.7 1107.6 361.8,1,1.190,0,0,23.492,42.568
1228,40.933,39,motorcycle,0.511,433.9 279.3 469.7 345.2,1,1.200,0,0,24.173,41.368
1228,40.933,45,motorcycle,0.371,1019.3 304.9 1107.1 361.9,1,1.190,0,0,24.173,41.368
1229,40.967,45,motorcycle,0.434,1019.3 305.1 1107.4 361.8,1,1.184,0,0,24.704,40.479
1229,40.967,39,motorcycle,0.411,433.1 293.6 468.5 345.2,1,1.200,0,0,24.704,40.479
1230,41.000,45,motorcycle,0.430,1019.5 306.2 1107.1 362.0,1,1.180,0,0,26.595,37.601
1231,41.033,45,motorcycle,0.423,1019.4 306.8 1106.8 362.1,1,1.183,0,0,25.717,38.884
1231,41.033,39,motorcycle,0.379,429.1 295.0 463.5 345.3,1,1.200,0,0,25.717,38.884
1232,41.067,45,motorcycle,0.430,1019.2 307.1 1106.9 362.1,1,1.183,0,0,23.948,41.757
1232,41.067,39,motorcycle,0.291,426.8 293.3 460.9 343.9,0,,0,0,23.948,41.757
1233,41.100,45,motorcycle,0.420,1019.3 308.0 1106.3 362.3,1,1.191,0,0,25.258,39.591
1233,41.100,39,motorcycle,0.252,424.5 295.4 458.4 341.6,0,,0,0,25.258,39.591
1234,41.133,45,motorcycle,0.430,1019.3 308.7 1106.3 362.3,1,1.200,0,0,26.927,37.137
1235,41.167,45,motorcycle,0.414,1019.6 309.3 1105.9 362.3,1,1.200,0,0,23.928,41.792
1235,41.167,39,motorcycle,0.281,419.5 297.6 453.6 340.8,0,,0,0,23.928,41.792
1236,41.200,45,motorcycle,0.363,1019.5 308.7 1105.9 362.1,1,1.200,0,0,25.776,38.796
1237,41.233,45,motorcycle,0.367,1019.4 308.6 1105.6 362.1,1,1.196,0,0,24.285,41.177
1237,41.233,39,motorcycle,0.319,415.3 292.6 449.4 339.5,0,,0,0,24.285,41.177
1238,41.267,39,motorcycle,0.462,415.6 292.2 447.0 339.6,1,1.200,0,0,30.539,32.745
1238,41.267,45,motorcycle,0.368,1019.3 309.5 1105.8 362.2,1,1.200,0,0,30.539,32.745
1239,41.300,45,motorcycle,0.387,1019.2 309.1 1105.9 362.2,1,1.200,0,0,26.105,38.307
1240,41.333,45,motorcycle,0.361,1019.0 309.5 1105.5 362.2,1,1.200,0,0,24.626,40.608
1241,41.367,45,motorcycle,0.392,1018.7 309.4 1105.5 362.1,1,1.197,0,0,25.552,39.136
1242,41.400,45,motorcycle,0.382,1018.8 309.2 1105.5 362.1,1,1.196,0,0,24.434,40.927
1243,41.433,45,motorcycle,0.375,1018.6 309.6 1106.0 362.1,1,1.200,0,0,24.776,40.362
1244,41.467,45,motorcycle,0.363,1017.7 310.1 1104.2 361.0,1,1.200,0,0,25.975,38.498
1245,41.500,45,motorcycle,0.358,1017.5 310.1 1103.9 360.9,1,1.200,0,0,24.725,40.445
1246,41.533,45,motorcycle,0.371,1018.5 309.3 1105.5 362.0,1,1.200,0,0,23.824,41.975
1247,41.567,45,motorcycle,0.378,1018.3 308.2 1105.5 362.0,1,1.200,0,0,24.304,41.145
1248,41.600,45,motorcycle,0.344,1018.3 308.1 1105.2 361.8,1,1.196,0,0,26.087,38.334
1249,41.633,45,motorcycle,0.340,1018.4 308.0 1105.1 361.9,1,1.195,0,0,24.793,40.333
1250,41.667,45,motorcycle,0.331,1017.6 309.0 1103.6 360.9,1,1.200,0,0,24.473,40.861
1251,41.700,45,motorcycle,0.335,1018.6 309.3 1105.5 361.8,1,1.200,0,0,23.569,42.429
1252,41.733,45,motorcycle,0.360,1018.0 308.6 1106.1 361.6,1,1.200,0,0,26.199,38.169
1253,41.767,45,motorcycle,0.348,1018.0 308.6 1106.3 361.8,1,1.200,0,0,31.332,31.916
1254,41.800,45,motorcycle,0.316,1017.9 308.6 1105.9 361.9,1,1.200,0,0,25.236,39.626
1255,41.833,45,motorcycle,0.271,1017.7 308.5 1105.2 361.9,1,1.189,0,0,25.464,39.271
1274,42.467,47,motorcycle,0.253,1015.7 298.1 1094.5 361.0,1,1.161,0,0,23.560,42.445
1277,42.567,47,motorcycle,0.347,1016.0 302.1 1108.8 360.3,1,1.143,0,0,24.365,41.043
1279,42.633,47,motorcycle,0.339,1015.9 301.7 1097.0 360.2,0,,0,0,24.837,40.263
1280,42.667,47,motorcycle,0.401,1015.9 299.9 1100.2 360.1,0,,0,0,24.238,41.257
1281,42.700,47,motorcycle,0.393,1016.8 301.7 1101.8 361.3,0,,0,0,23.231,43.047
1282,42.733,47,motorcycle,0.318,1016.3 301.9 1102.3 360.1,0,,0,0,22.764,43.929
1284,42.800,47,motorcycle,0.374,1016.1 302.3 1101.4 360.1,0,,0,0,24.275,41.194
1285,42.833,47,motorcycle,0.264,1016.1 299.1 1099.4 360.1,1,1.128,0,0,24.440,40.916
1287,42.900,47,motorcycle,0.260,1015.3 303.4 1101.9 360.7,0,,0,0,24.353,41.063
1290,43.000,47,motorcycle,0.263,1016.8 301.3 1100.6 360.2,0,,0,0,24.809,40.307
1338,44.600,48,motorcycle,0.267,1012.5 307.1 1093.3 358.6,2,1.200 1.168,1,0,23.806,42.006
1342,44.733,48,motorcycle,0.250,1012.5 313.2 1094.5 358.6,1,1.191,0,0,24.165,41.383
1344,44.800,48,motorcycle,0.255,1012.8 313.3 1094.7 358.8,1,1.183,0,0,23.774,42.062
1366,45.533,49,motorcycle,0.281,1010.4 303.5 1092.3 356.5,0,,0,0,25.154,39.756
1367,45.567,49,motorcycle,0.272,1010.1 303.7 1092.4 356.1,0,,0,0,24.015,41.640
1371,45.700,49,motorcycle,0.431,1002.1 299.1 1088.6 354.7,1,1.200,0,0,24.165,41.383
1372,45.733,49,motorcycle,0.285,1000.3 298.0 1087.1 354.5,1,1.167,0,0,23.852,41.925
1374,45.800,49,motorcycle,0.404,995.5 304.9 1087.5 355.0,1,1.111,0,0,24.617,40.623
1375,45.833,49,motorcycle,0.471,994.1 307.2 1084.2 354.6,1,1.200,0,0,23.902,41.837
1376,45.867,49,motorcycle,0.501,992.5 305.2 1081.5 355.0,1,1.194,0,0,23.921,41.805
1394,46.467,50,motorcycle,0.333,930.0 305.3 1013.6 350.4,0,,0,0,23.023,43.434
1396,46.533,50,motorcycle,0.471,929.2 303.2 1013.4 349.6,0,,0,0,24.240,41.254
1398,46.600,50,motorcycle,0.379,927.7 303.8 1002.3 348.8,0,,0,0,24.722,40.449
1416,47.200,51,motorcycle,0.385,888.3 281.4 929.5 326.8,0,,0,0,24.929,40.113
1418,47.267,51,motorcycle,0.347,881.7 280.0 925.4 325.4,1,1.200,0,0,23.306,42.907
1461,48.700,52,motorcycle,0.336,0.0 412.5 152.7 646.6,0,,0,0,23.969,41.721
1468,48.933,52,motorcycle,0.579,25.2 375.7 455.7 636.1,1,1.200,0,0,26.021,38.430
1469,48.967,52,motorcycle,0.771,44.5 379.5 483.9 639.0,1,1.200,0,0,24.014,41.642
1470,49.000,52,motorcycle,0.838,99.7 382.7 513.9 623.0,1,1.200,0,0,24.098,41.496
1471,49.033,52,motorcycle,0.813,147.3 380.8 537.7 616.9,1,1.200,0,0,24.749,40.406
1472,49.067,52,motorcycle,0.821,196.1 378.1 561.0 616.5,1,1.200,0,0,32.527,30.744
1473,49.100,52,motorcycle,0.818,239.8 374.0 582.4 611.5,1,1.200,0,0,23.509,42.538
1474,49.133,52,motorcycle,0.762,279.7 370.7 606.4 615.0,1,1.200,0,0,24.948,40.083
1475,49.167,52,motorcycle,0.851,319.5 394.7 627.1 591.9,1,1.200,0,0,24.039,41.599
1476,49.200,52,motorcycle,0.830,355.6 366.9 647.8 584.4,1,1.200,0,0,23.712,42.173
1477,49.233,52,motorcycle,0.794,387.6 396.2 666.3 579.3,1,1.200,0,0,23.190,43.122
1478,49.267,52,motorcycle,0.755,416.0 375.7 686.2 571.2,1,1.200,0,0,24.359,41.052
1479,49.300,52,motorcycle,0.724,445.5 340.6 703.8 566.0,1,1.200,0,0,24.310,41.135
1480,49.333,52,motorcycle,0.679,474.5 333.9 721.1 560.9,1,1.200,0,0,23.649,42.285
1481,49.367,52,motorcycle,0.765,499.5 411.0 736.5 554.5,1,1.200,0,0,24.156,41.397
1482,49.400,52,motorcycle,0.710,527.9 391.1 753.2 550.7,1,1.200,0,0,24.468,40.869
1483,49.433,52,motorcycle,0.745,550.9 387.6 767.2 543.5,1,1.200,0,0,26.053,38.384
1484,49.467,52,motorcycle,0.750,569.4 356.7 785.3 540.5,1,1.200,0,0,24.995,40.009
1485,49.500,52,motorcycle,0.693,592.8 383.6 797.7 534.0,1,1.200,0,0,23.772,42.066
1486,49.533,52,motorcycle,0.669,612.3 362.3 814.2 530.0,1,1.200,0,0,24.398,40.987
1487,49.567,52,motorcycle,0.784,630.8 351.5 827.8 526.6,1,1.200,0,0,29.520,33.875
1488,49.600,52,motorcycle,0.789,649.1 368.5 839.2 522.3,1,1.200,0,0,23.765,42.079
1489,49.633,52,motorcycle,0.731,666.4 374.0 854.2 518.7,1,1.200,0,0,24.960,40.064
1490,49.667,52,motorcycle,0.706,687.6 369.0 867.5 515.1,1,1.200,0,0,25.374,39.411
1491,49.700,52,motorcycle,0.744,700.9 339.3 881.0 509.3,1,1.200,0,0,24.500,40.816
1492,49.733,52,motorcycle,0.765,715.6 343.8 895.9 505.3,1,1.200,0,0,24.365,41.042
1493,49.767,52,motorcycle,0.803,728.2 360.0 900.8 502.2,1,1.200,0,0,23.669,42.249
1494,49.800,52,motorcycle,0.684,749.7 360.0 907.7 498.1,1,1.200,0,0,23.749,42.107
1495,49.833,52,motorcycle,0.691,762.2 360.2 917.2 497.1,1,1.200,0,0,24.200,41.322
1496,49.867,52,motorcycle,0.721,781.5 347.4 936.3 492.5,1,1.200,0,0,24.727,40.442
1497,49.900,52,motorcycle,0.604,791.8 351.9 941.4 487.9,1,1.200,0,0,24.031,41.613
1498,49.933,52,motorcycle,0.661,803.6 353.6 946.7 485.7,1,1.200,0,0,24.898,40.163
1499,49.967,52,motorcycle,0.645,823.2 359.5 961.0 482.5,1,1.200,0,0,23.054,43.376
1500,50.000,52,motorcycle,0.520,826.3 370.2 956.2 480.6,1,1.200,0,0,24.325,41.109
1501,50.033,52,motorcycle,0.510,838.2 380.7 962.4 478.0,1,1.200,0,0,32.520,30.750
1502,50.067,52,motorcycle,0.506,849.0 376.0 970.3 474.3,1,1.200,0,0,23.981,41.699
1503,50.100,52,motorcycle,0.440,855.3 329.9 1000.4 474.6,1,1.200,0,0,23.799,42.019
1504,50.133,52,motorcycle,0.384,866.5 369.9 984.3 472.1,1,1.200,0,0,24.422,40.947
1505,50.167,52,motorcycle,0.428,882.8 345.0 1013.8 469.3,1,1.200,0,0,23.995,41.676
1506,50.200,52,motorcycle,0.545,886.2 335.7 1019.9 466.3,1,1.200,0,0,24.494,40.826
1507,50.233,52,motorcycle,0.525,893.3 328.9 1025.7 467.4,1,1.200,0,0,24.195,41.331
1508,50.267,52,motorcycle,0.454,898.4 334.7 1033.2 463.0,1,1.200,0,0,23.488,42.575
1509,50.300,52,motorcycle,0.322,909.2 350.1 1028.7 457.2,1,1.200,0,0,25.329,39.480
1510,50.333,52,motorcycle,0.346,917.6 340.4 1043.1 455.4,1,1.200,0,0,24.845,40.250
1513,50.433,52,motorcycle,0.487,944.4 332.1 1060.1 436.5,1,1.200,0,0,24.425,40.942
1514,50.467,52,motorcycle,0.401,950.0 326.0 1066.5 440.6,1,1.200,0,0,24.266,41.210
1519,50.633,52,motorcycle,0.323,974.5 334.5 1089.5 434.5,1,1.200,0,0,23.184,43.132
1532,51.067,53,motorcycle,0.260,1036.6 288.9 1136.2 416.4,1,1.200,0,0,24.024,41.626
1534,51.133,53,motorcycle,0.403,1045.0 291.6 1143.5 415.4,0,,0,0,32.590,30.684
1535,51.167,53,motorcycle,0.480,1047.8 301.5 1144.2 413.2,1,1.200,0,0,24.987,40.020
1536,51.200,53,motorcycle,0.587,1050.5 304.4 1143.5 412.1,0,,0,0,25.749,38.836
1537,51.233,53,motorcycle,0.465,1053.4 302.2 1144.5 412.1,1,1.200,0,0,25.780,38.790
1538,51.267,53,motorcycle,0.484,1059.1 294.4 1153.8 408.6,1,1.200,0,0,24.393,40.996
1539,51.300,53,motorcycle,0.376,1061.9 298.1 1150.3 409.0,1,1.200,0,0,24.054,41.573
1539,51.300,54,motorcycle,0.299,1062.3 350.9 1116.9 409.1,0,,0,0,24.054,41.573
1540,51.333,53,motorcycle,0.339,1064.0 298.6 1157.6 408.6,1,1.200,0,0,23.915,41.814
1540,51.333,54,motorcycle,0.273,1066.4 351.6 1121.2 408.5,0,,0,0,23.915,41.814
1541,51.367,54,motorcycle,0.343,1068.2 330.9 1138.7 406.7,1,1.200,0,0,25.309,39.512
1542,51.400,53,motorcycle,0.326,1073.5 309.6 1160.1 404.4,1,1.200,0,0,23.222,43.062
1542,51.400,54,motorcycle,0.285,1071.9 348.9 1123.5 405.7,0,,0,0,23.222,43.062
1546,51.533,53,motorcycle,0.349,1084.8 304.2 1167.1 402.9,1,1.200,0,0,24.159,41.393
1567,52.233,55,motorcycle,0.332,0.3 468.8 65.6 631.8,0,,0,0,24.330,41.102
1568,52.267,55,motorcycle,0.684,0.5 460.0 109.5 618.8,0,,0,0,24.979,40.034
1569,52.300,55,motorcycle,0.714,0.1 417.1 147.5 616.5,0,,0,0,24.847,40.246
1570,52.333,55,motorcycle,0.572,0.1 379.0 187.4 629.8,0,,0,0,25.449,39.294
1571,52.367,55,motorcycle,0.589,0.1 386.3 217.8 638.6,0,,0,0,24.316,41.125
1572,52.400,55,motorcycle,0.373,0.3 367.5 259.3 643.9,0,,0,0,23.317,42.887
1573,52.433,55,motorcycle,0.400,0.3 375.0 287.2 642.9,1,1.200,0,0,24.553,40.728
1574,52.467,55,motorcycle,0.730,0.5 358.8 314.3 640.6,1,1.200,0,0,25.852,38.682
1575,52.500,55,motorcycle,0.748,0.2 352.9 339.1 643.0,1,1.200,0,0,25.391,39.384
1576,52.533,55,motorcycle,0.773,1.2 356.0 366.8 653.1,2,1.200 1.200,1,0,31.098,32.157
1577,52.567,55,motorcycle,0.524,6.2 363.5 393.3 621.3,2,1.200 1.200,1,1,23.990,41.683
1578,52.600,55,motorcycle,0.534,53.4 353.4 416.2 609.6,2,1.200 1.200,1,1,25.414,39.348
1579,52.633,55,motorcycle,0.520,102.1 380.4 437.7 586.1,2,1.200 1.200,1,1,25.594,39.072
1580,52.667,55,motorcycle,0.562,143.7 362.1 460.8 585.2,2,1.200 1.200,1,1,24.301,41.151
1582,52.733,55,motorcycle,0.541,209.1 360.3 500.1 557.7,2,1.200 1.200,1,1,24.940,40.096
1583,52.767,55,motorcycle,0.483,241.4 355.0 516.0 545.3,2,1.200 1.200,1,1,25.164,39.739
1584,52.800,55,motorcycle,0.584,263.2 358.9 534.9 539.7,2,1.200 1.200,1,1,24.117,41.465
1585,52.833,55,motorcycle,0.764,301.7 361.8 547.5 540.0,2,1.200 1.200,1,1,23.734,42.133
1585,52.833,56,motorcycle,0.436,13.5 296.7 295.0 490.8,1,1.200,0,0,23.734,42.133
1586,52.867,55,motorcycle,0.688,327.0 347.4 567.7 536.0,2,1.200 1.200,1,1,24.549,40.735
1587,52.900,55,motorcycle,0.725,350.4 349.2 580.3 535.7,2,1.200 1.200,1,1,23.249,43.012
1588,52.933,55,motorcycle,0.468,381.2 361.2 594.7 530.9,2,1.200 1.200,1,1,24.080,41.529
1589,52.967,55,motorcycle,0.430,399.3 343.7 608.8 514.0,2,1.200 1.200,1,1,24.137,41.430
1591,53.033,55,motorcycle,0.443,440.5 364.6 638.4 511.4,2,1.200 1.200,1,1,25.809,38.746
1593,53.100,55,motorcycle,0.471,477.5 343.0 661.1 505.8,2,1.200 1.200,1,1,25.301,39.525
1594,53.133,55,motorcycle,0.321,496.6 358.1 674.9 500.7,2,1.200 1.200,1,1,25.499,39.217
1596,53.200,55,motorcycle,0.321,525.2 348.6 696.2 491.6,2,1.200 1.200,1,1,23.792,42.031
1597,53.233,55,motorcycle,0.303,538.8 345.7 709.9 486.2,3,1.200 1.200 1.200,1,1,25.965,38.513
1601,53.367,57,motorcycle,0.332,505.8 315.4 601.3 415.6,1,1.200,0,0,25.046,39.926
1601,53.367,55,motorcycle,0.263,601.3 359.1 742.3 475.1,2,1.200 1.200,1,1,25.046,39.926
1603,53.433,57,motorcycle,0.284,543.6 314.3 630.4 413.1,1,1.200,0,0,24.891,40.176
1604,53.467,55,motorcycle,0.370,638.1 354.0 771.4 468.2,2,1.200 1.200,1,1,32.126,31.128
1606,53.533,55,motorcycle,0.384,659.9 342.8 790.1 462.8,2,1.200 1.200,1,1,25.119,39.810
1608,53.600,55,motorcycle,0.307,668.3 327.8 814.8 456.1,3,1.200 1.200 1.169,1,1,24.277,41.192
1609,53.633,55,motorcycle,0.471,684.9 336.6 820.2 453.5,4,1.200 1.200 1.186 1.138,1,1,23.921,41.805
1610,53.667,55,motorcycle,0.362,689.6 325.8 827.6 436.6,3,1.200 1.200 1.194,1,1,24.151,41.406
1610,53.667,58,motorcycle,0.321,655.2 306.2 702.6 395.7,0,,0,0,24.151,41.406
1611,53.700,55,motorcycle,0.430,706.7 335.6 834.8 452.0,2,1.200 1.200,1,1,24.965,40.055
1611,53.700,58,motorcycle,0.292,662.3 304.6 713.9 394.4,0,,0,0,24.965,40.055
1612,53.733,55,motorcycle,0.465,719.1 323.2 848.2 450.3,2,1.200 1.200,1,1,23.299,42.920
1613,53.767,55,motorcycle,0.540,726.7 321.8 854.1 448.0,2,1.200 1.200,1,1,25.747,38.839
1614,53.800,55,motorcycle,0.596,727.8 321.8 859.8 447.0,2,1.200 1.200,1,1,23.777,42.058
1615,53.833,55,motorcycle,0.601,725.7 331.7 866.3 443.3,2,1.200 1.200,1,1,26.270,38.067
1616,53.867,55,motorcycle,0.594,743.7 328.1 871.0 442.7,1,1.200,0,1,24.661,40.549
1617,53.900,55,motorcycle,0.596,752.5 328.2 880.6 441.6,2,1.200 1.200,1,1,24.193,41.334
1618,53.933,55,motorcycle,0.663,758.5 328.6 886.7 442.6,1,1.200,0,1,23.675,42.239
1619,53.967,55,motorcycle,0.665,763.8 329.2 891.8 440.9,2,1.200 1.147,1,1,23.057,43.371
1620,54.000,55,motorcycle,0.635,777.5 331.1 897.7 437.8,1,1.200,0,1,25.319,39.496
1621,54.033,55,motorcycle,0.488,788.1 328.0 901.7 437.7,2,1.200 1.200,1,1,23.829,41.966
1622,54.067,55,motorcycle,0.468,797.6 329.3 912.5 435.7,2,1.200 1.200,1,1,24.126,41.449
1623,54.100,55,motorcycle,0.465,807.8 328.6 919.5 431.9,2,1.200 1.200,1,1,26.032,38.414
1624,54.133,55,motorcycle,0.351,813.9 331.4 922.2 430.6,2,1.200 1.200,1,1,22.359,44.724
1625,54.167,55,motorcycle,0.502,820.2 323.9 927.5 429.7,2,1.200 1.200,1,1,25.201,39.681
1626,54.200,55,motorcycle,0.586,826.5 319.1 934.1 426.5,2,1.200 1.200,1,1,25.687,38.930
1627,54.233,55,motorcycle,0.587,831.1 319.5 937.8 426.8,3,1.200 1.200 1.095,1,1,25.448,39.297
1628,54.267,55,motorcycle,0.522,837.8 322.9 942.4 422.3,2,1.200 1.200,1,1,23.937,41.777
1629,54.300,55,motorcycle,0.535,844.5 326.9 947.1 420.8,2,1.200 1.200,1,1,25.008,39.988
1630,54.333,55,motorcycle,0.516,850.0 305.0 951.4 419.3,2,1.200 1.200,1,1,24.411,40.965
1631,54.367,55,motorcycle,0.511,855.9 303.7 957.3 420.1,1,1.200,0,1,25.514,39.194
1632,54.400,55,motorcycle,0.355,860.9 318.3 963.0 415.9,1,1.200,0,1,24.304,41.145
1633,54.433,55,motorcycle,0.385,866.8 315.4 967.6 418.6,1,1.200,0,1,23.089,43.310
1634,54.467,55,motorcycle,0.408,874.5 323.9 972.8 416.0,2,1.200 1.200,1,1,24.622,40.614
1635,54.500,55,motorcycle,0.453,879.2 307.6 984.3 412.7,2,1.200 1.200,1,1,24.182,41.354
1636,54.533,55,motorcycle,0.485,885.3 310.9 989.5 410.9,2,1.200 1.200,1,1,23.918,41.809
1637,54.567,55,motorcycle,0.347,890.5 313.1 997.3 408.9,1,1.200,0,1,23.243,43.024
1638,54.600,55,motorcycle,0.373,894.7 314.8 1001.5 408.5,1,1.200,0,1,24.018,41.635
1639,54.633,55,motorcycle,0.388,896.8 310.4 1009.1 408.1,1,1.200,0,1,24.697,40.491
1640,54.667,55,motorcycle,0.452,904.8 317.8 1007.8 413.0,1,1.200,0,1,24.379,41.019
1641,54.700,55,motorcycle,0.417,910.0 317.4 1010.6 411.4,1,1.200,0,1,25.495,39.223
1642,54.733,59,motorcycle,0.369,1004.0 306.8 1031.4 360.7,0,,0,0,23.843,41.941
1642,54.733,55,motorcycle,0.352,915.4 306.7 1011.0 408.4,2,1.200 1.200,1,1,23.843,41.941
1643,54.767,55,motorcycle,0.380,916.4 309.3 1034.4 406.3,2,1.200 1.200,1,1,24.654,40.561
1643,54.767,59,motorcycle,0.283,1005.4 307.0 1037.3 361.6,1,1.148,0,0,24.654,40.561
1644,54.800,55,motorcycle,0.335,922.0 309.8 1036.3 404.8,2,1.200 1.200,1,1,24.729,40.439
1645,54.833,55,motorcycle,0.353,927.3 310.7 1043.5 404.4,2,1.200 1.178,1,1,24.686,40.509
1646,54.867,55,motorcycle,0.376,935.5 327.9 1013.0 400.9,1,1.200,0,1,23.568,42.430
1646,54.867,59,motorcycle,0.365,1018.1 307.5 1055.5 359.3,1,1.200,0,0,23.568,42.430
1647,54.900,59,motorcycle,0.423,1015.4 306.4 1056.4 360.6,1,1.200,0,0,24.569,40.701
1647,54.900,55,motorcycle,0.291,938.7 310.7 1034.1 405.6,1,1.200,0,1,24.569,40.701
1648,54.933,59,motorcycle,0.281,1024.1 308.9 1065.7 359.9,0,,0,0,24.634,40.594
1648,54.933,55,motorcycle,0.277,943.9 330.0 1021.1 400.1,2,1.200 1.200,1,1,24.634,40.594
1649,54.967,55,motorcycle,0.309,945.7 312.4 1041.9 403.3,2,1.200 1.200,1,1,24.203,41.317
1649,54.967,59,motorcycle,0.306,1031.6 307.3 1073.1 360.3,0,,0,0,24.203,41.317
1650,55.000,59,motorcycle,0.415,1037.5 310.4 1078.1 359.9,1,1.200,0,0,24.505,40.809
1650,55.000,55,motorcycle,0.293,950.6 314.7 1040.7 401.8,2,1.200 1.200,1,1,24.505,40.809
1651,55.033,59,motorcycle,0.308,1034.2 307.8 1082.3 359.9,0,,0,0,24.640,40.584
1651,55.033,55,motorcycle,0.265,954.6 314.9 1046.9 401.1,2,1.200 1.200,1,1,24.640,40.584
1652,55.067,59,motorcycle,0.454,1035.8 306.8 1090.4 359.9,0,,0,0,23.958,41.739
1652,55.067,55,motorcycle,0.341,961.8 330.4 1034.4 397.4,2,1.200 1.200,1,1,23.958,41.739
1653,55.100,59,motorcycle,0.396,1045.2 311.6 1092.5 359.6,1,1.200,0,0,24.036,41.605
1653,55.100,55,motorcycle,0.351,962.7 326.2 1036.6 398.9,1,1.200,0,1,24.036,41.605
1654,55.133,59,motorcycle,0.381,1046.8 309.1 1097.3 360.0,1,1.200,0,0,24.821,40.288
1654,55.133,55,motorcycle,0.264,964.9 327.1 1039.8 398.1,1,1.200,0,1,24.821,40.288
1655,55.167,59,motorcycle,0.472,1054.6 307.3 1104.3 359.7,1,1.200,0,0,25.474,39.256
1656,55.200,59,motorcycle,0.394,1056.1 311.4 1107.4 359.3,1,1.200,0,0,24.396,40.991
1657,55.233,59,motorcycle,0.407,1064.9 305.9 1116.3 359.7,0,,0,0,25.124,39.802
1657,55.233,55,motorcycle,0.314,978.2 315.1 1071.7 398.7,2,1.200 1.200,1,1,25.124,39.802
1658,55.267,59,motorcycle,0.470,1067.2 305.7 1118.6 359.3,0,,0,0,23.896,41.848
1658,55.267,55,motorcycle,0.256,981.5 314.1 1073.2 398.5,2,1.200 1.200,1,1,23.896,41.848
1659,55.300,59,motorcycle,0.453,1071.5 306.9 1123.2 359.7,0,,0,0,23.472,42.605
1659,55.300,55,motorcycle,0.250,985.1 319.9 1064.8 397.0,2,1.200 1.200,1,1,23.472,42.605
1660,55.333,59,motorcycle,0.473,1075.7 304.0 1128.2 359.4,0,,0,0,24.241,41.252
1660,55.333,55,motorcycle,0.257,989.3 318.0 1064.6 396.3,2,1.200 1.200,1,1,24.241,41.252
1661,55.367,59,motorcycle,0.515,1083.9 296.4 1133.5 358.9,1,1.200,0,0,23.809,42.000
1661,55.367,55,motorcycle,0.305,992.4 313.2 1077.1 396.8,2,1.200 1.200,1,1,23.809,42.000
1662,55.400,59,motorcycle,0.432,1088.3 304.4 1138.6 359.2,1,1.200,0,0,24.023,41.627
1662,55.400,55,motorcycle,0.273,994.7 317.6 1074.5 395.7,2,1.200 1.200,1,1,24.023,41.627
1663,55.433,59,motorcycle,0.504,1093.1 298.2 1143.2 357.7,1,1.200,0,0,23.997,41.671
1663,55.433,55,motorcycle,0.307,998.0 316.9 1072.9 394.3,2,1.200 1.200,1,1,23.997,41.671
1664,55.467,59,motorcycle,0.332,1098.5 298.1 1146.6 357.9,1,1.200,0,0,24.396,40.991
1664,55.467,55,motorcycle,0.272,1004.2 319.6 1079.4 389.7,1,1.200,0,1,24.396,40.991
1664,55.467,60,motorcycle,0.258,1004.4 349.2 1060.6 391.3,0,,0,0,24.396,40.991
1666,55.533,59,motorcycle,0.598,1106.9 305.2 1157.0 358.5,0,,0,0,24.011,41.648
1666,55.533,55,motorcycle,0.305,1009.9 315.5 1084.1 393.2,2,1.200 1.200,1,1,24.011,41.648
1667,55.567,55,motorcycle,0.300,1013.4 317.6 1082.6 390.5,2,1.200 1.200,1,1,25.020,39.968
1667,55.567,59,motorcycle,0.282,1112.6 298.0 1161.9 357.4,0,,0,0,25.020,39.968
1668,55.600,55,motorcycle,0.291,1019.0 318.4 1093.7 381.4,1,1.200,0,1,29.915,33.428
1672,55.733,55,motorcycle,0.271,1027.6 316.5 1101.5 387.1,2,1.200 1.200,1,1,24.106,41.483
1674,55.800,55,motorcycle,0.308,1031.2 304.0 1104.7 385.3,1,1.200,0,1,25.233,39.630
1675,55.833,55,motorcycle,0.288,1034.9 307.0 1106.7 385.2,1,1.200,0,1,25.092,39.854
1677,55.900,55,motorcycle,0.262,1041.6 308.1 1108.3 383.6,1,1.200,0,1,24.744,40.415
1678,55.933,55,motorcycle,0.322,1045.0 323.9 1103.2 383.4,1,1.200,0,1,23.534,42.492
1679,55.967,55,motorcycle,0.313,1047.7 305.1 1109.9 382.2,1,1.200,0,1,24.761,40.385
1680,56.000,61,motorcycle,0.373,0.2 476.5 121.5 653.8,0,,0,0,24.688,40.506
1680,56.000,55,motorcycle,0.345,1050.0 315.4 1110.5 382.7,1,1.200,0,1,24.688,40.506
1681,56.033,61,motorcycle,0.441,0.0 398.8 148.9 657.2,0,,0,0,32.551,30.721
1683,56.100,55,motorcycle,0.295,1058.3 321.4 1123.6 381.2,1,1.200,0,1,25.650,38.986
1684,56.133,55,motorcycle,0.323,1060.2 320.1 1126.6 380.7,1,1.200,0,1,24.379,41.018
1685,56.167,55,motorcycle,0.313,1062.1 295.2 1133.3 376.4,1,1.200,0,1,23.647,42.289
1685,56.167,61,motorcycle,0.267,0.0 418.5 259.0 659.2,0,,0,0,23.647,42.289
1686,56.200,55,motorcycle,0.269,1065.5 292.9 1134.4 374.5,1,1.200,0,1,24.180,41.356
1687,56.233,61,motorcycle,0.312,0.3 399.6 310.0 634.6,1,1.200,0,0,24.592,40.664
1687,56.233,55,motorcycle,0.251,1068.6 309.5 1121.5 377.4,1,1.200,0,1,24.592,40.664
1690,56.333,61,motorcycle,0.286,2.6 350.1 373.8 606.2,1,1.200,0,0,23.478,42.594
1692,56.400,61,motorcycle,0.280,9.7 397.6 412.8 590.7,1,1.200,0,0,23.436,42.669
1699,56.633,61,motorcycle,0.498,224.9 383.5 527.4 563.8,1,1.200,0,0,24.508,40.802
1699,56.633,62,motorcycle,0.330,1090.6 289.3 1151.1 370.2,1,1.200,0,0,24.508,40.802
1700,56.667,62,motorcycle,0.305,1092.2 288.1 1152.7 369.0,1,1.200,0,0,23.291,42.936
1700,56.667,61,motorcycle,0.263,255.1 377.8 541.2 565.6,1,1.200,0,0,23.291,42.936
1702,56.733,62,motorcycle,0.308,1096.6 305.6 1145.3 368.7,1,1.200,0,0,25.373,39.411
1703,56.767,61,motorcycle,0.328,331.8 370.9 578.7 552.7,1,1.200,0,0,24.597,40.655
1703,56.767,62,motorcycle,0.287,1098.7 296.0 1144.2 369.0,1,1.200,0,0,24.597,40.655
1704,56.800,61,motorcycle,0.727,351.2 373.5 592.7 573.9,1,1.200,0,0,24.743,40.416
1705,56.833,61,motorcycle,0.297,372.4 375.4 605.9 568.2,1,1.200,0,0,25.391,39.384
1706,56.867,61,motorcycle,0.407,394.7 375.4 616.0 564.1,1,1.200,0,0,26.191,38.182
1707,56.900,61,motorcycle,0.464,417.5 376.3 627.6 560.2,1,1.200,0,0,24.679,40.521
1708,56.933,61,motorcycle,0.662,432.3 360.2 641.9 555.3,1,1.200,0,0,25.072,39.885
1709,56.967,61,motorcycle,0.585,442.0 372.1 653.2 550.1,1,1.200,0,0,25.044,39.930
1710,57.000,61,motorcycle,0.282,467.0 337.7 667.4 543.8,1,1.200,0,0,30.170,33.146
1711,57.033,61,motorcycle,0.379,488.6 354.6 676.6 538.7,1,1.200,0,0,25.698,38.914
1712,57.067,61,motorcycle,0.530,502.4 346.2 691.4 533.4,1,1.200,0,0,24.825,40.281
1712,57.067,63,motorcycle,0.338,1225.8 297.2 1278.2 349.3,0,,0,0,24.825,40.281
1713,57.100,61,motorcycle,0.452,518.7 347.6 700.9 528.6,1,1.200,0,0,24.825,40.282
1713,57.100,63,motorcycle,0.420,1226.0 295.6 1278.9 349.9,0,,0,0,24.825,40.282
1714,57.133,61,motorcycle,0.583,531.3 333.4 705.1 525.6,1,1.200,0,0,24.565,40.708
1714,57.133,63,motorcycle,0.385,1228.0 298.7 1279.5 351.6,0,,0,0,24.565,40.708
1715,57.167,61,motorcycle,0.774,545.5 351.9 718.6 521.0,1,1.200,0,0,24.686,40.509
1715,57.167,63,motorcycle,0.380,1230.5 297.1 1279.6 351.5,0,,0,0,24.686,40.509
1716,57.200,63,motorcycle,0.317,1231.1 293.7 1279.6 351.3,0,,0,0,25.179,39.716
1717,57.233,61,motorcycle,0.719,573.6 360.4 737.7 512.2,1,1.200,0,0,24.644,40.578
1718,57.267,61,motorcycle,0.822,585.5 357.6 745.6 510.2,1,1.200,0,0,25.329,39.480
1719,57.300,61,motorcycle,0.674,599.1 351.1 756.9 506.7,1,1.200,0,0,24.660,40.551
1720,57.333,61,motorcycle,0.530,610.5 361.0 764.2 504.4,1,1.200,0,0,24.915,40.137
1721,57.367,61,motorcycle,0.647,623.7 352.2 774.3 499.7,1,1.200,0,0,24.979,40.033
1722,57.400,61,motorcycle,0.414,635.3 361.2 783.7 496.7,1,1.200,0,0,25.680,38.941
1723,57.433,61,motorcycle,0.603,645.4 352.2 798.6 492.8,1,1.200,0,0,25.906,38.602
1724,57.467,61,motorcycle,0.698,656.9 350.6 807.5 492.7,1,1.200,0,0,24.416,40.957
1725,57.500,61,motorcycle,0.624,668.3 356.9 808.2 490.1,1,1.200,0,0,24.515,40.791
1726,57.533,61,motorcycle,0.636,678.2 354.2 820.6 488.1,1,1.200,0,0,23.705,42.185
1727,57.567,61,motorcycle,0.669,688.8 357.3 827.1 486.9,1,1.200,0,0,23.920,41.806
1728,57.600,61,motorcycle,0.689,700.2 357.2 835.5 485.4,1,1.200,0,0,25.690,38.925
1729,57.633,61,motorcycle,0.715,708.7 360.4 850.3 479.4,1,1.200,0,0,24.206,41.312
1730,57.667,61,motorcycle,0.734,719.1 365.4 855.5 477.5,1,1.200,0,0,25.491,39.230
1731,57.700,61,motorcycle,0.715,730.4 361.5 864.2 474.6,1,1.200,0,0,25.004,39.993
1732,57.733,61,motorcycle,0.590,738.5 361.7 873.5 472.3,1,1.200,0,0,23.878,41.879
1733,57.767,61,motorcycle,0.756,748.2 357.4 883.9 471.1,1,1.200,0,0,24.560,40.716
1734,57.800,61,motorcycle,0.736,760.3 355.4 887.0 469.8,1,1.200,0,0,24.432,40.930
1735,57.833,61,motorcycle,0.769,767.3 360.8 897.0 469.4,1,1.200,0,0,25.256,39.595
1736,57.867,61,motorcycle,0.780,777.2 361.0 907.4 468.2,1,1.200,0,0,24.243,41.249
1737,57.900,61,motorcycle,0.812,786.8 358.9 914.7 467.5,1,1.200,0,0,25.341,39.461
1738,57.933,61,motorcycle,0.736,795.2 349.4 918.0 463.2,1,1.200,0,0,25.493,39.227
1739,57.967,61,motorcycle,0.702,803.3 359.4 926.0 463.2,1,1.200,0,0,24.158,41.394
1739,57.967,64,motorcycle,0.350,11.1 466.2 116.3 546.7,0,,0,0,24.158,41.394
1740,58.000,61,motorcycle,0.725,813.3 357.9 930.3 457.7,1,1.200,0,0,24.590,40.666
1740,58.000,64,motorcycle,0.430,0.0 374.7 155.9 542.5,1,1.200,0,0,24.590,40.666
1741,58.033,61,motorcycle,0.665,822.1 342.8 936.2 458.9,1,1.200,0,0,24.297,41.157
1741,58.033,64,motorcycle,0.277,0.0 367.2 192.0 551.9,1,1.200,0,0,24.297,41.157
1742,58.067,61,motorcycle,0.657,830.6 348.6 943.5 454.9,1,1.200,0,0,23.784,42.045
1742,58.067,64,motorcycle,0.315,0.0 343.6 221.6 544.6,0,,0,0,23.784,42.045
1743,58.100,61,motorcycle,0.636,836.1 339.2 947.0 454.0,1,1.200,0,0,24.912,40.141
1744,58.133,61,motorcycle,0.658,844.8 348.8 950.3 453.7,1,1.200,0,0,23.559,42.447
1744,58.133,64,motorcycle,0.328,0.4 355.2 287.4 560.0,1,1.200,0,0,23.559,42.447
1745,58.167,61,motorcycle,0.641,853.6 344.5 956.2 454.1,1,1.200,0,0,24.656,40.559
1745,58.167,64,motorcycle,0.459,2.5 353.2 315.3 521.5,1,1.200,0,0,24.656,40.559
1746,58.200,61,motorcycle,0.642,860.2 344.4 966.3 453.3,1,1.200,0,0,24.702,40.482
1746,58.200,64,motorcycle,0.631,16.0 353.3 340.9 545.7,1,1.200,0,0,24.702,40.482
1747,58.233,64,motorcycle,0.761,57.1 355.1 365.2 536.2,1,1.200,0,0,24.238,41.258
1747,58.233,61,motorcycle,0.576,866.9 349.9 970.3 451.9,1,1.200,0,0,24.238,41.258
1748,58.267,64,motorcycle,0.800,97.4 349.1 390.0 533.0,1,1.200,0,0,24.547,40.737
1748,58.267,61,motorcycle,0.601,873.8 340.6 972.4 449.2,1,1.200,0,0,24.547,40.737
1749,58.300,61,motorcycle,0.496,881.9 345.3 978.0 450.5,1,1.200,0,0,24.712,40.467
1749,58.300,64,motorcycle,0.271,138.3 362.5 412.8 523.9,1,1.200,0,0,24.712,40.467
1750,58.333,64,motorcycle,0.597,173.8 351.4 434.3 515.5,1,1.200,0,0,24.495,40.824
1750,58.333,61,motorcycle,0.529,888.2 340.8 983.4 451.3,1,1.200,0,0,24.495,40.824
1751,58.367,61,motorcycle,0.494,894.0 335.4 988.3 447.2,1,1.200,0,0,24.444,40.911
1752,58.400,61,motorcycle,0.425,901.5 341.5 988.4 447.5,1,1.200,0,0,24.500,40.816
1753,58.433,61,motorcycle,0.545,907.6 336.9 998.4 446.2,1,1.200,0,0,25.085,39.865
1753,58.433,64,motorcycle,0.343,266.5 349.8 491.2 489.5,1,1.200,0,0,25.085,39.865
1754,58.467,61,motorcycle,0.623,912.8 339.6 1002.7 445.9,0,,0,0,24.769,40.373
1754,58.467,65,bicycle,0.275,915.2 352.4 991.5 443.1,1,1.200,0,0,24.769,40.373
1755,58.500,61,motorcycle,0.476,919.4 341.4 1004.8 445.5,1,1.200,0,0,24.877,40.197
1755,58.500,65,bicycle,0.473,921.7 359.1 992.3 444.0,0,,0,0,24.877,40.197
1755,58.500,64,motorcycle,0.373,325.8 336.5 527.8 474.3,1,1.200,0,0,24.877,40.197
1756,58.533,65,bicycle,0.510,926.7 360.8 994.6 442.5,0,,0,0,23.842,41.942
1756,58.533,61,motorcycle,0.422,924.7 343.2 1009.0 443.9,1,1.200,0,0,23.842,41.942
1756,58.533,64,motorcycle,0.347,354.1 336.9 544.2 470.9,1,1.200,0,0,23.842,41.942
1757,58.567,61,motorcycle,0.482,929.5 342.4 1015.2 441.8,1,1.200,0,0,24.665,40.544
1757,58.567,64,motorcycle,0.414,371.9 337.1 559.6 474.6,1,1.200,0,0,24.665,40.544
1758,58.600,61,motorcycle,0.569,935.8 347.0 1015.8 441.0,1,1.200,0,0,24.045,41.589
1758,58.600,64,motorcycle,0.269,393.8 333.5 576.5 471.2,1,1.200,0,0,24.045,41.589
1759,58.633,64,motorcycle,0.593,421.1 330.1 591.4 467.0,1,1.200,0,0,24.834,40.267
1759,58.633,61,motorcycle,0.307,939.8 342.4 1023.4 440.8,1,1.200,0,0,24.834,40.267
1760,58.667,64,motorcycle,0.530,445.7 332.3 605.8 471.1,1,1.200,0,0,24.289,41.170
1760,58.667,61,bicycle,0.400,945.3 349.8 1018.9 435.8,1,1.200,0,0,24.289,41.170
1761,58.700,64,motorcycle,0.646,453.4 331.0 618.4 458.5,1,1.200,0,0,25.981,38.489
1761,58.700,61,motorcycle,0.309,948.2 346.6 1034.1 436.2,1,1.200,0,0,25.981,38.489
1762,58.733,64,motorcycle,0.588,476.9 332.4 632.4 452.6,1,1.200,0,0,24.265,41.211
1762,58.733,61,motorcycle,0.493,954.1 347.5 1027.6 434.9,1,1.200,0,0,24.265,41.211
1763,58.767,64,motorcycle,0.653,492.5 334.7 642.5 454.9,1,1.200,0,0,23.719,42.160
1763,58.767,61,motorcycle,0.304,959.4 353.3 1025.0 433.5,1,1.183,0,0,23.719,42.160
1764,58.800,61,motorcycle,0.342,961.1 339.2 1046.3 433.7,1,1.200,0,0,23.622,42.334
1765,58.833,61,motorcycle,0.323,964.8 342.5 1049.4 431.8,1,1.200,0,0,24.541,40.749
1765,58.833,64,motorcycle,0.265,524.7 330.5 669.0 444.4,1,1.200,0,0,24.541,40.749
1766,58.867,61,motorcycle,0.423,971.6 348.1 1040.7 428.7,1,1.198,0,0,24.431,40.932
1766,58.867,64,motorcycle,0.399,543.7 329.4 683.0 444.3,1,1.200,0,0,24.431,40.932
1767,58.900,64,motorcycle,0.382,556.6 337.1 692.4 444.8,1,1.200,0,0,25.414,39.348
1767,58.900,61,bicycle,0.300,975.3 350.5 1043.1 427.5,0,,0,0,25.414,39.348
1767,58.900,66,motorcycle,0.289,976.3 347.3 1051.6 422.8,1,1.200,0,0,25.414,39.348
1768,58.933,64,motorcycle,0.728,574.2 331.4 704.7 439.4,1,1.200,0,0,26.189,38.184
1768,58.933,66,motorcycle,0.365,978.0 339.8 1054.1 425.3,1,1.200,0,0,26.189,38.184
1769,58.967,64,motorcycle,0.586,587.2 333.2 714.0 438.2,1,1.200,0,0,22.702,44.048
1769,58.967,66,motorcycle,0.365,984.6 337.2 1064.8 418.9,1,1.200,0,0,22.702,44.048
1770,59.000,64,motorcycle,0.534,603.8 328.8 723.0 430.9,1,1.200,0,0,24.286,41.177
1770,59.000,66,motorcycle,0.501,987.8 337.3 1066.6 419.4,1,1.200,0,0,24.286,41.177
1771,59.033,64,motorcycle,0.684,613.8 330.6 734.9 429.2,1,1.200,0,0,25.340,39.463
1771,59.033,66,motorcycle,0.558,991.0 338.8 1072.8 420.0,1,1.200,0,0,25.340,39.463
1771,59.033,67,motorcycle,0.254,990.1 265.9 1023.8 298.0,0,,0,0,25.340,39.463
1772,59.067,64,motorcycle,0.586,631.3 330.0 743.2 427.4,1,1.200,0,0,24.850,40.242
1772,59.067,66,motorcycle,0.564,995.0 335.4 1076.6 419.6,1,1.200,0,0,24.850,40.242
1773,59.100,66,motorcycle,0.688,1000.0 335.7 1082.4 420.7,1,1.200,0,0,25.269,39.574
1773,59.100,64,motorcycle,0.651,644.2 328.4 753.4 419.3,1,1.200,0,0,25.269,39.574
1774,59.133,64,motorcycle,0.694,651.7 324.9 765.6 422.7,1,1.200,0,0,24.753,40.399
1774,59.133,66,motorcycle,0.499,1003.6 335.1 1083.7 418.6,1,1.200,0,0,24.753,40.399
1775,59.167,64,motorcycle,0.674,662.3 326.7 772.1 420.9,1,1.200,0,0,25.634,39.010
1775,59.167,66,motorcycle,0.405,1008.4 343.6 1073.9 417.9,1,1.188,0,0,25.634,39.010
1776,59.200,64,motorcycle,0.541,674.1 326.1 781.5 419.2,1,1.200,0,0,26.625,37.559
1776,59.200,66,motorcycle,0.529,1010.4 332.6 1090.1 415.5,1,1.200,0,0,26.625,37.559
1777,59.233,64,motorcycle,0.572,685.0 327.0 789.3 414.0,1,1.200,0,0,24.588,40.670
1777,59.233,66,motorcycle,0.538,1015.9 334.3 1095.4 414.8,1,1.200,0,0,24.588,40.670
1778,59.267,64,motorcycle,0.591,698.1 324.3 797.6 411.3,1,1.200,0,0,25.228,39.639
1778,59.267,66,motorcycle,0.590,1018.7 335.6 1098.1 414.6,1,1.200,0,0,25.228,39.639
1779,59.300,66,motorcycle,0.631,1022.0 336.0 1099.9 414.8,1,1.200,0,0,25.451,39.292
1779,59.300,64,motorcycle,0.613,708.1 321.1 807.3 409.0,1,1.200,0,0,25.451,39.292
1780,59.333,64,motorcycle,0.694,715.1 324.7 815.7 411.6,1,1.200,0,0,24.513,40.794
1780,59.333,66,motorcycle,0.629,1026.2 334.0 1102.7 414.0,1,1.200,0,0,24.513,40.794
1781,59.367,64,motorcycle,0.746,725.8 325.3 822.8 412.0,1,1.200,0,0,24.151,41.407
1781,59.367,66,motorcycle,0.685,1032.5 334.8 1104.9 413.2,1,1.200,0,0,24.151,41.407
1782,59.400,64,motorcycle,0.681,735.8 321.2 828.5 409.9,1,1.200,0,0,32.071,31.181
1782,59.400,66,motorcycle,0.629,1034.8 333.0 1108.6 413.2,1,1.200,0,0,32.071,31.181
1783,59.433,64,motorcycle,0.640,745.7 322.4 837.0 406.3,1,1.200,0,0,25.024,39.962
1783,59.433,66,motorcycle,0.410,1037.9 287.2 1115.3 411.9,1,1.200,0,0,25.024,39.962
1784,59.467,64,motorcycle,0.591,757.5 322.3 844.1 401.7,1,1.200,0,0,25.272,39.570
1784,59.467,66,motorcycle,0.535,1040.9 332.1 1115.2 411.9,1,1.200,0,0,25.272,39.570
1785,59.500,64,motorcycle,0.643,766.5 320.7 853.0 404.1,1,1.196,0,0,25.015,39.977
1785,59.500,66,motorcycle,0.477,1043.8 331.9 1116.4 411.2,1,1.200,0,0,25.015,39.977
1786,59.533,64,motorcycle,0.617,770.1 321.2 857.2 405.8,1,1.200,0,0,23.887,41.863
1786,59.533,66,motorcycle,0.527,1048.1 336.8 1115.4 409.1,1,1.200,0,0,23.887,41.863
1787,59.567,64,motorcycle,0.525,777.4 321.7 867.4 405.0,1,1.200,0,0,23.737,42.128
1787,59.567,66,motorcycle,0.482,1053.7 337.6 1118.8 407.9,1,1.200,0,0,23.737,42.128
1788,59.600,64,motorcycle,0.571,787.5 320.8 871.6 400.3,1,1.200,0,0,23.019,43.443
1788,59.600,66,motorcycle,0.471,1054.2 335.5 1125.3 408.2,1,1.200,0,0,23.019,43.443
1789,59.633,64,motorcycle,0.657,796.1 317.9 881.4 397.1,1,1.200,0,0,26.843,37.254
1789,59.633,66,motorcycle,0.429,1057.1 329.2 1129.2 407.0,1,1.200,0,0,26.843,37.254
1790,59.667,64,motorcycle,0.559,800.1 320.5 886.8 399.9,0,,0,0,25.280,39.557
1790,59.667,66,motorcycle,0.419,1060.4 332.7 1129.1 406.2,1,1.200,0,0,25.280,39.557
1790,59.667,68,bicycle,0.322,808.8 318.2 884.7 396.0,1,1.200,0,0,25.280,39.557
1791,59.700,64,motorcycle,0.654,804.7 319.7 889.6 399.2,1,1.200,0,0,23.659,42.268
1791,59.700,66,motorcycle,0.494,1064.7 333.9 1130.9 405.7,1,1.174,0,0,23.659,42.268
1792,59.733,66,motorcycle,0.540,1066.7 327.0 1132.1 404.7,1,1.200,0,0,25.158,39.748
1792,59.733,64,motorcycle,0.467,816.7 318.8 894.4 396.8,1,1.200,0,0,25.158,39.748
1793,59.767,64,motorcycle,0.587,826.9 312.2 904.3 389.0,1,1.200,0,0,23.936,41.778
1793,59.767,66,motorcycle,0.550,1070.0 307.3 1133.8 403.7,1,1.200,0,0,23.936,41.778
1794,59.800,66,motorcycle,0.586,1072.5 334.0 1134.1 402.2,1,1.200,0,0,30.307,32.995
1794,59.800,64,motorcycle,0.563,832.8 314.4 912.4 392.1,1,1.200,0,0,30.307,32.995
1795,59.833,64,motorcycle,0.547,835.2 318.0 917.5 393.3,1,1.200,0,0,29.980,33.356
1795,59.833,66,motorcycle,0.338,1074.5 334.5 1136.3 401.4,1,1.200,0,0,29.980,33.356
1796,59.867,64,motorcycle,0.544,841.8 317.4 920.9 392.1,1,1.200,0,0,24.774,40.366
1796,59.867,66,motorcycle,0.282,1076.6 286.5 1151.6 401.8,1,1.200,0,0,24.774,40.366
1797,59.900,64,motorcycle,0.444,850.0 309.6 928.6 385.2,1,1.200,0,0,27.225,36.731
1798,59.933,64,motorcycle,0.576,860.2 314.7 932.8 385.4,1,1.200,0,0,24.120,41.459
1798,59.933,66,motorcycle,0.392,1082.6 319.3 1152.2 400.4,1,1.200,0,0,24.120,41.459
1799,59.967,64,motorcycle,0.609,863.6 313.4 933.8 384.8,1,1.200,0,0,23.155,43.188
1799,59.967,66,motorcycle,0.364,1086.2 322.8 1150.5 400.6,1,1.200,0,0,23.155,43.188
1800,60.000,64,motorcycle,0.597,872.9 316.8 943.4 385.2,1,1.200,0,0,23.533,42.494
1800,60.000,66,motorcycle,0.409,1088.0 321.9 1151.3 400.6,1,1.200,0,0,23.533,42.494
1801,60.033,64,motorcycle,0.725,873.1 313.2 945.8 383.4,1,1.200,0,0,24.858,40.228
1801,60.033,66,motorcycle,0.451,1089.8 305.8 1155.3 399.8,1,1.200,0,0,24.858,40.228
1802,60.067,64,motorcycle,0.752,878.6 312.3 946.8 383.6,1,1.200,0,0,24.121,41.458
1802,60.067,66,motorcycle,0.515,1092.4 318.7 1157.9 398.6,1,1.200,0,0,24.121,41.458
1802,60.067,69,motorcycle,0.265,1258.8 283.0 1279.5 352.4,0,,0,0,24.121,41.458
1803,60.100,64,motorcycle,0.629,883.6 311.7 950.2 383.1,1,1.200,0,0,24.753,40.399
1803,60.100,66,motorcycle,0.576,1095.6 323.0 1158.8 397.8,1,1.200,0,0,24.753,40.399
1803,60.100,69,motorcycle,0.291,1258.1 288.2 1279.6 352.2,0,,0,0,24.753,40.399
1804,60.133,64,motorcycle,0.635,889.5 313.4 955.8 381.5,1,1.200,0,0,24.409,40.968
1804,60.133,66,motorcycle,0.498,1099.0 330.4 1154.0 397.2,1,1.200,0,0,24.409,40.968
1805,60.167,64,motorcycle,0.645,894.4 317.6 961.9 381.7,1,1.200,0,0,24.460,40.883
1805,60.167,66,motorcycle,0.263,1102.4 317.0 1159.2 395.9,1,1.200,0,0,24.460,40.883
1806,60.200,64,motorcycle,0.556,897.0 319.3 970.6 384.3,1,1.200,0,0,24.224,41.281
1807,60.233,64,motorcycle,0.555,901.9 319.0 974.1 382.9,1,1.200,0,0,24.278,41.189
1808,60.267,64,motorcycle,0.643,907.8 315.2 974.8 380.5,1,1.200,0,0,29.003,34.479
1808,60.267,69,motorcycle,0.254,1258.4 311.8 1279.5 352.0,0,,0,0,29.003,34.479
1809,60.300,64,motorcycle,0.570,912.7 314.6 977.7 379.4,1,1.200,0,0,24.626,40.607
1810,60.333,64,motorcycle,0.564,916.6 311.9 984.3 379.2,1,1.200,0,0,23.971,41.717
1811,60.367,64,motorcycle,0.600,921.3 313.7 986.0 378.7,1,1.200,0,0,24.396,40.990
1812,60.400,64,motorcycle,0.687,925.0 312.8 991.5 378.2,1,1.200,0,0,25.237,39.624
1813,60.433,64,motorcycle,0.597,928.6 316.3 996.3 377.3,1,1.200,0,0,23.188,43.126
1814,60.467,64,motorcycle,0.550,932.9 312.5 997.8 377.9,1,1.200,0,0,25.424,39.334
1815,60.500,64,motorcycle,0.480,940.4 313.8 1004.3 376.0,1,1.200,0,0,25.713,38.891
1816,60.533,64,motorcycle,0.498,940.5 311.5 1003.5 376.3,1,1.200,0,0,25.640,39.001
