video,frame,timestamp_sec,vehicle_track_id,vehicle_class,vehicle_conf,vehicle_bbox,matched_person_ids,matched_person_count,match_scores,raw_overload,confirmed_overload,elapsed_ms,fps
/Users/lujintao/Library/CloudStorage/OneDrive-AUTUniversity/MyProject-OneDrive/yolo_zhy-feature-yolo-sam3-cascade/YOLO_TRACK_SIMPLE/standardData/9/9.mp4,21,0.700,M001,motorcycle,0.280,460.5 351.9 481.9 385.7,,0,,0,0,27.972,35.750
/Users/lujintao/Library/CloudStorage/OneDrive-AUTUniversity/MyProject-OneDrive/yolo_zhy-feature-yolo-sam3-cascade/YOLO_TRACK_SIMPLE/standardData/9/9.mp4,22,0.733,M001,motorcycle,0.287,460.7 352.0 482.0 385.6,,0,,0,0,27.661,36.152
/Users/lujintao/Library/CloudStorage/OneDrive-AUTUniversity/MyProject-OneDrive/yolo_zhy-feature-yolo-sam3-cascade/YOLO_TRACK_SIMPLE/standardData/9/9.mp4,27,0.900,M001,motorcycle,0.252,460.2 353.3 482.7 386.5,,0,,0,0,27.792,35.982
/Users/lujintao/Library/CloudStorage/OneDrive-AUTUniversity/MyProject-OneDrive/yolo_zhy-feature-yolo-sam3-cascade/YOLO_TRACK_SIMPLE/standardData/9/9.mp4,33,1.100,M001,motorcycle,0.268,459.6 352.7 483.8 387.7,,0,,0,0,29.245,34.194
/Users/lujintao/Library/CloudStorage/OneDrive-AUTUniversity/MyProject-OneDrive/yolo_zhy-feature-yolo-sam3-cascade/YOLO_TRACK_SIMPLE/standardData/9/9.mp4,34,1.133,M001,motorcycle,0.318,459.2 352.2 483.9 388.7,,0,,0,0,27.862,35.891
/Users/lujintao/Library/CloudStorage/OneDrive-AUTUniversity/MyProject-OneDrive/yolo_zhy-feature-yolo-sam3-cascade/YOLO_TRACK_SIMPLE/standardData/9/9.mp4,35,1.167,M001,motorcycle,0.321,458.6 352.3 483.9 388.9,,0,,0,0,28.595,34.971
/Users/lujintao/Library/CloudStorage/OneDrive-AUTUniversity/MyProject-OneDrive/yolo_zhy-feature-yolo-sam3-cascade/YOLO_TRACK_SIMPLE/standardData/9/9.mp4,36,1.200,M001,motorcycle,0.290,458.3 352.5 484.2 388.5,,0,,0,0,29.523,33.872
/Users/lujintao/Library/CloudStorage/OneDrive-AUTUniversity/MyProject-OneDrive/yolo_zhy-feature-yolo-sam3-cascade/YOLO_TRACK_SIMPLE/standardData/9/9.mp4,37,1.233,M001,motorcycle,0.285,458.1 352.5 484.2 388.5,,0,,0,0,28.094,35.595
/Users/lujintao/Library/CloudStorage/OneDrive-AUTUniversity/MyProject-OneDrive/yolo_zhy-feature-yolo-sam3-cascade/YOLO_TRACK_SIMPLE/standardData/9/9.mp4,39,1.300,M001,motorcycle,0.253,458.0 352.2 484.3 389.1,,0,,0,0,26.906,37.166
/Users/lujintao/Library/CloudStorage/OneDrive-AUTUniversity/MyProject-OneDrive/yolo_zhy-feature-yolo-sam3-cascade/YOLO_TRACK_SIMPLE/standardData/9/9.mp4,40,1.333,M001,motorcycle,0.279,457.9 352.1 484.4 389.6,,0,,0,0,27.400,36.496
/Users/lujintao/Library/CloudStorage/OneDrive-AUTUniversity/MyProject-OneDrive/yolo_zhy-feature-yolo-sam3-cascade/YOLO_TRACK_SIMPLE/standardData/9/9.mp4,41,1.367,M001,motorcycle,0.261,457.7 352.3 484.5 390.3,,0,,0,0,29.297,34.133
/Users/lujintao/Library/CloudStorage/OneDrive-AUTUniversity/MyProject-OneDrive/yolo_zhy-feature-yolo-sam3-cascade/YOLO_TRACK_SIMPLE/standardData/9/9.mp4,42,1.400,M001,motorcycle,0.272,457.4 352.4 484.4 390.6,,0,,0,0,27.689,36.116
/Users/lujintao/Library/CloudStorage/OneDrive-AUTUniversity/MyProject-OneDrive/yolo_zhy-feature-yolo-sam3-cascade/YOLO_TRACK_SIMPLE/standardData/9/9.mp4,44,1.467,M001,motorcycle,0.291,456.6 352.8 484.7 391.1,,0,,0,0,28.229,35.425
/Users/lujintao/Library/CloudStorage/OneDrive-AUTUniversity/MyProject-OneDrive/yolo_zhy-feature-yolo-sam3-cascade/YOLO_TRACK_SIMPLE/standardData/9/9.mp4,45,1.500,M001,motorcycle,0.265,456.5 354.8 484.4 391.3,,0,,0,0,28.607,34.956
/Users/lujintao/Library/CloudStorage/OneDrive-AUTUniversity/MyProject-OneDrive/yolo_zhy-feature-yolo-sam3-cascade/YOLO_TRACK_SIMPLE/standardData/9/9.mp4,49,1.633,M001,motorcycle,0.257,454.5 355.8 484.1 393.7,,0,,0,0,27.956,35.770
/Users/lujintao/Library/CloudStorage/OneDrive-AUTUniversity/MyProject-OneDrive/yolo_zhy-feature-yolo-sam3-cascade/YOLO_TRACK_SIMPLE/standardData/9/9.mp4,50,1.667,M001,motorcycle,0.264,453.5 356.4 484.0 394.1,,0,,0,0,26.840,37.257
/Users/lujintao/Library/CloudStorage/OneDrive-AUTUniversity/MyProject-OneDrive/yolo_zhy-feature-yolo-sam3-cascade/YOLO_TRACK_SIMPLE/standardData/9/9.mp4,51,1.700,M001,motorcycle,0.313,453.2 356.5 484.0 394.7,,0,,0,0,27.487,36.381
/Users/lujintao/Library/CloudStorage/OneDrive-AUTUniversity/MyProject-OneDrive/yolo_zhy-feature-yolo-sam3-cascade/YOLO_TRACK_SIMPLE/standardData/9/9.mp4,52,1.733,M001,motorcycle,0.394,451.7 355.6 483.9 395.8,,0,,0,0,28.620,34.941
/Users/lujintao/Library/CloudStorage/OneDrive-AUTUniversity/MyProject-OneDrive/yolo_zhy-feature-yolo-sam3-cascade/YOLO_TRACK_SIMPLE/standardData/9/9.mp4,53,1.767,M001,motorcycle,0.381,450.5 355.0 483.4 395.5,,0,,0,0,46.056,21.713
/Users/lujintao/Library/CloudStorage/OneDrive-AUTUniversity/MyProject-OneDrive/yolo_zhy-feature-yolo-sam3-cascade/YOLO_TRACK_SIMPLE/standardData/9/9.mp4,54,1.800,M001,motorcycle,0.339,450.0 355.3 483.0 395.8,,0,,0,0,26.857,37.234
/Users/lujintao/Library/CloudStorage/OneDrive-AUTUniversity/MyProject-OneDrive/yolo_zhy-feature-yolo-sam3-cascade/YOLO_TRACK_SIMPLE/standardData/9/9.mp4,55,1.833,M001,motorcycle,0.283,448.5 356.2 482.2 396.1,,0,,0,0,26.839,37.260
/Users/lujintao/Library/CloudStorage/OneDrive-AUTUniversity/MyProject-OneDrive/yolo_zhy-feature-yolo-sam3-cascade/YOLO_TRACK_SIMPLE/standardData/9/9.mp4,56,1.867,M001,motorcycle,0.379,448.0 355.7 481.4 396.8,,0,,0,0,29.206,34.239
/Users/lujintao/Library/CloudStorage/OneDrive-AUTUniversity/MyProject-OneDrive/yolo_zhy-feature-yolo-sam3-cascade/YOLO_TRACK_SIMPLE/standardData/9/9.mp4,57,1.900,M001,motorcycle,0.408,446.8 353.7 480.6 397.1,,0,,0,0,27.679,36.129
/Users/lujintao/Library/CloudStorage/OneDrive-AUTUniversity/MyProject-OneDrive/yolo_zhy-feature-yolo-sam3-cascade/YOLO_TRACK_SIMPLE/standardData/9/9.mp4,58,1.933,M001,motorcycle,0.328,445.6 357.5 479.9 397.3,,0,,0,0,26.868,37.218
/Users/lujintao/Library/CloudStorage/OneDrive-AUTUniversity/MyProject-OneDrive/yolo_zhy-feature-yolo-sam3-cascade/YOLO_TRACK_SIMPLE/standardData/9/9.mp4,60,2.000,M001,motorcycle,0.254,442.5 355.7 477.9 399.1,,0,,0,0,48.752,20.512
/Users/lujintao/Library/CloudStorage/OneDrive-AUTUniversity/MyProject-OneDrive/yolo_zhy-feature-yolo-sam3-cascade/YOLO_TRACK_SIMPLE/standardData/9/9.mp4,61,2.033,M001,motorcycle,0.316,441.2 354.1 477.9 399.5,,0,,0,0,28.082,35.610
/Users/lujintao/Library/CloudStorage/OneDrive-AUTUniversity/MyProject-OneDrive/yolo_zhy-feature-yolo-sam3-cascade/YOLO_TRACK_SIMPLE/standardData/9/9.mp4,62,2.067,M001,motorcycle,0.346,439.7 353.1 477.0 400.4,,0,,0,0,28.093,35.596
/Users/lujintao/Library/CloudStorage/OneDrive-AUTUniversity/MyProject-OneDrive/yolo_zhy-feature-yolo-sam3-cascade/YOLO_TRACK_SIMPLE/standardData/9/9.mp4,63,2.100,M001,motorcycle,0.389,439.2 353.2 474.6 401.3,,0,,0,0,26.861,37.228
/Users/lujintao/Library/CloudStorage/OneDrive-AUTUniversity/MyProject-OneDrive/yolo_zhy-feature-yolo-sam3-cascade/YOLO_TRACK_SIMPLE/standardData/9/9.mp4,64,2.133,M001,motorcycle,0.414,437.3 359.5 473.9 403.5,,0,,0,0,27.515,36.343
/Users/lujintao/Library/CloudStorage/OneDrive-AUTUniversity/MyProject-OneDrive/yolo_zhy-feature-yolo-sam3-cascade/YOLO_TRACK_SIMPLE/standardData/9/9.mp4,65,2.167,M001,motorcycle,0.269,436.0 360.5 474.0 403.9,,0,,0,0,28.024,35.683
/Users/lujintao/Library/CloudStorage/OneDrive-AUTUniversity/MyProject-OneDrive/yolo_zhy-feature-yolo-sam3-cascade/YOLO_TRACK_SIMPLE/standardData/9/9.mp4,69,2.300,M001,motorcycle,0.382,429.7 358.9 469.4 405.0,,0,,0,0,28.748,34.784
/Users/lujintao/Library/CloudStorage/OneDrive-AUTUniversity/MyProject-OneDrive/yolo_zhy-feature-yolo-sam3-cascade/YOLO_TRACK_SIMPLE/standardData/9/9.mp4,70,2.333,M001,motorcycle,0.263,428.7 359.4 468.3 405.7,,0,,0,0,27.442,36.440
/Users/lujintao/Library/CloudStorage/OneDrive-AUTUniversity/MyProject-OneDrive/yolo_zhy-feature-yolo-sam3-cascade/YOLO_TRACK_SIMPLE/standardData/9/9.mp4,94,3.133,U001,motorcycle,0.263,365.7 365.4 424.3 413.9,,0,,0,0,26.503,37.731
/Users/lujintao/Library/CloudStorage/OneDrive-AUTUniversity/MyProject-OneDrive/yolo_zhy-feature-yolo-sam3-cascade/YOLO_TRACK_SIMPLE/standardData/9/9.mp4,95,3.167,U001,motorcycle,0.272,362.8 367.3 420.8 414.6,,0,,0,0,28.120,35.562
/Users/lujintao/Library/CloudStorage/OneDrive-AUTUniversity/MyProject-OneDrive/yolo_zhy-feature-yolo-sam3-cascade/YOLO_TRACK_SIMPLE/standardData/9/9.mp4,99,3.300,U001,motorcycle,0.254,349.4 370.4 410.1 416.7,,0,,0,0,29.831,33.523
/Users/lujintao/Library/CloudStorage/OneDrive-AUTUniversity/MyProject-OneDrive/yolo_zhy-feature-yolo-sam3-cascade/YOLO_TRACK_SIMPLE/standardData/9/9.mp4,100,3.333,U001,motorcycle,0.251,523.0 359.7 547.2 386.9,,0,,0,0,29.872,33.476
/Users/lujintao/Library/CloudStorage/OneDrive-AUTUniversity/MyProject-OneDrive/yolo_zhy-feature-yolo-sam3-cascade/YOLO_TRACK_SIMPLE/standardData/9/9.mp4,102,3.400,U001,motorcycle,0.344,333.8 370.7 399.7 417.6,,0,,0,0,29.512,33.884
/Users/lujintao/Library/CloudStorage/OneDrive-AUTUniversity/MyProject-OneDrive/yolo_zhy-feature-yolo-sam3-cascade/YOLO_TRACK_SIMPLE/standardData/9/9.mp4,103,3.433,U001,motorcycle,0.315,332.0 370.7 396.2 417.3,,0,,0,0,29.505,33.893
/Users/lujintao/Library/CloudStorage/OneDrive-AUTUniversity/MyProject-OneDrive/yolo_zhy-feature-yolo-sam3-cascade/YOLO_TRACK_SIMPLE/standardData/9/9.mp4,107,3.567,U001,motorcycle,0.295,312.4 377.7 384.4 447.1,,0,,0,0,29.200,34.246
/Users/lujintao/Library/CloudStorage/OneDrive-AUTUniversity/MyProject-OneDrive/yolo_zhy-feature-yolo-sam3-cascade/YOLO_TRACK_SIMPLE/standardData/9/9.mp4,108,3.600,U001,motorcycle,0.278,307.7 379.9 381.7 448.3,,0,,0,0,28.094,35.594
/Users/lujintao/Library/CloudStorage/OneDrive-AUTUniversity/MyProject-OneDrive/yolo_zhy-feature-yolo-sam3-cascade/YOLO_TRACK_SIMPLE/standardData/9/9.mp4,111,3.700,U001,motorcycle,0.257,467.1 364.2 502.6 391.4,,0,,0,0,28.871,34.637
/Users/lujintao/Library/CloudStorage/OneDrive-AUTUniversity/MyProject-OneDrive/yolo_zhy-feature-yolo-sam3-cascade/YOLO_TRACK_SIMPLE/standardData/9/9.mp4,123,4.100,U001,motorcycle,0.348,989.7 375.8 1072.3 432.1,,0,,0,0,26.902,37.172
/Users/lujintao/Library/CloudStorage/OneDrive-AUTUniversity/MyProject-OneDrive/yolo_zhy-feature-yolo-sam3-cascade/YOLO_TRACK_SIMPLE/standardData/9/9.mp4,125,4.167,U001,motorcycle,0.263,1013.6 374.4 1102.2 431.4,,0,,0,0,30.836,32.430
/Users/lujintao/Library/CloudStorage/OneDrive-AUTUniversity/MyProject-OneDrive/yolo_zhy-feature-yolo-sam3-cascade/YOLO_TRACK_SIMPLE/standardData/9/9.mp4,154,5.133,U001,motorcycle,0.272,90.7 380.4 191.4 469.5,,0,,0,0,30.654,32.623
/Users/lujintao/Library/CloudStorage/OneDrive-AUTUniversity/MyProject-OneDrive/yolo_zhy-feature-yolo-sam3-cascade/YOLO_TRACK_SIMPLE/standardData/9/9.mp4,157,5.233,U001,motorcycle,0.387,82.4 395.4 190.0 471.2,,0,,0,0,31.004,32.254
/Users/lujintao/Library/CloudStorage/OneDrive-AUTUniversity/MyProject-OneDrive/yolo_zhy-feature-yolo-sam3-cascade/YOLO_TRACK_SIMPLE/standardData/9/9.mp4,158,5.267,M002,motorcycle,0.404,80.2 393.1 208.8 472.6,,0,,0,0,29.137,34.321
/Users/lujintao/Library/CloudStorage/OneDrive-AUTUniversity/MyProject-OneDrive/yolo_zhy-feature-yolo-sam3-cascade/YOLO_TRACK_SIMPLE/standardData/9/9.mp4,159,5.300,M002,motorcycle,0.486,77.2 382.5 214.1 472.4,,0,,0,0,28.410,35.199
/Users/lujintao/Library/CloudStorage/OneDrive-AUTUniversity/MyProject-OneDrive/yolo_zhy-feature-yolo-sam3-cascade/YOLO_TRACK_SIMPLE/standardData/9/9.mp4,160,5.333,M002,motorcycle,0.545,73.9 364.6 209.4 472.7,,0,,0,0,29.486,33.915
/Users/lujintao/Library/CloudStorage/OneDrive-AUTUniversity/MyProject-OneDrive/yolo_zhy-feature-yolo-sam3-cascade/YOLO_TRACK_SIMPLE/standardData/9/9.mp4,161,5.367,M002,motorcycle,0.442,71.0 359.1 234.0 473.8,,0,,0,0,30.744,32.527
/Users/lujintao/Library/CloudStorage/OneDrive-AUTUniversity/MyProject-OneDrive/yolo_zhy-feature-yolo-sam3-cascade/YOLO_TRACK_SIMPLE/standardData/9/9.mp4,162,5.400,M002,motorcycle,0.376,68.8 372.0 186.7 473.1,,0,,0,0,30.243,33.065
/Users/lujintao/Library/CloudStorage/OneDrive-AUTUniversity/MyProject-OneDrive/yolo_zhy-feature-yolo-sam3-cascade/YOLO_TRACK_SIMPLE/standardData/9/9.mp4,163,5.433,M002,motorcycle,0.462,65.7 385.8 185.1 474.3,,0,,0,0,28.979,34.508
/Users/lujintao/Library/CloudStorage/OneDrive-AUTUniversity/MyProject-OneDrive/yolo_zhy-feature-yolo-sam3-cascade/YOLO_TRACK_SIMPLE/standardData/9/9.mp4,164,5.467,M002,motorcycle,0.499,62.2 391.0 181.6 473.7,,0,,0,0,29.606,33.777
/Users/lujintao/Library/CloudStorage/OneDrive-AUTUniversity/MyProject-OneDrive/yolo_zhy-feature-yolo-sam3-cascade/YOLO_TRACK_SIMPLE/standardData/9/9.mp4,165,5.500,M002,motorcycle,0.414,58.6 395.2 183.4 473.6,,0,,0,0,27.643,36.175
/Users/lujintao/Library/CloudStorage/OneDrive-AUTUniversity/MyProject-OneDrive/yolo_zhy-feature-yolo-sam3-cascade/YOLO_TRACK_SIMPLE/standardData/9/9.mp4,166,5.533,M002,motorcycle,0.398,55.7 389.1 183.2 474.9,,0,,0,0,29.145,34.311
/Users/lujintao/Library/CloudStorage/OneDrive-AUTUniversity/MyProject-OneDrive/yolo_zhy-feature-yolo-sam3-cascade/YOLO_TRACK_SIMPLE/standardData/9/9.mp4,167,5.567,M002,motorcycle,0.409,52.2 381.3 186.3 476.2,P006,1,1.491,0,0,28.744,34.790
/Users/lujintao/Library/CloudStorage/OneDrive-AUTUniversity/MyProject-OneDrive/yolo_zhy-feature-yolo-sam3-cascade/YOLO_TRACK_SIMPLE/standardData/9/9.mp4,168,5.600,M002,motorcycle,0.577,50.0 377.3 185.4 477.1,P006,1,1.546,0,0,46.224,21.634
/Users/lujintao/Library/CloudStorage/OneDrive-AUTUniversity/MyProject-OneDrive/yolo_zhy-feature-yolo-sam3-cascade/YOLO_TRACK_SIMPLE/standardData/9/9.mp4,169,5.633,M002,motorcycle,0.542,47.9 382.4 185.2 477.7,P006,1,1.465,0,0,28.212,35.446
/Users/lujintao/Library/CloudStorage/OneDrive-AUTUniversity/MyProject-OneDrive/yolo_zhy-feature-yolo-sam3-cascade/YOLO_TRACK_SIMPLE/standardData/9/9.mp4,170,5.667,M002,motorcycle,0.446,45.7 378.5 187.1 477.6,P006,1,1.552,0,0,30.196,33.117
/Users/lujintao/Library/CloudStorage/OneDrive-AUTUniversity/MyProject-OneDrive/yolo_zhy-feature-yolo-sam3-cascade/YOLO_TRACK_SIMPLE/standardData/9/9.mp4,171,5.700,M002,motorcycle,0.462,42.1 369.1 203.9 478.0,,0,,0,0,30.720,32.553
/Users/lujintao/Library/CloudStorage/OneDrive-AUTUniversity/MyProject-OneDrive/yolo_zhy-feature-yolo-sam3-cascade/YOLO_TRACK_SIMPLE/standardData/9/9.mp4,172,5.733,M002,motorcycle,0.297,39.9 374.1 197.1 477.3,P006,1,1.543,0,0,28.163,35.507
/Users/lujintao/Library/CloudStorage/OneDrive-AUTUniversity/MyProject-OneDrive/yolo_zhy-feature-yolo-sam3-cascade/YOLO_TRACK_SIMPLE/standardData/9/9.mp4,173,5.767,M002,motorcycle,0.353,37.5 371.0 211.5 478.6,P006,1,1.450,0,0,26.767,37.360
/Users/lujintao/Library/CloudStorage/OneDrive-AUTUniversity/MyProject-OneDrive/yolo_zhy-feature-yolo-sam3-cascade/YOLO_TRACK_SIMPLE/standardData/9/9.mp4,174,5.800,M002,motorcycle,0.459,35.1 365.4 218.1 478.1,P006,1,1.450,0,0,29.127,34.333
/Users/lujintao/Library/CloudStorage/OneDrive-AUTUniversity/MyProject-OneDrive/yolo_zhy-feature-yolo-sam3-cascade/YOLO_TRACK_SIMPLE/standardData/9/9.mp4,175,5.833,M002,motorcycle,0.513,33.0 361.2 219.3 478.6,P006,1,1.430,0,0,30.989,32.270
/Users/lujintao/Library/CloudStorage/OneDrive-AUTUniversity/MyProject-OneDrive/yolo_zhy-feature-yolo-sam3-cascade/YOLO_TRACK_SIMPLE/standardData/9/9.mp4,176,5.867,M002,motorcycle,0.464,31.7 363.3 215.4 479.1,P006,1,1.563,0,0,29.840,33.512
/Users/lujintao/Library/CloudStorage/OneDrive-AUTUniversity/MyProject-OneDrive/yolo_zhy-feature-yolo-sam3-cascade/YOLO_TRACK_SIMPLE/standardData/9/9.mp4,177,5.900,M002,motorcycle,0.524,29.7 361.2 215.2 479.2,P006,1,1.531,0,0,28.093,35.596
/Users/lujintao/Library/CloudStorage/OneDrive-AUTUniversity/MyProject-OneDrive/yolo_zhy-feature-yolo-sam3-cascade/YOLO_TRACK_SIMPLE/standardData/9/9.mp4,178,5.933,M002,motorcycle,0.517,26.6 358.5 208.5 479.0,P006,1,1.578,0,0,28.201,35.460
/Users/lujintao/Library/CloudStorage/OneDrive-AUTUniversity/MyProject-OneDrive/yolo_zhy-feature-yolo-sam3-cascade/YOLO_TRACK_SIMPLE/standardData/9/9.mp4,179,5.967,M002,motorcycle,0.349,25.1 376.8 191.5 478.0,P006,1,1.586,0,0,29.120,34.340
/Users/lujintao/Library/CloudStorage/OneDrive-AUTUniversity/MyProject-OneDrive/yolo_zhy-feature-yolo-sam3-cascade/YOLO_TRACK_SIMPLE/standardData/9/9.mp4,180,6.000,M002,motorcycle,0.357,23.1 370.1 197.9 478.8,P006,1,1.463,0,0,28.327,35.302
/Users/lujintao/Library/CloudStorage/OneDrive-AUTUniversity/MyProject-OneDrive/yolo_zhy-feature-yolo-sam3-cascade/YOLO_TRACK_SIMPLE/standardData/9/9.mp4,181,6.033,M002,motorcycle,0.386,21.8 366.8 202.6 478.6,P006,1,1.499,0,0,28.542,35.036
/Users/lujintao/Library/CloudStorage/OneDrive-AUTUniversity/MyProject-OneDrive/yolo_zhy-feature-yolo-sam3-cascade/YOLO_TRACK_SIMPLE/standardData/9/9.mp4,192,6.400,M002,motorcycle,0.275,4.2 352.2 194.6 479.6,,0,,0,0,29.327,34.098
/Users/lujintao/Library/CloudStorage/OneDrive-AUTUniversity/MyProject-OneDrive/yolo_zhy-feature-yolo-sam3-cascade/YOLO_TRACK_SIMPLE/standardData/9/9.mp4,205,6.833,M002,motorcycle,0.308,3.1 370.0 183.1 479.8,,0,,0,0,29.359,34.061
/Users/lujintao/Library/CloudStorage/OneDrive-AUTUniversity/MyProject-OneDrive/yolo_zhy-feature-yolo-sam3-cascade/YOLO_TRACK_SIMPLE/standardData/9/9.mp4,206,6.867,M002,motorcycle,0.373,2.3 368.9 183.9 479.8,,0,,0,0,34.474,29.008
/Users/lujintao/Library/CloudStorage/OneDrive-AUTUniversity/MyProject-OneDrive/yolo_zhy-feature-yolo-sam3-cascade/YOLO_TRACK_SIMPLE/standardData/9/9.mp4,207,6.900,M002,motorcycle,0.385,2.1 378.2 181.8 480.2,,0,,0,0,30.347,32.952
/Users/lujintao/Library/CloudStorage/OneDrive-AUTUniversity/MyProject-OneDrive/yolo_zhy-feature-yolo-sam3-cascade/YOLO_TRACK_SIMPLE/standardData/9/9.mp4,208,6.933,M002,motorcycle,0.403,1.2 381.1 182.0 480.8,,0,,0,0,27.980,35.740
/Users/lujintao/Library/CloudStorage/OneDrive-AUTUniversity/MyProject-OneDrive/yolo_zhy-feature-yolo-sam3-cascade/YOLO_TRACK_SIMPLE/standardData/9/9.mp4,209,6.967,M002,motorcycle,0.516,1.7 376.4 181.7 480.6,,0,,0,0,29.217,34.227
/Users/lujintao/Library/CloudStorage/OneDrive-AUTUniversity/MyProject-OneDrive/yolo_zhy-feature-yolo-sam3-cascade/YOLO_TRACK_SIMPLE/standardData/9/9.mp4,210,7.000,M002,motorcycle,0.529,1.9 367.7 181.0 480.4,,0,,0,0,27.936,35.796
/Users/lujintao/Library/CloudStorage/OneDrive-AUTUniversity/MyProject-OneDrive/yolo_zhy-feature-yolo-sam3-cascade/YOLO_TRACK_SIMPLE/standardData/9/9.mp4,211,7.033,M002,motorcycle,0.585,1.9 360.9 181.0 480.7,,0,,0,0,30.992,32.266
/Users/lujintao/Library/CloudStorage/OneDrive-AUTUniversity/MyProject-OneDrive/yolo_zhy-feature-yolo-sam3-cascade/YOLO_TRACK_SIMPLE/standardData/9/9.mp4,212,7.067,M002,motorcycle,0.648,2.0 357.9 181.8 480.4,,0,,0,0,28.992,34.492
/Users/lujintao/Library/CloudStorage/OneDrive-AUTUniversity/MyProject-OneDrive/yolo_zhy-feature-yolo-sam3-cascade/YOLO_TRACK_SIMPLE/standardData/9/9.mp4,213,7.100,M002,motorcycle,0.600,2.8 355.7 182.5 480.2,,0,,0,0,26.910,37.161
/Users/lujintao/Library/CloudStorage/OneDrive-AUTUniversity/MyProject-OneDrive/yolo_zhy-feature-yolo-sam3-cascade/YOLO_TRACK_SIMPLE/standardData/9/9.mp4,214,7.133,M002,motorcycle,0.528,3.1 362.0 183.0 480.2,,0,,0,0,29.288,34.144
/Users/lujintao/Library/CloudStorage/OneDrive-AUTUniversity/MyProject-OneDrive/yolo_zhy-feature-yolo-sam3-cascade/YOLO_TRACK_SIMPLE/standardData/9/9.mp4,215,7.167,M002,motorcycle,0.494,3.4 363.2 182.9 480.0,,0,,0,0,30.606,32.673
/Users/lujintao/Library/CloudStorage/OneDrive-AUTUniversity/MyProject-OneDrive/yolo_zhy-feature-yolo-sam3-cascade/YOLO_TRACK_SIMPLE/standardData/9/9.mp4,216,7.200,M002,motorcycle,0.500,3.6 360.5 184.3 480.3,,0,,0,0,29.080,34.388
/Users/lujintao/Library/CloudStorage/OneDrive-AUTUniversity/MyProject-OneDrive/yolo_zhy-feature-yolo-sam3-cascade/YOLO_TRACK_SIMPLE/standardData/9/9.mp4,217,7.233,M002,motorcycle,0.529,4.2 358.7 187.3 480.3,,0,,0,0,30.202,33.110
/Users/lujintao/Library/CloudStorage/OneDrive-AUTUniversity/MyProject-OneDrive/yolo_zhy-feature-yolo-sam3-cascade/YOLO_TRACK_SIMPLE/standardData/9/9.mp4,218,7.267,M002,motorcycle,0.486,4.3 358.5 197.6 480.2,,0,,0,0,30.912,32.350
/Users/lujintao/Library/CloudStorage/OneDrive-AUTUniversity/MyProject-OneDrive/yolo_zhy-feature-yolo-sam3-cascade/YOLO_TRACK_SIMPLE/standardData/9/9.mp4,219,7.300,M002,motorcycle,0.541,4.6 358.1 198.3 480.3,,0,,0,0,30.493,32.794
/Users/lujintao/Library/CloudStorage/OneDrive-AUTUniversity/MyProject-OneDrive/yolo_zhy-feature-yolo-sam3-cascade/YOLO_TRACK_SIMPLE/standardData/9/9.mp4,220,7.333,M002,motorcycle,0.500,5.6 359.0 202.2 480.1,,0,,0,0,28.486,35.105
/Users/lujintao/Library/CloudStorage/OneDrive-AUTUniversity/MyProject-OneDrive/yolo_zhy-feature-yolo-sam3-cascade/YOLO_TRACK_SIMPLE/standardData/9/9.mp4,221,7.367,M002,motorcycle,0.514,5.6 359.0 200.5 480.0,,0,,0,0,30.935,32.326
/Users/lujintao/Library/CloudStorage/OneDrive-AUTUniversity/MyProject-OneDrive/yolo_zhy-feature-yolo-sam3-cascade/YOLO_TRACK_SIMPLE/standardData/9/9.mp4,222,7.400,M002,motorcycle,0.496,5.7 358.2 198.0 480.1,,0,,0,0,29.736,33.629
/Users/lujintao/Library/CloudStorage/OneDrive-AUTUniversity/MyProject-OneDrive/yolo_zhy-feature-yolo-sam3-cascade/YOLO_TRACK_SIMPLE/standardData/9/9.mp4,223,7.433,M002,motorcycle,0.497,5.7 359.9 197.5 480.1,,0,,0,0,29.375,34.043
/Users/lujintao/Library/CloudStorage/OneDrive-AUTUniversity/MyProject-OneDrive/yolo_zhy-feature-yolo-sam3-cascade/YOLO_TRACK_SIMPLE/standardData/9/9.mp4,224,7.467,M002,motorcycle,0.439,5.9 359.0 197.4 480.2,,0,,0,0,47.922,20.867
/Users/lujintao/Library/CloudStorage/OneDrive-AUTUniversity/MyProject-OneDrive/yolo_zhy-feature-yolo-sam3-cascade/YOLO_TRACK_SIMPLE/standardData/9/9.mp4,225,7.500,M002,motorcycle,0.476,6.3 358.3 196.2 480.2,,0,,0,0,28.632,34.926
/Users/lujintao/Library/CloudStorage/OneDrive-AUTUniversity/MyProject-OneDrive/yolo_zhy-feature-yolo-sam3-cascade/YOLO_TRACK_SIMPLE/standardData/9/9.mp4,226,7.533,M002,motorcycle,0.534,6.8 357.3 196.6 480.0,,0,,0,0,48.858,20.468
/Users/lujintao/Library/CloudStorage/OneDrive-AUTUniversity/MyProject-OneDrive/yolo_zhy-feature-yolo-sam3-cascade/YOLO_TRACK_SIMPLE/standardData/9/9.mp4,227,7.567,M002,motorcycle,0.575,6.8 357.4 198.6 480.0,,0,,0,0,29.333,34.091
/Users/lujintao/Library/CloudStorage/OneDrive-AUTUniversity/MyProject-OneDrive/yolo_zhy-feature-yolo-sam3-cascade/YOLO_TRACK_SIMPLE/standardData/9/9.mp4,228,7.600,M002,motorcycle,0.599,7.1 356.1 197.3 480.1,,0,,0,0,29.994,33.340
/Users/lujintao/Library/CloudStorage/OneDrive-AUTUniversity/MyProject-OneDrive/yolo_zhy-feature-yolo-sam3-cascade/YOLO_TRACK_SIMPLE/standardData/9/9.mp4,229,7.633,M002,motorcycle,0.603,7.1 356.4 196.8 480.1,,0,,0,0,31.717,31.529
/Users/lujintao/Library/CloudStorage/OneDrive-AUTUniversity/MyProject-OneDrive/yolo_zhy-feature-yolo-sam3-cascade/YOLO_TRACK_SIMPLE/standardData/9/9.mp4,230,7.667,M002,motorcycle,0.610,7.9 356.3 197.1 480.0,,0,,0,0,29.415,33.996
/Users/lujintao/Library/CloudStorage/OneDrive-AUTUniversity/MyProject-OneDrive/yolo_zhy-feature-yolo-sam3-cascade/YOLO_TRACK_SIMPLE/standardData/9/9.mp4,231,7.700,M002,motorcycle,0.609,7.5 356.4 197.3 480.0,,0,,0,0,30.159,33.158
/Users/lujintao/Library/CloudStorage/OneDrive-AUTUniversity/MyProject-OneDrive/yolo_zhy-feature-yolo-sam3-cascade/YOLO_TRACK_SIMPLE/standardData/9/9.mp4,232,7.733,M002,motorcycle,0.627,7.5 356.4 196.7 480.0,,0,,0,0,31.369,31.878
/Users/lujintao/Library/CloudStorage/OneDrive-AUTUniversity/MyProject-OneDrive/yolo_zhy-feature-yolo-sam3-cascade/YOLO_TRACK_SIMPLE/standardData/9/9.mp4,233,7.767,M002,motorcycle,0.617,7.9 356.8 197.1 480.0,,0,,0,0,29.387,34.029
/Users/lujintao/Library/CloudStorage/OneDrive-AUTUniversity/MyProject-OneDrive/yolo_zhy-feature-yolo-sam3-cascade/YOLO_TRACK_SIMPLE/standardData/9/9.mp4,234,7.800,M002,motorcycle,0.596,6.6 361.8 198.9 479.5,,0,,0,0,30.255,33.053
/Users/lujintao/Library/CloudStorage/OneDrive-AUTUniversity/MyProject-OneDrive/yolo_zhy-feature-yolo-sam3-cascade/YOLO_TRACK_SIMPLE/standardData/9/9.mp4,235,7.833,M002,motorcycle,0.573,8.3 357.9 199.4 480.1,,0,,0,0,29.842,33.509
/Users/lujintao/Library/CloudStorage/OneDrive-AUTUniversity/MyProject-OneDrive/yolo_zhy-feature-yolo-sam3-cascade/YOLO_TRACK_SIMPLE/standardData/9/9.mp4,236,7.867,M002,motorcycle,0.600,6.5 360.9 198.5 479.8,,0,,0,0,30.001,33.332
/Users/lujintao/Library/CloudStorage/OneDrive-AUTUniversity/MyProject-OneDrive/yolo_zhy-feature-yolo-sam3-cascade/YOLO_TRACK_SIMPLE/standardData/9/9.mp4,237,7.900,M002,motorcycle,0.581,9.8 358.2 198.3 480.2,,0,,0,0,28.809,34.712
/Users/lujintao/Library/CloudStorage/OneDrive-AUTUniversity/MyProject-OneDrive/yolo_zhy-feature-yolo-sam3-cascade/YOLO_TRACK_SIMPLE/standardData/9/9.mp4,238,7.933,M002,motorcycle,0.595,9.0 362.1 196.2 479.6,,0,,0,0,29.227,34.214
/Users/lujintao/Library/CloudStorage/OneDrive-AUTUniversity/MyProject-OneDrive/yolo_zhy-feature-yolo-sam3-cascade/YOLO_TRACK_SIMPLE/standardData/9/9.mp4,239,7.967,M002,motorcycle,0.634,10.2 362.4 200.7 479.8,,0,,0,0,31.231,32.020
/Users/lujintao/Library/CloudStorage/OneDrive-AUTUniversity/MyProject-OneDrive/yolo_zhy-feature-yolo-sam3-cascade/YOLO_TRACK_SIMPLE/standardData/9/9.mp4,240,8.000,M002,motorcycle,0.668,11.6 362.6 201.0 479.9,,0,,0,0,29.115,34.347
/Users/lujintao/Library/CloudStorage/OneDrive-AUTUniversity/MyProject-OneDrive/yolo_zhy-feature-yolo-sam3-cascade/YOLO_TRACK_SIMPLE/standardData/9/9.mp4,241,8.033,M002,motorcycle,0.695,11.4 362.6 199.9 479.7,,0,,0,0,30.024,33.306
/Users/lujintao/Library/CloudStorage/OneDrive-AUTUniversity/MyProject-OneDrive/yolo_zhy-feature-yolo-sam3-cascade/YOLO_TRACK_SIMPLE/standardData/9/9.mp4,242,8.067,M002,motorcycle,0.694,12.2 362.2 201.7 479.7,,0,,0,0,30.085,33.239
/Users/lujintao/Library/CloudStorage/OneDrive-AUTUniversity/MyProject-OneDrive/yolo_zhy-feature-yolo-sam3-cascade/YOLO_TRACK_SIMPLE/standardData/9/9.mp4,243,8.100,M002,motorcycle,0.692,12.7 362.2 202.5 479.6,,0,,0,0,31.258,31.992
/Users/lujintao/Library/CloudStorage/OneDrive-AUTUniversity/MyProject-OneDrive/yolo_zhy-feature-yolo-sam3-cascade/YOLO_TRACK_SIMPLE/standardData/9/9.mp4,244,8.133,M002,motorcycle,0.676,13.0 361.5 203.8 479.7,,0,,0,0,48.653,20.554
/Users/lujintao/Library/CloudStorage/OneDrive-AUTUniversity/MyProject-OneDrive/yolo_zhy-feature-yolo-sam3-cascade/YOLO_TRACK_SIMPLE/standardData/9/9.mp4,245,8.167,M002,motorcycle,0.661,13.0 362.5 202.3 479.6,,0,,0,0,30.379,32.917
/Users/lujintao/Library/CloudStorage/OneDrive-AUTUniversity/MyProject-OneDrive/yolo_zhy-feature-yolo-sam3-cascade/YOLO_TRACK_SIMPLE/standardData/9/9.mp4,246,8.200,M002,motorcycle,0.683,13.2 361.0 203.2 479.9,,0,,0,0,31.917,31.331
/Users/lujintao/Library/CloudStorage/OneDrive-AUTUniversity/MyProject-OneDrive/yolo_zhy-feature-yolo-sam3-cascade/YOLO_TRACK_SIMPLE/standardData/9/9.mp4,247,8.233,M002,motorcycle,0.679,13.3 361.0 201.8 479.7,,0,,0,0,30.185,33.129
/Users/lujintao/Library/CloudStorage/OneDrive-AUTUniversity/MyProject-OneDrive/yolo_zhy-feature-yolo-sam3-cascade/YOLO_TRACK_SIMPLE/standardData/9/9.mp4,248,8.267,M002,motorcycle,0.732,13.6 362.2 201.3 480.0,,0,,0,0,30.104,33.218
/Users/lujintao/Library/CloudStorage/OneDrive-AUTUniversity/MyProject-OneDrive/yolo_zhy-feature-yolo-sam3-cascade/YOLO_TRACK_SIMPLE/standardData/9/9.mp4,249,8.300,M002,motorcycle,0.731,13.9 363.9 199.0 479.8,,0,,0,0,30.155,33.162
/Users/lujintao/Library/CloudStorage/OneDrive-AUTUniversity/MyProject-OneDrive/yolo_zhy-feature-yolo-sam3-cascade/YOLO_TRACK_SIMPLE/standardData/9/9.mp4,250,8.333,M002,motorcycle,0.737,13.8 364.5 202.0 479.6,,0,,0,0,32.247,31.010
/Users/lujintao/Library/CloudStorage/OneDrive-AUTUniversity/MyProject-OneDrive/yolo_zhy-feature-yolo-sam3-cascade/YOLO_TRACK_SIMPLE/standardData/9/9.mp4,251,8.367,M002,motorcycle,0.719,13.7 364.7 201.9 479.4,,0,,0,0,29.852,33.498
/Users/lujintao/Library/CloudStorage/OneDrive-AUTUniversity/MyProject-OneDrive/yolo_zhy-feature-yolo-sam3-cascade/YOLO_TRACK_SIMPLE/standardData/9/9.mp4,252,8.400,M002,motorcycle,0.721,13.9 365.0 201.2 479.3,,0,,0,0,29.165,34.287
/Users/lujintao/Library/CloudStorage/OneDrive-AUTUniversity/MyProject-OneDrive/yolo_zhy-feature-yolo-sam3-cascade/YOLO_TRACK_SIMPLE/standardData/9/9.mp4,253,8.433,M002,motorcycle,0.732,13.6 366.3 199.2 479.5,,0,,0,0,29.541,33.851
/Users/lujintao/Library/CloudStorage/OneDrive-AUTUniversity/MyProject-OneDrive/yolo_zhy-feature-yolo-sam3-cascade/YOLO_TRACK_SIMPLE/standardData/9/9.mp4,254,8.467,M002,motorcycle,0.702,13.8 366.5 199.0 479.9,,0,,0,0,28.389,35.225
/Users/lujintao/Library/CloudStorage/OneDrive-AUTUniversity/MyProject-OneDrive/yolo_zhy-feature-yolo-sam3-cascade/YOLO_TRACK_SIMPLE/standardData/9/9.mp4,254,8.467,U002,motorcycle,0.604,0.0 514.5 87.1 655.0,,0,,0,0,28.389,35.225
/Users/lujintao/Library/CloudStorage/OneDrive-AUTUniversity/MyProject-OneDrive/yolo_zhy-feature-yolo-sam3-cascade/YOLO_TRACK_SIMPLE/standardData/9/9.mp4,255,8.500,U001,motorcycle,0.630,0.3 443.8 154.9 631.0,,0,,0,0,29.920,33.422
/Users/lujintao/Library/CloudStorage/OneDrive-AUTUniversity/MyProject-OneDrive/yolo_zhy-feature-yolo-sam3-cascade/YOLO_TRACK_SIMPLE/standardData/9/9.mp4,255,8.500,M002,motorcycle,0.446,26.0 363.4 200.1 473.3,,0,,0,0,29.920,33.422
/Users/lujintao/Library/CloudStorage/OneDrive-AUTUniversity/MyProject-OneDrive/yolo_zhy-feature-yolo-sam3-cascade/YOLO_TRACK_SIMPLE/standardData/9/9.mp4,256,8.533,M003,motorcycle,0.727,0.0 433.2 214.9 627.7,,0,,0,0,29.828,33.526
/Users/lujintao/Library/CloudStorage/OneDrive-AUTUniversity/MyProject-OneDrive/yolo_zhy-feature-yolo-sam3-cascade/YOLO_TRACK_SIMPLE/standardData/9/9.mp4,257,8.567,M003,motorcycle,0.653,0.3 376.5 267.7 625.3,,0,,0,0,28.516,35.068
/Users/lujintao/Library/CloudStorage/OneDrive-AUTUniversity/MyProject-OneDrive/yolo_zhy-feature-yolo-sam3-cascade/YOLO_TRACK_SIMPLE/standardData/9/9.mp4,258,8.600,M003,motorcycle,0.707,0.8 400.2 310.4 655.4,,0,,0,0,28.659,34.893
/Users/lujintao/Library/CloudStorage/OneDrive-AUTUniversity/MyProject-OneDrive/yolo_zhy-feature-yolo-sam3-cascade/YOLO_TRACK_SIMPLE/standardData/9/9.mp4,259,8.633,M003,motorcycle,0.794,0.8 413.4 362.3 636.6,,0,,0,0,31.658,31.587
/Users/lujintao/Library/CloudStorage/OneDrive-AUTUniversity/MyProject-OneDrive/yolo_zhy-feature-yolo-sam3-cascade/YOLO_TRACK_SIMPLE/standardData/9/9.mp4,260,8.667,M003,motorcycle,0.778,17.7 365.3 388.4 619.9,,0,,0,0,30.076,33.249
/Users/lujintao/Library/CloudStorage/OneDrive-AUTUniversity/MyProject-OneDrive/yolo_zhy-feature-yolo-sam3-cascade/YOLO_TRACK_SIMPLE/standardData/9/9.mp4,261,8.700,M003,motorcycle,0.785,101.8 413.3 418.0 598.4,,0,,0,0,27.634,36.187
/Users/lujintao/Library/CloudStorage/OneDrive-AUTUniversity/MyProject-OneDrive/yolo_zhy-feature-yolo-sam3-cascade/YOLO_TRACK_SIMPLE/standardData/9/9.mp4,261,8.700,M002,motorcycle,0.428,16.8 358.7 189.3 479.9,,0,,0,0,27.634,36.187
/Users/lujintao/Library/CloudStorage/OneDrive-AUTUniversity/MyProject-OneDrive/yolo_zhy-feature-yolo-sam3-cascade/YOLO_TRACK_SIMPLE/standardData/9/9.mp4,262,8.733,M003,motorcycle,0.775,163.7 369.8 448.7 580.9,,0,,0,0,29.733,33.633
/Users/lujintao/Library/CloudStorage/OneDrive-AUTUniversity/MyProject-OneDrive/yolo_zhy-feature-yolo-sam3-cascade/YOLO_TRACK_SIMPLE/standardData/9/9.mp4,262,8.733,M002,motorcycle,0.670,15.6 355.1 199.7 480.3,,0,,0,0,29.733,33.633
/Users/lujintao/Library/CloudStorage/OneDrive-AUTUniversity/MyProject-OneDrive/yolo_zhy-feature-yolo-sam3-cascade/YOLO_TRACK_SIMPLE/standardData/9/9.mp4,263,8.767,M003,motorcycle,0.766,216.0 366.7 473.8 564.9,,0,,0,0,30.805,32.462
/Users/lujintao/Library/CloudStorage/OneDrive-AUTUniversity/MyProject-OneDrive/yolo_zhy-feature-yolo-sam3-cascade/YOLO_TRACK_SIMPLE/standardData/9/9.mp4,263,8.767,M002,motorcycle,0.641,15.5 359.3 195.0 481.1,,0,,0,0,30.805,32.462
/Users/lujintao/Library/CloudStorage/OneDrive-AUTUniversity/MyProject-OneDrive/yolo_zhy-feature-yolo-sam3-cascade/YOLO_TRACK_SIMPLE/standardData/9/9.mp4,264,8.800,M003,motorcycle,0.836,263.0 394.0 496.7 552.0,,0,,0,0,30.298,33.006
/Users/lujintao/Library/CloudStorage/OneDrive-AUTUniversity/MyProject-OneDrive/yolo_zhy-feature-yolo-sam3-cascade/YOLO_TRACK_SIMPLE/standardData/9/9.mp4,264,8.800,M002,motorcycle,0.702,15.7 359.1 200.3 481.1,,0,,0,0,30.298,33.006
/Users/lujintao/Library/CloudStorage/OneDrive-AUTUniversity/MyProject-OneDrive/yolo_zhy-feature-yolo-sam3-cascade/YOLO_TRACK_SIMPLE/standardData/9/9.mp4,265,8.833,M003,motorcycle,0.764,303.8 397.5 517.0 540.6,,0,,0,0,29.486,33.914
/Users/lujintao/Library/CloudStorage/OneDrive-AUTUniversity/MyProject-OneDrive/yolo_zhy-feature-yolo-sam3-cascade/YOLO_TRACK_SIMPLE/standardData/9/9.mp4,265,8.833,M002,motorcycle,0.698,15.8 357.9 197.8 480.6,,0,,0,0,29.486,33.914
/Users/lujintao/Library/CloudStorage/OneDrive-AUTUniversity/MyProject-OneDrive/yolo_zhy-feature-yolo-sam3-cascade/YOLO_TRACK_SIMPLE/standardData/9/9.mp4,266,8.867,M002,motorcycle,0.748,15.5 360.0 197.2 479.9,,0,,0,0,28.726,34.812
/Users/lujintao/Library/CloudStorage/OneDrive-AUTUniversity/MyProject-OneDrive/yolo_zhy-feature-yolo-sam3-cascade/YOLO_TRACK_SIMPLE/standardData/9/9.mp4,266,8.867,M003,motorcycle,0.704,343.8 397.0 534.4 532.6,,0,,0,0,28.726,34.812
/Users/lujintao/Library/CloudStorage/OneDrive-AUTUniversity/MyProject-OneDrive/yolo_zhy-feature-yolo-sam3-cascade/YOLO_TRACK_SIMPLE/standardData/9/9.mp4,267,8.900,M002,motorcycle,0.708,15.4 359.7 196.4 480.0,,0,,0,0,29.646,33.732
/Users/lujintao/Library/CloudStorage/OneDrive-AUTUniversity/MyProject-OneDrive/yolo_zhy-feature-yolo-sam3-cascade/YOLO_TRACK_SIMPLE/standardData/9/9.mp4,267,8.900,M003,motorcycle,0.688,373.7 398.1 550.2 522.9,,0,,0,1,29.646,33.732
/Users/lujintao/Library/CloudStorage/OneDrive-AUTUniversity/MyProject-OneDrive/yolo_zhy-feature-yolo-sam3-cascade/YOLO_TRACK_SIMPLE/standardData/9/9.mp4,268,8.933,M003,motorcycle,0.709,405.8 391.3 567.8 513.1,,0,,0,1,30.374,32.923
/Users/lujintao/Library/CloudStorage/OneDrive-AUTUniversity/MyProject-OneDrive/yolo_zhy-feature-yolo-sam3-cascade/YOLO_TRACK_SIMPLE/standardData/9/9.mp4,268,8.933,M002,motorcycle,0.624,15.3 358.5 198.9 480.0,,0,,0,0,30.374,32.923
/Users/lujintao/Library/CloudStorage/OneDrive-AUTUniversity/MyProject-OneDrive/yolo_zhy-feature-yolo-sam3-cascade/YOLO_TRACK_SIMPLE/standardData/9/9.mp4,269,8.967,M003,motorcycle,0.690,429.6 393.1 579.7 503.6,,0,,0,1,28.714,34.826
/Users/lujintao/Library/CloudStorage/OneDrive-AUTUniversity/MyProject-OneDrive/yolo_zhy-feature-yolo-sam3-cascade/YOLO_TRACK_SIMPLE/standardData/9/9.mp4,269,8.967,M002,motorcycle,0.641,15.2 358.4 196.6 479.9,,0,,0,0,28.714,34.826
/Users/lujintao/Library/CloudStorage/OneDrive-AUTUniversity/MyProject-OneDrive/yolo_zhy-feature-yolo-sam3-cascade/YOLO_TRACK_SIMPLE/standardData/9/9.mp4,270,9.000,M002,motorcycle,0.627,15.3 358.9 196.4 479.7,,0,,0,0,29.541,33.851
/Users/lujintao/Library/CloudStorage/OneDrive-AUTUniversity/MyProject-OneDrive/yolo_zhy-feature-yolo-sam3-cascade/YOLO_TRACK_SIMPLE/standardData/9/9.mp4,270,9.000,M003,motorcycle,0.593,455.6 385.2 596.3 496.1,,0,,0,1,29.541,33.851
/Users/lujintao/Library/CloudStorage/OneDrive-AUTUniversity/MyProject-OneDrive/yolo_zhy-feature-yolo-sam3-cascade/YOLO_TRACK_SIMPLE/standardData/9/9.mp4,271,9.033,M002,motorcycle,0.698,14.9 358.6 195.8 480.2,,0,,0,0,28.749,34.784
/Users/lujintao/Library/CloudStorage/OneDrive-AUTUniversity/MyProject-OneDrive/yolo_zhy-feature-yolo-sam3-cascade/YOLO_TRACK_SIMPLE/standardData/9/9.mp4,271,9.033,M003,motorcycle,0.571,476.8 383.6 607.8 487.9,,0,,0,1,28.749,34.784
/Users/lujintao/Library/CloudStorage/OneDrive-AUTUniversity/MyProject-OneDrive/yolo_zhy-feature-yolo-sam3-cascade/YOLO_TRACK_SIMPLE/standardData/9/9.mp4,272,9.067,M002,motorcycle,0.671,14.9 358.6 195.0 480.1,,0,,0,0,29.611,33.771
/Users/lujintao/Library/CloudStorage/OneDrive-AUTUniversity/MyProject-OneDrive/yolo_zhy-feature-yolo-sam3-cascade/YOLO_TRACK_SIMPLE/standardData/9/9.mp4,272,9.067,M003,motorcycle,0.541,495.8 382.8 615.8 483.6,,0,,0,1,29.611,33.771
/Users/lujintao/Library/CloudStorage/OneDrive-AUTUniversity/MyProject-OneDrive/yolo_zhy-feature-yolo-sam3-cascade/YOLO_TRACK_SIMPLE/standardData/9/9.mp4,273,9.100,M002,motorcycle,0.671,15.0 358.1 195.5 480.2,,0,,0,0,32.573,30.701
/Users/lujintao/Library/CloudStorage/OneDrive-AUTUniversity/MyProject-OneDrive/yolo_zhy-feature-yolo-sam3-cascade/YOLO_TRACK_SIMPLE/standardData/9/9.mp4,273,9.100,M003,motorcycle,0.588,514.8 384.6 625.8 474.8,,0,,0,1,32.573,30.701
/Users/lujintao/Library/CloudStorage/OneDrive-AUTUniversity/MyProject-OneDrive/yolo_zhy-feature-yolo-sam3-cascade/YOLO_TRACK_SIMPLE/standardData/9/9.mp4,274,9.133,M003,motorcycle,0.573,529.8 383.6 632.3 469.1,,0,,0,1,31.291,31.958
/Users/lujintao/Library/CloudStorage/OneDrive-AUTUniversity/MyProject-OneDrive/yolo_zhy-feature-yolo-sam3-cascade/YOLO_TRACK_SIMPLE/standardData/9/9.mp4,274,9.133,M002,motorcycle,0.537,15.0 358.9 197.4 479.9,,0,,0,0,31.291,31.958
/Users/lujintao/Library/CloudStorage/OneDrive-AUTUniversity/MyProject-OneDrive/yolo_zhy-feature-yolo-sam3-cascade/YOLO_TRACK_SIMPLE/standardData/9/9.mp4,275,9.167,M002,motorcycle,0.489,15.8 361.4 201.7 481.2,,0,,0,0,29.349,34.072
/Users/lujintao/Library/CloudStorage/OneDrive-AUTUniversity/MyProject-OneDrive/yolo_zhy-feature-yolo-sam3-cascade/YOLO_TRACK_SIMPLE/standardData/9/9.mp4,275,9.167,M003,motorcycle,0.452,545.5 386.5 642.6 465.5,,0,,0,1,29.349,34.072
/Users/lujintao/Library/CloudStorage/OneDrive-AUTUniversity/MyProject-OneDrive/yolo_zhy-feature-yolo-sam3-cascade/YOLO_TRACK_SIMPLE/standardData/9/9.mp4,276,9.200,M003,motorcycle,0.553,560.8 387.6 650.0 461.2,,0,,0,1,51.134,19.557
/Users/lujintao/Library/CloudStorage/OneDrive-AUTUniversity/MyProject-OneDrive/yolo_zhy-feature-yolo-sam3-cascade/YOLO_TRACK_SIMPLE/standardData/9/9.mp4,276,9.200,M002,motorcycle,0.477,15.7 361.8 201.9 481.3,,0,,0,0,51.134,19.557
/Users/lujintao/Library/CloudStorage/OneDrive-AUTUniversity/MyProject-OneDrive/yolo_zhy-feature-yolo-sam3-cascade/YOLO_TRACK_SIMPLE/standardData/9/9.mp4,277,9.233,M003,motorcycle,0.569,568.2 376.4 654.9 457.1,,0,,0,1,29.108,34.355
/Users/lujintao/Library/CloudStorage/OneDrive-AUTUniversity/MyProject-OneDrive/yolo_zhy-feature-yolo-sam3-cascade/YOLO_TRACK_SIMPLE/standardData/9/9.mp4,277,9.233,M002,motorcycle,0.501,15.6 361.9 201.9 481.7,,0,,0,0,29.108,34.355
/Users/lujintao/Library/CloudStorage/OneDrive-AUTUniversity/MyProject-OneDrive/yolo_zhy-feature-yolo-sam3-cascade/YOLO_TRACK_SIMPLE/standardData/9/9.mp4,278,9.267,M003,motorcycle,0.585,581.0 377.9 661.1 452.5,,0,,0,1,28.941,34.554
/Users/lujintao/Library/CloudStorage/OneDrive-AUTUniversity/MyProject-OneDrive/yolo_zhy-feature-yolo-sam3-cascade/YOLO_TRACK_SIMPLE/standardData/9/9.mp4,278,9.267,M002,motorcycle,0.516,15.5 360.7 202.4 482.0,,0,,0,0,28.941,34.554
/Users/lujintao/Library/CloudStorage/OneDrive-AUTUniversity/MyProject-OneDrive/yolo_zhy-feature-yolo-sam3-cascade/YOLO_TRACK_SIMPLE/standardData/9/9.mp4,279,9.300,M003,motorcycle,0.512,589.4 378.9 669.4 449.5,,0,,0,1,31.603,31.642
/Users/lujintao/Library/CloudStorage/OneDrive-AUTUniversity/MyProject-OneDrive/yolo_zhy-feature-yolo-sam3-cascade/YOLO_TRACK_SIMPLE/standardData/9/9.mp4,279,9.300,M002,motorcycle,0.457,15.4 362.0 203.4 482.3,,0,,0,0,31.603,31.642
/Users/lujintao/Library/CloudStorage/OneDrive-AUTUniversity/MyProject-OneDrive/yolo_zhy-feature-yolo-sam3-cascade/YOLO_TRACK_SIMPLE/standardData/9/9.mp4,280,9.333,M003,motorcycle,0.578,600.7 375.4 672.3 445.7,,0,,0,1,29.090,34.376
/Users/lujintao/Library/CloudStorage/OneDrive-AUTUniversity/MyProject-OneDrive/yolo_zhy-feature-yolo-sam3-cascade/YOLO_TRACK_SIMPLE/standardData/9/9.mp4,280,9.333,M002,motorcycle,0.520,15.0 361.9 201.8 482.9,,0,,0,0,29.090,34.376
/Users/lujintao/Library/CloudStorage/OneDrive-AUTUniversity/MyProject-OneDrive/yolo_zhy-feature-yolo-sam3-cascade/YOLO_TRACK_SIMPLE/standardData/9/9.mp4,281,9.367,M002,motorcycle,0.524,15.0 361.7 203.1 482.9,,0,,0,0,30.649,32.627
/Users/lujintao/Library/CloudStorage/OneDrive-AUTUniversity/MyProject-OneDrive/yolo_zhy-feature-yolo-sam3-cascade/YOLO_TRACK_SIMPLE/standardData/9/9.mp4,281,9.367,M003,motorcycle,0.508,598.1 374.9 677.3 442.8,,0,,0,1,30.649,32.627
/Users/lujintao/Library/CloudStorage/OneDrive-AUTUniversity/MyProject-OneDrive/yolo_zhy-feature-yolo-sam3-cascade/YOLO_TRACK_SIMPLE/standardData/9/9.mp4,282,9.400,M003,motorcycle,0.494,622.1 378.5 682.5 440.6,,0,,0,1,29.081,34.387
/Users/lujintao/Library/CloudStorage/OneDrive-AUTUniversity/MyProject-OneDrive/yolo_zhy-feature-yolo-sam3-cascade/YOLO_TRACK_SIMPLE/standardData/9/9.mp4,282,9.400,M002,motorcycle,0.487,14.7 361.8 201.9 483.0,,0,,0,0,29.081,34.387
/Users/lujintao/Library/CloudStorage/OneDrive-AUTUniversity/MyProject-OneDrive/yolo_zhy-feature-yolo-sam3-cascade/YOLO_TRACK_SIMPLE/standardData/9/9.mp4,283,9.433,M003,motorcycle,0.576,627.3 375.3 685.0 435.3,,0,,0,1,30.584,32.697
/Users/lujintao/Library/CloudStorage/OneDrive-AUTUniversity/MyProject-OneDrive/yolo_zhy-feature-yolo-sam3-cascade/YOLO_TRACK_SIMPLE/standardData/9/9.mp4,283,9.433,M002,motorcycle,0.459,14.4 361.9 203.0 482.9,,0,,0,0,30.584,32.697
/Users/lujintao/Library/CloudStorage/OneDrive-AUTUniversity/MyProject-OneDrive/yolo_zhy-feature-yolo-sam3-cascade/YOLO_TRACK_SIMPLE/standardData/9/9.mp4,284,9.467,M003,motorcycle,0.570,631.9 372.6 688.9 433.5,,0,,0,1,31.392,31.855
/Users/lujintao/Library/CloudStorage/OneDrive-AUTUniversity/MyProject-OneDrive/yolo_zhy-feature-yolo-sam3-cascade/YOLO_TRACK_SIMPLE/standardData/9/9.mp4,284,9.467,M002,motorcycle,0.445,14.4 360.6 204.3 482.8,,0,,0,0,31.392,31.855
/Users/lujintao/Library/CloudStorage/OneDrive-AUTUniversity/MyProject-OneDrive/yolo_zhy-feature-yolo-sam3-cascade/YOLO_TRACK_SIMPLE/standardData/9/9.mp4,285,9.500,M003,motorcycle,0.529,637.8 373.3 690.2 430.5,,0,,0,1,28.815,34.704
/Users/lujintao/Library/CloudStorage/OneDrive-AUTUniversity/MyProject-OneDrive/yolo_zhy-feature-yolo-sam3-cascade/YOLO_TRACK_SIMPLE/standardData/9/9.mp4,285,9.500,M002,motorcycle,0.444,14.3 362.5 203.0 482.7,,0,,0,0,28.815,34.704
/Users/lujintao/Library/CloudStorage/OneDrive-AUTUniversity/MyProject-OneDrive/yolo_zhy-feature-yolo-sam3-cascade/YOLO_TRACK_SIMPLE/standardData/9/9.mp4,286,9.533,M003,motorcycle,0.636,642.0 373.9 692.9 427.8,,0,,0,1,32.474,30.794
/Users/lujintao/Library/CloudStorage/OneDrive-AUTUniversity/MyProject-OneDrive/yolo_zhy-feature-yolo-sam3-cascade/YOLO_TRACK_SIMPLE/standardData/9/9.mp4,286,9.533,M002,motorcycle,0.422,13.9 362.9 201.3 482.3,,0,,0,0,32.474,30.794
/Users/lujintao/Library/CloudStorage/OneDrive-AUTUniversity/MyProject-OneDrive/yolo_zhy-feature-yolo-sam3-cascade/YOLO_TRACK_SIMPLE/standardData/9/9.mp4,287,9.567,M003,motorcycle,0.585,649.4 371.2 696.0 425.7,,0,,0,1,28.732,34.804
/Users/lujintao/Library/CloudStorage/OneDrive-AUTUniversity/MyProject-OneDrive/yolo_zhy-feature-yolo-sam3-cascade/YOLO_TRACK_SIMPLE/standardData/9/9.mp4,287,9.567,M002,motorcycle,0.383,11.4 367.0 205.5 481.5,,0,,0,0,28.732,34.804
/Users/lujintao/Library/CloudStorage/OneDrive-AUTUniversity/MyProject-OneDrive/yolo_zhy-feature-yolo-sam3-cascade/YOLO_TRACK_SIMPLE/standardData/9/9.mp4,288,9.600,M003,motorcycle,0.532,653.8 368.2 697.2 423.4,,0,,0,1,29.727,33.639
/Users/lujintao/Library/CloudStorage/OneDrive-AUTUniversity/MyProject-OneDrive/yolo_zhy-feature-yolo-sam3-cascade/YOLO_TRACK_SIMPLE/standardData/9/9.mp4,288,9.600,M002,motorcycle,0.374,11.3 367.1 205.5 481.3,,0,,0,0,29.727,33.639
/Users/lujintao/Library/CloudStorage/OneDrive-AUTUniversity/MyProject-OneDrive/yolo_zhy-feature-yolo-sam3-cascade/YOLO_TRACK_SIMPLE/standardData/9/9.mp4,289,9.633,M003,motorcycle,0.553,658.6 367.9 699.2 421.4,,0,,0,1,30.126,33.194
/Users/lujintao/Library/CloudStorage/OneDrive-AUTUniversity/MyProject-OneDrive/yolo_zhy-feature-yolo-sam3-cascade/YOLO_TRACK_SIMPLE/standardData/9/9.mp4,289,9.633,M002,motorcycle,0.422,13.6 362.6 202.6 482.4,,0,,0,0,30.126,33.194
/Users/lujintao/Library/CloudStorage/OneDrive-AUTUniversity/MyProject-OneDrive/yolo_zhy-feature-yolo-sam3-cascade/YOLO_TRACK_SIMPLE/standardData/9/9.mp4,289,9.633,U003,motorcycle,0.255,13.7 406.0 126.5 481.4,,0,,0,0,30.126,33.194
/Users/lujintao/Library/CloudStorage/OneDrive-AUTUniversity/MyProject-OneDrive/yolo_zhy-feature-yolo-sam3-cascade/YOLO_TRACK_SIMPLE/standardData/9/9.mp4,290,9.667,M003,motorcycle,0.623,659.3 359.1 701.6 421.0,,0,,0,1,30.471,32.818
/Users/lujintao/Library/CloudStorage/OneDrive-AUTUniversity/MyProject-OneDrive/yolo_zhy-feature-yolo-sam3-cascade/YOLO_TRACK_SIMPLE/standardData/9/9.mp4,290,9.667,M002,motorcycle,0.394,10.9 364.0 205.8 482.0,,0,,0,0,30.471,32.818
/Users/lujintao/Library/CloudStorage/OneDrive-AUTUniversity/MyProject-OneDrive/yolo_zhy-feature-yolo-sam3-cascade/YOLO_TRACK_SIMPLE/standardData/9/9.mp4,291,9.700,M003,motorcycle,0.601,665.7 368.6 702.7 417.9,,0,,0,1,29.451,33.955
/Users/lujintao/Library/CloudStorage/OneDrive-AUTUniversity/MyProject-OneDrive/yolo_zhy-feature-yolo-sam3-cascade/YOLO_TRACK_SIMPLE/standardData/9/9.mp4,291,9.700,M002,motorcycle,0.427,13.0 360.2 202.7 482.9,,0,,0,0,29.451,33.955
/Users/lujintao/Library/CloudStorage/OneDrive-AUTUniversity/MyProject-OneDrive/yolo_zhy-feature-yolo-sam3-cascade/YOLO_TRACK_SIMPLE/standardData/9/9.mp4,292,9.733,M003,motorcycle,0.623,666.4 363.9 703.8 415.4,,0,,0,1,31.098,32.157
/Users/lujintao/Library/CloudStorage/OneDrive-AUTUniversity/MyProject-OneDrive/yolo_zhy-feature-yolo-sam3-cascade/YOLO_TRACK_SIMPLE/standardData/9/9.mp4,292,9.733,M002,motorcycle,0.401,11.0 362.7 205.9 483.2,,0,,0,0,31.098,32.157
/Users/lujintao/Library/CloudStorage/OneDrive-AUTUniversity/MyProject-OneDrive/yolo_zhy-feature-yolo-sam3-cascade/YOLO_TRACK_SIMPLE/standardData/9/9.mp4,293,9.767,M003,motorcycle,0.489,669.2 361.9 705.1 413.7,,0,,0,1,30.779,32.490
/Users/lujintao/Library/CloudStorage/OneDrive-AUTUniversity/MyProject-OneDrive/yolo_zhy-feature-yolo-sam3-cascade/YOLO_TRACK_SIMPLE/standardData/9/9.mp4,293,9.767,M002,motorcycle,0.383,10.5 363.5 205.8 483.3,,0,,0,0,30.779,32.490
/Users/lujintao/Library/CloudStorage/OneDrive-AUTUniversity/MyProject-OneDrive/yolo_zhy-feature-yolo-sam3-cascade/YOLO_TRACK_SIMPLE/standardData/9/9.mp4,294,9.800,M003,motorcycle,0.429,669.5 361.8 706.0 412.9,,0,,0,1,30.775,32.494
/Users/lujintao/Library/CloudStorage/OneDrive-AUTUniversity/MyProject-OneDrive/yolo_zhy-feature-yolo-sam3-cascade/YOLO_TRACK_SIMPLE/standardData/9/9.mp4,294,9.800,M002,motorcycle,0.357,12.9 363.7 202.7 483.1,,0,,0,0,30.775,32.494
/Users/lujintao/Library/CloudStorage/OneDrive-AUTUniversity/MyProject-OneDrive/yolo_zhy-feature-yolo-sam3-cascade/YOLO_TRACK_SIMPLE/standardData/9/9.mp4,295,9.833,M003,motorcycle,0.458,673.0 366.8 706.4 411.2,,0,,0,1,30.255,33.052
/Users/lujintao/Library/CloudStorage/OneDrive-AUTUniversity/MyProject-OneDrive/yolo_zhy-feature-yolo-sam3-cascade/YOLO_TRACK_SIMPLE/standardData/9/9.mp4,295,9.833,M002,motorcycle,0.345,13.3 363.6 205.8 482.7,,0,,0,0,30.255,33.052
/Users/lujintao/Library/CloudStorage/OneDrive-AUTUniversity/MyProject-OneDrive/yolo_zhy-feature-yolo-sam3-cascade/YOLO_TRACK_SIMPLE/standardData/9/9.mp4,295,9.833,U003,motorcycle,0.261,13.4 405.5 125.0 481.7,,0,,0,0,30.255,33.052
/Users/lujintao/Library/CloudStorage/OneDrive-AUTUniversity/MyProject-OneDrive/yolo_zhy-feature-yolo-sam3-cascade/YOLO_TRACK_SIMPLE/standardData/9/9.mp4,296,9.867,M003,motorcycle,0.441,673.3 360.7 707.3 408.8,,0,,0,1,29.439,33.969
/Users/lujintao/Library/CloudStorage/OneDrive-AUTUniversity/MyProject-OneDrive/yolo_zhy-feature-yolo-sam3-cascade/YOLO_TRACK_SIMPLE/standardData/9/9.mp4,296,9.867,M002,motorcycle,0.372,13.1 361.4 206.3 482.8,,0,,0,0,29.439,33.969
/Users/lujintao/Library/CloudStorage/OneDrive-AUTUniversity/MyProject-OneDrive/yolo_zhy-feature-yolo-sam3-cascade/YOLO_TRACK_SIMPLE/standardData/9/9.mp4,297,9.900,M003,motorcycle,0.408,675.3 358.6 707.6 407.6,,0,,0,1,29.669,33.705
/Users/lujintao/Library/CloudStorage/OneDrive-AUTUniversity/MyProject-OneDrive/yolo_zhy-feature-yolo-sam3-cascade/YOLO_TRACK_SIMPLE/standardData/9/9.mp4,297,9.900,M002,motorcycle,0.364,12.2 361.7 204.7 483.0,,0,,0,0,29.669,33.705
/Users/lujintao/Library/CloudStorage/OneDrive-AUTUniversity/MyProject-OneDrive/yolo_zhy-feature-yolo-sam3-cascade/YOLO_TRACK_SIMPLE/standardData/9/9.mp4,298,9.933,M003,motorcycle,0.416,675.4 357.9 707.8 406.7,P009,1,1.450,0,1,27.841,35.918
/Users/lujintao/Library/CloudStorage/OneDrive-AUTUniversity/MyProject-OneDrive/yolo_zhy-feature-yolo-sam3-cascade/YOLO_TRACK_SIMPLE/standardData/9/9.mp4,298,9.933,M002,motorcycle,0.392,9.0 363.1 207.4 483.5,,0,,0,0,27.841,35.918
/Users/lujintao/Library/CloudStorage/OneDrive-AUTUniversity/MyProject-OneDrive/yolo_zhy-feature-yolo-sam3-cascade/YOLO_TRACK_SIMPLE/standardData/9/9.mp4,299,9.967,M003,motorcycle,0.393,676.1 356.2 707.7 405.7,P009,1,1.450,0,1,32.608,30.667
/Users/lujintao/Library/CloudStorage/OneDrive-AUTUniversity/MyProject-OneDrive/yolo_zhy-feature-yolo-sam3-cascade/YOLO_TRACK_SIMPLE/standardData/9/9.mp4,299,9.967,M002,motorcycle,0.343,11.6 360.7 205.5 482.8,,0,,0,0,32.608,30.667
/Users/lujintao/Library/CloudStorage/OneDrive-AUTUniversity/MyProject-OneDrive/yolo_zhy-feature-yolo-sam3-cascade/YOLO_TRACK_SIMPLE/standardData/9/9.mp4,300,10.000,M003,motorcycle,0.297,678.1 357.1 707.3 404.3,P009,1,1.450,0,1,29.009,34.472
/Users/lujintao/Library/CloudStorage/OneDrive-AUTUniversity/MyProject-OneDrive/yolo_zhy-feature-yolo-sam3-cascade/YOLO_TRACK_SIMPLE/standardData/9/9.mp4,301,10.033,U001,motorcycle,0.254,678.2 356.4 707.2 403.5,,0,,0,0,29.043,34.432
/Users/lujintao/Library/CloudStorage/OneDrive-AUTUniversity/MyProject-OneDrive/yolo_zhy-feature-yolo-sam3-cascade/YOLO_TRACK_SIMPLE/standardData/9/9.mp4,306,10.200,M002,motorcycle,0.274,11.9 361.5 203.1 483.7,,0,,0,0,30.838,32.428
/Users/lujintao/Library/CloudStorage/OneDrive-AUTUniversity/MyProject-OneDrive/yolo_zhy-feature-yolo-sam3-cascade/YOLO_TRACK_SIMPLE/standardData/9/9.mp4,307,10.233,M002,motorcycle,0.322,11.9 360.9 204.9 483.8,,0,,0,0,31.047,32.209
/Users/lujintao/Library/CloudStorage/OneDrive-AUTUniversity/MyProject-OneDrive/yolo_zhy-feature-yolo-sam3-cascade/YOLO_TRACK_SIMPLE/standardData/9/9.mp4,308,10.267,M002,motorcycle,0.348,12.5 359.8 204.8 483.8,,0,,0,0,29.971,33.365
/Users/lujintao/Library/CloudStorage/OneDrive-AUTUniversity/MyProject-OneDrive/yolo_zhy-feature-yolo-sam3-cascade/YOLO_TRACK_SIMPLE/standardData/9/9.mp4,311,10.367,M002,motorcycle,0.296,11.9 356.0 209.5 483.4,,0,,0,0,27.599,36.234
/Users/lujintao/Library/CloudStorage/OneDrive-AUTUniversity/MyProject-OneDrive/yolo_zhy-feature-yolo-sam3-cascade/YOLO_TRACK_SIMPLE/standardData/9/9.mp4,314,10.467,M002,motorcycle,0.268,12.6 359.4 211.9 482.9,,0,,0,0,30.268,33.038
/Users/lujintao/Library/CloudStorage/OneDrive-AUTUniversity/MyProject-OneDrive/yolo_zhy-feature-yolo-sam3-cascade/YOLO_TRACK_SIMPLE/standardData/9/9.mp4,317,10.567,M002,motorcycle,0.297,13.1 360.8 212.8 483.1,,0,,0,0,31.086,32.169
/Users/lujintao/Library/CloudStorage/OneDrive-AUTUniversity/MyProject-OneDrive/yolo_zhy-feature-yolo-sam3-cascade/YOLO_TRACK_SIMPLE/standardData/9/9.mp4,318,10.600,M002,motorcycle,0.274,12.9 361.2 213.7 483.0,,0,,0,0,30.802,32.466
/Users/lujintao/Library/CloudStorage/OneDrive-AUTUniversity/MyProject-OneDrive/yolo_zhy-feature-yolo-sam3-cascade/YOLO_TRACK_SIMPLE/standardData/9/9.mp4,319,10.633,M002,motorcycle,0.307,13.3 364.9 211.8 483.5,,0,,0,0,29.074,34.395
/Users/lujintao/Library/CloudStorage/OneDrive-AUTUniversity/MyProject-OneDrive/yolo_zhy-feature-yolo-sam3-cascade/YOLO_TRACK_SIMPLE/standardData/9/9.mp4,320,10.667,M002,motorcycle,0.339,13.2 369.8 208.3 480.9,,0,,0,0,30.685,32.589
/Users/lujintao/Library/CloudStorage/OneDrive-AUTUniversity/MyProject-OneDrive/yolo_zhy-feature-yolo-sam3-cascade/YOLO_TRACK_SIMPLE/standardData/9/9.mp4,321,10.700,M002,motorcycle,0.302,14.1 367.7 210.8 483.6,,0,,0,0,28.496,35.093
/Users/lujintao/Library/CloudStorage/OneDrive-AUTUniversity/MyProject-OneDrive/yolo_zhy-feature-yolo-sam3-cascade/YOLO_TRACK_SIMPLE/standardData/9/9.mp4,323,10.767,M002,motorcycle,0.283,15.2 362.7 213.6 483.9,,0,,0,0,35.211,28.400
/Users/lujintao/Library/CloudStorage/OneDrive-AUTUniversity/MyProject-OneDrive/yolo_zhy-feature-yolo-sam3-cascade/YOLO_TRACK_SIMPLE/standardData/9/9.mp4,324,10.800,M002,motorcycle,0.328,15.5 363.5 214.4 483.9,,0,,0,0,31.462,31.785
/Users/lujintao/Library/CloudStorage/OneDrive-AUTUniversity/MyProject-OneDrive/yolo_zhy-feature-yolo-sam3-cascade/YOLO_TRACK_SIMPLE/standardData/9/9.mp4,325,10.833,M002,motorcycle,0.333,16.0 363.8 216.9 483.9,,0,,0,0,28.088,35.603
/Users/lujintao/Library/CloudStorage/OneDrive-AUTUniversity/MyProject-OneDrive/yolo_zhy-feature-yolo-sam3-cascade/YOLO_TRACK_SIMPLE/standardData/9/9.mp4,326,10.867,M002,motorcycle,0.304,15.7 368.2 217.4 483.8,,0,,0,0,31.522,31.724
/Users/lujintao/Library/CloudStorage/OneDrive-AUTUniversity/MyProject-OneDrive/yolo_zhy-feature-yolo-sam3-cascade/YOLO_TRACK_SIMPLE/standardData/9/9.mp4,327,10.900,M002,motorcycle,0.279,16.2 367.0 217.5 484.2,,0,,0,0,32.446,30.820
/Users/lujintao/Library/CloudStorage/OneDrive-AUTUniversity/MyProject-OneDrive/yolo_zhy-feature-yolo-sam3-cascade/YOLO_TRACK_SIMPLE/standardData/9/9.mp4,328,10.933,M002,motorcycle,0.319,15.9 365.0 217.1 484.3,,0,,0,0,30.284,33.021
/Users/lujintao/Library/CloudStorage/OneDrive-AUTUniversity/MyProject-OneDrive/yolo_zhy-feature-yolo-sam3-cascade/YOLO_TRACK_SIMPLE/standardData/9/9.mp4,329,10.967,M002,motorcycle,0.356,16.0 364.1 217.0 484.3,,0,,0,0,29.221,34.222
/Users/lujintao/Library/CloudStorage/OneDrive-AUTUniversity/MyProject-OneDrive/yolo_zhy-feature-yolo-sam3-cascade/YOLO_TRACK_SIMPLE/standardData/9/9.mp4,330,11.000,M002,motorcycle,0.285,16.7 370.0 201.8 484.0,,0,,0,0,28.596,34.970
/Users/lujintao/Library/CloudStorage/OneDrive-AUTUniversity/MyProject-OneDrive/yolo_zhy-feature-yolo-sam3-cascade/YOLO_TRACK_SIMPLE/standardData/9/9.mp4,331,11.033,U001,motorcycle,0.257,17.2 413.7 126.4 484.4,,0,,0,0,29.057,34.416
/Users/lujintao/Library/CloudStorage/OneDrive-AUTUniversity/MyProject-OneDrive/yolo_zhy-feature-yolo-sam3-cascade/YOLO_TRACK_SIMPLE/standardData/9/9.mp4,333,11.100,M002,motorcycle,0.275,17.2 368.6 208.6 484.1,,0,,0,0,29.683,33.689
/Users/lujintao/Library/CloudStorage/OneDrive-AUTUniversity/MyProject-OneDrive/yolo_zhy-feature-yolo-sam3-cascade/YOLO_TRACK_SIMPLE/standardData/9/9.mp4,334,11.133,M002,motorcycle,0.334,17.4 362.2 214.4 484.2,,0,,0,0,31.198,32.053
/Users/lujintao/Library/CloudStorage/OneDrive-AUTUniversity/MyProject-OneDrive/yolo_zhy-feature-yolo-sam3-cascade/YOLO_TRACK_SIMPLE/standardData/9/9.mp4,335,11.167,M002,motorcycle,0.395,17.2 357.5 211.6 484.2,P010,1,1.570,0,0,53.950,18.536
/Users/lujintao/Library/CloudStorage/OneDrive-AUTUniversity/MyProject-OneDrive/yolo_zhy-feature-yolo-sam3-cascade/YOLO_TRACK_SIMPLE/standardData/9/9.mp4,336,11.200,M002,motorcycle,0.307,17.5 356.3 211.4 484.6,P010,1,1.450,0,0,28.766,34.763
/Users/lujintao/Library/CloudStorage/OneDrive-AUTUniversity/MyProject-OneDrive/yolo_zhy-feature-yolo-sam3-cascade/YOLO_TRACK_SIMPLE/standardData/9/9.mp4,337,11.233,M002,motorcycle,0.261,17.6 359.8 209.4 484.7,P010,1,1.571,0,0,30.058,33.269
/Users/lujintao/Library/CloudStorage/OneDrive-AUTUniversity/MyProject-OneDrive/yolo_zhy-feature-yolo-sam3-cascade/YOLO_TRACK_SIMPLE/standardData/9/9.mp4,338,11.267,M002,motorcycle,0.298,17.9 358.7 210.8 484.8,P010,1,1.432,0,0,31.792,31.454
/Users/lujintao/Library/CloudStorage/OneDrive-AUTUniversity/MyProject-OneDrive/yolo_zhy-feature-yolo-sam3-cascade/YOLO_TRACK_SIMPLE/standardData/9/9.mp4,339,11.300,M002,motorcycle,0.298,18.0 356.3 209.3 485.1,,0,,0,0,32.650,30.628
/Users/lujintao/Library/CloudStorage/OneDrive-AUTUniversity/MyProject-OneDrive/yolo_zhy-feature-yolo-sam3-cascade/YOLO_TRACK_SIMPLE/standardData/9/9.mp4,341,11.367,M002,motorcycle,0.269,18.7 356.5 200.5 485.3,,0,,0,0,29.561,33.829
/Users/lujintao/Library/CloudStorage/OneDrive-AUTUniversity/MyProject-OneDrive/yolo_zhy-feature-yolo-sam3-cascade/YOLO_TRACK_SIMPLE/standardData/9/9.mp4,379,12.633,M002,motorcycle,0.315,31.7 364.3 208.6 488.4,,0,,0,0,30.082,33.243
/Users/lujintao/Library/CloudStorage/OneDrive-AUTUniversity/MyProject-OneDrive/yolo_zhy-feature-yolo-sam3-cascade/YOLO_TRACK_SIMPLE/standardData/9/9.mp4,387,12.900,M002,motorcycle,0.344,42.0 356.7 219.2 486.3,,0,,0,0,31.463,31.783
/Users/lujintao/Library/CloudStorage/OneDrive-AUTUniversity/MyProject-OneDrive/yolo_zhy-feature-yolo-sam3-cascade/YOLO_TRACK_SIMPLE/standardData/9/9.mp4,388,12.933,M002,motorcycle,0.369,43.5 360.8 217.4 485.3,,0,,0,0,30.815,32.452
/Users/lujintao/Library/CloudStorage/OneDrive-AUTUniversity/MyProject-OneDrive/yolo_zhy-feature-yolo-sam3-cascade/YOLO_TRACK_SIMPLE/standardData/9/9.mp4,389,12.967,M002,motorcycle,0.321,45.5 362.0 216.6 485.6,,0,,0,0,28.308,35.326
/Users/lujintao/Library/CloudStorage/OneDrive-AUTUniversity/MyProject-OneDrive/yolo_zhy-feature-yolo-sam3-cascade/YOLO_TRACK_SIMPLE/standardData/9/9.mp4,390,13.000,M002,motorcycle,0.397,45.7 374.5 195.6 485.8,,0,,0,0,31.714,31.532
/Users/lujintao/Library/CloudStorage/OneDrive-AUTUniversity/MyProject-OneDrive/yolo_zhy-feature-yolo-sam3-cascade/YOLO_TRACK_SIMPLE/standardData/9/9.mp4,391,13.033,M002,motorcycle,0.314,46.9 382.9 194.9 485.2,,0,,0,0,51.357,19.471
/Users/lujintao/Library/CloudStorage/OneDrive-AUTUniversity/MyProject-OneDrive/yolo_zhy-feature-yolo-sam3-cascade/YOLO_TRACK_SIMPLE/standardData/9/9.mp4,392,13.067,M002,motorcycle,0.413,48.1 388.8 189.5 484.7,,0,,0,0,30.333,32.968
/Users/lujintao/Library/CloudStorage/OneDrive-AUTUniversity/MyProject-OneDrive/yolo_zhy-feature-yolo-sam3-cascade/YOLO_TRACK_SIMPLE/standardData/9/9.mp4,393,13.100,M002,motorcycle,0.389,49.1 378.7 190.5 484.1,,0,,0,0,32.516,30.754
/Users/lujintao/Library/CloudStorage/OneDrive-AUTUniversity/MyProject-OneDrive/yolo_zhy-feature-yolo-sam3-cascade/YOLO_TRACK_SIMPLE/standardData/9/9.mp4,394,13.133,M002,motorcycle,0.344,50.3 369.8 190.6 484.1,P011,1,1.450,0,0,32.725,30.558
/Users/lujintao/Library/CloudStorage/OneDrive-AUTUniversity/MyProject-OneDrive/yolo_zhy-feature-yolo-sam3-cascade/YOLO_TRACK_SIMPLE/standardData/9/9.mp4,395,13.167,M002,motorcycle,0.481,52.7 361.2 202.3 484.8,P011,1,1.503,0,0,33.175,30.143
/Users/lujintao/Library/CloudStorage/OneDrive-AUTUniversity/MyProject-OneDrive/yolo_zhy-feature-yolo-sam3-cascade/YOLO_TRACK_SIMPLE/standardData/9/9.mp4,396,13.200,M002,motorcycle,0.415,54.1 360.9 210.6 484.2,P011,1,1.563,0,0,29.503,33.895
/Users/lujintao/Library/CloudStorage/OneDrive-AUTUniversity/MyProject-OneDrive/yolo_zhy-feature-yolo-sam3-cascade/YOLO_TRACK_SIMPLE/standardData/9/9.mp4,397,13.233,M002,motorcycle,0.516,55.1 371.9 189.9 484.3,P011,1,1.450,0,0,30.924,32.337
/Users/lujintao/Library/CloudStorage/OneDrive-AUTUniversity/MyProject-OneDrive/yolo_zhy-feature-yolo-sam3-cascade/YOLO_TRACK_SIMPLE/standardData/9/9.mp4,398,13.267,M002,motorcycle,0.436,56.6 386.3 184.5 482.9,P011,1,1.450,0,0,31.139,32.114
/Users/lujintao/Library/CloudStorage/OneDrive-AUTUniversity/MyProject-OneDrive/yolo_zhy-feature-yolo-sam3-cascade/YOLO_TRACK_SIMPLE/standardData/9/9.mp4,399,13.300,M002,motorcycle,0.395,59.2 393.5 184.4 482.5,P011,1,1.588,0,0,28.904,34.598
/Users/lujintao/Library/CloudStorage/OneDrive-AUTUniversity/MyProject-OneDrive/yolo_zhy-feature-yolo-sam3-cascade/YOLO_TRACK_SIMPLE/standardData/9/9.mp4,400,13.333,U001,motorcycle,0.306,61.1 356.6 217.1 482.6,,0,,0,0,30.298,33.006
/Users/lujintao/Library/CloudStorage/OneDrive-AUTUniversity/MyProject-OneDrive/yolo_zhy-feature-yolo-sam3-cascade/YOLO_TRACK_SIMPLE/standardData/9/9.mp4,404,13.467,U001,motorcycle,0.272,66.3 364.1 208.4 482.7,,0,,0,0,49.633,20.148
/Users/lujintao/Library/CloudStorage/OneDrive-AUTUniversity/MyProject-OneDrive/yolo_zhy-feature-yolo-sam3-cascade/YOLO_TRACK_SIMPLE/standardData/9/9.mp4,405,13.500,U001,motorcycle,0.297,67.5 363.2 216.5 482.6,,0,,0,0,30.803,32.465
/Users/lujintao/Library/CloudStorage/OneDrive-AUTUniversity/MyProject-OneDrive/yolo_zhy-feature-yolo-sam3-cascade/YOLO_TRACK_SIMPLE/standardData/9/9.mp4,406,13.533,M002,motorcycle,0.326,68.9 363.9 213.6 483.1,,0,,0,0,30.606,32.674
/Users/lujintao/Library/CloudStorage/OneDrive-AUTUniversity/MyProject-OneDrive/yolo_zhy-feature-yolo-sam3-cascade/YOLO_TRACK_SIMPLE/standardData/9/9.mp4,407,13.567,M002,motorcycle,0.367,69.4 371.8 197.7 483.3,,0,,0,0,29.122,34.338
/Users/lujintao/Library/CloudStorage/OneDrive-AUTUniversity/MyProject-OneDrive/yolo_zhy-feature-yolo-sam3-cascade/YOLO_TRACK_SIMPLE/standardData/9/9.mp4,408,13.600,M002,motorcycle,0.333,70.3 370.0 212.0 483.2,,0,,0,0,31.900,31.348
/Users/lujintao/Library/CloudStorage/OneDrive-AUTUniversity/MyProject-OneDrive/yolo_zhy-feature-yolo-sam3-cascade/YOLO_TRACK_SIMPLE/standardData/9/9.mp4,410,13.667,M002,motorcycle,0.329,71.8 379.0 216.5 482.4,,0,,0,0,31.307,31.942
/Users/lujintao/Library/CloudStorage/OneDrive-AUTUniversity/MyProject-OneDrive/yolo_zhy-feature-yolo-sam3-cascade/YOLO_TRACK_SIMPLE/standardData/9/9.mp4,422,14.067,U001,motorcycle,0.313,334.8 361.4 385.4 411.6,,0,,0,0,30.421,32.872
/Users/lujintao/Library/CloudStorage/OneDrive-AUTUniversity/MyProject-OneDrive/yolo_zhy-feature-yolo-sam3-cascade/YOLO_TRACK_SIMPLE/standardData/9/9.mp4,452,15.067,U001,motorcycle,0.257,60.2 378.6 167.5 486.5,,0,,0,0,49.362,20.258
/Users/lujintao/Library/CloudStorage/OneDrive-AUTUniversity/MyProject-OneDrive/yolo_zhy-feature-yolo-sam3-cascade/YOLO_TRACK_SIMPLE/standardData/9/9.mp4,453,15.100,U001,motorcycle,0.269,464.7 370.1 514.9 399.8,,0,,0,0,31.477,31.769
/Users/lujintao/Library/CloudStorage/OneDrive-AUTUniversity/MyProject-OneDrive/yolo_zhy-feature-yolo-sam3-cascade/YOLO_TRACK_SIMPLE/standardData/9/9.mp4,453,15.100,U002,motorcycle,0.267,60.4 374.0 168.5 486.7,,0,,0,0,31.477,31.769
/Users/lujintao/Library/CloudStorage/OneDrive-AUTUniversity/MyProject-OneDrive/yolo_zhy-feature-yolo-sam3-cascade/YOLO_TRACK_SIMPLE/standardData/9/9.mp4,457,15.233,M002,motorcycle,0.363,57.3 378.4 168.6 486.5,,0,,0,0,29.635,33.744
/Users/lujintao/Library/CloudStorage/OneDrive-AUTUniversity/MyProject-OneDrive/yolo_zhy-feature-yolo-sam3-cascade/YOLO_TRACK_SIMPLE/standardData/9/9.mp4,459,15.300,U001,motorcycle,0.285,585.9 379.0 654.6 431.2,,0,,0,0,31.015,32.242
/Users/lujintao/Library/CloudStorage/OneDrive-AUTUniversity/MyProject-OneDrive/yolo_zhy-feature-yolo-sam3-cascade/YOLO_TRACK_SIMPLE/standardData/9/9.mp4,460,15.333,U001,motorcycle,0.292,594.8 388.6 663.6 430.3,,0,,0,0,32.064,31.187
/Users/lujintao/Library/CloudStorage/OneDrive-AUTUniversity/MyProject-OneDrive/yolo_zhy-feature-yolo-sam3-cascade/YOLO_TRACK_SIMPLE/standardData/9/9.mp4,461,15.367,M004,motorcycle,0.481,598.4 385.1 670.7 431.9,,0,,0,0,31.704,31.542
/Users/lujintao/Library/CloudStorage/OneDrive-AUTUniversity/MyProject-OneDrive/yolo_zhy-feature-yolo-sam3-cascade/YOLO_TRACK_SIMPLE/standardData/9/9.mp4,462,15.400,U001,motorcycle,0.277,612.4 390.5 681.1 432.8,,0,,0,0,31.950,31.299
/Users/lujintao/Library/CloudStorage/OneDrive-AUTUniversity/MyProject-OneDrive/yolo_zhy-feature-yolo-sam3-cascade/YOLO_TRACK_SIMPLE/standardData/9/9.mp4,463,15.433,M004,motorcycle,0.455,614.2 390.1 687.8 432.9,,0,,0,0,30.264,33.043
/Users/lujintao/Library/CloudStorage/OneDrive-AUTUniversity/MyProject-OneDrive/yolo_zhy-feature-yolo-sam3-cascade/YOLO_TRACK_SIMPLE/standardData/9/9.mp4,464,15.467,M004,motorcycle,0.335,625.3 388.7 698.1 433.3,,0,,0,0,32.507,30.762
/Users/lujintao/Library/CloudStorage/OneDrive-AUTUniversity/MyProject-OneDrive/yolo_zhy-feature-yolo-sam3-cascade/YOLO_TRACK_SIMPLE/standardData/9/9.mp4,465,15.500,M004,motorcycle,0.660,631.1 385.5 706.0 433.9,,0,,0,0,30.131,33.189
/Users/lujintao/Library/CloudStorage/OneDrive-AUTUniversity/MyProject-OneDrive/yolo_zhy-feature-yolo-sam3-cascade/YOLO_TRACK_SIMPLE/standardData/9/9.mp4,465,15.500,U002,motorcycle,0.315,548.4 363.4 603.8 408.1,,0,,0,0,30.131,33.189
/Users/lujintao/Library/CloudStorage/OneDrive-AUTUniversity/MyProject-OneDrive/yolo_zhy-feature-yolo-sam3-cascade/YOLO_TRACK_SIMPLE/standardData/9/9.mp4,465,15.500,U003,motorcycle,0.315,581.4 375.9 604.7 409.8,,0,,0,0,30.131,33.189
/Users/lujintao/Library/CloudStorage/OneDrive-AUTUniversity/MyProject-OneDrive/yolo_zhy-feature-yolo-sam3-cascade/YOLO_TRACK_SIMPLE/standardData/9/9.mp4,465,15.500,U004,motorcycle,0.301,39.0 395.1 141.3 490.7,,0,,0,0,30.131,33.189
/Users/lujintao/Library/CloudStorage/OneDrive-AUTUniversity/MyProject-OneDrive/yolo_zhy-feature-yolo-sam3-cascade/YOLO_TRACK_SIMPLE/standardData/9/9.mp4,466,15.533,M004,motorcycle,0.492,640.6 389.9 716.0 434.3,,0,,0,0,31.066,32.190
/Users/lujintao/Library/CloudStorage/OneDrive-AUTUniversity/MyProject-OneDrive/yolo_zhy-feature-yolo-sam3-cascade/YOLO_TRACK_SIMPLE/standardData/9/9.mp4,466,15.533,U002,motorcycle,0.275,36.9 393.3 147.0 491.0,,0,,0,0,31.066,32.190
/Users/lujintao/Library/CloudStorage/OneDrive-AUTUniversity/MyProject-OneDrive/yolo_zhy-feature-yolo-sam3-cascade/YOLO_TRACK_SIMPLE/standardData/9/9.mp4,466,15.533,U003,motorcycle,0.260,582.9 378.4 613.6 409.8,,0,,0,0,31.066,32.190
/Users/lujintao/Library/CloudStorage/OneDrive-AUTUniversity/MyProject-OneDrive/yolo_zhy-feature-yolo-sam3-cascade/YOLO_TRACK_SIMPLE/standardData/9/9.mp4,467,15.567,M004,motorcycle,0.483,650.2 389.1 723.7 434.5,,0,,0,0,30.254,33.053
/Users/lujintao/Library/CloudStorage/OneDrive-AUTUniversity/MyProject-OneDrive/yolo_zhy-feature-yolo-sam3-cascade/YOLO_TRACK_SIMPLE/standardData/9/9.mp4,467,15.567,U002,motorcycle,0.451,604.2 381.1 620.8 410.7,,0,,0,0,30.254,33.053
/Users/lujintao/Library/CloudStorage/OneDrive-AUTUniversity/MyProject-OneDrive/yolo_zhy-feature-yolo-sam3-cascade/YOLO_TRACK_SIMPLE/standardData/9/9.mp4,468,15.600,M004,motorcycle,0.401,656.2 386.7 733.0 436.3,,0,,0,0,32.875,30.418
/Users/lujintao/Library/CloudStorage/OneDrive-AUTUniversity/MyProject-OneDrive/yolo_zhy-feature-yolo-sam3-cascade/YOLO_TRACK_SIMPLE/standardData/9/9.mp4,468,15.600,U002,motorcycle,0.267,595.2 373.3 629.2 408.6,,0,,0,0,32.875,30.418
/Users/lujintao/Library/CloudStorage/OneDrive-AUTUniversity/MyProject-OneDrive/yolo_zhy-feature-yolo-sam3-cascade/YOLO_TRACK_SIMPLE/standardData/9/9.mp4,469,15.633,M004,motorcycle,0.361,667.4 394.0 743.0 435.3,,0,,0,0,29.959,33.379
/Users/lujintao/Library/CloudStorage/OneDrive-AUTUniversity/MyProject-OneDrive/yolo_zhy-feature-yolo-sam3-cascade/YOLO_TRACK_SIMPLE/standardData/9/9.mp4,469,15.633,U002,motorcycle,0.361,604.7 377.6 635.9 409.6,,0,,0,0,29.959,33.379
/Users/lujintao/Library/CloudStorage/OneDrive-AUTUniversity/MyProject-OneDrive/yolo_zhy-feature-yolo-sam3-cascade/YOLO_TRACK_SIMPLE/standardData/9/9.mp4,469,15.633,U003,motorcycle,0.287,580.6 369.2 636.0 408.5,,0,,0,0,29.959,33.379
/Users/lujintao/Library/CloudStorage/OneDrive-AUTUniversity/MyProject-OneDrive/yolo_zhy-feature-yolo-sam3-cascade/YOLO_TRACK_SIMPLE/standardData/9/9.mp4,470,15.667,M004,motorcycle,0.527,672.9 388.9 753.1 436.7,,0,,0,0,30.043,33.285
/Users/lujintao/Library/CloudStorage/OneDrive-AUTUniversity/MyProject-OneDrive/yolo_zhy-feature-yolo-sam3-cascade/YOLO_TRACK_SIMPLE/standardData/9/9.mp4,470,15.667,U002,motorcycle,0.400,587.8 371.4 645.1 409.6,,0,,0,0,30.043,33.285
/Users/lujintao/Library/CloudStorage/OneDrive-AUTUniversity/MyProject-OneDrive/yolo_zhy-feature-yolo-sam3-cascade/YOLO_TRACK_SIMPLE/standardData/9/9.mp4,471,15.700,M004,motorcycle,0.263,683.9 389.5 761.6 435.4,,0,,0,0,31.935,31.313
/Users/lujintao/Library/CloudStorage/OneDrive-AUTUniversity/MyProject-OneDrive/yolo_zhy-feature-yolo-sam3-cascade/YOLO_TRACK_SIMPLE/standardData/9/9.mp4,472,15.733,M004,motorcycle,0.488,690.9 384.5 770.0 437.3,,0,,0,0,33.810,29.577
/Users/lujintao/Library/CloudStorage/OneDrive-AUTUniversity/MyProject-OneDrive/yolo_zhy-feature-yolo-sam3-cascade/YOLO_TRACK_SIMPLE/standardData/9/9.mp4,472,15.733,U002,motorcycle,0.273,600.7 369.9 660.8 409.7,,0,,0,0,33.810,29.577
/Users/lujintao/Library/CloudStorage/OneDrive-AUTUniversity/MyProject-OneDrive/yolo_zhy-feature-yolo-sam3-cascade/YOLO_TRACK_SIMPLE/standardData/9/9.mp4,473,15.767,M004,motorcycle,0.339,700.9 387.2 781.2 437.3,,0,,0,0,29.329,34.096
/Users/lujintao/Library/CloudStorage/OneDrive-AUTUniversity/MyProject-OneDrive/yolo_zhy-feature-yolo-sam3-cascade/YOLO_TRACK_SIMPLE/standardData/9/9.mp4,473,15.767,U002,motorcycle,0.319,609.4 370.3 667.8 409.9,,0,,0,0,29.329,34.096
/Users/lujintao/Library/CloudStorage/OneDrive-AUTUniversity/MyProject-OneDrive/yolo_zhy-feature-yolo-sam3-cascade/YOLO_TRACK_SIMPLE/standardData/9/9.mp4,474,15.800,M005,motorcycle,0.421,616.1 371.0 677.3 410.9,,0,,0,0,52.350,19.102
/Users/lujintao/Library/CloudStorage/OneDrive-AUTUniversity/MyProject-OneDrive/yolo_zhy-feature-yolo-sam3-cascade/YOLO_TRACK_SIMPLE/standardData/9/9.mp4,474,15.800,M004,motorcycle,0.309,710.8 387.2 790.8 435.9,P014,1,1.584,0,0,52.350,19.102
/Users/lujintao/Library/CloudStorage/OneDrive-AUTUniversity/MyProject-OneDrive/yolo_zhy-feature-yolo-sam3-cascade/YOLO_TRACK_SIMPLE/standardData/9/9.mp4,475,15.833,M005,motorcycle,0.380,626.0 374.5 685.3 410.8,,0,,0,0,39.200,25.510
/Users/lujintao/Library/CloudStorage/OneDrive-AUTUniversity/MyProject-OneDrive/yolo_zhy-feature-yolo-sam3-cascade/YOLO_TRACK_SIMPLE/standardData/9/9.mp4,475,15.833,M004,motorcycle,0.375,717.2 386.7 798.7 438.3,P014,1,1.599,0,0,39.200,25.510
/Users/lujintao/Library/CloudStorage/OneDrive-AUTUniversity/MyProject-OneDrive/yolo_zhy-feature-yolo-sam3-cascade/YOLO_TRACK_SIMPLE/standardData/9/9.mp4,477,15.900,M004,motorcycle,0.578,736.1 384.6 818.1 438.9,P014,1,1.593,0,0,30.395,32.900
/Users/lujintao/Library/CloudStorage/OneDrive-AUTUniversity/MyProject-OneDrive/yolo_zhy-feature-yolo-sam3-cascade/YOLO_TRACK_SIMPLE/standardData/9/9.mp4,477,15.900,M005,motorcycle,0.503,642.5 370.2 702.3 413.2,,0,,0,0,30.395,32.900
/Users/lujintao/Library/CloudStorage/OneDrive-AUTUniversity/MyProject-OneDrive/yolo_zhy-feature-yolo-sam3-cascade/YOLO_TRACK_SIMPLE/standardData/9/9.mp4,478,15.933,M004,motorcycle,0.510,745.4 387.9 829.5 439.1,P014,1,1.600,0,0,30.189,33.125
/Users/lujintao/Library/CloudStorage/OneDrive-AUTUniversity/MyProject-OneDrive/yolo_zhy-feature-yolo-sam3-cascade/YOLO_TRACK_SIMPLE/standardData/9/9.mp4,478,15.933,M005,motorcycle,0.460,650.3 367.6 711.2 411.6,,0,,0,0,30.189,33.125
/Users/lujintao/Library/CloudStorage/OneDrive-AUTUniversity/MyProject-OneDrive/yolo_zhy-feature-yolo-sam3-cascade/YOLO_TRACK_SIMPLE/standardData/9/9.mp4,479,15.967,M004,motorcycle,0.351,754.1 386.0 840.1 438.3,P014,1,1.599,0,0,30.522,32.764
/Users/lujintao/Library/CloudStorage/OneDrive-AUTUniversity/MyProject-OneDrive/yolo_zhy-feature-yolo-sam3-cascade/YOLO_TRACK_SIMPLE/standardData/9/9.mp4,480,16.000,M005,motorcycle,0.351,668.0 368.0 728.2 411.0,,0,,0,0,31.346,31.902
/Users/lujintao/Library/CloudStorage/OneDrive-AUTUniversity/MyProject-OneDrive/yolo_zhy-feature-yolo-sam3-cascade/YOLO_TRACK_SIMPLE/standardData/9/9.mp4,480,16.000,M004,motorcycle,0.277,765.8 386.5 848.6 439.5,P014,1,1.600,0,0,31.346,31.902
/Users/lujintao/Library/CloudStorage/OneDrive-AUTUniversity/MyProject-OneDrive/yolo_zhy-feature-yolo-sam3-cascade/YOLO_TRACK_SIMPLE/standardData/9/9.mp4,481,16.033,M005,motorcycle,0.279,678.2 374.1 735.2 411.0,,0,,0,0,32.417,30.848
/Users/lujintao/Library/CloudStorage/OneDrive-AUTUniversity/MyProject-OneDrive/yolo_zhy-feature-yolo-sam3-cascade/YOLO_TRACK_SIMPLE/standardData/9/9.mp4,482,16.067,M004,motorcycle,0.356,783.3 380.9 869.5 440.5,P014,1,1.593,0,0,32.659,30.620
/Users/lujintao/Library/CloudStorage/OneDrive-AUTUniversity/MyProject-OneDrive/yolo_zhy-feature-yolo-sam3-cascade/YOLO_TRACK_SIMPLE/standardData/9/9.mp4,483,16.100,M004,motorcycle,0.334,792.8 372.7 881.0 440.6,P014,1,1.595,0,0,33.313,30.018
/Users/lujintao/Library/CloudStorage/OneDrive-AUTUniversity/MyProject-OneDrive/yolo_zhy-feature-yolo-sam3-cascade/YOLO_TRACK_SIMPLE/standardData/9/9.mp4,484,16.133,M004,motorcycle,0.465,804.0 382.8 891.7 441.5,P014,1,1.577,0,0,32.720,30.563
/Users/lujintao/Library/CloudStorage/OneDrive-AUTUniversity/MyProject-OneDrive/yolo_zhy-feature-yolo-sam3-cascade/YOLO_TRACK_SIMPLE/standardData/9/9.mp4,484,16.133,M005,motorcycle,0.307,704.3 368.7 765.7 415.6,,0,,0,0,32.720,30.563
/Users/lujintao/Library/CloudStorage/OneDrive-AUTUniversity/MyProject-OneDrive/yolo_zhy-feature-yolo-sam3-cascade/YOLO_TRACK_SIMPLE/standardData/9/9.mp4,484,16.133,U003,motorcycle,0.275,703.2 373.3 736.8 412.4,,0,,0,0,32.720,30.563
/Users/lujintao/Library/CloudStorage/OneDrive-AUTUniversity/MyProject-OneDrive/yolo_zhy-feature-yolo-sam3-cascade/YOLO_TRACK_SIMPLE/standardData/9/9.mp4,485,16.167,M004,motorcycle,0.492,814.5 385.2 902.1 441.5,P014,1,1.600,0,0,32.587,30.687
/Users/lujintao/Library/CloudStorage/OneDrive-AUTUniversity/MyProject-OneDrive/yolo_zhy-feature-yolo-sam3-cascade/YOLO_TRACK_SIMPLE/standardData/9/9.mp4,485,16.167,M005,motorcycle,0.295,713.7 367.1 778.5 422.5,,0,,0,0,32.587,30.687
/Users/lujintao/Library/CloudStorage/OneDrive-AUTUniversity/MyProject-OneDrive/yolo_zhy-feature-yolo-sam3-cascade/YOLO_TRACK_SIMPLE/standardData/9/9.mp4,486,16.200,M004,motorcycle,0.529,824.6 374.5 912.5 442.1,P014,1,1.581,0,0,31.765,31.481
/Users/lujintao/Library/CloudStorage/OneDrive-AUTUniversity/MyProject-OneDrive/yolo_zhy-feature-yolo-sam3-cascade/YOLO_TRACK_SIMPLE/standardData/9/9.mp4,486,16.200,M005,motorcycle,0.291,722.9 370.0 787.3 426.9,,0,,0,0,31.765,31.481
/Users/lujintao/Library/CloudStorage/OneDrive-AUTUniversity/MyProject-OneDrive/yolo_zhy-feature-yolo-sam3-cascade/YOLO_TRACK_SIMPLE/standardData/9/9.mp4,487,16.233,M004,motorcycle,0.308,832.3 377.3 923.7 440.4,P014,1,1.589,0,0,31.981,31.269
/Users/lujintao/Library/CloudStorage/OneDrive-AUTUniversity/MyProject-OneDrive/yolo_zhy-feature-yolo-sam3-cascade/YOLO_TRACK_SIMPLE/standardData/9/9.mp4,488,16.267,M004,motorcycle,0.480,843.8 386.7 933.2 442.4,P014,1,1.558,0,0,29.635,33.743
/Users/lujintao/Library/CloudStorage/OneDrive-AUTUniversity/MyProject-OneDrive/yolo_zhy-feature-yolo-sam3-cascade/YOLO_TRACK_SIMPLE/standardData/9/9.mp4,491,16.367,U001,motorcycle,0.318,874.5 382.3 967.4 443.4,,0,,0,0,34.512,28.976
/Users/lujintao/Library/CloudStorage/OneDrive-AUTUniversity/MyProject-OneDrive/yolo_zhy-feature-yolo-sam3-cascade/YOLO_TRACK_SIMPLE/standardData/9/9.mp4,492,16.400,U001,motorcycle,0.394,885.6 370.8 980.0 445.0,,0,,0,0,28.879,34.628
/Users/lujintao/Library/CloudStorage/OneDrive-AUTUniversity/MyProject-OneDrive/yolo_zhy-feature-yolo-sam3-cascade/YOLO_TRACK_SIMPLE/standardData/9/9.mp4,493,16.433,U001,motorcycle,0.334,897.4 376.4 992.0 445.8,,0,,0,0,30.604,32.676
/Users/lujintao/Library/CloudStorage/OneDrive-AUTUniversity/MyProject-OneDrive/yolo_zhy-feature-yolo-sam3-cascade/YOLO_TRACK_SIMPLE/standardData/9/9.mp4,494,16.467,U001,motorcycle,0.304,910.2 386.3 1004.9 444.9,,0,,0,0,33.245,30.080
/Users/lujintao/Library/CloudStorage/OneDrive-AUTUniversity/MyProject-OneDrive/yolo_zhy-feature-yolo-sam3-cascade/YOLO_TRACK_SIMPLE/standardData/9/9.mp4,495,16.500,M004,motorcycle,0.480,919.2 387.5 1019.3 445.9,,0,,0,0,33.382,29.956
/Users/lujintao/Library/CloudStorage/OneDrive-AUTUniversity/MyProject-OneDrive/yolo_zhy-feature-yolo-sam3-cascade/YOLO_TRACK_SIMPLE/standardData/9/9.mp4,496,16.533,M004,motorcycle,0.527,931.3 377.4 1029.2 446.3,,0,,0,0,34.261,29.188
/Users/lujintao/Library/CloudStorage/OneDrive-AUTUniversity/MyProject-OneDrive/yolo_zhy-feature-yolo-sam3-cascade/YOLO_TRACK_SIMPLE/standardData/9/9.mp4,497,16.567,M004,motorcycle,0.527,944.7 388.6 1041.9 447.4,,0,,0,0,29.424,33.986
/Users/lujintao/Library/CloudStorage/OneDrive-AUTUniversity/MyProject-OneDrive/yolo_zhy-feature-yolo-sam3-cascade/YOLO_TRACK_SIMPLE/standardData/9/9.mp4,498,16.600,M004,motorcycle,0.556,955.3 390.2 1055.5 446.5,,0,,0,0,31.359,31.889
/Users/lujintao/Library/CloudStorage/OneDrive-AUTUniversity/MyProject-OneDrive/yolo_zhy-feature-yolo-sam3-cascade/YOLO_TRACK_SIMPLE/standardData/9/9.mp4,499,16.633,M004,motorcycle,0.472,966.9 389.5 1066.4 445.9,,0,,0,0,32.851,30.440
/Users/lujintao/Library/CloudStorage/OneDrive-AUTUniversity/MyProject-OneDrive/yolo_zhy-feature-yolo-sam3-cascade/YOLO_TRACK_SIMPLE/standardData/9/9.mp4,500,16.667,M004,motorcycle,0.575,977.9 388.6 1080.7 448.4,,0,,0,0,29.378,34.039
/Users/lujintao/Library/CloudStorage/OneDrive-AUTUniversity/MyProject-OneDrive/yolo_zhy-feature-yolo-sam3-cascade/YOLO_TRACK_SIMPLE/standardData/9/9.mp4,501,16.700,M004,motorcycle,0.548,990.7 389.1 1095.1 448.2,,0,,0,0,32.407,30.857
/Users/lujintao/Library/CloudStorage/OneDrive-AUTUniversity/MyProject-OneDrive/yolo_zhy-feature-yolo-sam3-cascade/YOLO_TRACK_SIMPLE/standardData/9/9.mp4,502,16.733,M004,motorcycle,0.476,1002.4 391.1 1109.7 450.5,,0,,0,0,31.438,31.808
/Users/lujintao/Library/CloudStorage/OneDrive-AUTUniversity/MyProject-OneDrive/yolo_zhy-feature-yolo-sam3-cascade/YOLO_TRACK_SIMPLE/standardData/9/9.mp4,503,16.767,M004,motorcycle,0.528,1015.4 391.1 1123.4 450.2,,0,,0,0,49.430,20.231
/Users/lujintao/Library/CloudStorage/OneDrive-AUTUniversity/MyProject-OneDrive/yolo_zhy-feature-yolo-sam3-cascade/YOLO_TRACK_SIMPLE/standardData/9/9.mp4,504,16.800,M004,motorcycle,0.549,1027.4 383.8 1137.1 451.4,P015,1,1.589,0,0,31.364,31.884
/Users/lujintao/Library/CloudStorage/OneDrive-AUTUniversity/MyProject-OneDrive/yolo_zhy-feature-yolo-sam3-cascade/YOLO_TRACK_SIMPLE/standardData/9/9.mp4,505,16.833,M004,motorcycle,0.595,1038.8 384.6 1153.2 452.6,P015,1,1.595,0,0,31.039,32.218
/Users/lujintao/Library/CloudStorage/OneDrive-AUTUniversity/MyProject-OneDrive/yolo_zhy-feature-yolo-sam3-cascade/YOLO_TRACK_SIMPLE/standardData/9/9.mp4,506,16.867,M004,motorcycle,0.533,1054.7 370.4 1167.4 452.4,P015,1,1.573,0,0,30.519,32.767
/Users/lujintao/Library/CloudStorage/OneDrive-AUTUniversity/MyProject-OneDrive/yolo_zhy-feature-yolo-sam3-cascade/YOLO_TRACK_SIMPLE/standardData/9/9.mp4,507,16.900,M004,motorcycle,0.485,1067.3 390.3 1183.5 453.3,P015,1,1.562,0,0,28.966,34.523
/Users/lujintao/Library/CloudStorage/OneDrive-AUTUniversity/MyProject-OneDrive/yolo_zhy-feature-yolo-sam3-cascade/YOLO_TRACK_SIMPLE/standardData/9/9.mp4,508,16.933,M004,motorcycle,0.536,1079.9 393.5 1197.7 452.8,P015,1,1.600,0,0,31.683,31.563
/Users/lujintao/Library/CloudStorage/OneDrive-AUTUniversity/MyProject-OneDrive/yolo_zhy-feature-yolo-sam3-cascade/YOLO_TRACK_SIMPLE/standardData/9/9.mp4,509,16.967,M004,motorcycle,0.696,1095.3 383.4 1213.6 453.7,P015,1,1.593,0,0,32.798,30.490
/Users/lujintao/Library/CloudStorage/OneDrive-AUTUniversity/MyProject-OneDrive/yolo_zhy-feature-yolo-sam3-cascade/YOLO_TRACK_SIMPLE/standardData/9/9.mp4,510,17.000,M004,motorcycle,0.592,1107.8 386.5 1228.9 453.5,P015,1,1.598,0,0,33.651,29.717
/Users/lujintao/Library/CloudStorage/OneDrive-AUTUniversity/MyProject-OneDrive/yolo_zhy-feature-yolo-sam3-cascade/YOLO_TRACK_SIMPLE/standardData/9/9.mp4,511,17.033,M004,motorcycle,0.276,1124.0 394.8 1246.0 455.2,P015,1,1.596,0,0,29.117,34.344
/Users/lujintao/Library/CloudStorage/OneDrive-AUTUniversity/MyProject-OneDrive/yolo_zhy-feature-yolo-sam3-cascade/YOLO_TRACK_SIMPLE/standardData/9/9.mp4,512,17.067,M004,motorcycle,0.381,1137.3 393.6 1261.2 454.8,P015,1,1.600,0,0,32.313,30.947
/Users/lujintao/Library/CloudStorage/OneDrive-AUTUniversity/MyProject-OneDrive/yolo_zhy-feature-yolo-sam3-cascade/YOLO_TRACK_SIMPLE/standardData/9/9.mp4,513,17.100,M004,motorcycle,0.274,1153.1 390.6 1278.9 456.5,P015,1,1.600,0,0,30.788,32.480
/Users/lujintao/Library/CloudStorage/OneDrive-AUTUniversity/MyProject-OneDrive/yolo_zhy-feature-yolo-sam3-cascade/YOLO_TRACK_SIMPLE/standardData/9/9.mp4,629,20.967,U001,motorcycle,0.275,628.6 367.8 710.9 434.3,,0,,0,0,35.398,28.250
/Users/lujintao/Library/CloudStorage/OneDrive-AUTUniversity/MyProject-OneDrive/yolo_zhy-feature-yolo-sam3-cascade/YOLO_TRACK_SIMPLE/standardData/9/9.mp4,630,21.000,U001,motorcycle,0.259,635.8 371.4 720.3 435.3,,0,,0,0,36.271,27.570
/Users/lujintao/Library/CloudStorage/OneDrive-AUTUniversity/MyProject-OneDrive/yolo_zhy-feature-yolo-sam3-cascade/YOLO_TRACK_SIMPLE/standardData/9/9.mp4,631,21.033,U001,motorcycle,0.269,646.2 377.7 725.3 434.8,,0,,0,0,32.098,31.155
/Users/lujintao/Library/CloudStorage/OneDrive-AUTUniversity/MyProject-OneDrive/yolo_zhy-feature-yolo-sam3-cascade/YOLO_TRACK_SIMPLE/standardData/9/9.mp4,632,21.067,M006,motorcycle,0.479,654.2 372.4 735.0 435.3,,0,,0,0,32.551,30.721
/Users/lujintao/Library/CloudStorage/OneDrive-AUTUniversity/MyProject-OneDrive/yolo_zhy-feature-yolo-sam3-cascade/YOLO_TRACK_SIMPLE/standardData/9/9.mp4,633,21.100,M006,motorcycle,0.368,664.0 368.4 740.5 436.1,,0,,0,0,32.850,30.442
/Users/lujintao/Library/CloudStorage/OneDrive-AUTUniversity/MyProject-OneDrive/yolo_zhy-feature-yolo-sam3-cascade/YOLO_TRACK_SIMPLE/standardData/9/9.mp4,634,21.133,M006,motorcycle,0.315,668.7 372.4 752.5 436.8,,0,,0,0,35.521,28.153
/Users/lujintao/Library/CloudStorage/OneDrive-AUTUniversity/MyProject-OneDrive/yolo_zhy-feature-yolo-sam3-cascade/YOLO_TRACK_SIMPLE/standardData/9/9.mp4,635,21.167,M006,motorcycle,0.492,679.4 376.3 762.2 435.5,,0,,0,0,30.296,33.008
/Users/lujintao/Library/CloudStorage/OneDrive-AUTUniversity/MyProject-OneDrive/yolo_zhy-feature-yolo-sam3-cascade/YOLO_TRACK_SIMPLE/standardData/9/9.mp4,636,21.200,M006,motorcycle,0.478,686.9 378.9 769.0 435.8,,0,,0,0,32.831,30.459
/Users/lujintao/Library/CloudStorage/OneDrive-AUTUniversity/MyProject-OneDrive/yolo_zhy-feature-yolo-sam3-cascade/YOLO_TRACK_SIMPLE/standardData/9/9.mp4,637,21.233,M006,motorcycle,0.391,693.1 373.4 779.8 435.5,,0,,0,0,33.124,30.190
/Users/lujintao/Library/CloudStorage/OneDrive-AUTUniversity/MyProject-OneDrive/yolo_zhy-feature-yolo-sam3-cascade/YOLO_TRACK_SIMPLE/standardData/9/9.mp4,638,21.267,M006,motorcycle,0.346,699.5 372.9 786.6 436.1,,0,,0,0,33.804,29.582
/Users/lujintao/Library/CloudStorage/OneDrive-AUTUniversity/MyProject-OneDrive/yolo_zhy-feature-yolo-sam3-cascade/YOLO_TRACK_SIMPLE/standardData/9/9.mp4,639,21.300,M006,motorcycle,0.413,708.7 373.0 801.3 436.9,,0,,0,0,33.237,30.087
/Users/lujintao/Library/CloudStorage/OneDrive-AUTUniversity/MyProject-OneDrive/yolo_zhy-feature-yolo-sam3-cascade/YOLO_TRACK_SIMPLE/standardData/9/9.mp4,641,21.367,U001,motorcycle,0.326,0.0 383.9 105.7 533.8,,0,,0,0,30.288,33.016
/Users/lujintao/Library/CloudStorage/OneDrive-AUTUniversity/MyProject-OneDrive/yolo_zhy-feature-yolo-sam3-cascade/YOLO_TRACK_SIMPLE/standardData/9/9.mp4,642,21.400,U001,motorcycle,0.257,740.6 378.2 825.8 437.5,,0,,0,0,35.542,28.136
/Users/lujintao/Library/CloudStorage/OneDrive-AUTUniversity/MyProject-OneDrive/yolo_zhy-feature-yolo-sam3-cascade/YOLO_TRACK_SIMPLE/standardData/9/9.mp4,644,21.467,U001,motorcycle,0.276,761.0 373.9 840.3 436.7,,0,,0,0,33.046,30.261
/Users/lujintao/Library/CloudStorage/OneDrive-AUTUniversity/MyProject-OneDrive/yolo_zhy-feature-yolo-sam3-cascade/YOLO_TRACK_SIMPLE/standardData/9/9.mp4,646,21.533,U001,motorcycle,0.599,18.3 435.5 178.6 532.2,,0,,0,0,34.285,29.167
/Users/lujintao/Library/CloudStorage/OneDrive-AUTUniversity/MyProject-OneDrive/yolo_zhy-feature-yolo-sam3-cascade/YOLO_TRACK_SIMPLE/standardData/9/9.mp4,647,21.567,U001,motorcycle,0.276,48.3 435.3 194.8 533.8,,0,,0,0,34.962,28.603
/Users/lujintao/Library/CloudStorage/OneDrive-AUTUniversity/MyProject-OneDrive/yolo_zhy-feature-yolo-sam3-cascade/YOLO_TRACK_SIMPLE/standardData/9/9.mp4,649,21.633,M007,motorcycle,0.559,67.6 433.2 224.6 531.4,,0,,0,0,33.557,29.800
/Users/lujintao/Library/CloudStorage/OneDrive-AUTUniversity/MyProject-OneDrive/yolo_zhy-feature-yolo-sam3-cascade/YOLO_TRACK_SIMPLE/standardData/9/9.mp4,650,21.667,M007,motorcycle,0.358,81.9 437.3 241.3 534.6,,0,,0,0,33.840,29.551
/Users/lujintao/Library/CloudStorage/OneDrive-AUTUniversity/MyProject-OneDrive/yolo_zhy-feature-yolo-sam3-cascade/YOLO_TRACK_SIMPLE/standardData/9/9.mp4,651,21.700,M007,motorcycle,0.404,104.0 432.0 256.0 532.8,,0,,0,0,33.577,29.782
/Users/lujintao/Library/CloudStorage/OneDrive-AUTUniversity/MyProject-OneDrive/yolo_zhy-feature-yolo-sam3-cascade/YOLO_TRACK_SIMPLE/standardData/9/9.mp4,653,21.767,M007,motorcycle,0.514,123.2 434.8 282.5 532.2,P017,1,1.600,0,0,34.652,28.859
/Users/lujintao/Library/CloudStorage/OneDrive-AUTUniversity/MyProject-OneDrive/yolo_zhy-feature-yolo-sam3-cascade/YOLO_TRACK_SIMPLE/standardData/9/9.mp4,655,21.833,M007,motorcycle,0.457,157.0 436.3 313.0 533.8,P017,1,1.598,0,0,33.169,30.149
/Users/lujintao/Library/CloudStorage/OneDrive-AUTUniversity/MyProject-OneDrive/yolo_zhy-feature-yolo-sam3-cascade/YOLO_TRACK_SIMPLE/standardData/9/9.mp4,656,21.867,M007,motorcycle,0.298,176.8 434.6 326.4 532.2,P017,1,1.594,0,0,34.692,28.825
/Users/lujintao/Library/CloudStorage/OneDrive-AUTUniversity/MyProject-OneDrive/yolo_zhy-feature-yolo-sam3-cascade/YOLO_TRACK_SIMPLE/standardData/9/9.mp4,657,21.900,M007,motorcycle,0.537,186.1 433.4 340.3 532.8,P017,1,1.599,0,0,34.127,29.302
/Users/lujintao/Library/CloudStorage/OneDrive-AUTUniversity/MyProject-OneDrive/yolo_zhy-feature-yolo-sam3-cascade/YOLO_TRACK_SIMPLE/standardData/9/9.mp4,658,21.933,M007,motorcycle,0.472,200.3 432.9 358.7 529.0,P017,1,1.593,0,0,34.449,29.029
/Users/lujintao/Library/CloudStorage/OneDrive-AUTUniversity/MyProject-OneDrive/yolo_zhy-feature-yolo-sam3-cascade/YOLO_TRACK_SIMPLE/standardData/9/9.mp4,662,22.067,U001,motorcycle,0.295,263.9 433.2 417.9 531.0,,0,,0,0,34.081,29.342
/Users/lujintao/Library/CloudStorage/OneDrive-AUTUniversity/MyProject-OneDrive/yolo_zhy-feature-yolo-sam3-cascade/YOLO_TRACK_SIMPLE/standardData/9/9.mp4,663,22.100,M007,motorcycle,0.525,279.8 427.2 431.0 530.7,P017,1,1.599,0,0,33.081,30.229
/Users/lujintao/Library/CloudStorage/OneDrive-AUTUniversity/MyProject-OneDrive/yolo_zhy-feature-yolo-sam3-cascade/YOLO_TRACK_SIMPLE/standardData/9/9.mp4,664,22.133,M007,motorcycle,0.562,297.4 432.5 446.8 529.2,P017,1,1.598,0,0,35.771,27.956
/Users/lujintao/Library/CloudStorage/OneDrive-AUTUniversity/MyProject-OneDrive/yolo_zhy-feature-yolo-sam3-cascade/YOLO_TRACK_SIMPLE/standardData/9/9.mp4,665,22.167,M007,motorcycle,0.520,307.6 431.9 458.1 530.7,P017,1,1.596,0,0,33.009,30.295
/Users/lujintao/Library/CloudStorage/OneDrive-AUTUniversity/MyProject-OneDrive/yolo_zhy-feature-yolo-sam3-cascade/YOLO_TRACK_SIMPLE/standardData/9/9.mp4,666,22.200,M007,motorcycle,0.660,322.9 431.6 472.4 529.2,P017,1,1.599,0,0,35.491,28.176
/Users/lujintao/Library/CloudStorage/OneDrive-AUTUniversity/MyProject-OneDrive/yolo_zhy-feature-yolo-sam3-cascade/YOLO_TRACK_SIMPLE/standardData/9/9.mp4,666,22.200,U002,motorcycle,0.391,469.7 383.0 538.5 435.8,,0,,0,0,35.491,28.176
/Users/lujintao/Library/CloudStorage/OneDrive-AUTUniversity/MyProject-OneDrive/yolo_zhy-feature-yolo-sam3-cascade/YOLO_TRACK_SIMPLE/standardData/9/9.mp4,667,22.233,M008,motorcycle,0.483,475.0 381.5 543.8 435.0,,0,,0,0,33.400,29.940
/Users/lujintao/Library/CloudStorage/OneDrive-AUTUniversity/MyProject-OneDrive/yolo_zhy-feature-yolo-sam3-cascade/YOLO_TRACK_SIMPLE/standardData/9/9.mp4,667,22.233,M007,motorcycle,0.464,341.5 426.6 487.0 527.3,P017,1,1.600,0,0,33.400,29.940
/Users/lujintao/Library/CloudStorage/OneDrive-AUTUniversity/MyProject-OneDrive/yolo_zhy-feature-yolo-sam3-cascade/YOLO_TRACK_SIMPLE/standardData/9/9.mp4,668,22.267,M007,motorcycle,0.592,355.6 428.7 502.5 527.3,P017,1,1.599,0,0,34.054,29.365
/Users/lujintao/Library/CloudStorage/OneDrive-AUTUniversity/MyProject-OneDrive/yolo_zhy-feature-yolo-sam3-cascade/YOLO_TRACK_SIMPLE/standardData/9/9.mp4,668,22.267,M008,motorcycle,0.385,489.2 385.0 551.8 433.4,,0,,0,0,34.054,29.365
/Users/lujintao/Library/CloudStorage/OneDrive-AUTUniversity/MyProject-OneDrive/yolo_zhy-feature-yolo-sam3-cascade/YOLO_TRACK_SIMPLE/standardData/9/9.mp4,669,22.300,M007,motorcycle,0.533,372.0 429.3 516.2 525.3,P017,1,1.600,0,0,33.664,29.705
/Users/lujintao/Library/CloudStorage/OneDrive-AUTUniversity/MyProject-OneDrive/yolo_zhy-feature-yolo-sam3-cascade/YOLO_TRACK_SIMPLE/standardData/9/9.mp4,669,22.300,M008,motorcycle,0.386,494.7 385.1 558.4 433.9,,0,,0,0,33.664,29.705
/Users/lujintao/Library/CloudStorage/OneDrive-AUTUniversity/MyProject-OneDrive/yolo_zhy-feature-yolo-sam3-cascade/YOLO_TRACK_SIMPLE/standardData/9/9.mp4,670,22.333,M007,motorcycle,0.539,385.8 428.6 531.7 524.7,P017,1,1.600,0,0,33.507,29.844
/Users/lujintao/Library/CloudStorage/OneDrive-AUTUniversity/MyProject-OneDrive/yolo_zhy-feature-yolo-sam3-cascade/YOLO_TRACK_SIMPLE/standardData/9/9.mp4,670,22.333,M008,motorcycle,0.321,492.3 380.2 564.9 433.5,,0,,0,0,33.507,29.844
/Users/lujintao/Library/CloudStorage/OneDrive-AUTUniversity/MyProject-OneDrive/yolo_zhy-feature-yolo-sam3-cascade/YOLO_TRACK_SIMPLE/standardData/9/9.mp4,670,22.333,U003,motorcycle,0.258,0.0 542.5 283.9 717.2,,0,,0,0,33.507,29.844
/Users/lujintao/Library/CloudStorage/OneDrive-AUTUniversity/MyProject-OneDrive/yolo_zhy-feature-yolo-sam3-cascade/YOLO_TRACK_SIMPLE/standardData/9/9.mp4,671,22.367,M007,motorcycle,0.704,399.8 427.3 545.3 525.4,P017,1,1.596,0,0,33.260,30.066
/Users/lujintao/Library/CloudStorage/OneDrive-AUTUniversity/MyProject-OneDrive/yolo_zhy-feature-yolo-sam3-cascade/YOLO_TRACK_SIMPLE/standardData/9/9.mp4,671,22.367,M008,motorcycle,0.373,498.0 382.8 573.3 434.6,,0,,0,0,33.260,30.066
/Users/lujintao/Library/CloudStorage/OneDrive-AUTUniversity/MyProject-OneDrive/yolo_zhy-feature-yolo-sam3-cascade/YOLO_TRACK_SIMPLE/standardData/9/9.mp4,672,22.400,M007,motorcycle,0.634,415.8 420.9 560.9 524.6,P017,1,1.581,0,0,31.251,31.999
/Users/lujintao/Library/CloudStorage/OneDrive-AUTUniversity/MyProject-OneDrive/yolo_zhy-feature-yolo-sam3-cascade/YOLO_TRACK_SIMPLE/standardData/9/9.mp4,672,22.400,M008,motorcycle,0.280,505.8 379.7 578.9 434.7,,0,,0,0,31.251,31.999
/Users/lujintao/Library/CloudStorage/OneDrive-AUTUniversity/MyProject-OneDrive/yolo_zhy-feature-yolo-sam3-cascade/YOLO_TRACK_SIMPLE/standardData/9/9.mp4,672,22.400,U003,motorcycle,0.264,3.9 457.2 337.0 716.3,,0,,0,0,31.251,31.999
/Users/lujintao/Library/CloudStorage/OneDrive-AUTUniversity/MyProject-OneDrive/yolo_zhy-feature-yolo-sam3-cascade/YOLO_TRACK_SIMPLE/standardData/9/9.mp4,673,22.433,M007,motorcycle,0.339,430.2 432.6 579.2 525.4,P017,1,1.596,0,0,33.416,29.926
/Users/lujintao/Library/CloudStorage/OneDrive-AUTUniversity/MyProject-OneDrive/yolo_zhy-feature-yolo-sam3-cascade/YOLO_TRACK_SIMPLE/standardData/9/9.mp4,674,22.467,M007,motorcycle,0.340,444.8 425.6 592.2 523.0,P017,1,1.599,0,0,31.147,32.106
/Users/lujintao/Library/CloudStorage/OneDrive-AUTUniversity/MyProject-OneDrive/yolo_zhy-feature-yolo-sam3-cascade/YOLO_TRACK_SIMPLE/standardData/9/9.mp4,675,22.500,M007,motorcycle,0.389,467.2 404.9 604.4 522.9,P017,1,1.585,0,0,33.144,30.171
/Users/lujintao/Library/CloudStorage/OneDrive-AUTUniversity/MyProject-OneDrive/yolo_zhy-feature-yolo-sam3-cascade/YOLO_TRACK_SIMPLE/standardData/9/9.mp4,676,22.533,M007,motorcycle,0.482,478.2 429.1 614.6 523.4,P017,1,1.553,0,0,33.793,29.592
/Users/lujintao/Library/CloudStorage/OneDrive-AUTUniversity/MyProject-OneDrive/yolo_zhy-feature-yolo-sam3-cascade/YOLO_TRACK_SIMPLE/standardData/9/9.mp4,676,22.533,U002,motorcycle,0.315,25.0 512.5 451.1 717.1,,0,,0,0,33.793,29.592
/Users/lujintao/Library/CloudStorage/OneDrive-AUTUniversity/MyProject-OneDrive/yolo_zhy-feature-yolo-sam3-cascade/YOLO_TRACK_SIMPLE/standardData/9/9.mp4,677,22.567,M007,motorcycle,0.548,490.4 426.4 627.0 522.4,P017,1,1.600,0,0,34.908,28.647
/Users/lujintao/Library/CloudStorage/OneDrive-AUTUniversity/MyProject-OneDrive/yolo_zhy-feature-yolo-sam3-cascade/YOLO_TRACK_SIMPLE/standardData/9/9.mp4,677,22.567,M009,motorcycle,0.433,18.8 509.7 463.9 716.0,,0,,0,0,34.908,28.647
/Users/lujintao/Library/CloudStorage/OneDrive-AUTUniversity/MyProject-OneDrive/yolo_zhy-feature-yolo-sam3-cascade/YOLO_TRACK_SIMPLE/standardData/9/9.mp4,678,22.600,M009,motorcycle,0.568,6.4 506.7 488.6 716.9,,0,,0,0,32.512,30.757
/Users/lujintao/Library/CloudStorage/OneDrive-AUTUniversity/MyProject-OneDrive/yolo_zhy-feature-yolo-sam3-cascade/YOLO_TRACK_SIMPLE/standardData/9/9.mp4,678,22.600,M007,motorcycle,0.562,506.0 425.5 643.6 522.8,P017,1,1.596,0,0,32.512,30.757
/Users/lujintao/Library/CloudStorage/OneDrive-AUTUniversity/MyProject-OneDrive/yolo_zhy-feature-yolo-sam3-cascade/YOLO_TRACK_SIMPLE/standardData/9/9.mp4,679,22.633,M009,motorcycle,0.481,39.2 511.4 504.8 720.0,,0,,0,0,34.313,29.143
/Users/lujintao/Library/CloudStorage/OneDrive-AUTUniversity/MyProject-OneDrive/yolo_zhy-feature-yolo-sam3-cascade/YOLO_TRACK_SIMPLE/standardData/9/9.mp4,679,22.633,M007,motorcycle,0.474,519.8 428.0 657.2 524.0,P017,1,1.586,0,0,34.313,29.143
/Users/lujintao/Library/CloudStorage/OneDrive-AUTUniversity/MyProject-OneDrive/yolo_zhy-feature-yolo-sam3-cascade/YOLO_TRACK_SIMPLE/standardData/9/9.mp4,680,22.667,M007,motorcycle,0.539,534.9 430.6 671.3 523.0,P017,1,1.599,0,0,33.283,30.045
/Users/lujintao/Library/CloudStorage/OneDrive-AUTUniversity/MyProject-OneDrive/yolo_zhy-feature-yolo-sam3-cascade/YOLO_TRACK_SIMPLE/standardData/9/9.mp4,680,22.667,M009,motorcycle,0.534,79.6 494.6 522.4 717.1,,0,,0,0,33.283,30.045
/Users/lujintao/Library/CloudStorage/OneDrive-AUTUniversity/MyProject-OneDrive/yolo_zhy-feature-yolo-sam3-cascade/YOLO_TRACK_SIMPLE/standardData/9/9.mp4,681,22.700,M009,motorcycle,0.667,111.8 500.7 537.8 718.6,P018,1,1.597,0,0,31.541,31.705
/Users/lujintao/Library/CloudStorage/OneDrive-AUTUniversity/MyProject-OneDrive/yolo_zhy-feature-yolo-sam3-cascade/YOLO_TRACK_SIMPLE/standardData/9/9.mp4,681,22.700,M007,motorcycle,0.502,547.7 427.8 682.4 524.1,P017,1,1.590,0,0,31.541,31.705
/Users/lujintao/Library/CloudStorage/OneDrive-AUTUniversity/MyProject-OneDrive/yolo_zhy-feature-yolo-sam3-cascade/YOLO_TRACK_SIMPLE/standardData/9/9.mp4,682,22.733,M009,motorcycle,0.601,138.9 487.1 557.0 718.9,P018,1,1.596,0,0,33.864,29.530
/Users/lujintao/Library/CloudStorage/OneDrive-AUTUniversity/MyProject-OneDrive/yolo_zhy-feature-yolo-sam3-cascade/YOLO_TRACK_SIMPLE/standardData/9/9.mp4,682,22.733,M007,motorcycle,0.399,563.1 425.7 699.0 522.6,P017,1,1.593,0,0,33.864,29.530
/Users/lujintao/Library/CloudStorage/OneDrive-AUTUniversity/MyProject-OneDrive/yolo_zhy-feature-yolo-sam3-cascade/YOLO_TRACK_SIMPLE/standardData/9/9.mp4,683,22.767,M009,motorcycle,0.462,201.2 485.1 572.4 719.3,P018,1,1.450,0,0,35.167,28.436
/Users/lujintao/Library/CloudStorage/OneDrive-AUTUniversity/MyProject-OneDrive/yolo_zhy-feature-yolo-sam3-cascade/YOLO_TRACK_SIMPLE/standardData/9/9.mp4,683,22.767,M007,motorcycle,0.357,577.9 422.0 710.2 521.3,P017,1,1.560,0,0,35.167,28.436
/Users/lujintao/Library/CloudStorage/OneDrive-AUTUniversity/MyProject-OneDrive/yolo_zhy-feature-yolo-sam3-cascade/YOLO_TRACK_SIMPLE/standardData/9/9.mp4,685,22.833,U001,motorcycle,0.315,162.9 353.5 212.5 406.4,,0,,0,0,34.204,29.236
/Users/lujintao/Library/CloudStorage/OneDrive-AUTUniversity/MyProject-OneDrive/yolo_zhy-feature-yolo-sam3-cascade/YOLO_TRACK_SIMPLE/standardData/9/9.mp4,686,22.867,M009,motorcycle,0.467,285.8 498.8 614.3 719.9,P018,1,1.598,0,1,34.261,29.188
/Users/lujintao/Library/CloudStorage/OneDrive-AUTUniversity/MyProject-OneDrive/yolo_zhy-feature-yolo-sam3-cascade/YOLO_TRACK_SIMPLE/standardData/9/9.mp4,686,22.867,U002,motorcycle,0.260,165.9 355.0 218.0 405.9,,0,,0,0,34.261,29.188
/Users/lujintao/Library/CloudStorage/OneDrive-AUTUniversity/MyProject-OneDrive/yolo_zhy-feature-yolo-sam3-cascade/YOLO_TRACK_SIMPLE/standardData/9/9.mp4,687,22.900,M007,motorcycle,0.546,632.7 426.5 764.7 518.0,P017,1,1.600,0,0,33.172,30.146
/Users/lujintao/Library/CloudStorage/OneDrive-AUTUniversity/MyProject-OneDrive/yolo_zhy-feature-yolo-sam3-cascade/YOLO_TRACK_SIMPLE/standardData/9/9.mp4,687,22.900,M009,motorcycle,0.489,304.1 498.7 623.0 718.7,P018,1,1.450,0,1,33.172,30.146
/Users/lujintao/Library/CloudStorage/OneDrive-AUTUniversity/MyProject-OneDrive/yolo_zhy-feature-yolo-sam3-cascade/YOLO_TRACK_SIMPLE/standardData/9/9.mp4,688,22.933,M009,motorcycle,0.359,330.6 502.4 639.3 718.7,P018,1,1.599,0,1,32.109,31.144
/Users/lujintao/Library/CloudStorage/OneDrive-AUTUniversity/MyProject-OneDrive/yolo_zhy-feature-yolo-sam3-cascade/YOLO_TRACK_SIMPLE/standardData/9/9.mp4,689,22.967,M009,motorcycle,0.564,350.2 484.6 650.4 717.7,P018,1,1.588,0,1,29.093,34.373
/Users/lujintao/Library/CloudStorage/OneDrive-AUTUniversity/MyProject-OneDrive/yolo_zhy-feature-yolo-sam3-cascade/YOLO_TRACK_SIMPLE/standardData/9/9.mp4,690,23.000,M009,motorcycle,0.669,369.5 485.7 664.0 716.3,P018,1,1.591,0,1,34.680,28.835
/Users/lujintao/Library/CloudStorage/OneDrive-AUTUniversity/MyProject-OneDrive/yolo_zhy-feature-yolo-sam3-cascade/YOLO_TRACK_SIMPLE/standardData/9/9.mp4,690,23.000,M007,motorcycle,0.600,676.3 428.2 803.1 518.3,P017,1,1.598,0,0,34.680,28.835
/Users/lujintao/Library/CloudStorage/OneDrive-AUTUniversity/MyProject-OneDrive/yolo_zhy-feature-yolo-sam3-cascade/YOLO_TRACK_SIMPLE/standardData/9/9.mp4,690,23.000,U003,motorcycle,0.334,625.2 366.7 701.4 435.3,,0,,0,0,34.680,28.835
/Users/lujintao/Library/CloudStorage/OneDrive-AUTUniversity/MyProject-OneDrive/yolo_zhy-feature-yolo-sam3-cascade/YOLO_TRACK_SIMPLE/standardData/9/9.mp4,691,23.033,M009,motorcycle,0.759,383.0 486.3 674.5 717.8,P018,1,1.586,0,1,30.861,32.403
/Users/lujintao/Library/CloudStorage/OneDrive-AUTUniversity/MyProject-OneDrive/yolo_zhy-feature-yolo-sam3-cascade/YOLO_TRACK_SIMPLE/standardData/9/9.mp4,691,23.033,M008,motorcycle,0.458,630.6 369.1 699.5 435.0,,0,,0,0,30.861,32.403
/Users/lujintao/Library/CloudStorage/OneDrive-AUTUniversity/MyProject-OneDrive/yolo_zhy-feature-yolo-sam3-cascade/YOLO_TRACK_SIMPLE/standardData/9/9.mp4,691,23.033,U003,motorcycle,0.395,195.8 352.9 242.3 405.9,,0,,0,0,30.861,32.403
/Users/lujintao/Library/CloudStorage/OneDrive-AUTUniversity/MyProject-OneDrive/yolo_zhy-feature-yolo-sam3-cascade/YOLO_TRACK_SIMPLE/standardData/9/9.mp4,691,23.033,M007,motorcycle,0.271,691.7 428.7 815.0 517.5,P017,1,1.599,0,0,30.861,32.403
/Users/lujintao/Library/CloudStorage/OneDrive-AUTUniversity/MyProject-OneDrive/yolo_zhy-feature-yolo-sam3-cascade/YOLO_TRACK_SIMPLE/standardData/9/9.mp4,692,23.067,M009,motorcycle,0.647,402.5 484.1 687.3 718.4,P018,1,1.450,0,1,30.120,33.201
/Users/lujintao/Library/CloudStorage/OneDrive-AUTUniversity/MyProject-OneDrive/yolo_zhy-feature-yolo-sam3-cascade/YOLO_TRACK_SIMPLE/standardData/9/9.mp4,692,23.067,M007,motorcycle,0.407,705.7 429.1 827.3 516.9,P017,1,1.599,0,0,30.120,33.201
/Users/lujintao/Library/CloudStorage/OneDrive-AUTUniversity/MyProject-OneDrive/yolo_zhy-feature-yolo-sam3-cascade/YOLO_TRACK_SIMPLE/standardData/9/9.mp4,692,23.067,U003,motorcycle,0.286,649.9 387.8 716.5 434.8,,0,,0,0,30.120,33.201
/Users/lujintao/Library/CloudStorage/OneDrive-AUTUniversity/MyProject-OneDrive/yolo_zhy-feature-yolo-sam3-cascade/YOLO_TRACK_SIMPLE/standardData/9/9.mp4,693,23.100,M009,motorcycle,0.587,418.6 484.8 693.8 716.1,P018,1,1.600,0,1,32.773,30.513
/Users/lujintao/Library/CloudStorage/OneDrive-AUTUniversity/MyProject-OneDrive/yolo_zhy-feature-yolo-sam3-cascade/YOLO_TRACK_SIMPLE/standardData/9/9.mp4,693,23.100,M007,motorcycle,0.434,716.2 430.1 837.7 516.7,P017,1,1.599,0,0,32.773,30.513
/Users/lujintao/Library/CloudStorage/OneDrive-AUTUniversity/MyProject-OneDrive/yolo_zhy-feature-yolo-sam3-cascade/YOLO_TRACK_SIMPLE/standardData/9/9.mp4,693,23.100,M008,motorcycle,0.384,649.0 382.3 724.5 435.9,,0,,0,0,32.773,30.513
/Users/lujintao/Library/CloudStorage/OneDrive-AUTUniversity/MyProject-OneDrive/yolo_zhy-feature-yolo-sam3-cascade/YOLO_TRACK_SIMPLE/standardData/9/9.mp4,693,23.100,U004,motorcycle,0.311,194.7 351.1 251.3 406.6,,0,,0,0,32.773,30.513
/Users/lujintao/Library/CloudStorage/OneDrive-AUTUniversity/MyProject-OneDrive/yolo_zhy-feature-yolo-sam3-cascade/YOLO_TRACK_SIMPLE/standardData/9/9.mp4,694,23.133,M009,motorcycle,0.657,417.9 484.5 704.9 717.8,P018,1,1.594,0,1,34.187,29.251
/Users/lujintao/Library/CloudStorage/OneDrive-AUTUniversity/MyProject-OneDrive/yolo_zhy-feature-yolo-sam3-cascade/YOLO_TRACK_SIMPLE/standardData/9/9.mp4,694,23.133,M008,motorcycle,0.511,656.7 382.7 736.7 437.3,,0,,0,0,34.187,29.251
/Users/lujintao/Library/CloudStorage/OneDrive-AUTUniversity/MyProject-OneDrive/yolo_zhy-feature-yolo-sam3-cascade/YOLO_TRACK_SIMPLE/standardData/9/9.mp4,694,23.133,U003,motorcycle,0.289,199.9 354.0 255.3 405.6,,0,,0,0,34.187,29.251
/Users/lujintao/Library/CloudStorage/OneDrive-AUTUniversity/MyProject-OneDrive/yolo_zhy-feature-yolo-sam3-cascade/YOLO_TRACK_SIMPLE/standardData/9/9.mp4,695,23.167,M009,motorcycle,0.552,465.4 508.0 712.7 716.1,P018,1,1.581,0,1,33.479,29.870
/Users/lujintao/Library/CloudStorage/OneDrive-AUTUniversity/MyProject-OneDrive/yolo_zhy-feature-yolo-sam3-cascade/YOLO_TRACK_SIMPLE/standardData/9/9.mp4,695,23.167,M007,motorcycle,0.472,742.6 430.4 863.9 516.0,P017,1,1.599,0,0,33.479,29.870
/Users/lujintao/Library/CloudStorage/OneDrive-AUTUniversity/MyProject-OneDrive/yolo_zhy-feature-yolo-sam3-cascade/YOLO_TRACK_SIMPLE/standardData/9/9.mp4,695,23.167,M008,motorcycle,0.439,660.9 382.1 745.6 436.6,,0,,0,0,33.479,29.870
/Users/lujintao/Library/CloudStorage/OneDrive-AUTUniversity/MyProject-OneDrive/yolo_zhy-feature-yolo-sam3-cascade/YOLO_TRACK_SIMPLE/standardData/9/9.mp4,695,23.167,U004,motorcycle,0.311,204.5 352.0 261.7 406.0,,0,,0,0,33.479,29.870
/Users/lujintao/Library/CloudStorage/OneDrive-AUTUniversity/MyProject-OneDrive/yolo_zhy-feature-yolo-sam3-cascade/YOLO_TRACK_SIMPLE/standardData/9/9.mp4,696,23.200,M008,motorcycle,0.465,667.0 374.9 752.0 435.8,,0,,0,0,35.172,28.432
/Users/lujintao/Library/CloudStorage/OneDrive-AUTUniversity/MyProject-OneDrive/yolo_zhy-feature-yolo-sam3-cascade/YOLO_TRACK_SIMPLE/standardData/9/9.mp4,696,23.200,M009,motorcycle,0.339,486.5 493.5 723.4 714.3,P018,1,1.600,0,1,35.172,28.432
/Users/lujintao/Library/CloudStorage/OneDrive-AUTUniversity/MyProject-OneDrive/yolo_zhy-feature-yolo-sam3-cascade/YOLO_TRACK_SIMPLE/standardData/9/9.mp4,696,23.200,U003,motorcycle,0.314,209.7 351.3 268.4 407.0,,0,,0,0,35.172,28.432
/Users/lujintao/Library/CloudStorage/OneDrive-AUTUniversity/MyProject-OneDrive/yolo_zhy-feature-yolo-sam3-cascade/YOLO_TRACK_SIMPLE/standardData/9/9.mp4,697,23.233,M009,motorcycle,0.434,500.7 477.8 733.0 713.1,P018,1,1.600,0,1,32.982,30.319
/Users/lujintao/Library/CloudStorage/OneDrive-AUTUniversity/MyProject-OneDrive/yolo_zhy-feature-yolo-sam3-cascade/YOLO_TRACK_SIMPLE/standardData/9/9.mp4,697,23.233,M008,motorcycle,0.408,682.8 388.6 758.5 435.9,,0,,0,0,32.982,30.319
/Users/lujintao/Library/CloudStorage/OneDrive-AUTUniversity/MyProject-OneDrive/yolo_zhy-feature-yolo-sam3-cascade/YOLO_TRACK_SIMPLE/standardData/9/9.mp4,698,23.267,M008,motorcycle,0.500,691.8 387.1 765.0 436.6,,0,,0,0,34.146,29.286
/Users/lujintao/Library/CloudStorage/OneDrive-AUTUniversity/MyProject-OneDrive/yolo_zhy-feature-yolo-sam3-cascade/YOLO_TRACK_SIMPLE/standardData/9/9.mp4,698,23.267,U002,motorcycle,0.418,216.3 351.9 278.4 407.7,,0,,0,0,34.146,29.286
/Users/lujintao/Library/CloudStorage/OneDrive-AUTUniversity/MyProject-OneDrive/yolo_zhy-feature-yolo-sam3-cascade/YOLO_TRACK_SIMPLE/standardData/9/9.mp4,698,23.267,M007,motorcycle,0.311,781.2 430.3 899.3 512.2,P017,1,1.595,0,0,34.146,29.286
/Users/lujintao/Library/CloudStorage/OneDrive-AUTUniversity/MyProject-OneDrive/yolo_zhy-feature-yolo-sam3-cascade/YOLO_TRACK_SIMPLE/standardData/9/9.mp4,698,23.267,U004,motorcycle,0.306,522.8 486.8 742.7 705.8,,0,,0,0,34.146,29.286
/Users/lujintao/Library/CloudStorage/OneDrive-AUTUniversity/MyProject-OneDrive/yolo_zhy-feature-yolo-sam3-cascade/YOLO_TRACK_SIMPLE/standardData/9/9.mp4,699,23.300,M010,motorcycle,0.530,222.0 350.4 285.1 407.5,,0,,0,0,32.157,31.097
/Users/lujintao/Library/CloudStorage/OneDrive-AUTUniversity/MyProject-OneDrive/yolo_zhy-feature-yolo-sam3-cascade/YOLO_TRACK_SIMPLE/standardData/9/9.mp4,699,23.300,M008,motorcycle,0.463,686.8 385.1 773.3 436.0,,0,,0,0,32.157,31.097
/Users/lujintao/Library/CloudStorage/OneDrive-AUTUniversity/MyProject-OneDrive/yolo_zhy-feature-yolo-sam3-cascade/YOLO_TRACK_SIMPLE/standardData/9/9.mp4,700,23.333,M010,motorcycle,0.470,228.4 350.6 288.7 408.1,,0,,0,0,30.656,32.620
/Users/lujintao/Library/CloudStorage/OneDrive-AUTUniversity/MyProject-OneDrive/yolo_zhy-feature-yolo-sam3-cascade/YOLO_TRACK_SIMPLE/standardData/9/9.mp4,700,23.333,M008,motorcycle,0.425,700.5 380.3 780.9 437.6,,0,,0,0,30.656,32.620
/Users/lujintao/Library/CloudStorage/OneDrive-AUTUniversity/MyProject-OneDrive/yolo_zhy-feature-yolo-sam3-cascade/YOLO_TRACK_SIMPLE/standardData/9/9.mp4,700,23.333,M007,motorcycle,0.340,805.7 430.1 924.3 511.3,P017,1,1.598,0,0,30.656,32.620
/Users/lujintao/Library/CloudStorage/OneDrive-AUTUniversity/MyProject-OneDrive/yolo_zhy-feature-yolo-sam3-cascade/YOLO_TRACK_SIMPLE/standardData/9/9.mp4,701,23.367,M010,motorcycle,0.520,232.3 351.3 294.7 409.0,,0,,0,0,31.217,32.034
/Users/lujintao/Library/CloudStorage/OneDrive-AUTUniversity/MyProject-OneDrive/yolo_zhy-feature-yolo-sam3-cascade/YOLO_TRACK_SIMPLE/standardData/9/9.mp4,701,23.367,M008,motorcycle,0.452,705.8 385.7 787.3 436.3,,0,,0,0,31.217,32.034
/Users/lujintao/Library/CloudStorage/OneDrive-AUTUniversity/MyProject-OneDrive/yolo_zhy-feature-yolo-sam3-cascade/YOLO_TRACK_SIMPLE/standardData/9/9.mp4,701,23.367,M007,motorcycle,0.422,817.9 429.0 933.7 511.4,P017,1,1.600,0,0,31.217,32.034
/Users/lujintao/Library/CloudStorage/OneDrive-AUTUniversity/MyProject-OneDrive/yolo_zhy-feature-yolo-sam3-cascade/YOLO_TRACK_SIMPLE/standardData/9/9.mp4,702,23.400,M010,motorcycle,0.503,237.7 350.1 300.8 409.2,,0,,0,0,31.062,32.194
/Users/lujintao/Library/CloudStorage/OneDrive-AUTUniversity/MyProject-OneDrive/yolo_zhy-feature-yolo-sam3-cascade/YOLO_TRACK_SIMPLE/standardData/9/9.mp4,702,23.400,M008,motorcycle,0.422,713.7 388.5 796.3 438.0,,0,,0,0,31.062,32.194
/Users/lujintao/Library/CloudStorage/OneDrive-AUTUniversity/MyProject-OneDrive/yolo_zhy-feature-yolo-sam3-cascade/YOLO_TRACK_SIMPLE/standardData/9/9.mp4,702,23.400,U003,motorcycle,0.389,583.9 455.6 775.4 673.6,,0,,0,0,31.062,32.194
/Users/lujintao/Library/CloudStorage/OneDrive-AUTUniversity/MyProject-OneDrive/yolo_zhy-feature-yolo-sam3-cascade/YOLO_TRACK_SIMPLE/standardData/9/9.mp4,702,23.400,M007,motorcycle,0.289,830.5 432.2 946.0 509.8,P017,1,1.599,0,0,31.062,32.194
/Users/lujintao/Library/CloudStorage/OneDrive-AUTUniversity/MyProject-OneDrive/yolo_zhy-feature-yolo-sam3-cascade/YOLO_TRACK_SIMPLE/standardData/9/9.mp4,703,23.433,M010,motorcycle,0.579,242.8 352.0 306.4 411.6,,0,,0,0,31.457,31.789
/Users/lujintao/Library/CloudStorage/OneDrive-AUTUniversity/MyProject-OneDrive/yolo_zhy-feature-yolo-sam3-cascade/YOLO_TRACK_SIMPLE/standardData/9/9.mp4,703,23.433,M007,motorcycle,0.516,843.4 435.4 958.7 509.9,P017,1,1.599,0,0,31.457,31.789
/Users/lujintao/Library/CloudStorage/OneDrive-AUTUniversity/MyProject-OneDrive/yolo_zhy-feature-yolo-sam3-cascade/YOLO_TRACK_SIMPLE/standardData/9/9.mp4,703,23.433,M008,motorcycle,0.373,723.7 389.7 802.3 436.5,,0,,0,0,31.457,31.789
/Users/lujintao/Library/CloudStorage/OneDrive-AUTUniversity/MyProject-OneDrive/yolo_zhy-feature-yolo-sam3-cascade/YOLO_TRACK_SIMPLE/standardData/9/9.mp4,704,23.467,M010,motorcycle,0.572,245.1 353.2 312.2 412.2,,0,,0,0,29.498,33.901
/Users/lujintao/Library/CloudStorage/OneDrive-AUTUniversity/MyProject-OneDrive/yolo_zhy-feature-yolo-sam3-cascade/YOLO_TRACK_SIMPLE/standardData/9/9.mp4,704,23.467,M007,motorcycle,0.455,855.8 428.3 967.9 509.5,P017,1,1.598,0,0,29.498,33.901
/Users/lujintao/Library/CloudStorage/OneDrive-AUTUniversity/MyProject-OneDrive/yolo_zhy-feature-yolo-sam3-cascade/YOLO_TRACK_SIMPLE/standardData/9/9.mp4,704,23.467,U003,motorcycle,0.397,610.1 451.8 793.5 664.0,,0,,0,0,29.498,33.901
/Users/lujintao/Library/CloudStorage/OneDrive-AUTUniversity/MyProject-OneDrive/yolo_zhy-feature-yolo-sam3-cascade/YOLO_TRACK_SIMPLE/standardData/9/9.mp4,704,23.467,M008,motorcycle,0.280,733.7 392.3 810.9 436.6,,0,,0,0,29.498,33.901
/Users/lujintao/Library/CloudStorage/OneDrive-AUTUniversity/MyProject-OneDrive/yolo_zhy-feature-yolo-sam3-cascade/YOLO_TRACK_SIMPLE/standardData/9/9.mp4,705,23.500,M010,motorcycle,0.596,250.4 350.9 316.1 410.9,,0,,0,0,31.845,31.402
/Users/lujintao/Library/CloudStorage/OneDrive-AUTUniversity/MyProject-OneDrive/yolo_zhy-feature-yolo-sam3-cascade/YOLO_TRACK_SIMPLE/standardData/9/9.mp4,705,23.500,M008,motorcycle,0.384,740.8 389.1 816.0 436.2,,0,,0,0,31.845,31.402
/Users/lujintao/Library/CloudStorage/OneDrive-AUTUniversity/MyProject-OneDrive/yolo_zhy-feature-yolo-sam3-cascade/YOLO_TRACK_SIMPLE/standardData/9/9.mp4,705,23.500,M007,motorcycle,0.275,866.1 433.9 979.9 509.2,P017,1,1.595,0,0,31.845,31.402
/Users/lujintao/Library/CloudStorage/OneDrive-AUTUniversity/MyProject-OneDrive/yolo_zhy-feature-yolo-sam3-cascade/YOLO_TRACK_SIMPLE/standardData/9/9.mp4,706,23.533,M007,motorcycle,0.560,877.9 430.8 991.8 509.4,P017,1,1.600,0,0,32.538,30.734
/Users/lujintao/Library/CloudStorage/OneDrive-AUTUniversity/MyProject-OneDrive/yolo_zhy-feature-yolo-sam3-cascade/YOLO_TRACK_SIMPLE/standardData/9/9.mp4,706,23.533,M010,motorcycle,0.421,258.9 352.5 322.0 409.9,,0,,0,0,32.538,30.734
/Users/lujintao/Library/CloudStorage/OneDrive-AUTUniversity/MyProject-OneDrive/yolo_zhy-feature-yolo-sam3-cascade/YOLO_TRACK_SIMPLE/standardData/9/9.mp4,706,23.533,M008,motorcycle,0.421,737.7 387.9 824.0 437.2,,0,,0,0,32.538,30.734
/Users/lujintao/Library/CloudStorage/OneDrive-AUTUniversity/MyProject-OneDrive/yolo_zhy-feature-yolo-sam3-cascade/YOLO_TRACK_SIMPLE/standardData/9/9.mp4,706,23.533,U004,motorcycle,0.300,635.0 451.6 808.8 655.5,,0,,0,0,32.538,30.734
/Users/lujintao/Library/CloudStorage/OneDrive-AUTUniversity/MyProject-OneDrive/yolo_zhy-feature-yolo-sam3-cascade/YOLO_TRACK_SIMPLE/standardData/9/9.mp4,707,23.567,M008,motorcycle,0.404,745.0 376.0 830.2 437.1,,0,,0,0,34.062,29.358
/Users/lujintao/Library/CloudStorage/OneDrive-AUTUniversity/MyProject-OneDrive/yolo_zhy-feature-yolo-sam3-cascade/YOLO_TRACK_SIMPLE/standardData/9/9.mp4,707,23.567,M010,motorcycle,0.259,261.9 354.4 325.8 411.1,,0,,0,0,34.062,29.358
/Users/lujintao/Library/CloudStorage/OneDrive-AUTUniversity/MyProject-OneDrive/yolo_zhy-feature-yolo-sam3-cascade/YOLO_TRACK_SIMPLE/standardData/9/9.mp4,708,23.600,M008,motorcycle,0.413,750.6 377.9 836.6 437.0,,0,,0,0,35.925,27.836
/Users/lujintao/Library/CloudStorage/OneDrive-AUTUniversity/MyProject-OneDrive/yolo_zhy-feature-yolo-sam3-cascade/YOLO_TRACK_SIMPLE/standardData/9/9.mp4,708,23.600,M010,motorcycle,0.297,269.4 349.8 332.0 410.8,,0,,0,0,35.925,27.836
/Users/lujintao/Library/CloudStorage/OneDrive-AUTUniversity/MyProject-OneDrive/yolo_zhy-feature-yolo-sam3-cascade/YOLO_TRACK_SIMPLE/standardData/9/9.mp4,708,23.600,U003,motorcycle,0.262,1095.4 369.1 1188.9 427.0,,0,,0,0,35.925,27.836
/Users/lujintao/Library/CloudStorage/OneDrive-AUTUniversity/MyProject-OneDrive/yolo_zhy-feature-yolo-sam3-cascade/YOLO_TRACK_SIMPLE/standardData/9/9.mp4,709,23.633,M008,motorcycle,0.357,756.1 366.0 843.4 436.6,,0,,0,0,33.821,29.567
/Users/lujintao/Library/CloudStorage/OneDrive-AUTUniversity/MyProject-OneDrive/yolo_zhy-feature-yolo-sam3-cascade/YOLO_TRACK_SIMPLE/standardData/9/9.mp4,709,23.633,M010,motorcycle,0.316,290.1 351.0 335.8 411.3,,0,,0,0,33.821,29.567
/Users/lujintao/Library/CloudStorage/OneDrive-AUTUniversity/MyProject-OneDrive/yolo_zhy-feature-yolo-sam3-cascade/YOLO_TRACK_SIMPLE/standardData/9/9.mp4,710,23.667,M008,motorcycle,0.452,765.4 376.8 852.0 437.1,,0,,0,0,34.540,28.952
/Users/lujintao/Library/CloudStorage/OneDrive-AUTUniversity/MyProject-OneDrive/yolo_zhy-feature-yolo-sam3-cascade/YOLO_TRACK_SIMPLE/standardData/9/9.mp4,710,23.667,M007,motorcycle,0.318,924.3 421.8 1036.6 509.3,P017,1,1.597,0,0,34.540,28.952
/Users/lujintao/Library/CloudStorage/OneDrive-AUTUniversity/MyProject-OneDrive/yolo_zhy-feature-yolo-sam3-cascade/YOLO_TRACK_SIMPLE/standardData/9/9.mp4,711,23.700,M010,motorcycle,0.469,287.0 352.4 347.7 411.5,,0,,0,0,35.422,28.231
/Users/lujintao/Library/CloudStorage/OneDrive-AUTUniversity/MyProject-OneDrive/yolo_zhy-feature-yolo-sam3-cascade/YOLO_TRACK_SIMPLE/standardData/9/9.mp4,711,23.700,M008,motorcycle,0.343,771.7 380.4 858.2 437.6,,0,,0,0,35.422,28.231
/Users/lujintao/Library/CloudStorage/OneDrive-AUTUniversity/MyProject-OneDrive/yolo_zhy-feature-yolo-sam3-cascade/YOLO_TRACK_SIMPLE/standardData/9/9.mp4,712,23.733,M010,motorcycle,0.451,293.3 354.8 352.6 411.7,,0,,0,0,33.925,29.477
/Users/lujintao/Library/CloudStorage/OneDrive-AUTUniversity/MyProject-OneDrive/yolo_zhy-feature-yolo-sam3-cascade/YOLO_TRACK_SIMPLE/standardData/9/9.mp4,713,23.767,M010,motorcycle,0.367,313.9 359.1 356.7 412.4,,0,,0,0,29.896,33.449
/Users/lujintao/Library/CloudStorage/OneDrive-AUTUniversity/MyProject-OneDrive/yolo_zhy-feature-yolo-sam3-cascade/YOLO_TRACK_SIMPLE/standardData/9/9.mp4,713,23.767,M007,motorcycle,0.307,959.2 417.8 1068.6 504.4,P017,1,1.600,0,0,29.896,33.449
/Users/lujintao/Library/CloudStorage/OneDrive-AUTUniversity/MyProject-OneDrive/yolo_zhy-feature-yolo-sam3-cascade/YOLO_TRACK_SIMPLE/standardData/9/9.mp4,714,23.800,U001,motorcycle,0.300,811.6 389.0 880.0 437.0,,0,,0,0,31.103,32.151
/Users/lujintao/Library/CloudStorage/OneDrive-AUTUniversity/MyProject-OneDrive/yolo_zhy-feature-yolo-sam3-cascade/YOLO_TRACK_SIMPLE/standardData/9/9.mp4,714,23.800,U002,motorcycle,0.261,1121.7 369.4 1220.2 429.0,,0,,0,0,31.103,32.151
/Users/lujintao/Library/CloudStorage/OneDrive-AUTUniversity/MyProject-OneDrive/yolo_zhy-feature-yolo-sam3-cascade/YOLO_TRACK_SIMPLE/standardData/9/9.mp4,715,23.833,U001,motorcycle,0.383,724.9 436.2 868.9 608.6,,0,,0,0,35.266,28.356
/Users/lujintao/Library/CloudStorage/OneDrive-AUTUniversity/MyProject-OneDrive/yolo_zhy-feature-yolo-sam3-cascade/YOLO_TRACK_SIMPLE/standardData/9/9.mp4,715,23.833,M007,motorcycle,0.375,979.3 419.9 1090.2 505.3,P017,1,1.600,0,0,35.266,28.356
/Users/lujintao/Library/CloudStorage/OneDrive-AUTUniversity/MyProject-OneDrive/yolo_zhy-feature-yolo-sam3-cascade/YOLO_TRACK_SIMPLE/standardData/9/9.mp4,715,23.833,M010,motorcycle,0.337,308.4 352.8 368.7 411.4,,0,,0,0,35.266,28.356
/Users/lujintao/Library/CloudStorage/OneDrive-AUTUniversity/MyProject-OneDrive/yolo_zhy-feature-yolo-sam3-cascade/YOLO_TRACK_SIMPLE/standardData/9/9.mp4,715,23.833,U004,motorcycle,0.320,1127.7 366.3 1226.2 428.8,,0,,0,0,35.266,28.356
/Users/lujintao/Library/CloudStorage/OneDrive-AUTUniversity/MyProject-OneDrive/yolo_zhy-feature-yolo-sam3-cascade/YOLO_TRACK_SIMPLE/standardData/9/9.mp4,716,23.867,M007,motorcycle,0.506,991.4 420.2 1101.1 502.6,P017,1,1.595,0,0,35.809,27.926
/Users/lujintao/Library/CloudStorage/OneDrive-AUTUniversity/MyProject-OneDrive/yolo_zhy-feature-yolo-sam3-cascade/YOLO_TRACK_SIMPLE/standardData/9/9.mp4,716,23.867,M010,motorcycle,0.414,320.2 352.9 372.7 411.7,,0,,0,0,35.809,27.926
/Users/lujintao/Library/CloudStorage/OneDrive-AUTUniversity/MyProject-OneDrive/yolo_zhy-feature-yolo-sam3-cascade/YOLO_TRACK_SIMPLE/standardData/9/9.mp4,716,23.867,M008,motorcycle,0.330,812.4 382.8 894.0 437.7,,0,,0,0,35.809,27.926
/Users/lujintao/Library/CloudStorage/OneDrive-AUTUniversity/MyProject-OneDrive/yolo_zhy-feature-yolo-sam3-cascade/YOLO_TRACK_SIMPLE/standardData/9/9.mp4,716,23.867,U004,motorcycle,0.265,734.6 443.8 872.6 605.3,,0,,0,0,35.809,27.926
/Users/lujintao/Library/CloudStorage/OneDrive-AUTUniversity/MyProject-OneDrive/yolo_zhy-feature-yolo-sam3-cascade/YOLO_TRACK_SIMPLE/standardData/9/9.mp4,716,23.867,U005,motorcycle,0.250,1133.2 367.2 1232.8 429.4,,0,,0,0,35.809,27.926
/Users/lujintao/Library/CloudStorage/OneDrive-AUTUniversity/MyProject-OneDrive/yolo_zhy-feature-yolo-sam3-cascade/YOLO_TRACK_SIMPLE/standardData/9/9.mp4,717,23.900,M010,motorcycle,0.526,316.0 355.4 379.1 411.0,,0,,0,0,33.993,29.418
/Users/lujintao/Library/CloudStorage/OneDrive-AUTUniversity/MyProject-OneDrive/yolo_zhy-feature-yolo-sam3-cascade/YOLO_TRACK_SIMPLE/standardData/9/9.mp4,717,23.900,M007,motorcycle,0.503,1000.3 421.0 1110.3 503.6,P017,1,1.598,0,0,33.993,29.418
/Users/lujintao/Library/CloudStorage/OneDrive-AUTUniversity/MyProject-OneDrive/yolo_zhy-feature-yolo-sam3-cascade/YOLO_TRACK_SIMPLE/standardData/9/9.mp4,717,23.900,M012,motorcycle,0.497,742.8 432.6 880.5 600.0,,0,,0,0,33.993,29.418
/Users/lujintao/Library/CloudStorage/OneDrive-AUTUniversity/MyProject-OneDrive/yolo_zhy-feature-yolo-sam3-cascade/YOLO_TRACK_SIMPLE/standardData/9/9.mp4,717,23.900,M011,motorcycle,0.388,1133.8 364.4 1240.7 430.3,,0,,0,0,33.993,29.418
/Users/lujintao/Library/CloudStorage/OneDrive-AUTUniversity/MyProject-OneDrive/yolo_zhy-feature-yolo-sam3-cascade/YOLO_TRACK_SIMPLE/standardData/9/9.mp4,717,23.900,M008,motorcycle,0.324,816.3 377.0 900.9 435.7,,0,,0,0,33.993,29.418
/Users/lujintao/Library/CloudStorage/OneDrive-AUTUniversity/MyProject-OneDrive/yolo_zhy-feature-yolo-sam3-cascade/YOLO_TRACK_SIMPLE/standardData/9/9.mp4,718,23.933,M007,motorcycle,0.559,1012.0 420.1 1121.4 503.4,P017,1,1.599,0,0,33.757,29.623
/Users/lujintao/Library/CloudStorage/OneDrive-AUTUniversity/MyProject-OneDrive/yolo_zhy-feature-yolo-sam3-cascade/YOLO_TRACK_SIMPLE/standardData/9/9.mp4,718,23.933,M011,motorcycle,0.341,1140.1 366.6 1246.0 429.9,,0,,0,0,33.757,29.623
/Users/lujintao/Library/CloudStorage/OneDrive-AUTUniversity/MyProject-OneDrive/yolo_zhy-feature-yolo-sam3-cascade/YOLO_TRACK_SIMPLE/standardData/9/9.mp4,718,23.933,M010,motorcycle,0.338,324.4 351.1 381.0 411.4,,0,,0,0,33.757,29.623
/Users/lujintao/Library/CloudStorage/OneDrive-AUTUniversity/MyProject-OneDrive/yolo_zhy-feature-yolo-sam3-cascade/YOLO_TRACK_SIMPLE/standardData/9/9.mp4,718,23.933,M012,motorcycle,0.318,748.1 430.9 882.7 596.6,,0,,0,0,33.757,29.623
/Users/lujintao/Library/CloudStorage/OneDrive-AUTUniversity/MyProject-OneDrive/yolo_zhy-feature-yolo-sam3-cascade/YOLO_TRACK_SIMPLE/standardData/9/9.mp4,719,23.967,M007,motorcycle,0.640,1022.7 413.9 1135.1 501.8,P017,1,1.600,0,0,34.902,28.652
/Users/lujintao/Library/CloudStorage/OneDrive-AUTUniversity/MyProject-OneDrive/yolo_zhy-feature-yolo-sam3-cascade/YOLO_TRACK_SIMPLE/standardData/9/9.mp4,719,23.967,M012,motorcycle,0.466,755.8 420.1 891.9 591.3,,0,,0,0,34.902,28.652
/Users/lujintao/Library/CloudStorage/OneDrive-AUTUniversity/MyProject-OneDrive/yolo_zhy-feature-yolo-sam3-cascade/YOLO_TRACK_SIMPLE/standardData/9/9.mp4,719,23.967,M011,motorcycle,0.390,1147.0 368.0 1248.8 431.1,,0,,0,0,34.902,28.652
/Users/lujintao/Library/CloudStorage/OneDrive-AUTUniversity/MyProject-OneDrive/yolo_zhy-feature-yolo-sam3-cascade/YOLO_TRACK_SIMPLE/standardData/9/9.mp4,719,23.967,M010,motorcycle,0.295,337.0 354.2 387.6 411.5,,0,,0,0,34.902,28.652
/Users/lujintao/Library/CloudStorage/OneDrive-AUTUniversity/MyProject-OneDrive/yolo_zhy-feature-yolo-sam3-cascade/YOLO_TRACK_SIMPLE/standardData/9/9.mp4,720,24.000,M007,motorcycle,0.538,1031.9 422.3 1140.5 501.5,P017,1,1.595,0,0,33.666,29.703
/Users/lujintao/Library/CloudStorage/OneDrive-AUTUniversity/MyProject-OneDrive/yolo_zhy-feature-yolo-sam3-cascade/YOLO_TRACK_SIMPLE/standardData/9/9.mp4,720,24.000,M011,motorcycle,0.392,1148.1 362.1 1255.3 430.2,,0,,0,0,33.666,29.703
/Users/lujintao/Library/CloudStorage/OneDrive-AUTUniversity/MyProject-OneDrive/yolo_zhy-feature-yolo-sam3-cascade/YOLO_TRACK_SIMPLE/standardData/9/9.mp4,720,24.000,M012,motorcycle,0.386,764.3 402.6 904.9 588.8,P018,1,1.589,0,0,33.666,29.703
/Users/lujintao/Library/CloudStorage/OneDrive-AUTUniversity/MyProject-OneDrive/yolo_zhy-feature-yolo-sam3-cascade/YOLO_TRACK_SIMPLE/standardData/9/9.mp4,720,24.000,M010,motorcycle,0.334,333.6 355.1 390.7 409.5,,0,,0,0,33.666,29.703
/Users/lujintao/Library/CloudStorage/OneDrive-AUTUniversity/MyProject-OneDrive/yolo_zhy-feature-yolo-sam3-cascade/YOLO_TRACK_SIMPLE/standardData/9/9.mp4,721,24.033,M007,motorcycle,0.641,1044.2 417.0 1152.0 502.4,P017,1,1.596,0,0,32.169,31.086
/Users/lujintao/Library/CloudStorage/OneDrive-AUTUniversity/MyProject-OneDrive/yolo_zhy-feature-yolo-sam3-cascade/YOLO_TRACK_SIMPLE/standardData/9/9.mp4,721,24.033,M012,motorcycle,0.523,774.4 441.5 894.0 585.5,P018,1,1.450,0,0,32.169,31.086
/Users/lujintao/Library/CloudStorage/OneDrive-AUTUniversity/MyProject-OneDrive/yolo_zhy-feature-yolo-sam3-cascade/YOLO_TRACK_SIMPLE/standardData/9/9.mp4,721,24.033,M011,motorcycle,0.288,1152.9 365.5 1260.0 429.4,,0,,0,0,32.169,31.086
/Users/lujintao/Library/CloudStorage/OneDrive-AUTUniversity/MyProject-OneDrive/yolo_zhy-feature-yolo-sam3-cascade/YOLO_TRACK_SIMPLE/standardData/9/9.mp4,722,24.067,M007,motorcycle,0.647,1054.6 415.3 1163.6 500.6,P017,1,1.600,0,0,35.396,28.252
/Users/lujintao/Library/CloudStorage/OneDrive-AUTUniversity/MyProject-OneDrive/yolo_zhy-feature-yolo-sam3-cascade/YOLO_TRACK_SIMPLE/standardData/9/9.mp4,722,24.067,M012,motorcycle,0.573,776.0 440.2 897.8 583.7,P018,1,1.594,0,0,35.396,28.252
/Users/lujintao/Library/CloudStorage/OneDrive-AUTUniversity/MyProject-OneDrive/yolo_zhy-feature-yolo-sam3-cascade/YOLO_TRACK_SIMPLE/standardData/9/9.mp4,723,24.100,M007,motorcycle,0.619,1064.5 424.0 1169.8 498.9,P017,1,1.597,0,0,32.251,31.007
/Users/lujintao/Library/CloudStorage/OneDrive-AUTUniversity/MyProject-OneDrive/yolo_zhy-feature-yolo-sam3-cascade/YOLO_TRACK_SIMPLE/standardData/9/9.mp4,723,24.100,M012,motorcycle,0.406,783.4 412.2 911.2 573.0,P018,1,1.499,0,0,32.251,31.007
/Users/lujintao/Library/CloudStorage/OneDrive-AUTUniversity/MyProject-OneDrive/yolo_zhy-feature-yolo-sam3-cascade/YOLO_TRACK_SIMPLE/standardData/9/9.mp4,724,24.133,M007,motorcycle,0.670,1075.3 426.4 1179.4 500.3,P017,1,1.592,0,0,34.814,28.724
/Users/lujintao/Library/CloudStorage/OneDrive-AUTUniversity/MyProject-OneDrive/yolo_zhy-feature-yolo-sam3-cascade/YOLO_TRACK_SIMPLE/standardData/9/9.mp4,724,24.133,M012,motorcycle,0.494,787.7 414.7 916.5 573.4,P018,1,1.592,0,0,34.814,28.724
/Users/lujintao/Library/CloudStorage/OneDrive-AUTUniversity/MyProject-OneDrive/yolo_zhy-feature-yolo-sam3-cascade/YOLO_TRACK_SIMPLE/standardData/9/9.mp4,724,24.133,U003,motorcycle,0.259,891.2 391.3 951.1 436.6,,0,,0,0,34.814,28.724
/Users/lujintao/Library/CloudStorage/OneDrive-AUTUniversity/MyProject-OneDrive/yolo_zhy-feature-yolo-sam3-cascade/YOLO_TRACK_SIMPLE/standardData/9/9.mp4,725,24.167,M007,motorcycle,0.598,1087.4 427.9 1190.5 498.8,P017,1,1.599,0,0,31.514,31.732
/Users/lujintao/Library/CloudStorage/OneDrive-AUTUniversity/MyProject-OneDrive/yolo_zhy-feature-yolo-sam3-cascade/YOLO_TRACK_SIMPLE/standardData/9/9.mp4,725,24.167,M012,motorcycle,0.447,791.0 406.4 922.0 575.3,P018,1,1.599,0,0,31.514,31.732
/Users/lujintao/Library/CloudStorage/OneDrive-AUTUniversity/MyProject-OneDrive/yolo_zhy-feature-yolo-sam3-cascade/YOLO_TRACK_SIMPLE/standardData/9/9.mp4,725,24.167,M008,motorcycle,0.276,870.3 375.1 959.1 440.2,,0,,0,0,31.514,31.732
/Users/lujintao/Library/CloudStorage/OneDrive-AUTUniversity/MyProject-OneDrive/yolo_zhy-feature-yolo-sam3-cascade/YOLO_TRACK_SIMPLE/standardData/9/9.mp4,725,24.167,M010,motorcycle,0.272,364.3 351.6 417.7 410.5,,0,,0,0,31.514,31.732
/Users/lujintao/Library/CloudStorage/OneDrive-AUTUniversity/MyProject-OneDrive/yolo_zhy-feature-yolo-sam3-cascade/YOLO_TRACK_SIMPLE/standardData/9/9.mp4,726,24.200,M007,motorcycle,0.547,1094.3 426.1 1199.3 497.5,P017,1,1.599,0,0,35.532,28.144
/Users/lujintao/Library/CloudStorage/OneDrive-AUTUniversity/MyProject-OneDrive/yolo_zhy-feature-yolo-sam3-cascade/YOLO_TRACK_SIMPLE/standardData/9/9.mp4,726,24.200,M012,motorcycle,0.415,801.6 436.6 920.6 571.2,P018,1,1.475,0,0,35.532,28.144
/Users/lujintao/Library/CloudStorage/OneDrive-AUTUniversity/MyProject-OneDrive/yolo_zhy-feature-yolo-sam3-cascade/YOLO_TRACK_SIMPLE/standardData/9/9.mp4,727,24.233,M007,motorcycle,0.577,1103.9 425.7 1207.0 498.1,P017,1,1.600,0,0,36.106,27.696
/Users/lujintao/Library/CloudStorage/OneDrive-AUTUniversity/MyProject-OneDrive/yolo_zhy-feature-yolo-sam3-cascade/YOLO_TRACK_SIMPLE/standardData/9/9.mp4,727,24.233,M012,motorcycle,0.478,809.0 425.3 929.9 569.2,P018,1,1.450,0,0,36.106,27.696
/Users/lujintao/Library/CloudStorage/OneDrive-AUTUniversity/MyProject-OneDrive/yolo_zhy-feature-yolo-sam3-cascade/YOLO_TRACK_SIMPLE/standardData/9/9.mp4,727,24.233,M008,motorcycle,0.274,883.7 377.1 973.8 438.1,,0,,0,0,36.106,27.696
/Users/lujintao/Library/CloudStorage/OneDrive-AUTUniversity/MyProject-OneDrive/yolo_zhy-feature-yolo-sam3-cascade/YOLO_TRACK_SIMPLE/standardData/9/9.mp4,728,24.267,M007,motorcycle,0.663,1115.1 418.1 1218.5 497.9,P017,1,1.592,0,0,38.669,25.861
/Users/lujintao/Library/CloudStorage/OneDrive-AUTUniversity/MyProject-OneDrive/yolo_zhy-feature-yolo-sam3-cascade/YOLO_TRACK_SIMPLE/standardData/9/9.mp4,728,24.267,M012,motorcycle,0.490,811.4 426.1 936.0 565.4,P018,1,1.600,0,0,38.669,25.861
/Users/lujintao/Library/CloudStorage/OneDrive-AUTUniversity/MyProject-OneDrive/yolo_zhy-feature-yolo-sam3-cascade/YOLO_TRACK_SIMPLE/standardData/9/9.mp4,728,24.267,M008,motorcycle,0.265,889.8 369.8 980.5 436.5,,0,,0,0,38.669,25.861
/Users/lujintao/Library/CloudStorage/OneDrive-AUTUniversity/MyProject-OneDrive/yolo_zhy-feature-yolo-sam3-cascade/YOLO_TRACK_SIMPLE/standardData/9/9.mp4,729,24.300,M012,motorcycle,0.405,822.1 436.1 939.0 559.5,P018,1,1.590,0,0,36.156,27.658
/Users/lujintao/Library/CloudStorage/OneDrive-AUTUniversity/MyProject-OneDrive/yolo_zhy-feature-yolo-sam3-cascade/YOLO_TRACK_SIMPLE/standardData/9/9.mp4,729,24.300,M007,motorcycle,0.285,1125.3 425.5 1228.6 496.9,P017,1,1.594,0,0,36.156,27.658
/Users/lujintao/Library/CloudStorage/OneDrive-AUTUniversity/MyProject-OneDrive/yolo_zhy-feature-yolo-sam3-cascade/YOLO_TRACK_SIMPLE/standardData/9/9.mp4,730,24.333,M012,motorcycle,0.379,822.2 418.6 948.3 554.8,P018,1,1.488,0,0,38.457,26.003
/Users/lujintao/Library/CloudStorage/OneDrive-AUTUniversity/MyProject-OneDrive/yolo_zhy-feature-yolo-sam3-cascade/YOLO_TRACK_SIMPLE/standardData/9/9.mp4,730,24.333,U002,motorcycle,0.253,395.6 354.8 445.9 417.2,,0,,0,0,38.457,26.003
/Users/lujintao/Library/CloudStorage/OneDrive-AUTUniversity/MyProject-OneDrive/yolo_zhy-feature-yolo-sam3-cascade/YOLO_TRACK_SIMPLE/standardData/9/9.mp4,731,24.367,M012,motorcycle,0.490,828.1 429.5 942.9 554.2,P018,1,1.450,0,0,33.169,30.148
/Users/lujintao/Library/CloudStorage/OneDrive-AUTUniversity/MyProject-OneDrive/yolo_zhy-feature-yolo-sam3-cascade/YOLO_TRACK_SIMPLE/standardData/9/9.mp4,731,24.367,M007,motorcycle,0.373,1146.8 426.9 1239.9 494.6,P017,1,1.597,0,0,33.169,30.148
/Users/lujintao/Library/CloudStorage/OneDrive-AUTUniversity/MyProject-OneDrive/yolo_zhy-feature-yolo-sam3-cascade/YOLO_TRACK_SIMPLE/standardData/9/9.mp4,731,24.367,M008,motorcycle,0.338,912.1 379.7 1001.9 436.1,,0,,0,0,33.169,30.148
/Users/lujintao/Library/CloudStorage/OneDrive-AUTUniversity/MyProject-OneDrive/yolo_zhy-feature-yolo-sam3-cascade/YOLO_TRACK_SIMPLE/standardData/9/9.mp4,732,24.400,M012,motorcycle,0.563,840.7 431.3 945.2 561.2,P018,1,1.574,0,0,34.996,28.575
/Users/lujintao/Library/CloudStorage/OneDrive-AUTUniversity/MyProject-OneDrive/yolo_zhy-feature-yolo-sam3-cascade/YOLO_TRACK_SIMPLE/standardData/9/9.mp4,732,24.400,M007,motorcycle,0.521,1154.0 425.7 1248.8 493.8,P017,1,1.600,0,0,34.996,28.575
/Users/lujintao/Library/CloudStorage/OneDrive-AUTUniversity/MyProject-OneDrive/yolo_zhy-feature-yolo-sam3-cascade/YOLO_TRACK_SIMPLE/standardData/9/9.mp4,732,24.400,M008,motorcycle,0.334,918.4 374.4 1009.2 437.0,,0,,0,0,34.996,28.575
/Users/lujintao/Library/CloudStorage/OneDrive-AUTUniversity/MyProject-OneDrive/yolo_zhy-feature-yolo-sam3-cascade/YOLO_TRACK_SIMPLE/standardData/9/9.mp4,733,24.433,M012,motorcycle,0.604,844.6 425.4 949.2 551.8,P018,1,1.450,0,0,37.039,26.999
/Users/lujintao/Library/CloudStorage/OneDrive-AUTUniversity/MyProject-OneDrive/yolo_zhy-feature-yolo-sam3-cascade/YOLO_TRACK_SIMPLE/standardData/9/9.mp4,733,24.433,M007,motorcycle,0.365,1161.0 428.6 1257.6 492.2,P017,1,1.573,0,0,37.039,26.999
/Users/lujintao/Library/CloudStorage/OneDrive-AUTUniversity/MyProject-OneDrive/yolo_zhy-feature-yolo-sam3-cascade/YOLO_TRACK_SIMPLE/standardData/9/9.mp4,733,24.433,M008,motorcycle,0.310,925.4 369.9 1015.6 436.9,,0,,0,0,37.039,26.999
/Users/lujintao/Library/CloudStorage/OneDrive-AUTUniversity/MyProject-OneDrive/yolo_zhy-feature-yolo-sam3-cascade/YOLO_TRACK_SIMPLE/standardData/9/9.mp4,734,24.467,M012,motorcycle,0.520,845.0 423.6 956.9 545.1,P018,1,1.598,0,0,33.379,29.959
/Users/lujintao/Library/CloudStorage/OneDrive-AUTUniversity/MyProject-OneDrive/yolo_zhy-feature-yolo-sam3-cascade/YOLO_TRACK_SIMPLE/standardData/9/9.mp4,734,24.467,M008,motorcycle,0.356,937.9 388.1 1022.6 438.0,,0,,0,0,33.379,29.959
/Users/lujintao/Library/CloudStorage/OneDrive-AUTUniversity/MyProject-OneDrive/yolo_zhy-feature-yolo-sam3-cascade/YOLO_TRACK_SIMPLE/standardData/9/9.mp4,735,24.500,M012,motorcycle,0.474,857.0 426.2 963.5 542.7,P018,1,1.599,0,0,36.122,27.684
/Users/lujintao/Library/CloudStorage/OneDrive-AUTUniversity/MyProject-OneDrive/yolo_zhy-feature-yolo-sam3-cascade/YOLO_TRACK_SIMPLE/standardData/9/9.mp4,735,24.500,M007,motorcycle,0.435,1180.9 427.0 1272.9 492.2,P017,1,1.599,0,0,36.122,27.684
/Users/lujintao/Library/CloudStorage/OneDrive-AUTUniversity/MyProject-OneDrive/yolo_zhy-feature-yolo-sam3-cascade/YOLO_TRACK_SIMPLE/standardData/9/9.mp4,736,24.533,M012,motorcycle,0.586,861.0 422.7 975.2 541.1,P018,1,1.450,0,0,36.759,27.204
/Users/lujintao/Library/CloudStorage/OneDrive-AUTUniversity/MyProject-OneDrive/yolo_zhy-feature-yolo-sam3-cascade/YOLO_TRACK_SIMPLE/standardData/9/9.mp4,736,24.533,M007,motorcycle,0.317,1189.7 428.2 1279.0 492.6,P017,1,1.600,0,0,36.759,27.204
/Users/lujintao/Library/CloudStorage/OneDrive-AUTUniversity/MyProject-OneDrive/yolo_zhy-feature-yolo-sam3-cascade/YOLO_TRACK_SIMPLE/standardData/9/9.mp4,736,24.533,M008,motorcycle,0.286,943.0 384.8 1037.1 438.3,,0,,0,0,36.759,27.204
/Users/lujintao/Library/CloudStorage/OneDrive-AUTUniversity/MyProject-OneDrive/yolo_zhy-feature-yolo-sam3-cascade/YOLO_TRACK_SIMPLE/standardData/9/9.mp4,737,24.567,M012,motorcycle,0.606,861.5 418.6 983.0 541.0,P018,1,1.600,0,0,31.261,31.989
/Users/lujintao/Library/CloudStorage/OneDrive-AUTUniversity/MyProject-OneDrive/yolo_zhy-feature-yolo-sam3-cascade/YOLO_TRACK_SIMPLE/standardData/9/9.mp4,737,24.567,M007,motorcycle,0.370,1197.3 418.7 1279.2 490.2,P017,1,1.552,0,0,31.261,31.989
/Users/lujintao/Library/CloudStorage/OneDrive-AUTUniversity/MyProject-OneDrive/yolo_zhy-feature-yolo-sam3-cascade/YOLO_TRACK_SIMPLE/standardData/9/9.mp4,737,24.567,M008,motorcycle,0.344,948.3 386.6 1044.2 440.1,,0,,0,0,31.261,31.989
/Users/lujintao/Library/CloudStorage/OneDrive-AUTUniversity/MyProject-OneDrive/yolo_zhy-feature-yolo-sam3-cascade/YOLO_TRACK_SIMPLE/standardData/9/9.mp4,738,24.600,M012,motorcycle,0.557,872.9 422.4 978.1 540.4,P018,1,1.546,0,0,33.543,29.813
/Users/lujintao/Library/CloudStorage/OneDrive-AUTUniversity/MyProject-OneDrive/yolo_zhy-feature-yolo-sam3-cascade/YOLO_TRACK_SIMPLE/standardData/9/9.mp4,738,24.600,M008,motorcycle,0.367,957.6 386.9 1053.4 439.9,,0,,0,0,33.543,29.813
/Users/lujintao/Library/CloudStorage/OneDrive-AUTUniversity/MyProject-OneDrive/yolo_zhy-feature-yolo-sam3-cascade/YOLO_TRACK_SIMPLE/standardData/9/9.mp4,738,24.600,U003,motorcycle,0.267,441.8 374.4 488.3 425.7,,0,,0,0,33.543,29.813
/Users/lujintao/Library/CloudStorage/OneDrive-AUTUniversity/MyProject-OneDrive/yolo_zhy-feature-yolo-sam3-cascade/YOLO_TRACK_SIMPLE/standardData/9/9.mp4,739,24.633,M012,motorcycle,0.575,878.7 423.3 981.8 540.1,P018,1,1.599,0,0,33.760,29.621
/Users/lujintao/Library/CloudStorage/OneDrive-AUTUniversity/MyProject-OneDrive/yolo_zhy-feature-yolo-sam3-cascade/YOLO_TRACK_SIMPLE/standardData/9/9.mp4,739,24.633,M008,motorcycle,0.367,961.8 375.6 1058.9 440.6,,0,,0,0,33.760,29.621
/Users/lujintao/Library/CloudStorage/OneDrive-AUTUniversity/MyProject-OneDrive/yolo_zhy-feature-yolo-sam3-cascade/YOLO_TRACK_SIMPLE/standardData/9/9.mp4,740,24.667,M012,motorcycle,0.579,878.3 427.0 979.4 535.2,P018,1,1.450,0,0,35.097,28.493
/Users/lujintao/Library/CloudStorage/OneDrive-AUTUniversity/MyProject-OneDrive/yolo_zhy-feature-yolo-sam3-cascade/YOLO_TRACK_SIMPLE/standardData/9/9.mp4,740,24.667,M008,motorcycle,0.384,969.8 377.2 1065.7 439.9,,0,,0,0,35.097,28.493
/Users/lujintao/Library/CloudStorage/OneDrive-AUTUniversity/MyProject-OneDrive/yolo_zhy-feature-yolo-sam3-cascade/YOLO_TRACK_SIMPLE/standardData/9/9.mp4,740,24.667,U003,motorcycle,0.254,1221.4 433.4 1279.4 491.1,,0,,0,0,35.097,28.493
/Users/lujintao/Library/CloudStorage/OneDrive-AUTUniversity/MyProject-OneDrive/yolo_zhy-feature-yolo-sam3-cascade/YOLO_TRACK_SIMPLE/standardData/9/9.mp4,741,24.700,M008,motorcycle,0.537,975.9 372.2 1073.7 440.7,,0,,0,0,33.006,30.298
/Users/lujintao/Library/CloudStorage/OneDrive-AUTUniversity/MyProject-OneDrive/yolo_zhy-feature-yolo-sam3-cascade/YOLO_TRACK_SIMPLE/standardData/9/9.mp4,741,24.700,M012,motorcycle,0.398,884.9 429.7 982.9 533.7,P018,1,1.597,0,0,33.006,30.298
/Users/lujintao/Library/CloudStorage/OneDrive-AUTUniversity/MyProject-OneDrive/yolo_zhy-feature-yolo-sam3-cascade/YOLO_TRACK_SIMPLE/standardData/9/9.mp4,742,24.733,M012,motorcycle,0.563,886.2 422.0 989.8 531.4,P018,1,1.468,0,0,33.292,30.037
/Users/lujintao/Library/CloudStorage/OneDrive-AUTUniversity/MyProject-OneDrive/yolo_zhy-feature-yolo-sam3-cascade/YOLO_TRACK_SIMPLE/standardData/9/9.mp4,742,24.733,M008,motorcycle,0.419,984.9 387.2 1080.0 439.6,,0,,0,0,33.292,30.037
/Users/lujintao/Library/CloudStorage/OneDrive-AUTUniversity/MyProject-OneDrive/yolo_zhy-feature-yolo-sam3-cascade/YOLO_TRACK_SIMPLE/standardData/9/9.mp4,743,24.767,M012,motorcycle,0.601,891.8 422.5 996.3 529.8,P018,1,1.589,0,0,58.655,17.049
/Users/lujintao/Library/CloudStorage/OneDrive-AUTUniversity/MyProject-OneDrive/yolo_zhy-feature-yolo-sam3-cascade/YOLO_TRACK_SIMPLE/standardData/9/9.mp4,743,24.767,U002,motorcycle,0.498,475.9 377.0 528.7 430.6,,0,,0,0,58.655,17.049
/Users/lujintao/Library/CloudStorage/OneDrive-AUTUniversity/MyProject-OneDrive/yolo_zhy-feature-yolo-sam3-cascade/YOLO_TRACK_SIMPLE/standardData/9/9.mp4,743,24.767,M008,motorcycle,0.448,990.0 385.0 1086.9 440.4,,0,,0,0,58.655,17.049
/Users/lujintao/Library/CloudStorage/OneDrive-AUTUniversity/MyProject-OneDrive/yolo_zhy-feature-yolo-sam3-cascade/YOLO_TRACK_SIMPLE/standardData/9/9.mp4,744,24.800,M012,motorcycle,0.617,897.5 423.7 999.2 528.3,P018,1,1.583,0,0,34.343,29.118
/Users/lujintao/Library/CloudStorage/OneDrive-AUTUniversity/MyProject-OneDrive/yolo_zhy-feature-yolo-sam3-cascade/YOLO_TRACK_SIMPLE/standardData/9/9.mp4,744,24.800,M008,motorcycle,0.376,994.5 376.3 1092.5 440.5,,0,,0,0,34.343,29.118
/Users/lujintao/Library/CloudStorage/OneDrive-AUTUniversity/MyProject-OneDrive/yolo_zhy-feature-yolo-sam3-cascade/YOLO_TRACK_SIMPLE/standardData/9/9.mp4,745,24.833,M012,motorcycle,0.522,905.9 424.4 1005.3 528.3,P018,1,1.551,0,0,36.841,27.143
/Users/lujintao/Library/CloudStorage/OneDrive-AUTUniversity/MyProject-OneDrive/yolo_zhy-feature-yolo-sam3-cascade/YOLO_TRACK_SIMPLE/standardData/9/9.mp4,745,24.833,M008,motorcycle,0.472,1002.4 381.0 1100.1 439.3,,0,,0,0,36.841,27.143
/Users/lujintao/Library/CloudStorage/OneDrive-AUTUniversity/MyProject-OneDrive/yolo_zhy-feature-yolo-sam3-cascade/YOLO_TRACK_SIMPLE/standardData/9/9.mp4,745,24.833,U003,motorcycle,0.361,487.6 380.2 542.0 428.6,,0,,0,0,36.841,27.143
/Users/lujintao/Library/CloudStorage/OneDrive-AUTUniversity/MyProject-OneDrive/yolo_zhy-feature-yolo-sam3-cascade/YOLO_TRACK_SIMPLE/standardData/9/9.mp4,746,24.867,M008,motorcycle,0.579,1009.0 371.2 1107.3 439.6,,0,,0,0,33.691,29.682
/Users/lujintao/Library/CloudStorage/OneDrive-AUTUniversity/MyProject-OneDrive/yolo_zhy-feature-yolo-sam3-cascade/YOLO_TRACK_SIMPLE/standardData/9/9.mp4,746,24.867,M012,motorcycle,0.509,911.7 424.2 1009.0 527.2,P018,1,1.596,0,0,33.691,29.682
/Users/lujintao/Library/CloudStorage/OneDrive-AUTUniversity/MyProject-OneDrive/yolo_zhy-feature-yolo-sam3-cascade/YOLO_TRACK_SIMPLE/standardData/9/9.mp4,746,24.867,M013,motorcycle,0.444,487.5 370.4 550.0 428.6,,0,,0,0,33.691,29.682
/Users/lujintao/Library/CloudStorage/OneDrive-AUTUniversity/MyProject-OneDrive/yolo_zhy-feature-yolo-sam3-cascade/YOLO_TRACK_SIMPLE/standardData/9/9.mp4,747,24.900,M012,motorcycle,0.638,912.2 421.7 1012.3 522.4,P018,1,1.517,0,0,33.662,29.707
/Users/lujintao/Library/CloudStorage/OneDrive-AUTUniversity/MyProject-OneDrive/yolo_zhy-feature-yolo-sam3-cascade/YOLO_TRACK_SIMPLE/standardData/9/9.mp4,747,24.900,M008,motorcycle,0.564,1016.0 374.0 1114.7 440.1,,0,,0,0,33.662,29.707
/Users/lujintao/Library/CloudStorage/OneDrive-AUTUniversity/MyProject-OneDrive/yolo_zhy-feature-yolo-sam3-cascade/YOLO_TRACK_SIMPLE/standardData/9/9.mp4,747,24.900,M013,motorcycle,0.414,493.3 373.9 556.2 429.0,,0,,0,0,33.662,29.707
/Users/lujintao/Library/CloudStorage/OneDrive-AUTUniversity/MyProject-OneDrive/yolo_zhy-feature-yolo-sam3-cascade/YOLO_TRACK_SIMPLE/standardData/9/9.mp4,748,24.933,M008,motorcycle,0.525,1021.8 372.8 1120.8 439.8,,0,,0,0,32.063,31.188
/Users/lujintao/Library/CloudStorage/OneDrive-AUTUniversity/MyProject-OneDrive/yolo_zhy-feature-yolo-sam3-cascade/YOLO_TRACK_SIMPLE/standardData/9/9.mp4,748,24.933,M013,motorcycle,0.503,500.3 371.3 563.8 428.9,,0,,0,0,32.063,31.188
/Users/lujintao/Library/CloudStorage/OneDrive-AUTUniversity/MyProject-OneDrive/yolo_zhy-feature-yolo-sam3-cascade/YOLO_TRACK_SIMPLE/standardData/9/9.mp4,748,24.933,M012,motorcycle,0.478,919.1 427.2 1015.2 523.8,P018,1,1.450,0,0,32.063,31.188
/Users/lujintao/Library/CloudStorage/OneDrive-AUTUniversity/MyProject-OneDrive/yolo_zhy-feature-yolo-sam3-cascade/YOLO_TRACK_SIMPLE/standardData/9/9.mp4,749,24.967,M012,motorcycle,0.647,920.2 419.7 1019.0 519.5,P018,1,1.539,0,0,33.888,29.509
/Users/lujintao/Library/CloudStorage/OneDrive-AUTUniversity/MyProject-OneDrive/yolo_zhy-feature-yolo-sam3-cascade/YOLO_TRACK_SIMPLE/standardData/9/9.mp4,749,24.967,M013,motorcycle,0.573,505.5 371.0 570.4 428.7,,0,,0,0,33.888,29.509
/Users/lujintao/Library/CloudStorage/OneDrive-AUTUniversity/MyProject-OneDrive/yolo_zhy-feature-yolo-sam3-cascade/YOLO_TRACK_SIMPLE/standardData/9/9.mp4,749,24.967,M008,motorcycle,0.455,1026.7 367.7 1126.1 438.9,,0,,0,0,33.888,29.509
/Users/lujintao/Library/CloudStorage/OneDrive-AUTUniversity/MyProject-OneDrive/yolo_zhy-feature-yolo-sam3-cascade/YOLO_TRACK_SIMPLE/standardData/9/9.mp4,750,25.000,M012,motorcycle,0.628,925.2 417.9 1027.0 518.5,P018,1,1.583,0,0,34.940,28.621
/Users/lujintao/Library/CloudStorage/OneDrive-AUTUniversity/MyProject-OneDrive/yolo_zhy-feature-yolo-sam3-cascade/YOLO_TRACK_SIMPLE/standardData/9/9.mp4,750,25.000,M008,motorcycle,0.613,1034.4 373.4 1133.3 439.1,,0,,0,0,34.940,28.621
/Users/lujintao/Library/CloudStorage/OneDrive-AUTUniversity/MyProject-OneDrive/yolo_zhy-feature-yolo-sam3-cascade/YOLO_TRACK_SIMPLE/standardData/9/9.mp4,750,25.000,M013,motorcycle,0.508,512.9 373.8 577.1 429.4,,0,,0,0,34.940,28.621
/Users/lujintao/Library/CloudStorage/OneDrive-AUTUniversity/MyProject-OneDrive/yolo_zhy-feature-yolo-sam3-cascade/YOLO_TRACK_SIMPLE/standardData/9/9.mp4,751,25.033,M008,motorcycle,0.609,1039.9 368.5 1140.2 438.7,,0,,0,0,35.798,27.935
/Users/lujintao/Library/CloudStorage/OneDrive-AUTUniversity/MyProject-OneDrive/yolo_zhy-feature-yolo-sam3-cascade/YOLO_TRACK_SIMPLE/standardData/9/9.mp4,751,25.033,M012,motorcycle,0.551,926.6 422.1 1030.7 519.2,P018,1,1.543,0,0,35.798,27.935
/Users/lujintao/Library/CloudStorage/OneDrive-AUTUniversity/MyProject-OneDrive/yolo_zhy-feature-yolo-sam3-cascade/YOLO_TRACK_SIMPLE/standardData/9/9.mp4,751,25.033,M013,motorcycle,0.389,517.8 372.9 584.3 429.2,,0,,0,0,35.798,27.935
/Users/lujintao/Library/CloudStorage/OneDrive-AUTUniversity/MyProject-OneDrive/yolo_zhy-feature-yolo-sam3-cascade/YOLO_TRACK_SIMPLE/standardData/9/9.mp4,752,25.067,M013,motorcycle,0.603,524.6 373.2 594.5 430.3,,0,,0,0,34.588,28.912
/Users/lujintao/Library/CloudStorage/OneDrive-AUTUniversity/MyProject-OneDrive/yolo_zhy-feature-yolo-sam3-cascade/YOLO_TRACK_SIMPLE/standardData/9/9.mp4,752,25.067,M008,motorcycle,0.593,1046.8 367.0 1147.8 439.2,,0,,0,0,34.588,28.912
/Users/lujintao/Library/CloudStorage/OneDrive-AUTUniversity/MyProject-OneDrive/yolo_zhy-feature-yolo-sam3-cascade/YOLO_TRACK_SIMPLE/standardData/9/9.mp4,752,25.067,M012,motorcycle,0.573,935.9 414.4 1037.9 517.2,P018,1,1.588,0,0,34.588,28.912
/Users/lujintao/Library/CloudStorage/OneDrive-AUTUniversity/MyProject-OneDrive/yolo_zhy-feature-yolo-sam3-cascade/YOLO_TRACK_SIMPLE/standardData/9/9.mp4,753,25.100,M012,motorcycle,0.702,938.2 417.0 1041.1 517.1,P018,1,1.567,0,0,30.087,33.237
/Users/lujintao/Library/CloudStorage/OneDrive-AUTUniversity/MyProject-OneDrive/yolo_zhy-feature-yolo-sam3-cascade/YOLO_TRACK_SIMPLE/standardData/9/9.mp4,753,25.100,M013,motorcycle,0.597,530.0 372.0 601.5 430.0,,0,,0,0,30.087,33.237
/Users/lujintao/Library/CloudStorage/OneDrive-AUTUniversity/MyProject-OneDrive/yolo_zhy-feature-yolo-sam3-cascade/YOLO_TRACK_SIMPLE/standardData/9/9.mp4,753,25.100,M008,motorcycle,0.549,1051.6 368.1 1154.0 439.2,,0,,0,0,30.087,33.237
/Users/lujintao/Library/CloudStorage/OneDrive-AUTUniversity/MyProject-OneDrive/yolo_zhy-feature-yolo-sam3-cascade/YOLO_TRACK_SIMPLE/standardData/9/9.mp4,754,25.133,M012,motorcycle,0.717,940.3 414.4 1046.4 514.8,P018,1,1.450,0,0,32.904,30.392
/Users/lujintao/Library/CloudStorage/OneDrive-AUTUniversity/MyProject-OneDrive/yolo_zhy-feature-yolo-sam3-cascade/YOLO_TRACK_SIMPLE/standardData/9/9.mp4,754,25.133,M008,motorcycle,0.504,1057.6 367.9 1159.2 438.6,,0,,0,0,32.904,30.392
/Users/lujintao/Library/CloudStorage/OneDrive-AUTUniversity/MyProject-OneDrive/yolo_zhy-feature-yolo-sam3-cascade/YOLO_TRACK_SIMPLE/standardData/9/9.mp4,754,25.133,M013,motorcycle,0.493,536.6 375.3 604.2 430.8,,0,,0,0,32.904,30.392
/Users/lujintao/Library/CloudStorage/OneDrive-AUTUniversity/MyProject-OneDrive/yolo_zhy-feature-yolo-sam3-cascade/YOLO_TRACK_SIMPLE/standardData/9/9.mp4,754,25.133,U004,motorcycle,0.313,217.1 546.2 549.3 718.8,,0,,0,0,32.904,30.392
/Users/lujintao/Library/CloudStorage/OneDrive-AUTUniversity/MyProject-OneDrive/yolo_zhy-feature-yolo-sam3-cascade/YOLO_TRACK_SIMPLE/standardData/9/9.mp4,755,25.167,M013,motorcycle,0.759,544.7 374.6 612.4 430.8,,0,,0,0,33.074,30.235
/Users/lujintao/Library/CloudStorage/OneDrive-AUTUniversity/MyProject-OneDrive/yolo_zhy-feature-yolo-sam3-cascade/YOLO_TRACK_SIMPLE/standardData/9/9.mp4,755,25.167,M012,motorcycle,0.642,946.0 418.4 1048.4 514.0,P018,1,1.581,0,0,33.074,30.235
/Users/lujintao/Library/CloudStorage/OneDrive-AUTUniversity/MyProject-OneDrive/yolo_zhy-feature-yolo-sam3-cascade/YOLO_TRACK_SIMPLE/standardData/9/9.mp4,755,25.167,M008,motorcycle,0.562,1066.2 369.8 1165.8 440.5,,0,,0,0,33.074,30.235
/Users/lujintao/Library/CloudStorage/OneDrive-AUTUniversity/MyProject-OneDrive/yolo_zhy-feature-yolo-sam3-cascade/YOLO_TRACK_SIMPLE/standardData/9/9.mp4,756,25.200,M012,motorcycle,0.651,949.3 411.6 1056.0 512.6,P018,1,1.578,0,0,35.931,27.831
/Users/lujintao/Library/CloudStorage/OneDrive-AUTUniversity/MyProject-OneDrive/yolo_zhy-feature-yolo-sam3-cascade/YOLO_TRACK_SIMPLE/standardData/9/9.mp4,756,25.200,M008,motorcycle,0.635,1070.9 369.1 1172.7 440.2,,0,,0,0,35.931,27.831
/Users/lujintao/Library/CloudStorage/OneDrive-AUTUniversity/MyProject-OneDrive/yolo_zhy-feature-yolo-sam3-cascade/YOLO_TRACK_SIMPLE/standardData/9/9.mp4,756,25.200,M013,motorcycle,0.614,551.3 371.8 620.5 431.1,,0,,0,0,35.931,27.831
/Users/lujintao/Library/CloudStorage/OneDrive-AUTUniversity/MyProject-OneDrive/yolo_zhy-feature-yolo-sam3-cascade/YOLO_TRACK_SIMPLE/standardData/9/9.mp4,756,25.200,U004,motorcycle,0.478,257.4 511.4 605.6 718.6,,0,,0,0,35.931,27.831
/Users/lujintao/Library/CloudStorage/OneDrive-AUTUniversity/MyProject-OneDrive/yolo_zhy-feature-yolo-sam3-cascade/YOLO_TRACK_SIMPLE/standardData/9/9.mp4,757,25.233,M013,motorcycle,0.732,557.0 374.7 627.6 432.2,,0,,0,0,33.360,29.976
/Users/lujintao/Library/CloudStorage/OneDrive-AUTUniversity/MyProject-OneDrive/yolo_zhy-feature-yolo-sam3-cascade/YOLO_TRACK_SIMPLE/standardData/9/9.mp4,757,25.233,M012,motorcycle,0.647,955.1 411.6 1059.4 511.4,P018,1,1.599,0,0,33.360,29.976
/Users/lujintao/Library/CloudStorage/OneDrive-AUTUniversity/MyProject-OneDrive/yolo_zhy-feature-yolo-sam3-cascade/YOLO_TRACK_SIMPLE/standardData/9/9.mp4,757,25.233,M008,motorcycle,0.587,1076.7 369.8 1179.6 440.6,,0,,0,0,33.360,29.976
/Users/lujintao/Library/CloudStorage/OneDrive-AUTUniversity/MyProject-OneDrive/yolo_zhy-feature-yolo-sam3-cascade/YOLO_TRACK_SIMPLE/standardData/9/9.mp4,758,25.267,M012,motorcycle,0.605,955.7 413.0 1063.6 510.7,P018,1,1.600,0,0,31.971,31.278
/Users/lujintao/Library/CloudStorage/OneDrive-AUTUniversity/MyProject-OneDrive/yolo_zhy-feature-yolo-sam3-cascade/YOLO_TRACK_SIMPLE/standardData/9/9.mp4,758,25.267,M013,motorcycle,0.595,563.2 372.6 633.5 432.2,,0,,0,0,31.971,31.278
/Users/lujintao/Library/CloudStorage/OneDrive-AUTUniversity/MyProject-OneDrive/yolo_zhy-feature-yolo-sam3-cascade/YOLO_TRACK_SIMPLE/standardData/9/9.mp4,758,25.267,M008,motorcycle,0.526,1083.2 369.4 1186.8 439.8,,0,,0,0,31.971,31.278
/Users/lujintao/Library/CloudStorage/OneDrive-AUTUniversity/MyProject-OneDrive/yolo_zhy-feature-yolo-sam3-cascade/YOLO_TRACK_SIMPLE/standardData/9/9.mp4,758,25.267,U004,motorcycle,0.363,328.5 521.0 648.5 718.3,,0,,0,0,31.971,31.278
/Users/lujintao/Library/CloudStorage/OneDrive-AUTUniversity/MyProject-OneDrive/yolo_zhy-feature-yolo-sam3-cascade/YOLO_TRACK_SIMPLE/standardData/9/9.mp4,758,25.267,U005,motorcycle,0.310,477.8 551.3 648.9 719.8,,0,,0,0,31.971,31.278
/Users/lujintao/Library/CloudStorage/OneDrive-AUTUniversity/MyProject-OneDrive/yolo_zhy-feature-yolo-sam3-cascade/YOLO_TRACK_SIMPLE/standardData/9/9.mp4,759,25.300,M014,motorcycle,0.765,364.9 516.3 672.2 716.6,,0,,0,0,34.499,28.986
/Users/lujintao/Library/CloudStorage/OneDrive-AUTUniversity/MyProject-OneDrive/yolo_zhy-feature-yolo-sam3-cascade/YOLO_TRACK_SIMPLE/standardData/9/9.mp4,759,25.300,M012,motorcycle,0.698,963.9 407.0 1072.1 509.3,P018,1,1.586,0,0,34.499,28.986
/Users/lujintao/Library/CloudStorage/OneDrive-AUTUniversity/MyProject-OneDrive/yolo_zhy-feature-yolo-sam3-cascade/YOLO_TRACK_SIMPLE/standardData/9/9.mp4,759,25.300,M013,motorcycle,0.672,572.5 377.5 639.2 432.5,,0,,0,0,34.499,28.986
/Users/lujintao/Library/CloudStorage/OneDrive-AUTUniversity/MyProject-OneDrive/yolo_zhy-feature-yolo-sam3-cascade/YOLO_TRACK_SIMPLE/standardData/9/9.mp4,759,25.300,M008,motorcycle,0.621,1088.0 367.2 1191.7 440.2,,0,,0,0,34.499,28.986
/Users/lujintao/Library/CloudStorage/OneDrive-AUTUniversity/MyProject-OneDrive/yolo_zhy-feature-yolo-sam3-cascade/YOLO_TRACK_SIMPLE/standardData/9/9.mp4,760,25.333,M014,motorcycle,0.763,396.3 507.4 691.6 716.1,,0,,0,0,33.100,30.211
/Users/lujintao/Library/CloudStorage/OneDrive-AUTUniversity/MyProject-OneDrive/yolo_zhy-feature-yolo-sam3-cascade/YOLO_TRACK_SIMPLE/standardData/9/9.mp4,760,25.333,M012,motorcycle,0.679,966.5 406.8 1073.5 508.7,P018,1,1.490,0,0,33.100,30.211
/Users/lujintao/Library/CloudStorage/OneDrive-AUTUniversity/MyProject-OneDrive/yolo_zhy-feature-yolo-sam3-cascade/YOLO_TRACK_SIMPLE/standardData/9/9.mp4,760,25.333,M013,motorcycle,0.532,583.9 373.2 647.7 432.2,,0,,0,0,33.100,30.211
/Users/lujintao/Library/CloudStorage/OneDrive-AUTUniversity/MyProject-OneDrive/yolo_zhy-feature-yolo-sam3-cascade/YOLO_TRACK_SIMPLE/standardData/9/9.mp4,760,25.333,M008,motorcycle,0.516,1096.5 366.5 1198.3 442.6,,0,,0,0,33.100,30.211
/Users/lujintao/Library/CloudStorage/OneDrive-AUTUniversity/MyProject-OneDrive/yolo_zhy-feature-yolo-sam3-cascade/YOLO_TRACK_SIMPLE/standardData/9/9.mp4,761,25.367,M014,motorcycle,0.758,408.3 501.0 707.7 715.6,,0,,0,0,31.227,32.024
/Users/lujintao/Library/CloudStorage/OneDrive-AUTUniversity/MyProject-OneDrive/yolo_zhy-feature-yolo-sam3-cascade/YOLO_TRACK_SIMPLE/standardData/9/9.mp4,761,25.367,M012,motorcycle,0.648,972.7 412.2 1073.6 507.0,P018,1,1.574,0,0,31.227,32.024
/Users/lujintao/Library/CloudStorage/OneDrive-AUTUniversity/MyProject-OneDrive/yolo_zhy-feature-yolo-sam3-cascade/YOLO_TRACK_SIMPLE/standardData/9/9.mp4,761,25.367,M008,motorcycle,0.507,1100.6 368.2 1202.7 441.1,,0,,0,0,31.227,32.024
/Users/lujintao/Library/CloudStorage/OneDrive-AUTUniversity/MyProject-OneDrive/yolo_zhy-feature-yolo-sam3-cascade/YOLO_TRACK_SIMPLE/standardData/9/9.mp4,761,25.367,M013,motorcycle,0.439,599.2 371.5 653.0 432.6,,0,,0,0,31.227,32.024
/Users/lujintao/Library/CloudStorage/OneDrive-AUTUniversity/MyProject-OneDrive/yolo_zhy-feature-yolo-sam3-cascade/YOLO_TRACK_SIMPLE/standardData/9/9.mp4,762,25.400,M014,motorcycle,0.732,465.1 511.8 725.2 714.9,P019,1,1.450,0,0,34.667,28.846
/Users/lujintao/Library/CloudStorage/OneDrive-AUTUniversity/MyProject-OneDrive/yolo_zhy-feature-yolo-sam3-cascade/YOLO_TRACK_SIMPLE/standardData/9/9.mp4,762,25.400,M012,motorcycle,0.653,978.8 410.1 1077.2 506.2,P018,1,1.450,0,0,34.667,28.846
/Users/lujintao/Library/CloudStorage/OneDrive-AUTUniversity/MyProject-OneDrive/yolo_zhy-feature-yolo-sam3-cascade/YOLO_TRACK_SIMPLE/standardData/9/9.mp4,762,25.400,M008,motorcycle,0.386,1105.5 367.8 1211.0 439.7,,0,,0,0,34.667,28.846
/Users/lujintao/Library/CloudStorage/OneDrive-AUTUniversity/MyProject-OneDrive/yolo_zhy-feature-yolo-sam3-cascade/YOLO_TRACK_SIMPLE/standardData/9/9.mp4,763,25.433,M014,motorcycle,0.789,494.8 489.1 747.2 715.2,P019,1,1.599,0,0,48.616,20.570
/Users/lujintao/Library/CloudStorage/OneDrive-AUTUniversity/MyProject-OneDrive/yolo_zhy-feature-yolo-sam3-cascade/YOLO_TRACK_SIMPLE/standardData/9/9.mp4,763,25.433,M012,motorcycle,0.655,981.8 409.9 1081.7 505.8,P018,1,1.600,0,0,48.616,20.570
/Users/lujintao/Library/CloudStorage/OneDrive-AUTUniversity/MyProject-OneDrive/yolo_zhy-feature-yolo-sam3-cascade/YOLO_TRACK_SIMPLE/standardData/9/9.mp4,763,25.433,M008,motorcycle,0.312,1114.3 367.6 1217.1 441.0,,0,,0,0,48.616,20.570
/Users/lujintao/Library/CloudStorage/OneDrive-AUTUniversity/MyProject-OneDrive/yolo_zhy-feature-yolo-sam3-cascade/YOLO_TRACK_SIMPLE/standardData/9/9.mp4,764,25.467,M014,motorcycle,0.781,523.5 483.3 765.7 715.6,P019,1,1.599,0,0,34.784,28.749
/Users/lujintao/Library/CloudStorage/OneDrive-AUTUniversity/MyProject-OneDrive/yolo_zhy-feature-yolo-sam3-cascade/YOLO_TRACK_SIMPLE/standardData/9/9.mp4,764,25.467,M012,motorcycle,0.669,986.0 410.6 1088.6 503.6,P018,1,1.598,0,0,34.784,28.749
/Users/lujintao/Library/CloudStorage/OneDrive-AUTUniversity/MyProject-OneDrive/yolo_zhy-feature-yolo-sam3-cascade/YOLO_TRACK_SIMPLE/standardData/9/9.mp4,764,25.467,M008,motorcycle,0.500,1118.8 364.8 1222.1 439.7,,0,,0,0,34.784,28.749
/Users/lujintao/Library/CloudStorage/OneDrive-AUTUniversity/MyProject-OneDrive/yolo_zhy-feature-yolo-sam3-cascade/YOLO_TRACK_SIMPLE/standardData/9/9.mp4,765,25.500,M014,motorcycle,0.693,548.7 480.5 782.1 715.4,P019,1,1.600,0,0,31.484,31.762
/Users/lujintao/Library/CloudStorage/OneDrive-AUTUniversity/MyProject-OneDrive/yolo_zhy-feature-yolo-sam3-cascade/YOLO_TRACK_SIMPLE/standardData/9/9.mp4,765,25.500,M012,motorcycle,0.575,991.8 412.5 1093.1 499.8,P018,1,1.592,0,0,31.484,31.762
/Users/lujintao/Library/CloudStorage/OneDrive-AUTUniversity/MyProject-OneDrive/yolo_zhy-feature-yolo-sam3-cascade/YOLO_TRACK_SIMPLE/standardData/9/9.mp4,765,25.500,M008,motorcycle,0.442,1124.6 365.2 1229.5 440.8,,0,,0,0,31.484,31.762
/Users/lujintao/Library/CloudStorage/OneDrive-AUTUniversity/MyProject-OneDrive/yolo_zhy-feature-yolo-sam3-cascade/YOLO_TRACK_SIMPLE/standardData/9/9.mp4,765,25.500,U004,motorcycle,0.256,611.6 381.9 653.1 432.3,,0,,0,0,31.484,31.762
/Users/lujintao/Library/CloudStorage/OneDrive-AUTUniversity/MyProject-OneDrive/yolo_zhy-feature-yolo-sam3-cascade/YOLO_TRACK_SIMPLE/standardData/9/9.mp4,766,25.533,M014,motorcycle,0.666,575.3 485.6 794.2 711.2,P019,1,1.597,0,0,34.846,28.698
/Users/lujintao/Library/CloudStorage/OneDrive-AUTUniversity/MyProject-OneDrive/yolo_zhy-feature-yolo-sam3-cascade/YOLO_TRACK_SIMPLE/standardData/9/9.mp4,766,25.533,M012,motorcycle,0.642,997.4 404.7 1099.8 501.5,P018,1,1.450,0,0,34.846,28.698
/Users/lujintao/Library/CloudStorage/OneDrive-AUTUniversity/MyProject-OneDrive/yolo_zhy-feature-yolo-sam3-cascade/YOLO_TRACK_SIMPLE/standardData/9/9.mp4,766,25.533,M008,motorcycle,0.465,1130.9 365.2 1236.6 441.1,,0,,0,0,34.846,28.698
/Users/lujintao/Library/CloudStorage/OneDrive-AUTUniversity/MyProject-OneDrive/yolo_zhy-feature-yolo-sam3-cascade/YOLO_TRACK_SIMPLE/standardData/9/9.mp4,766,25.533,M013,motorcycle,0.436,618.4 379.2 673.9 432.8,,0,,0,0,34.846,28.698
/Users/lujintao/Library/CloudStorage/OneDrive-AUTUniversity/MyProject-OneDrive/yolo_zhy-feature-yolo-sam3-cascade/YOLO_TRACK_SIMPLE/standardData/9/9.mp4,767,25.567,M014,motorcycle,0.704,597.2 485.1 811.4 697.0,P019,1,1.600,0,0,32.088,31.164
/Users/lujintao/Library/CloudStorage/OneDrive-AUTUniversity/MyProject-OneDrive/yolo_zhy-feature-yolo-sam3-cascade/YOLO_TRACK_SIMPLE/standardData/9/9.mp4,767,25.567,M012,motorcycle,0.642,1001.8 405.2 1103.2 500.1,P018,1,1.598,0,0,32.088,31.164
/Users/lujintao/Library/CloudStorage/OneDrive-AUTUniversity/MyProject-OneDrive/yolo_zhy-feature-yolo-sam3-cascade/YOLO_TRACK_SIMPLE/standardData/9/9.mp4,767,25.567,M013,motorcycle,0.504,625.6 374.1 696.4 433.5,,0,,0,0,32.088,31.164
/Users/lujintao/Library/CloudStorage/OneDrive-AUTUniversity/MyProject-OneDrive/yolo_zhy-feature-yolo-sam3-cascade/YOLO_TRACK_SIMPLE/standardData/9/9.mp4,767,25.567,M008,motorcycle,0.496,1136.3 364.9 1242.4 439.3,,0,,0,0,32.088,31.164
/Users/lujintao/Library/CloudStorage/OneDrive-AUTUniversity/MyProject-OneDrive/yolo_zhy-feature-yolo-sam3-cascade/YOLO_TRACK_SIMPLE/standardData/9/9.mp4,768,25.600,M012,motorcycle,0.658,1007.6 404.8 1106.9 500.6,P018,1,1.600,0,0,37.014,27.017
/Users/lujintao/Library/CloudStorage/OneDrive-AUTUniversity/MyProject-OneDrive/yolo_zhy-feature-yolo-sam3-cascade/YOLO_TRACK_SIMPLE/standardData/9/9.mp4,768,25.600,M013,motorcycle,0.599,632.6 373.3 705.1 434.0,,0,,0,0,37.014,27.017
/Users/lujintao/Library/CloudStorage/OneDrive-AUTUniversity/MyProject-OneDrive/yolo_zhy-feature-yolo-sam3-cascade/YOLO_TRACK_SIMPLE/standardData/9/9.mp4,768,25.600,M014,motorcycle,0.516,623.1 489.0 827.7 697.9,P019,1,1.594,0,0,37.014,27.017
/Users/lujintao/Library/CloudStorage/OneDrive-AUTUniversity/MyProject-OneDrive/yolo_zhy-feature-yolo-sam3-cascade/YOLO_TRACK_SIMPLE/standardData/9/9.mp4,768,25.600,M008,motorcycle,0.458,1143.5 363.5 1249.6 439.7,,0,,0,0,37.014,27.017
/Users/lujintao/Library/CloudStorage/OneDrive-AUTUniversity/MyProject-OneDrive/yolo_zhy-feature-yolo-sam3-cascade/YOLO_TRACK_SIMPLE/standardData/9/9.mp4,769,25.633,M012,motorcycle,0.673,1009.4 404.9 1109.8 499.7,P018,1,1.599,0,0,36.632,27.298
/Users/lujintao/Library/CloudStorage/OneDrive-AUTUniversity/MyProject-OneDrive/yolo_zhy-feature-yolo-sam3-cascade/YOLO_TRACK_SIMPLE/standardData/9/9.mp4,769,25.633,M013,motorcycle,0.619,639.8 372.3 710.7 434.5,,0,,0,0,36.632,27.298
/Users/lujintao/Library/CloudStorage/OneDrive-AUTUniversity/MyProject-OneDrive/yolo_zhy-feature-yolo-sam3-cascade/YOLO_TRACK_SIMPLE/standardData/9/9.mp4,769,25.633,M008,motorcycle,0.528,1149.0 367.8 1254.4 438.7,,0,,0,0,36.632,27.298
/Users/lujintao/Library/CloudStorage/OneDrive-AUTUniversity/MyProject-OneDrive/yolo_zhy-feature-yolo-sam3-cascade/YOLO_TRACK_SIMPLE/standardData/9/9.mp4,769,25.633,M014,motorcycle,0.480,643.0 494.4 836.9 697.2,P019,1,1.450,0,0,36.632,27.298
/Users/lujintao/Library/CloudStorage/OneDrive-AUTUniversity/MyProject-OneDrive/yolo_zhy-feature-yolo-sam3-cascade/YOLO_TRACK_SIMPLE/standardData/9/9.mp4,770,25.667,M012,motorcycle,0.684,1013.9 406.4 1112.6 497.4,P018,1,1.595,0,0,37.002,27.025
/Users/lujintao/Library/CloudStorage/OneDrive-AUTUniversity/MyProject-OneDrive/yolo_zhy-feature-yolo-sam3-cascade/YOLO_TRACK_SIMPLE/standardData/9/9.mp4,770,25.667,M013,motorcycle,0.501,647.9 379.1 720.2 435.1,,0,,0,0,37.002,27.025
/Users/lujintao/Library/CloudStorage/OneDrive-AUTUniversity/MyProject-OneDrive/yolo_zhy-feature-yolo-sam3-cascade/YOLO_TRACK_SIMPLE/standardData/9/9.mp4,770,25.667,M014,motorcycle,0.435,666.7 488.7 849.8 678.3,P019,1,1.594,0,0,37.002,27.025
/Users/lujintao/Library/CloudStorage/OneDrive-AUTUniversity/MyProject-OneDrive/yolo_zhy-feature-yolo-sam3-cascade/YOLO_TRACK_SIMPLE/standardData/9/9.mp4,770,25.667,M008,motorcycle,0.416,1152.9 367.1 1260.5 439.7,,0,,0,0,37.002,27.025
/Users/lujintao/Library/CloudStorage/OneDrive-AUTUniversity/MyProject-OneDrive/yolo_zhy-feature-yolo-sam3-cascade/YOLO_TRACK_SIMPLE/standardData/9/9.mp4,771,25.700,M013,motorcycle,0.655,654.8 381.1 726.2 435.8,,0,,0,0,37.395,26.742
/Users/lujintao/Library/CloudStorage/OneDrive-AUTUniversity/MyProject-OneDrive/yolo_zhy-feature-yolo-sam3-cascade/YOLO_TRACK_SIMPLE/standardData/9/9.mp4,771,25.700,M012,motorcycle,0.608,1018.0 401.2 1117.3 497.0,P018,1,1.450,0,0,37.395,26.742
/Users/lujintao/Library/CloudStorage/OneDrive-AUTUniversity/MyProject-OneDrive/yolo_zhy-feature-yolo-sam3-cascade/YOLO_TRACK_SIMPLE/standardData/9/9.mp4,771,25.700,M008,motorcycle,0.505,1160.9 366.4 1266.7 439.9,,0,,0,0,37.395,26.742
/Users/lujintao/Library/CloudStorage/OneDrive-AUTUniversity/MyProject-OneDrive/yolo_zhy-feature-yolo-sam3-cascade/YOLO_TRACK_SIMPLE/standardData/9/9.mp4,771,25.700,M014,motorcycle,0.426,679.8 491.0 861.4 669.1,P019,1,1.598,0,0,37.395,26.742
/Users/lujintao/Library/CloudStorage/OneDrive-AUTUniversity/MyProject-OneDrive/yolo_zhy-feature-yolo-sam3-cascade/YOLO_TRACK_SIMPLE/standardData/9/9.mp4,772,25.733,M013,motorcycle,0.674,664.2 377.6 736.1 435.9,,0,,0,0,34.561,28.934
/Users/lujintao/Library/CloudStorage/OneDrive-AUTUniversity/MyProject-OneDrive/yolo_zhy-feature-yolo-sam3-cascade/YOLO_TRACK_SIMPLE/standardData/9/9.mp4,772,25.733,M012,motorcycle,0.590,1023.4 398.6 1123.4 496.2,P018,1,1.591,0,0,34.561,28.934
/Users/lujintao/Library/CloudStorage/OneDrive-AUTUniversity/MyProject-OneDrive/yolo_zhy-feature-yolo-sam3-cascade/YOLO_TRACK_SIMPLE/standardData/9/9.mp4,772,25.733,M008,motorcycle,0.543,1164.5 364.1 1274.1 440.1,,0,,0,0,34.561,28.934
/Users/lujintao/Library/CloudStorage/OneDrive-AUTUniversity/MyProject-OneDrive/yolo_zhy-feature-yolo-sam3-cascade/YOLO_TRACK_SIMPLE/standardData/9/9.mp4,772,25.733,M014,motorcycle,0.478,701.2 483.0 875.5 662.4,P019,1,1.597,0,0,34.561,28.934
/Users/lujintao/Library/CloudStorage/OneDrive-AUTUniversity/MyProject-OneDrive/yolo_zhy-feature-yolo-sam3-cascade/YOLO_TRACK_SIMPLE/standardData/9/9.mp4,773,25.767,M013,motorcycle,0.713,669.8 380.3 743.4 435.6,,0,,0,0,34.635,28.873
/Users/lujintao/Library/CloudStorage/OneDrive-AUTUniversity/MyProject-OneDrive/yolo_zhy-feature-yolo-sam3-cascade/YOLO_TRACK_SIMPLE/standardData/9/9.mp4,773,25.767,M012,motorcycle,0.581,1027.0 400.9 1127.3 493.0,P018,1,1.450,0,0,34.635,28.873
/Users/lujintao/Library/CloudStorage/OneDrive-AUTUniversity/MyProject-OneDrive/yolo_zhy-feature-yolo-sam3-cascade/YOLO_TRACK_SIMPLE/standardData/9/9.mp4,773,25.767,M014,motorcycle,0.393,716.7 470.7 892.7 645.1,P019,1,1.581,0,0,34.635,28.873
/Users/lujintao/Library/CloudStorage/OneDrive-AUTUniversity/MyProject-OneDrive/yolo_zhy-feature-yolo-sam3-cascade/YOLO_TRACK_SIMPLE/standardData/9/9.mp4,773,25.767,M008,motorcycle,0.322,1172.6 365.9 1279.3 440.1,,0,,0,0,34.635,28.873
/Users/lujintao/Library/CloudStorage/OneDrive-AUTUniversity/MyProject-OneDrive/yolo_zhy-feature-yolo-sam3-cascade/YOLO_TRACK_SIMPLE/standardData/9/9.mp4,774,25.800,M013,motorcycle,0.720,673.0 375.3 752.5 436.5,,0,,0,0,32.193,31.062
/Users/lujintao/Library/CloudStorage/OneDrive-AUTUniversity/MyProject-OneDrive/yolo_zhy-feature-yolo-sam3-cascade/YOLO_TRACK_SIMPLE/standardData/9/9.mp4,774,25.800,M012,motorcycle,0.575,1032.0 398.9 1131.7 494.3,P018,1,1.598,0,0,32.193,31.062
/Users/lujintao/Library/CloudStorage/OneDrive-AUTUniversity/MyProject-OneDrive/yolo_zhy-feature-yolo-sam3-cascade/YOLO_TRACK_SIMPLE/standardData/9/9.mp4,774,25.800,M014,motorcycle,0.425,733.4 480.2 900.1 642.6,P019,1,1.596,0,0,32.193,31.062
/Users/lujintao/Library/CloudStorage/OneDrive-AUTUniversity/MyProject-OneDrive/yolo_zhy-feature-yolo-sam3-cascade/YOLO_TRACK_SIMPLE/standardData/9/9.mp4,774,25.800,M008,motorcycle,0.394,1178.5 367.5 1279.3 440.0,,0,,0,0,32.193,31.062
/Users/lujintao/Library/CloudStorage/OneDrive-AUTUniversity/MyProject-OneDrive/yolo_zhy-feature-yolo-sam3-cascade/YOLO_TRACK_SIMPLE/standardData/9/9.mp4,775,25.833,M013,motorcycle,0.737,684.2 373.9 757.7 436.8,,0,,0,0,33.659,29.709
/Users/lujintao/Library/CloudStorage/OneDrive-AUTUniversity/MyProject-OneDrive/yolo_zhy-feature-yolo-sam3-cascade/YOLO_TRACK_SIMPLE/standardData/9/9.mp4,775,25.833,M012,motorcycle,0.669,1036.5 398.5 1136.5 493.6,P018,1,1.598,0,0,33.659,29.709
/Users/lujintao/Library/CloudStorage/OneDrive-AUTUniversity/MyProject-OneDrive/yolo_zhy-feature-yolo-sam3-cascade/YOLO_TRACK_SIMPLE/standardData/9/9.mp4,775,25.833,M014,motorcycle,0.568,750.7 464.4 912.0 634.4,P019,1,1.600,0,0,33.659,29.709
/Users/lujintao/Library/CloudStorage/OneDrive-AUTUniversity/MyProject-OneDrive/yolo_zhy-feature-yolo-sam3-cascade/YOLO_TRACK_SIMPLE/standardData/9/9.mp4,775,25.833,M008,motorcycle,0.367,1182.5 367.4 1279.3 437.7,,0,,0,0,33.659,29.709
/Users/lujintao/Library/CloudStorage/OneDrive-AUTUniversity/MyProject-OneDrive/yolo_zhy-feature-yolo-sam3-cascade/YOLO_TRACK_SIMPLE/standardData/9/9.mp4,776,25.867,M012,motorcycle,0.732,1040.6 395.9 1140.9 492.7,P018,1,1.584,0,0,36.254,27.584
/Users/lujintao/Library/CloudStorage/OneDrive-AUTUniversity/MyProject-OneDrive/yolo_zhy-feature-yolo-sam3-cascade/YOLO_TRACK_SIMPLE/standardData/9/9.mp4,776,25.867,M013,motorcycle,0.595,693.3 380.1 767.1 437.0,,0,,0,0,36.254,27.584
/Users/lujintao/Library/CloudStorage/OneDrive-AUTUniversity/MyProject-OneDrive/yolo_zhy-feature-yolo-sam3-cascade/YOLO_TRACK_SIMPLE/standardData/9/9.mp4,776,25.867,M014,motorcycle,0.334,764.8 459.0 928.0 614.3,P019,1,1.450,0,0,36.254,27.584
/Users/lujintao/Library/CloudStorage/OneDrive-AUTUniversity/MyProject-OneDrive/yolo_zhy-feature-yolo-sam3-cascade/YOLO_TRACK_SIMPLE/standardData/9/9.mp4,776,25.867,M008,motorcycle,0.285,1189.3 366.4 1279.3 433.0,,0,,0,0,36.254,27.584
/Users/lujintao/Library/CloudStorage/OneDrive-AUTUniversity/MyProject-OneDrive/yolo_zhy-feature-yolo-sam3-cascade/YOLO_TRACK_SIMPLE/standardData/9/9.mp4,777,25.900,M013,motorcycle,0.751,700.8 378.0 774.0 436.6,,0,,0,0,32.616,30.660
/Users/lujintao/Library/CloudStorage/OneDrive-AUTUniversity/MyProject-OneDrive/yolo_zhy-feature-yolo-sam3-cascade/YOLO_TRACK_SIMPLE/standardData/9/9.mp4,777,25.900,M012,motorcycle,0.633,1043.9 395.1 1143.1 491.2,P018,1,1.589,0,0,32.616,30.660
/Users/lujintao/Library/CloudStorage/OneDrive-AUTUniversity/MyProject-OneDrive/yolo_zhy-feature-yolo-sam3-cascade/YOLO_TRACK_SIMPLE/standardData/9/9.mp4,777,25.900,M014,motorcycle,0.485,783.2 479.9 932.7 626.5,P019,1,1.481,0,0,32.616,30.660
/Users/lujintao/Library/CloudStorage/OneDrive-AUTUniversity/MyProject-OneDrive/yolo_zhy-feature-yolo-sam3-cascade/YOLO_TRACK_SIMPLE/standardData/9/9.mp4,777,25.900,M008,motorcycle,0.287,1194.3 367.2 1279.2 422.9,,0,,0,0,32.616,30.660
/Users/lujintao/Library/CloudStorage/OneDrive-AUTUniversity/MyProject-OneDrive/yolo_zhy-feature-yolo-sam3-cascade/YOLO_TRACK_SIMPLE/standardData/9/9.mp4,778,25.933,M013,motorcycle,0.741,708.1 380.6 781.3 437.8,,0,,0,0,34.923,28.634
/Users/lujintao/Library/CloudStorage/OneDrive-AUTUniversity/MyProject-OneDrive/yolo_zhy-feature-yolo-sam3-cascade/YOLO_TRACK_SIMPLE/standardData/9/9.mp4,778,25.933,M012,motorcycle,0.636,1046.0 397.4 1149.1 489.7,P018,1,1.567,0,0,34.923,28.634
/Users/lujintao/Library/CloudStorage/OneDrive-AUTUniversity/MyProject-OneDrive/yolo_zhy-feature-yolo-sam3-cascade/YOLO_TRACK_SIMPLE/standardData/9/9.mp4,778,25.933,M014,motorcycle,0.591,796.0 467.1 942.9 621.2,P019,1,1.571,0,0,34.923,28.634
/Users/lujintao/Library/CloudStorage/OneDrive-AUTUniversity/MyProject-OneDrive/yolo_zhy-feature-yolo-sam3-cascade/YOLO_TRACK_SIMPLE/standardData/9/9.mp4,779,25.967,M013,motorcycle,0.761,714.7 377.3 791.2 437.7,,0,,0,0,34.018,29.396
/Users/lujintao/Library/CloudStorage/OneDrive-AUTUniversity/MyProject-OneDrive/yolo_zhy-feature-yolo-sam3-cascade/YOLO_TRACK_SIMPLE/standardData/9/9.mp4,779,25.967,M012,motorcycle,0.644,1051.0 396.5 1152.9 491.9,P018,1,1.600,0,0,34.018,29.396
/Users/lujintao/Library/CloudStorage/OneDrive-AUTUniversity/MyProject-OneDrive/yolo_zhy-feature-yolo-sam3-cascade/YOLO_TRACK_SIMPLE/standardData/9/9.mp4,779,25.967,M014,motorcycle,0.385,808.6 460.5 953.8 621.1,P019,1,1.600,0,0,34.018,29.396
/Users/lujintao/Library/CloudStorage/OneDrive-AUTUniversity/MyProject-OneDrive/yolo_zhy-feature-yolo-sam3-cascade/YOLO_TRACK_SIMPLE/standardData/9/9.mp4,780,26.000,M014,motorcycle,0.776,818.9 476.1 960.2 613.0,P019,1,1.574,0,0,33.402,29.938
/Users/lujintao/Library/CloudStorage/OneDrive-AUTUniversity/MyProject-OneDrive/yolo_zhy-feature-yolo-sam3-cascade/YOLO_TRACK_SIMPLE/standardData/9/9.mp4,780,26.000,M013,motorcycle,0.754,723.0 379.3 797.9 437.9,,0,,0,0,33.402,29.938
/Users/lujintao/Library/CloudStorage/OneDrive-AUTUniversity/MyProject-OneDrive/yolo_zhy-feature-yolo-sam3-cascade/YOLO_TRACK_SIMPLE/standardData/9/9.mp4,780,26.000,M012,motorcycle,0.593,1055.1 398.0 1158.6 490.0,P018,1,1.521,0,0,33.402,29.938
/Users/lujintao/Library/CloudStorage/OneDrive-AUTUniversity/MyProject-OneDrive/yolo_zhy-feature-yolo-sam3-cascade/YOLO_TRACK_SIMPLE/standardData/9/9.mp4,781,26.033,M013,motorcycle,0.798,731.3 378.3 807.5 437.7,,0,,0,0,33.636,29.730
/Users/lujintao/Library/CloudStorage/OneDrive-AUTUniversity/MyProject-OneDrive/yolo_zhy-feature-yolo-sam3-cascade/YOLO_TRACK_SIMPLE/standardData/9/9.mp4,781,26.033,M014,motorcycle,0.635,835.3 456.3 972.1 608.7,P019,1,1.565,0,0,33.636,29.730
/Users/lujintao/Library/CloudStorage/OneDrive-AUTUniversity/MyProject-OneDrive/yolo_zhy-feature-yolo-sam3-cascade/YOLO_TRACK_SIMPLE/standardData/9/9.mp4,781,26.033,M012,motorcycle,0.592,1058.8 395.2 1161.9 489.1,P018,1,1.494,0,0,33.636,29.730
/Users/lujintao/Library/CloudStorage/OneDrive-AUTUniversity/MyProject-OneDrive/yolo_zhy-feature-yolo-sam3-cascade/YOLO_TRACK_SIMPLE/standardData/9/9.mp4,782,26.067,M013,motorcycle,0.776,739.2 381.8 814.2 438.4,,0,,0,0,32.526,30.745
/Users/lujintao/Library/CloudStorage/OneDrive-AUTUniversity/MyProject-OneDrive/yolo_zhy-feature-yolo-sam3-cascade/YOLO_TRACK_SIMPLE/standardData/9/9.mp4,782,26.067,M012,motorcycle,0.416,1064.7 401.3 1164.7 488.9,P018,1,1.450,0,0,32.526,30.745
/Users/lujintao/Library/CloudStorage/OneDrive-AUTUniversity/MyProject-OneDrive/yolo_zhy-feature-yolo-sam3-cascade/YOLO_TRACK_SIMPLE/standardData/9/9.mp4,782,26.067,M014,motorcycle,0.335,843.5 455.9 981.9 602.7,P019,1,1.596,0,0,32.526,30.745
/Users/lujintao/Library/CloudStorage/OneDrive-AUTUniversity/MyProject-OneDrive/yolo_zhy-feature-yolo-sam3-cascade/YOLO_TRACK_SIMPLE/standardData/9/9.mp4,783,26.100,M013,motorcycle,0.753,747.5 381.0 824.1 438.0,,0,,0,0,32.607,30.668
/Users/lujintao/Library/CloudStorage/OneDrive-AUTUniversity/MyProject-OneDrive/yolo_zhy-feature-yolo-sam3-cascade/YOLO_TRACK_SIMPLE/standardData/9/9.mp4,783,26.100,M012,motorcycle,0.495,1071.2 397.5 1170.5 488.2,P018,1,1.590,0,0,32.607,30.668
/Users/lujintao/Library/CloudStorage/OneDrive-AUTUniversity/MyProject-OneDrive/yolo_zhy-feature-yolo-sam3-cascade/YOLO_TRACK_SIMPLE/standardData/9/9.mp4,783,26.100,U003,motorcycle,0.271,860.6 471.3 988.5 589.4,,0,,0,0,32.607,30.668
/Users/lujintao/Library/CloudStorage/OneDrive-AUTUniversity/MyProject-OneDrive/yolo_zhy-feature-yolo-sam3-cascade/YOLO_TRACK_SIMPLE/standardData/9/9.mp4,784,26.133,M013,motorcycle,0.678,755.2 383.1 830.3 438.4,,0,,0,0,34.840,28.703
/Users/lujintao/Library/CloudStorage/OneDrive-AUTUniversity/MyProject-OneDrive/yolo_zhy-feature-yolo-sam3-cascade/YOLO_TRACK_SIMPLE/standardData/9/9.mp4,784,26.133,M012,motorcycle,0.479,1073.0 399.6 1175.0 489.1,P018,1,1.585,0,0,34.840,28.703
/Users/lujintao/Library/CloudStorage/OneDrive-AUTUniversity/MyProject-OneDrive/yolo_zhy-feature-yolo-sam3-cascade/YOLO_TRACK_SIMPLE/standardData/9/9.mp4,785,26.167,M013,motorcycle,0.694,764.2 380.4 841.0 438.5,,0,,0,0,36.650,27.285
/Users/lujintao/Library/CloudStorage/OneDrive-AUTUniversity/MyProject-OneDrive/yolo_zhy-feature-yolo-sam3-cascade/YOLO_TRACK_SIMPLE/standardData/9/9.mp4,785,26.167,M012,motorcycle,0.599,1075.6 396.0 1177.8 486.3,P018,1,1.556,0,0,36.650,27.285
/Users/lujintao/Library/CloudStorage/OneDrive-AUTUniversity/MyProject-OneDrive/yolo_zhy-feature-yolo-sam3-cascade/YOLO_TRACK_SIMPLE/standardData/9/9.mp4,786,26.200,M013,motorcycle,0.712,772.5 385.0 848.5 438.6,,0,,0,0,33.897,29.501
/Users/lujintao/Library/CloudStorage/OneDrive-AUTUniversity/MyProject-OneDrive/yolo_zhy-feature-yolo-sam3-cascade/YOLO_TRACK_SIMPLE/standardData/9/9.mp4,786,26.200,M012,motorcycle,0.634,1080.9 398.4 1180.2 487.2,P018,1,1.450,0,0,33.897,29.501
/Users/lujintao/Library/CloudStorage/OneDrive-AUTUniversity/MyProject-OneDrive/yolo_zhy-feature-yolo-sam3-cascade/YOLO_TRACK_SIMPLE/standardData/9/9.mp4,786,26.200,U003,motorcycle,0.304,891.5 466.8 1012.0 584.2,,0,,0,0,33.897,29.501
/Users/lujintao/Library/CloudStorage/OneDrive-AUTUniversity/MyProject-OneDrive/yolo_zhy-feature-yolo-sam3-cascade/YOLO_TRACK_SIMPLE/standardData/9/9.mp4,787,26.233,M013,motorcycle,0.725,779.9 381.2 858.3 438.7,,0,,0,0,35.291,28.336
/Users/lujintao/Library/CloudStorage/OneDrive-AUTUniversity/MyProject-OneDrive/yolo_zhy-feature-yolo-sam3-cascade/YOLO_TRACK_SIMPLE/standardData/9/9.mp4,787,26.233,M012,motorcycle,0.627,1086.6 397.2 1184.9 486.3,P018,1,1.600,0,0,35.291,28.336
/Users/lujintao/Library/CloudStorage/OneDrive-AUTUniversity/MyProject-OneDrive/yolo_zhy-feature-yolo-sam3-cascade/YOLO_TRACK_SIMPLE/standardData/9/9.mp4,787,26.233,M014,motorcycle,0.358,899.9 446.4 1024.6 579.9,P019,1,1.450,0,0,35.291,28.336
/Users/lujintao/Library/CloudStorage/OneDrive-AUTUniversity/MyProject-OneDrive/yolo_zhy-feature-yolo-sam3-cascade/YOLO_TRACK_SIMPLE/standardData/9/9.mp4,788,26.267,M013,motorcycle,0.687,788.8 381.6 865.1 439.1,,0,,0,0,34.034,29.383
/Users/lujintao/Library/CloudStorage/OneDrive-AUTUniversity/MyProject-OneDrive/yolo_zhy-feature-yolo-sam3-cascade/YOLO_TRACK_SIMPLE/standardData/9/9.mp4,788,26.267,M012,motorcycle,0.554,1089.8 399.0 1187.7 485.9,P018,1,1.450,0,0,34.034,29.383
/Users/lujintao/Library/CloudStorage/OneDrive-AUTUniversity/MyProject-OneDrive/yolo_zhy-feature-yolo-sam3-cascade/YOLO_TRACK_SIMPLE/standardData/9/9.mp4,788,26.267,M014,motorcycle,0.374,908.8 446.3 1036.6 577.6,P019,1,1.574,0,0,34.034,29.383
/Users/lujintao/Library/CloudStorage/OneDrive-AUTUniversity/MyProject-OneDrive/yolo_zhy-feature-yolo-sam3-cascade/YOLO_TRACK_SIMPLE/standardData/9/9.mp4,789,26.300,M013,motorcycle,0.677,797.5 378.9 875.4 439.6,,0,,0,0,31.497,31.749
/Users/lujintao/Library/CloudStorage/OneDrive-AUTUniversity/MyProject-OneDrive/yolo_zhy-feature-yolo-sam3-cascade/YOLO_TRACK_SIMPLE/standardData/9/9.mp4,789,26.300,M012,motorcycle,0.629,1090.3 402.3 1192.4 484.7,P018,1,1.582,0,0,31.497,31.749
/Users/lujintao/Library/CloudStorage/OneDrive-AUTUniversity/MyProject-OneDrive/yolo_zhy-feature-yolo-sam3-cascade/YOLO_TRACK_SIMPLE/standardData/9/9.mp4,789,26.300,M014,motorcycle,0.511,920.4 460.2 1040.9 574.7,P019,1,1.574,0,0,31.497,31.749
/Users/lujintao/Library/CloudStorage/OneDrive-AUTUniversity/MyProject-OneDrive/yolo_zhy-feature-yolo-sam3-cascade/YOLO_TRACK_SIMPLE/standardData/9/9.mp4,790,26.333,M013,motorcycle,0.704,806.7 389.2 883.3 439.8,,0,,0,0,32.707,30.574
/Users/lujintao/Library/CloudStorage/OneDrive-AUTUniversity/MyProject-OneDrive/yolo_zhy-feature-yolo-sam3-cascade/YOLO_TRACK_SIMPLE/standardData/9/9.mp4,790,26.333,M012,motorcycle,0.564,1097.2 401.5 1194.6 484.9,P018,1,1.595,0,0,32.707,30.574
/Users/lujintao/Library/CloudStorage/OneDrive-AUTUniversity/MyProject-OneDrive/yolo_zhy-feature-yolo-sam3-cascade/YOLO_TRACK_SIMPLE/standardData/9/9.mp4,790,26.333,M014,motorcycle,0.486,928.6 460.9 1047.1 572.2,P019,1,1.597,0,0,32.707,30.574
/Users/lujintao/Library/CloudStorage/OneDrive-AUTUniversity/MyProject-OneDrive/yolo_zhy-feature-yolo-sam3-cascade/YOLO_TRACK_SIMPLE/standardData/9/9.mp4,791,26.367,M013,motorcycle,0.703,815.2 385.3 891.7 440.3,,0,,0,0,33.735,29.643
/Users/lujintao/Library/CloudStorage/OneDrive-AUTUniversity/MyProject-OneDrive/yolo_zhy-feature-yolo-sam3-cascade/YOLO_TRACK_SIMPLE/standardData/9/9.mp4,791,26.367,M014,motorcycle,0.394,941.4 451.5 1054.7 568.1,P019,1,1.596,0,0,33.735,29.643
/Users/lujintao/Library/CloudStorage/OneDrive-AUTUniversity/MyProject-OneDrive/yolo_zhy-feature-yolo-sam3-cascade/YOLO_TRACK_SIMPLE/standardData/9/9.mp4,791,26.367,M012,motorcycle,0.345,1105.5 404.6 1199.1 485.5,P018,1,1.600,0,0,33.735,29.643
/Users/lujintao/Library/CloudStorage/OneDrive-AUTUniversity/MyProject-OneDrive/yolo_zhy-feature-yolo-sam3-cascade/YOLO_TRACK_SIMPLE/standardData/9/9.mp4,792,26.400,M013,motorcycle,0.660,823.7 387.9 898.9 440.5,,0,,0,0,37.641,26.567
/Users/lujintao/Library/CloudStorage/OneDrive-AUTUniversity/MyProject-OneDrive/yolo_zhy-feature-yolo-sam3-cascade/YOLO_TRACK_SIMPLE/standardData/9/9.mp4,792,26.400,M012,motorcycle,0.588,1108.2 401.5 1206.4 485.1,P018,1,1.450,0,0,37.641,26.567
/Users/lujintao/Library/CloudStorage/OneDrive-AUTUniversity/MyProject-OneDrive/yolo_zhy-feature-yolo-sam3-cascade/YOLO_TRACK_SIMPLE/standardData/9/9.mp4,792,26.400,M014,motorcycle,0.420,949.4 452.8 1061.7 564.1,P019,1,1.594,0,0,37.641,26.567
/Users/lujintao/Library/CloudStorage/OneDrive-AUTUniversity/MyProject-OneDrive/yolo_zhy-feature-yolo-sam3-cascade/YOLO_TRACK_SIMPLE/standardData/9/9.mp4,793,26.433,M012,motorcycle,0.680,1109.1 400.6 1210.6 484.9,P018,1,1.600,0,0,35.476,28.188
/Users/lujintao/Library/CloudStorage/OneDrive-AUTUniversity/MyProject-OneDrive/yolo_zhy-feature-yolo-sam3-cascade/YOLO_TRACK_SIMPLE/standardData/9/9.mp4,793,26.433,M013,motorcycle,0.573,831.5 390.1 908.7 441.0,,0,,0,0,35.476,28.188
/Users/lujintao/Library/CloudStorage/OneDrive-AUTUniversity/MyProject-OneDrive/yolo_zhy-feature-yolo-sam3-cascade/YOLO_TRACK_SIMPLE/standardData/9/9.mp4,793,26.433,M014,motorcycle,0.547,957.7 451.2 1068.5 563.5,P019,1,1.595,0,0,35.476,28.188
/Users/lujintao/Library/CloudStorage/OneDrive-AUTUniversity/MyProject-OneDrive/yolo_zhy-feature-yolo-sam3-cascade/YOLO_TRACK_SIMPLE/standardData/9/9.mp4,794,26.467,M013,motorcycle,0.590,839.5 392.2 916.4 440.8,,0,,0,0,35.858,27.888
/Users/lujintao/Library/CloudStorage/OneDrive-AUTUniversity/MyProject-OneDrive/yolo_zhy-feature-yolo-sam3-cascade/YOLO_TRACK_SIMPLE/standardData/9/9.mp4,794,26.467,M012,motorcycle,0.587,1111.0 397.7 1213.8 483.8,P018,1,1.569,0,0,35.858,27.888
/Users/lujintao/Library/CloudStorage/OneDrive-AUTUniversity/MyProject-OneDrive/yolo_zhy-feature-yolo-sam3-cascade/YOLO_TRACK_SIMPLE/standardData/9/9.mp4,794,26.467,M014,motorcycle,0.452,966.3 450.0 1077.1 562.3,P019,1,1.600,0,0,35.858,27.888
/Users/lujintao/Library/CloudStorage/OneDrive-AUTUniversity/MyProject-OneDrive/yolo_zhy-feature-yolo-sam3-cascade/YOLO_TRACK_SIMPLE/standardData/9/9.mp4,795,26.500,M013,motorcycle,0.605,847.1 387.6 924.6 442.0,,0,,0,0,35.349,28.289
/Users/lujintao/Library/CloudStorage/OneDrive-AUTUniversity/MyProject-OneDrive/yolo_zhy-feature-yolo-sam3-cascade/YOLO_TRACK_SIMPLE/standardData/9/9.mp4,795,26.500,M012,motorcycle,0.586,1115.4 396.0 1218.8 483.4,P018,1,1.600,0,0,35.349,28.289
/Users/lujintao/Library/CloudStorage/OneDrive-AUTUniversity/MyProject-OneDrive/yolo_zhy-feature-yolo-sam3-cascade/YOLO_TRACK_SIMPLE/standardData/9/9.mp4,795,26.500,M014,motorcycle,0.525,978.4 448.3 1086.1 558.5,P019,1,1.597,0,0,35.349,28.289
/Users/lujintao/Library/CloudStorage/OneDrive-AUTUniversity/MyProject-OneDrive/yolo_zhy-feature-yolo-sam3-cascade/YOLO_TRACK_SIMPLE/standardData/9/9.mp4,796,26.533,M013,motorcycle,0.636,856.3 383.6 934.7 442.4,,0,,0,0,33.326,30.006
/Users/lujintao/Library/CloudStorage/OneDrive-AUTUniversity/MyProject-OneDrive/yolo_zhy-feature-yolo-sam3-cascade/YOLO_TRACK_SIMPLE/standardData/9/9.mp4,796,26.533,M012,motorcycle,0.514,1129.0 402.0 1214.9 483.2,P018,1,1.600,0,0,33.326,30.006
/Users/lujintao/Library/CloudStorage/OneDrive-AUTUniversity/MyProject-OneDrive/yolo_zhy-feature-yolo-sam3-cascade/YOLO_TRACK_SIMPLE/standardData/9/9.mp4,796,26.533,M014,motorcycle,0.444,985.1 442.5 1091.6 554.2,P019,1,1.561,0,0,33.326,30.006
/Users/lujintao/Library/CloudStorage/OneDrive-AUTUniversity/MyProject-OneDrive/yolo_zhy-feature-yolo-sam3-cascade/YOLO_TRACK_SIMPLE/standardData/9/9.mp4,797,26.567,M013,motorcycle,0.644,863.7 386.8 941.7 441.0,,0,,0,0,34.466,29.014
/Users/lujintao/Library/CloudStorage/OneDrive-AUTUniversity/MyProject-OneDrive/yolo_zhy-feature-yolo-sam3-cascade/YOLO_TRACK_SIMPLE/standardData/9/9.mp4,797,26.567,M014,motorcycle,0.572,992.5 438.1 1095.0 552.0,P019,1,1.581,0,0,34.466,29.014
/Users/lujintao/Library/CloudStorage/OneDrive-AUTUniversity/MyProject-OneDrive/yolo_zhy-feature-yolo-sam3-cascade/YOLO_TRACK_SIMPLE/standardData/9/9.mp4,797,26.567,M012,motorcycle,0.541,1125.7 400.5 1226.2 481.2,P018,1,1.590,0,0,34.466,29.014
/Users/lujintao/Library/CloudStorage/OneDrive-AUTUniversity/MyProject-OneDrive/yolo_zhy-feature-yolo-sam3-cascade/YOLO_TRACK_SIMPLE/standardData/9/9.mp4,798,26.600,M013,motorcycle,0.621,871.2 384.8 948.8 442.4,,0,,0,0,34.935,28.625
/Users/lujintao/Library/CloudStorage/OneDrive-AUTUniversity/MyProject-OneDrive/yolo_zhy-feature-yolo-sam3-cascade/YOLO_TRACK_SIMPLE/standardData/9/9.mp4,798,26.600,M014,motorcycle,0.606,1002.3 441.6 1101.3 548.5,P019,1,1.558,0,0,34.935,28.625
/Users/lujintao/Library/CloudStorage/OneDrive-AUTUniversity/MyProject-OneDrive/yolo_zhy-feature-yolo-sam3-cascade/YOLO_TRACK_SIMPLE/standardData/9/9.mp4,798,26.600,M012,motorcycle,0.293,1131.7 401.1 1233.0 478.6,P018,1,1.586,0,0,34.935,28.625
/Users/lujintao/Library/CloudStorage/OneDrive-AUTUniversity/MyProject-OneDrive/yolo_zhy-feature-yolo-sam3-cascade/YOLO_TRACK_SIMPLE/standardData/9/9.mp4,799,26.633,M014,motorcycle,0.676,1008.9 442.0 1109.1 549.6,P019,1,1.583,0,0,33.031,30.275
/Users/lujintao/Library/CloudStorage/OneDrive-AUTUniversity/MyProject-OneDrive/yolo_zhy-feature-yolo-sam3-cascade/YOLO_TRACK_SIMPLE/standardData/9/9.mp4,799,26.633,M013,motorcycle,0.598,878.8 388.2 956.3 441.6,P022,1,1.591,0,0,33.031,30.275
/Users/lujintao/Library/CloudStorage/OneDrive-AUTUniversity/MyProject-OneDrive/yolo_zhy-feature-yolo-sam3-cascade/YOLO_TRACK_SIMPLE/standardData/9/9.mp4,799,26.633,M012,motorcycle,0.301,1140.7 401.9 1234.9 483.2,P018,1,1.450,0,0,33.031,30.275
/Users/lujintao/Library/CloudStorage/OneDrive-AUTUniversity/MyProject-OneDrive/yolo_zhy-feature-yolo-sam3-cascade/YOLO_TRACK_SIMPLE/standardData/9/9.mp4,800,26.667,M013,motorcycle,0.563,887.1 391.6 962.5 442.8,P022,1,1.592,0,0,32.865,30.428
/Users/lujintao/Library/CloudStorage/OneDrive-AUTUniversity/MyProject-OneDrive/yolo_zhy-feature-yolo-sam3-cascade/YOLO_TRACK_SIMPLE/standardData/9/9.mp4,800,26.667,M014,motorcycle,0.455,1017.0 443.2 1115.3 545.3,P019,1,1.576,0,0,32.865,30.428
/Users/lujintao/Library/CloudStorage/OneDrive-AUTUniversity/MyProject-OneDrive/yolo_zhy-feature-yolo-sam3-cascade/YOLO_TRACK_SIMPLE/standardData/9/9.mp4,800,26.667,M012,motorcycle,0.320,1142.2 396.9 1243.1 476.9,P018,1,1.492,0,0,32.865,30.428
/Users/lujintao/Library/CloudStorage/OneDrive-AUTUniversity/MyProject-OneDrive/yolo_zhy-feature-yolo-sam3-cascade/YOLO_TRACK_SIMPLE/standardData/9/9.mp4,801,26.700,M013,motorcycle,0.532,894.0 392.5 971.7 443.3,P022,1,1.532,0,0,29.122,34.338
/Users/lujintao/Library/CloudStorage/OneDrive-AUTUniversity/MyProject-OneDrive/yolo_zhy-feature-yolo-sam3-cascade/YOLO_TRACK_SIMPLE/standardData/9/9.mp4,801,26.700,M014,motorcycle,0.453,1022.6 442.8 1120.5 545.2,P019,1,1.568,0,0,29.122,34.338
/Users/lujintao/Library/CloudStorage/OneDrive-AUTUniversity/MyProject-OneDrive/yolo_zhy-feature-yolo-sam3-cascade/YOLO_TRACK_SIMPLE/standardData/9/9.mp4,801,26.700,M012,motorcycle,0.293,1147.5 395.9 1246.6 475.0,P018,1,1.537,0,0,29.122,34.338
/Users/lujintao/Library/CloudStorage/OneDrive-AUTUniversity/MyProject-OneDrive/yolo_zhy-feature-yolo-sam3-cascade/YOLO_TRACK_SIMPLE/standardData/9/9.mp4,802,26.733,M013,motorcycle,0.446,903.1 389.8 979.6 441.7,P022,1,1.567,0,0,32.710,30.572
/Users/lujintao/Library/CloudStorage/OneDrive-AUTUniversity/MyProject-OneDrive/yolo_zhy-feature-yolo-sam3-cascade/YOLO_TRACK_SIMPLE/standardData/9/9.mp4,802,26.733,M014,motorcycle,0.356,1026.8 442.8 1126.8 541.2,P019,1,1.588,0,0,32.710,30.572
/Users/lujintao/Library/CloudStorage/OneDrive-AUTUniversity/MyProject-OneDrive/yolo_zhy-feature-yolo-sam3-cascade/YOLO_TRACK_SIMPLE/standardData/9/9.mp4,803,26.767,M013,motorcycle,0.519,909.7 390.6 987.6 443.2,P022,1,1.500,0,0,28.823,34.695
/Users/lujintao/Library/CloudStorage/OneDrive-AUTUniversity/MyProject-OneDrive/yolo_zhy-feature-yolo-sam3-cascade/YOLO_TRACK_SIMPLE/standardData/9/9.mp4,803,26.767,M014,motorcycle,0.337,1035.9 440.3 1133.1 540.7,P019,1,1.586,0,0,28.823,34.695
/Users/lujintao/Library/CloudStorage/OneDrive-AUTUniversity/MyProject-OneDrive/yolo_zhy-feature-yolo-sam3-cascade/YOLO_TRACK_SIMPLE/standardData/9/9.mp4,803,26.767,M012,motorcycle,0.274,1156.6 404.8 1248.9 479.4,P018,1,1.564,0,0,28.823,34.695
/Users/lujintao/Library/CloudStorage/OneDrive-AUTUniversity/MyProject-OneDrive/yolo_zhy-feature-yolo-sam3-cascade/YOLO_TRACK_SIMPLE/standardData/9/9.mp4,804,26.800,M013,motorcycle,0.574,918.4 389.4 993.6 439.8,P022,1,1.578,0,0,36.824,27.156
/Users/lujintao/Library/CloudStorage/OneDrive-AUTUniversity/MyProject-OneDrive/yolo_zhy-feature-yolo-sam3-cascade/YOLO_TRACK_SIMPLE/standardData/9/9.mp4,804,26.800,M014,motorcycle,0.291,1040.6 436.4 1138.7 540.3,P019,1,1.566,0,0,36.824,27.156
/Users/lujintao/Library/CloudStorage/OneDrive-AUTUniversity/MyProject-OneDrive/yolo_zhy-feature-yolo-sam3-cascade/YOLO_TRACK_SIMPLE/standardData/9/9.mp4,805,26.833,M013,motorcycle,0.508,926.3 390.8 1003.3 441.4,P022,1,1.586,0,0,36.815,27.163
/Users/lujintao/Library/CloudStorage/OneDrive-AUTUniversity/MyProject-OneDrive/yolo_zhy-feature-yolo-sam3-cascade/YOLO_TRACK_SIMPLE/standardData/9/9.mp4,805,26.833,M014,motorcycle,0.478,1050.1 444.3 1142.1 536.1,P019,1,1.575,0,0,36.815,27.163
/Users/lujintao/Library/CloudStorage/OneDrive-AUTUniversity/MyProject-OneDrive/yolo_zhy-feature-yolo-sam3-cascade/YOLO_TRACK_SIMPLE/standardData/9/9.mp4,806,26.867,M013,motorcycle,0.498,932.0 388.2 1010.1 441.0,P022,1,1.592,0,0,34.133,29.297
/Users/lujintao/Library/CloudStorage/OneDrive-AUTUniversity/MyProject-OneDrive/yolo_zhy-feature-yolo-sam3-cascade/YOLO_TRACK_SIMPLE/standardData/9/9.mp4,806,26.867,M014,motorcycle,0.386,1056.5 439.4 1151.4 537.9,P019,1,1.600,0,0,34.133,29.297
/Users/lujintao/Library/CloudStorage/OneDrive-AUTUniversity/MyProject-OneDrive/yolo_zhy-feature-yolo-sam3-cascade/YOLO_TRACK_SIMPLE/standardData/9/9.mp4,807,26.900,M014,motorcycle,0.554,1061.3 434.3 1154.7 533.7,P019,1,1.505,0,0,30.559,32.723
/Users/lujintao/Library/CloudStorage/OneDrive-AUTUniversity/MyProject-OneDrive/yolo_zhy-feature-yolo-sam3-cascade/YOLO_TRACK_SIMPLE/standardData/9/9.mp4,807,26.900,M013,motorcycle,0.534,941.1 389.3 1019.0 440.3,P022,1,1.600,0,0,30.559,32.723
/Users/lujintao/Library/CloudStorage/OneDrive-AUTUniversity/MyProject-OneDrive/yolo_zhy-feature-yolo-sam3-cascade/YOLO_TRACK_SIMPLE/standardData/9/9.mp4,808,26.933,M013,motorcycle,0.634,949.8 388.2 1023.7 440.9,P022,1,1.594,0,0,35.235,28.381
/Users/lujintao/Library/CloudStorage/OneDrive-AUTUniversity/MyProject-OneDrive/yolo_zhy-feature-yolo-sam3-cascade/YOLO_TRACK_SIMPLE/standardData/9/9.mp4,808,26.933,M014,motorcycle,0.519,1067.3 436.1 1159.4 532.4,P019,1,1.594,0,0,35.235,28.381
/Users/lujintao/Library/CloudStorage/OneDrive-AUTUniversity/MyProject-OneDrive/yolo_zhy-feature-yolo-sam3-cascade/YOLO_TRACK_SIMPLE/standardData/9/9.mp4,809,26.967,M013,motorcycle,0.586,957.5 389.1 1033.4 441.2,P022,1,1.599,0,0,36.109,27.694
/Users/lujintao/Library/CloudStorage/OneDrive-AUTUniversity/MyProject-OneDrive/yolo_zhy-feature-yolo-sam3-cascade/YOLO_TRACK_SIMPLE/standardData/9/9.mp4,809,26.967,M014,motorcycle,0.542,1074.8 439.4 1164.0 530.8,P019,1,1.599,0,0,36.109,27.694
/Users/lujintao/Library/CloudStorage/OneDrive-AUTUniversity/MyProject-OneDrive/yolo_zhy-feature-yolo-sam3-cascade/YOLO_TRACK_SIMPLE/standardData/9/9.mp4,810,27.000,M014,motorcycle,0.651,1080.9 430.7 1169.1 520.4,P019,1,1.589,0,0,33.924,29.478
/Users/lujintao/Library/CloudStorage/OneDrive-AUTUniversity/MyProject-OneDrive/yolo_zhy-feature-yolo-sam3-cascade/YOLO_TRACK_SIMPLE/standardData/9/9.mp4,810,27.000,M013,motorcycle,0.590,963.5 386.3 1040.5 440.8,P022,1,1.591,0,0,33.924,29.478
/Users/lujintao/Library/CloudStorage/OneDrive-AUTUniversity/MyProject-OneDrive/yolo_zhy-feature-yolo-sam3-cascade/YOLO_TRACK_SIMPLE/standardData/9/9.mp4,811,27.033,M014,motorcycle,0.714,1086.2 430.9 1173.0 520.9,P019,1,1.598,0,0,34.422,29.051
/Users/lujintao/Library/CloudStorage/OneDrive-AUTUniversity/MyProject-OneDrive/yolo_zhy-feature-yolo-sam3-cascade/YOLO_TRACK_SIMPLE/standardData/9/9.mp4,811,27.033,M013,motorcycle,0.571,970.6 385.2 1049.2 440.4,P022,1,1.600,0,0,34.422,29.051
/Users/lujintao/Library/CloudStorage/OneDrive-AUTUniversity/MyProject-OneDrive/yolo_zhy-feature-yolo-sam3-cascade/YOLO_TRACK_SIMPLE/standardData/9/9.mp4,812,27.067,M013,motorcycle,0.659,977.2 385.9 1055.7 439.7,P022,1,1.597,0,0,35.114,28.479
/Users/lujintao/Library/CloudStorage/OneDrive-AUTUniversity/MyProject-OneDrive/yolo_zhy-feature-yolo-sam3-cascade/YOLO_TRACK_SIMPLE/standardData/9/9.mp4,812,27.067,M014,motorcycle,0.532,1090.6 433.7 1176.1 523.4,P019,1,1.575,0,0,35.114,28.479
/Users/lujintao/Library/CloudStorage/OneDrive-AUTUniversity/MyProject-OneDrive/yolo_zhy-feature-yolo-sam3-cascade/YOLO_TRACK_SIMPLE/standardData/9/9.mp4,813,27.100,M013,motorcycle,0.593,988.1 387.7 1064.9 442.7,P022,1,1.465,0,0,32.483,30.785
/Users/lujintao/Library/CloudStorage/OneDrive-AUTUniversity/MyProject-OneDrive/yolo_zhy-feature-yolo-sam3-cascade/YOLO_TRACK_SIMPLE/standardData/9/9.mp4,813,27.100,M014,motorcycle,0.329,1096.2 430.9 1181.3 521.7,P019,1,1.600,0,0,32.483,30.785
/Users/lujintao/Library/CloudStorage/OneDrive-AUTUniversity/MyProject-OneDrive/yolo_zhy-feature-yolo-sam3-cascade/YOLO_TRACK_SIMPLE/standardData/9/9.mp4,814,27.133,M013,motorcycle,0.563,993.9 386.4 1071.0 439.7,P022,1,1.600,0,0,32.760,30.525
/Users/lujintao/Library/CloudStorage/OneDrive-AUTUniversity/MyProject-OneDrive/yolo_zhy-feature-yolo-sam3-cascade/YOLO_TRACK_SIMPLE/standardData/9/9.mp4,814,27.133,M014,motorcycle,0.285,1101.0 433.4 1186.9 520.8,P019,1,1.560,0,0,32.760,30.525
/Users/lujintao/Library/CloudStorage/OneDrive-AUTUniversity/MyProject-OneDrive/yolo_zhy-feature-yolo-sam3-cascade/YOLO_TRACK_SIMPLE/standardData/9/9.mp4,815,27.167,M013,motorcycle,0.529,1002.6 387.1 1078.2 439.3,P022,1,1.583,0,0,37.394,26.742
/Users/lujintao/Library/CloudStorage/OneDrive-AUTUniversity/MyProject-OneDrive/yolo_zhy-feature-yolo-sam3-cascade/YOLO_TRACK_SIMPLE/standardData/9/9.mp4,815,27.167,M014,motorcycle,0.461,1106.6 436.4 1189.2 519.3,P019,1,1.599,0,0,37.394,26.742
/Users/lujintao/Library/CloudStorage/OneDrive-AUTUniversity/MyProject-OneDrive/yolo_zhy-feature-yolo-sam3-cascade/YOLO_TRACK_SIMPLE/standardData/9/9.mp4,816,27.200,M014,motorcycle,0.578,1111.7 434.2 1193.2 517.6,P019,1,1.564,0,0,35.780,27.949
/Users/lujintao/Library/CloudStorage/OneDrive-AUTUniversity/MyProject-OneDrive/yolo_zhy-feature-yolo-sam3-cascade/YOLO_TRACK_SIMPLE/standardData/9/9.mp4,817,27.233,M014,motorcycle,0.676,1115.0 430.8 1198.8 514.3,P019,1,1.597,0,0,35.679,28.028
/Users/lujintao/Library/CloudStorage/OneDrive-AUTUniversity/MyProject-OneDrive/yolo_zhy-feature-yolo-sam3-cascade/YOLO_TRACK_SIMPLE/standardData/9/9.mp4,817,27.233,M013,motorcycle,0.528,1018.3 387.6 1093.8 439.4,P022,1,1.600,0,0,35.679,28.028
/Users/lujintao/Library/CloudStorage/OneDrive-AUTUniversity/MyProject-OneDrive/yolo_zhy-feature-yolo-sam3-cascade/YOLO_TRACK_SIMPLE/standardData/9/9.mp4,818,27.267,M014,motorcycle,0.769,1120.5 431.5 1201.3 514.3,P019,1,1.583,0,0,34.255,29.193
/Users/lujintao/Library/CloudStorage/OneDrive-AUTUniversity/MyProject-OneDrive/yolo_zhy-feature-yolo-sam3-cascade/YOLO_TRACK_SIMPLE/standardData/9/9.mp4,818,27.267,M013,motorcycle,0.280,1025.0 387.1 1102.8 439.0,,0,,0,0,34.255,29.193
/Users/lujintao/Library/CloudStorage/OneDrive-AUTUniversity/MyProject-OneDrive/yolo_zhy-feature-yolo-sam3-cascade/YOLO_TRACK_SIMPLE/standardData/9/9.mp4,819,27.300,M014,motorcycle,0.639,1124.7 430.8 1204.1 509.8,P019,1,1.575,0,0,37.778,26.470
/Users/lujintao/Library/CloudStorage/OneDrive-AUTUniversity/MyProject-OneDrive/yolo_zhy-feature-yolo-sam3-cascade/YOLO_TRACK_SIMPLE/standardData/9/9.mp4,819,27.300,M013,motorcycle,0.341,1034.6 388.8 1108.6 438.7,,0,,0,0,37.778,26.470
/Users/lujintao/Library/CloudStorage/OneDrive-AUTUniversity/MyProject-OneDrive/yolo_zhy-feature-yolo-sam3-cascade/YOLO_TRACK_SIMPLE/standardData/9/9.mp4,820,27.333,M014,motorcycle,0.500,1128.8 430.8 1207.2 510.3,P019,1,1.587,0,0,32.751,30.533
/Users/lujintao/Library/CloudStorage/OneDrive-AUTUniversity/MyProject-OneDrive/yolo_zhy-feature-yolo-sam3-cascade/YOLO_TRACK_SIMPLE/standardData/9/9.mp4,820,27.333,M013,motorcycle,0.314,1041.8 384.4 1119.1 438.8,,0,,0,0,32.751,30.533
/Users/lujintao/Library/CloudStorage/OneDrive-AUTUniversity/MyProject-OneDrive/yolo_zhy-feature-yolo-sam3-cascade/YOLO_TRACK_SIMPLE/standardData/9/9.mp4,821,27.367,M014,motorcycle,0.594,1134.2 419.9 1210.3 509.5,P019,1,1.557,0,0,33.487,29.862
/Users/lujintao/Library/CloudStorage/OneDrive-AUTUniversity/MyProject-OneDrive/yolo_zhy-feature-yolo-sam3-cascade/YOLO_TRACK_SIMPLE/standardData/9/9.mp4,821,27.367,M013,motorcycle,0.478,1049.5 386.8 1125.8 439.0,P022,1,1.596,0,0,33.487,29.862
/Users/lujintao/Library/CloudStorage/OneDrive-AUTUniversity/MyProject-OneDrive/yolo_zhy-feature-yolo-sam3-cascade/YOLO_TRACK_SIMPLE/standardData/9/9.mp4,822,27.400,M014,motorcycle,0.577,1136.8 422.1 1214.5 507.2,P019,1,1.599,0,0,33.870,29.524
/Users/lujintao/Library/CloudStorage/OneDrive-AUTUniversity/MyProject-OneDrive/yolo_zhy-feature-yolo-sam3-cascade/YOLO_TRACK_SIMPLE/standardData/9/9.mp4,822,27.400,M013,motorcycle,0.313,1057.3 387.7 1137.3 438.8,P022,1,1.436,0,0,33.870,29.524
/Users/lujintao/Library/CloudStorage/OneDrive-AUTUniversity/MyProject-OneDrive/yolo_zhy-feature-yolo-sam3-cascade/YOLO_TRACK_SIMPLE/standardData/9/9.mp4,823,27.433,M014,motorcycle,0.534,1141.8 420.4 1217.5 503.8,P019,1,1.591,0,0,30.857,32.407
/Users/lujintao/Library/CloudStorage/OneDrive-AUTUniversity/MyProject-OneDrive/yolo_zhy-feature-yolo-sam3-cascade/YOLO_TRACK_SIMPLE/standardData/9/9.mp4,823,27.433,M013,motorcycle,0.490,1065.5 386.4 1141.1 439.3,P022,1,1.596,0,0,30.857,32.407
/Users/lujintao/Library/CloudStorage/OneDrive-AUTUniversity/MyProject-OneDrive/yolo_zhy-feature-yolo-sam3-cascade/YOLO_TRACK_SIMPLE/standardData/9/9.mp4,824,27.467,M014,motorcycle,0.466,1143.7 423.1 1220.7 500.8,P019,1,1.579,0,0,34.626,28.880
/Users/lujintao/Library/CloudStorage/OneDrive-AUTUniversity/MyProject-OneDrive/yolo_zhy-feature-yolo-sam3-cascade/YOLO_TRACK_SIMPLE/standardData/9/9.mp4,824,27.467,M013,motorcycle,0.345,1073.6 388.4 1150.2 439.2,P022,1,1.434,0,0,34.626,28.880
/Users/lujintao/Library/CloudStorage/OneDrive-AUTUniversity/MyProject-OneDrive/yolo_zhy-feature-yolo-sam3-cascade/YOLO_TRACK_SIMPLE/standardData/9/9.mp4,825,27.500,M014,motorcycle,0.485,1148.5 427.2 1223.4 500.0,P019,1,1.567,0,0,34.698,28.820
/Users/lujintao/Library/CloudStorage/OneDrive-AUTUniversity/MyProject-OneDrive/yolo_zhy-feature-yolo-sam3-cascade/YOLO_TRACK_SIMPLE/standardData/9/9.mp4,826,27.533,M014,motorcycle,0.552,1151.5 427.1 1227.9 500.4,P019,1,1.559,0,0,35.754,27.969
/Users/lujintao/Library/CloudStorage/OneDrive-AUTUniversity/MyProject-OneDrive/yolo_zhy-feature-yolo-sam3-cascade/YOLO_TRACK_SIMPLE/standardData/9/9.mp4,827,27.567,M014,motorcycle,0.527,1157.8 426.2 1230.1 498.8,P019,1,1.508,0,0,35.747,27.975
/Users/lujintao/Library/CloudStorage/OneDrive-AUTUniversity/MyProject-OneDrive/yolo_zhy-feature-yolo-sam3-cascade/YOLO_TRACK_SIMPLE/standardData/9/9.mp4,828,27.600,M014,motorcycle,0.564,1161.4 424.8 1232.7 496.3,P019,1,1.596,0,0,35.971,27.800
/Users/lujintao/Library/CloudStorage/OneDrive-AUTUniversity/MyProject-OneDrive/yolo_zhy-feature-yolo-sam3-cascade/YOLO_TRACK_SIMPLE/standardData/9/9.mp4,829,27.633,M014,motorcycle,0.397,1164.1 416.8 1235.1 494.3,P019,1,1.514,0,0,35.348,28.290
/Users/lujintao/Library/CloudStorage/OneDrive-AUTUniversity/MyProject-OneDrive/yolo_zhy-feature-yolo-sam3-cascade/YOLO_TRACK_SIMPLE/standardData/9/9.mp4,830,27.667,M014,motorcycle,0.418,1167.9 415.9 1237.1 493.3,P019,1,1.591,0,0,33.623,29.742
/Users/lujintao/Library/CloudStorage/OneDrive-AUTUniversity/MyProject-OneDrive/yolo_zhy-feature-yolo-sam3-cascade/YOLO_TRACK_SIMPLE/standardData/9/9.mp4,831,27.700,M014,motorcycle,0.275,1170.1 408.5 1237.1 491.2,P019,1,1.518,0,0,35.561,28.121
/Users/lujintao/Library/CloudStorage/OneDrive-AUTUniversity/MyProject-OneDrive/yolo_zhy-feature-yolo-sam3-cascade/YOLO_TRACK_SIMPLE/standardData/9/9.mp4,832,27.733,M014,motorcycle,0.273,1173.1 414.0 1241.3 490.9,P019,1,1.591,0,0,34.648,28.862
/Users/lujintao/Library/CloudStorage/OneDrive-AUTUniversity/MyProject-OneDrive/yolo_zhy-feature-yolo-sam3-cascade/YOLO_TRACK_SIMPLE/standardData/9/9.mp4,835,27.833,M014,motorcycle,0.350,1179.8 407.2 1253.9 484.1,P019,1,1.571,0,0,35.050,28.531
/Users/lujintao/Library/CloudStorage/OneDrive-AUTUniversity/MyProject-OneDrive/yolo_zhy-feature-yolo-sam3-cascade/YOLO_TRACK_SIMPLE/standardData/9/9.mp4,836,27.867,M014,motorcycle,0.462,1180.5 406.1 1261.7 484.9,P019,1,1.599,0,0,34.966,28.599
/Users/lujintao/Library/CloudStorage/OneDrive-AUTUniversity/MyProject-OneDrive/yolo_zhy-feature-yolo-sam3-cascade/YOLO_TRACK_SIMPLE/standardData/9/9.mp4,837,27.900,M014,motorcycle,0.416,1184.7 405.4 1268.5 487.4,P019,1,1.567,0,0,35.545,28.134
/Users/lujintao/Library/CloudStorage/OneDrive-AUTUniversity/MyProject-OneDrive/yolo_zhy-feature-yolo-sam3-cascade/YOLO_TRACK_SIMPLE/standardData/9/9.mp4,838,27.933,M014,motorcycle,0.293,1186.9 420.2 1264.2 484.1,P019,1,1.571,0,0,35.209,28.402
/Users/lujintao/Library/CloudStorage/OneDrive-AUTUniversity/MyProject-OneDrive/yolo_zhy-feature-yolo-sam3-cascade/YOLO_TRACK_SIMPLE/standardData/9/9.mp4,839,27.967,M014,motorcycle,0.293,1194.0 417.9 1269.6 482.5,P019,1,1.545,0,0,31.390,31.857
/Users/lujintao/Library/CloudStorage/OneDrive-AUTUniversity/MyProject-OneDrive/yolo_zhy-feature-yolo-sam3-cascade/YOLO_TRACK_SIMPLE/standardData/9/9.mp4,840,28.000,M014,motorcycle,0.265,1194.2 412.4 1265.7 483.6,P019,1,1.450,0,0,36.648,27.287
/Users/lujintao/Library/CloudStorage/OneDrive-AUTUniversity/MyProject-OneDrive/yolo_zhy-feature-yolo-sam3-cascade/YOLO_TRACK_SIMPLE/standardData/9/9.mp4,841,28.033,U001,motorcycle,0.365,1197.1 362.2 1276.8 480.2,,0,,0,0,32.448,30.819
/Users/lujintao/Library/CloudStorage/OneDrive-AUTUniversity/MyProject-OneDrive/yolo_zhy-feature-yolo-sam3-cascade/YOLO_TRACK_SIMPLE/standardData/9/9.mp4,842,28.067,M014,motorcycle,0.548,1199.7 359.2 1279.4 481.3,,0,,0,0,36.396,27.475
/Users/lujintao/Library/CloudStorage/OneDrive-AUTUniversity/MyProject-OneDrive/yolo_zhy-feature-yolo-sam3-cascade/YOLO_TRACK_SIMPLE/standardData/9/9.mp4,843,28.100,M014,motorcycle,0.351,1202.5 369.4 1279.3 482.6,,0,,0,0,34.127,29.302
/Users/lujintao/Library/CloudStorage/OneDrive-AUTUniversity/MyProject-OneDrive/yolo_zhy-feature-yolo-sam3-cascade/YOLO_TRACK_SIMPLE/standardData/9/9.mp4,847,28.233,U001,motorcycle,0.290,1219.4 367.3 1279.3 478.3,,0,,0,0,33.588,29.773
