video,frame,timestamp_sec,rider_track_id,rider_conf,rider_bbox,occupant_count,head_count,helmeted_count,no_helmet_count,matched_occupant_ids,match_scores,raw_overload,confirmed_overload,helmet_status,elapsed_ms,fps
/Users/lujintao/Library/CloudStorage/OneDrive-AUTUniversity/MyProject-OneDrive/yolo_zhy-feature-yolo-sam3-cascade/YOLO_TRACK_SIMPLE/standardData/13/13.mp4,7,0.234,M001,0.613,0.0 266.7 319.1 708.2,0,0,0,0,,,0,0,UNKNOWN,29.654,33.722
/Users/lujintao/Library/CloudStorage/OneDrive-AUTUniversity/MyProject-OneDrive/yolo_zhy-feature-yolo-sam3-cascade/YOLO_TRACK_SIMPLE/standardData/13/13.mp4,8,0.267,M001,0.770,0.2 291.4 375.1 716.5,1,1,0,1,P001,1.525,0,0,NO_HELMET,26.599,37.595
/Users/lujintao/Library/CloudStorage/OneDrive-AUTUniversity/MyProject-OneDrive/yolo_zhy-feature-yolo-sam3-cascade/YOLO_TRACK_SIMPLE/standardData/13/13.mp4,9,0.300,M001,0.650,0.1 287.0 397.8 716.0,0,0,0,0,,,0,0,UNKNOWN,24.953,40.075
/Users/lujintao/Library/CloudStorage/OneDrive-AUTUniversity/MyProject-OneDrive/yolo_zhy-feature-yolo-sam3-cascade/YOLO_TRACK_SIMPLE/standardData/13/13.mp4,10,0.334,M001,0.695,0.0 240.2 419.6 712.8,0,0,0,0,,,0,0,UNKNOWN,25.732,38.861
/Users/lujintao/Library/CloudStorage/OneDrive-AUTUniversity/MyProject-OneDrive/yolo_zhy-feature-yolo-sam3-cascade/YOLO_TRACK_SIMPLE/standardData/13/13.mp4,11,0.367,M001,0.864,0.6 277.2 455.3 710.2,0,0,0,0,,,0,0,UNKNOWN,45.759,21.854
/Users/lujintao/Library/CloudStorage/OneDrive-AUTUniversity/MyProject-OneDrive/yolo_zhy-feature-yolo-sam3-cascade/YOLO_TRACK_SIMPLE/standardData/13/13.mp4,12,0.400,M001,0.919,31.1 283.3 489.1 682.1,0,0,0,0,,,0,0,UNKNOWN,27.141,36.845
/Users/lujintao/Library/CloudStorage/OneDrive-AUTUniversity/MyProject-OneDrive/yolo_zhy-feature-yolo-sam3-cascade/YOLO_TRACK_SIMPLE/standardData/13/13.mp4,13,0.434,M001,0.913,90.6 294.6 511.9 658.0,0,0,0,0,,,0,0,UNKNOWN,26.122,38.281
/Users/lujintao/Library/CloudStorage/OneDrive-AUTUniversity/MyProject-OneDrive/yolo_zhy-feature-yolo-sam3-cascade/YOLO_TRACK_SIMPLE/standardData/13/13.mp4,14,0.467,M001,0.926,139.8 292.2 538.8 627.3,1,1,0,1,P002,1.613,0,0,NO_HELMET,27.528,36.326
/Users/lujintao/Library/CloudStorage/OneDrive-AUTUniversity/MyProject-OneDrive/yolo_zhy-feature-yolo-sam3-cascade/YOLO_TRACK_SIMPLE/standardData/13/13.mp4,15,0.501,M001,0.945,187.0 296.2 563.1 640.1,1,1,0,1,P002,1.618,0,0,NO_HELMET,26.030,38.417
/Users/lujintao/Library/CloudStorage/OneDrive-AUTUniversity/MyProject-OneDrive/yolo_zhy-feature-yolo-sam3-cascade/YOLO_TRACK_SIMPLE/standardData/13/13.mp4,16,0.534,M001,0.918,230.9 290.3 588.7 632.0,1,1,0,1,P002,1.619,0,0,NO_HELMET,24.739,40.422
/Users/lujintao/Library/CloudStorage/OneDrive-AUTUniversity/MyProject-OneDrive/yolo_zhy-feature-yolo-sam3-cascade/YOLO_TRACK_SIMPLE/standardData/13/13.mp4,17,0.567,M001,0.925,269.5 292.6 609.2 620.5,1,1,0,1,P002,1.621,0,0,NO_HELMET,27.290,36.644
/Users/lujintao/Library/CloudStorage/OneDrive-AUTUniversity/MyProject-OneDrive/yolo_zhy-feature-yolo-sam3-cascade/YOLO_TRACK_SIMPLE/standardData/13/13.mp4,18,0.601,M001,0.924,304.8 293.7 630.3 613.0,1,1,0,1,P002,1.624,0,0,NO_HELMET,26.326,37.985
/Users/lujintao/Library/CloudStorage/OneDrive-AUTUniversity/MyProject-OneDrive/yolo_zhy-feature-yolo-sam3-cascade/YOLO_TRACK_SIMPLE/standardData/13/13.mp4,19,0.634,M001,0.914,332.0 291.6 653.9 603.9,1,1,0,1,P002,1.624,0,0,NO_HELMET,26.198,38.171
/Users/lujintao/Library/CloudStorage/OneDrive-AUTUniversity/MyProject-OneDrive/yolo_zhy-feature-yolo-sam3-cascade/YOLO_TRACK_SIMPLE/standardData/13/13.mp4,20,0.667,M001,0.931,373.6 290.5 672.2 597.0,1,1,0,1,P002,1.625,0,0,NO_HELMET,47.305,21.139
/Users/lujintao/Library/CloudStorage/OneDrive-AUTUniversity/MyProject-OneDrive/yolo_zhy-feature-yolo-sam3-cascade/YOLO_TRACK_SIMPLE/standardData/13/13.mp4,21,0.701,M001,0.928,408.8 289.7 691.9 590.2,1,1,0,1,P002,1.624,0,0,NO_HELMET,28.475,35.118
/Users/lujintao/Library/CloudStorage/OneDrive-AUTUniversity/MyProject-OneDrive/yolo_zhy-feature-yolo-sam3-cascade/YOLO_TRACK_SIMPLE/standardData/13/13.mp4,22,0.734,M001,0.924,442.8 288.9 710.0 581.7,1,1,0,1,P002,1.616,0,0,NO_HELMET,28.582,34.987
/Users/lujintao/Library/CloudStorage/OneDrive-AUTUniversity/MyProject-OneDrive/yolo_zhy-feature-yolo-sam3-cascade/YOLO_TRACK_SIMPLE/standardData/13/13.mp4,23,0.767,M001,0.923,469.5 287.8 729.1 576.3,1,1,0,1,P002,1.624,0,0,NO_HELMET,25.982,38.488
/Users/lujintao/Library/CloudStorage/OneDrive-AUTUniversity/MyProject-OneDrive/yolo_zhy-feature-yolo-sam3-cascade/YOLO_TRACK_SIMPLE/standardData/13/13.mp4,24,0.801,M001,0.915,498.7 291.8 743.1 565.9,1,1,0,1,P002,1.623,0,0,NO_HELMET,26.495,37.743
/Users/lujintao/Library/CloudStorage/OneDrive-AUTUniversity/MyProject-OneDrive/yolo_zhy-feature-yolo-sam3-cascade/YOLO_TRACK_SIMPLE/standardData/13/13.mp4,25,0.834,M001,0.928,522.5 290.0 759.2 559.8,1,1,0,1,P002,1.624,0,0,NO_HELMET,26.686,37.473
/Users/lujintao/Library/CloudStorage/OneDrive-AUTUniversity/MyProject-OneDrive/yolo_zhy-feature-yolo-sam3-cascade/YOLO_TRACK_SIMPLE/standardData/13/13.mp4,26,0.868,M001,0.909,547.6 294.4 775.8 555.8,1,1,0,1,P002,1.626,0,0,NO_HELMET,33.186,30.133
/Users/lujintao/Library/CloudStorage/OneDrive-AUTUniversity/MyProject-OneDrive/yolo_zhy-feature-yolo-sam3-cascade/YOLO_TRACK_SIMPLE/standardData/13/13.mp4,27,0.901,M001,0.907,568.3 293.9 793.7 547.2,1,1,0,1,P002,1.623,0,0,NO_HELMET,26.561,37.649
/Users/lujintao/Library/CloudStorage/OneDrive-AUTUniversity/MyProject-OneDrive/yolo_zhy-feature-yolo-sam3-cascade/YOLO_TRACK_SIMPLE/standardData/13/13.mp4,28,0.934,M001,0.911,587.3 293.6 805.8 543.2,1,1,0,1,P002,1.623,0,0,NO_HELMET,26.250,38.095
/Users/lujintao/Library/CloudStorage/OneDrive-AUTUniversity/MyProject-OneDrive/yolo_zhy-feature-yolo-sam3-cascade/YOLO_TRACK_SIMPLE/standardData/13/13.mp4,29,0.968,M001,0.915,609.8 295.2 821.5 540.3,1,1,0,1,P002,1.624,0,0,NO_HELMET,25.604,39.056
/Users/lujintao/Library/CloudStorage/OneDrive-AUTUniversity/MyProject-OneDrive/yolo_zhy-feature-yolo-sam3-cascade/YOLO_TRACK_SIMPLE/standardData/13/13.mp4,30,1.001,M001,0.907,627.6 294.9 835.4 536.0,1,1,0,1,P002,1.628,0,0,NO_HELMET,26.940,37.119
/Users/lujintao/Library/CloudStorage/OneDrive-AUTUniversity/MyProject-OneDrive/yolo_zhy-feature-yolo-sam3-cascade/YOLO_TRACK_SIMPLE/standardData/13/13.mp4,31,1.034,M001,0.908,648.3 296.6 847.2 531.2,1,1,0,1,P002,1.626,0,0,NO_HELMET,26.115,38.293
/Users/lujintao/Library/CloudStorage/OneDrive-AUTUniversity/MyProject-OneDrive/yolo_zhy-feature-yolo-sam3-cascade/YOLO_TRACK_SIMPLE/standardData/13/13.mp4,32,1.068,M001,0.892,663.3 293.5 861.3 528.5,1,1,0,1,P002,1.623,0,0,NO_HELMET,29.264,34.171
/Users/lujintao/Library/CloudStorage/OneDrive-AUTUniversity/MyProject-OneDrive/yolo_zhy-feature-yolo-sam3-cascade/YOLO_TRACK_SIMPLE/standardData/13/13.mp4,33,1.101,M001,0.897,681.3 296.3 874.4 524.1,1,1,0,1,P002,1.627,0,0,NO_HELMET,27.287,36.648
/Users/lujintao/Library/CloudStorage/OneDrive-AUTUniversity/MyProject-OneDrive/yolo_zhy-feature-yolo-sam3-cascade/YOLO_TRACK_SIMPLE/standardData/13/13.mp4,34,1.134,M001,0.896,699.3 294.6 889.4 517.8,1,1,0,1,P002,1.612,0,0,NO_HELMET,26.869,37.218
/Users/lujintao/Library/CloudStorage/OneDrive-AUTUniversity/MyProject-OneDrive/yolo_zhy-feature-yolo-sam3-cascade/YOLO_TRACK_SIMPLE/standardData/13/13.mp4,35,1.168,M001,0.864,712.4 296.0 898.1 515.1,1,1,0,1,P002,1.628,0,0,NO_HELMET,26.639,37.538
/Users/lujintao/Library/CloudStorage/OneDrive-AUTUniversity/MyProject-OneDrive/yolo_zhy-feature-yolo-sam3-cascade/YOLO_TRACK_SIMPLE/standardData/13/13.mp4,36,1.201,M001,0.896,728.5 295.3 909.5 511.0,1,1,0,1,P002,1.626,0,0,NO_HELMET,29.870,33.479
/Users/lujintao/Library/CloudStorage/OneDrive-AUTUniversity/MyProject-OneDrive/yolo_zhy-feature-yolo-sam3-cascade/YOLO_TRACK_SIMPLE/standardData/13/13.mp4,37,1.235,M001,0.862,746.9 294.6 920.9 509.0,1,1,0,1,P002,1.612,0,0,NO_HELMET,26.746,37.389
/Users/lujintao/Library/CloudStorage/OneDrive-AUTUniversity/MyProject-OneDrive/yolo_zhy-feature-yolo-sam3-cascade/YOLO_TRACK_SIMPLE/standardData/13/13.mp4,38,1.268,M001,0.887,758.3 294.4 931.4 505.9,1,1,0,1,P002,1.626,0,0,NO_HELMET,27.760,36.023
/Users/lujintao/Library/CloudStorage/OneDrive-AUTUniversity/MyProject-OneDrive/yolo_zhy-feature-yolo-sam3-cascade/YOLO_TRACK_SIMPLE/standardData/13/13.mp4,39,1.301,M001,0.894,772.5 294.0 942.3 502.4,1,1,0,1,P002,1.620,0,0,NO_HELMET,25.233,39.631
/Users/lujintao/Library/CloudStorage/OneDrive-AUTUniversity/MyProject-OneDrive/yolo_zhy-feature-yolo-sam3-cascade/YOLO_TRACK_SIMPLE/standardData/13/13.mp4,40,1.335,M001,0.757,789.5 293.3 948.8 498.0,0,0,0,0,,,0,0,UNKNOWN,25.841,38.698
/Users/lujintao/Library/CloudStorage/OneDrive-AUTUniversity/MyProject-OneDrive/yolo_zhy-feature-yolo-sam3-cascade/YOLO_TRACK_SIMPLE/standardData/13/13.mp4,41,1.368,M001,0.881,798.3 296.1 955.5 493.1,1,1,0,1,P002,1.628,0,0,NO_HELMET,25.893,38.621
/Users/lujintao/Library/CloudStorage/OneDrive-AUTUniversity/MyProject-OneDrive/yolo_zhy-feature-yolo-sam3-cascade/YOLO_TRACK_SIMPLE/standardData/13/13.mp4,42,1.401,M001,0.842,813.6 292.7 966.1 487.9,1,1,0,1,P002,1.614,0,0,NO_HELMET,46.726,21.401
/Users/lujintao/Library/CloudStorage/OneDrive-AUTUniversity/MyProject-OneDrive/yolo_zhy-feature-yolo-sam3-cascade/YOLO_TRACK_SIMPLE/standardData/13/13.mp4,43,1.435,M001,0.585,823.4 289.3 977.6 489.5,0,0,0,0,,,0,0,UNKNOWN,27.896,35.848
/Users/lujintao/Library/CloudStorage/OneDrive-AUTUniversity/MyProject-OneDrive/yolo_zhy-feature-yolo-sam3-cascade/YOLO_TRACK_SIMPLE/standardData/13/13.mp4,44,1.468,M001,0.839,833.3 289.5 985.2 485.6,0,0,0,0,,,0,0,UNKNOWN,39.086,25.585
/Users/lujintao/Library/CloudStorage/OneDrive-AUTUniversity/MyProject-OneDrive/yolo_zhy-feature-yolo-sam3-cascade/YOLO_TRACK_SIMPLE/standardData/13/13.mp4,45,1.502,M001,0.865,845.7 291.9 990.9 485.2,0,0,0,0,,,0,0,UNKNOWN,26.158,38.229
/Users/lujintao/Library/CloudStorage/OneDrive-AUTUniversity/MyProject-OneDrive/yolo_zhy-feature-yolo-sam3-cascade/YOLO_TRACK_SIMPLE/standardData/13/13.mp4,46,1.535,M001,0.894,855.1 289.0 999.9 479.4,1,1,0,1,P002,1.613,0,0,NO_HELMET,26.619,37.567
/Users/lujintao/Library/CloudStorage/OneDrive-AUTUniversity/MyProject-OneDrive/yolo_zhy-feature-yolo-sam3-cascade/YOLO_TRACK_SIMPLE/standardData/13/13.mp4,47,1.568,M001,0.815,864.1 289.1 1007.6 479.0,0,0,0,0,,,0,0,UNKNOWN,26.218,38.142
/Users/lujintao/Library/CloudStorage/OneDrive-AUTUniversity/MyProject-OneDrive/yolo_zhy-feature-yolo-sam3-cascade/YOLO_TRACK_SIMPLE/standardData/13/13.mp4,48,1.602,M001,0.887,874.5 292.0 1014.1 475.1,1,1,0,1,P002,1.618,0,0,NO_HELMET,26.500,37.736
/Users/lujintao/Library/CloudStorage/OneDrive-AUTUniversity/MyProject-OneDrive/yolo_zhy-feature-yolo-sam3-cascade/YOLO_TRACK_SIMPLE/standardData/13/13.mp4,49,1.635,M001,0.904,884.6 291.9 1020.2 471.5,1,1,0,1,P002,1.613,0,0,NO_HELMET,27.796,35.977
/Users/lujintao/Library/CloudStorage/OneDrive-AUTUniversity/MyProject-OneDrive/yolo_zhy-feature-yolo-sam3-cascade/YOLO_TRACK_SIMPLE/standardData/13/13.mp4,50,1.668,M001,0.912,892.8 291.4 1025.4 469.9,1,1,0,1,P002,1.617,0,0,NO_HELMET,27.375,36.529
/Users/lujintao/Library/CloudStorage/OneDrive-AUTUniversity/MyProject-OneDrive/yolo_zhy-feature-yolo-sam3-cascade/YOLO_TRACK_SIMPLE/standardData/13/13.mp4,51,1.702,M001,0.909,900.3 290.7 1031.5 466.7,1,1,0,1,P002,1.617,0,0,NO_HELMET,25.978,38.494
/Users/lujintao/Library/CloudStorage/OneDrive-AUTUniversity/MyProject-OneDrive/yolo_zhy-feature-yolo-sam3-cascade/YOLO_TRACK_SIMPLE/standardData/13/13.mp4,52,1.735,M001,0.901,909.4 290.1 1038.6 462.9,1,1,0,1,P002,1.598,0,0,NO_HELMET,29.460,33.944
/Users/lujintao/Library/CloudStorage/OneDrive-AUTUniversity/MyProject-OneDrive/yolo_zhy-feature-yolo-sam3-cascade/YOLO_TRACK_SIMPLE/standardData/13/13.mp4,53,1.768,M001,0.897,917.2 290.7 1043.3 458.4,1,1,0,1,P002,1.615,0,0,NO_HELMET,26.123,38.280
/Users/lujintao/Library/CloudStorage/OneDrive-AUTUniversity/MyProject-OneDrive/yolo_zhy-feature-yolo-sam3-cascade/YOLO_TRACK_SIMPLE/standardData/13/13.mp4,54,1.802,M001,0.900,924.2 291.1 1047.6 457.2,1,1,0,1,P002,1.610,0,0,NO_HELMET,25.691,38.924
/Users/lujintao/Library/CloudStorage/OneDrive-AUTUniversity/MyProject-OneDrive/yolo_zhy-feature-yolo-sam3-cascade/YOLO_TRACK_SIMPLE/standardData/13/13.mp4,55,1.835,M001,0.902,930.6 289.1 1050.3 454.9,1,1,0,1,P002,1.609,0,0,NO_HELMET,34.793,28.741
/Users/lujintao/Library/CloudStorage/OneDrive-AUTUniversity/MyProject-OneDrive/yolo_zhy-feature-yolo-sam3-cascade/YOLO_TRACK_SIMPLE/standardData/13/13.mp4,56,1.869,M001,0.879,936.5 289.9 1055.6 454.6,1,1,0,1,P002,1.620,0,0,NO_HELMET,28.879,34.627
/Users/lujintao/Library/CloudStorage/OneDrive-AUTUniversity/MyProject-OneDrive/yolo_zhy-feature-yolo-sam3-cascade/YOLO_TRACK_SIMPLE/standardData/13/13.mp4,57,1.902,M001,0.892,943.1 289.4 1062.7 452.6,1,1,0,1,P002,1.619,0,0,NO_HELMET,27.024,37.005
/Users/lujintao/Library/CloudStorage/OneDrive-AUTUniversity/MyProject-OneDrive/yolo_zhy-feature-yolo-sam3-cascade/YOLO_TRACK_SIMPLE/standardData/13/13.mp4,58,1.935,M001,0.893,949.0 289.5 1068.3 451.1,1,1,0,1,P002,1.617,0,0,NO_HELMET,28.920,34.579
/Users/lujintao/Library/CloudStorage/OneDrive-AUTUniversity/MyProject-OneDrive/yolo_zhy-feature-yolo-sam3-cascade/YOLO_TRACK_SIMPLE/standardData/13/13.mp4,59,1.969,M001,0.879,955.3 289.8 1072.0 449.5,1,1,0,1,P002,1.617,0,0,NO_HELMET,28.044,35.659
/Users/lujintao/Library/CloudStorage/OneDrive-AUTUniversity/MyProject-OneDrive/yolo_zhy-feature-yolo-sam3-cascade/YOLO_TRACK_SIMPLE/standardData/13/13.mp4,60,2.002,M001,0.884,963.2 290.7 1076.6 446.0,1,1,0,1,P002,1.612,0,0,NO_HELMET,27.340,36.577
/Users/lujintao/Library/CloudStorage/OneDrive-AUTUniversity/MyProject-OneDrive/yolo_zhy-feature-yolo-sam3-cascade/YOLO_TRACK_SIMPLE/standardData/13/13.mp4,61,2.035,M001,0.886,969.2 288.7 1077.8 443.3,1,1,0,1,P002,1.603,0,0,NO_HELMET,27.526,36.330
/Users/lujintao/Library/CloudStorage/OneDrive-AUTUniversity/MyProject-OneDrive/yolo_zhy-feature-yolo-sam3-cascade/YOLO_TRACK_SIMPLE/standardData/13/13.mp4,62,2.069,M001,0.896,973.2 288.1 1079.5 442.3,1,1,0,1,P002,1.613,0,0,NO_HELMET,27.546,36.303
/Users/lujintao/Library/CloudStorage/OneDrive-AUTUniversity/MyProject-OneDrive/yolo_zhy-feature-yolo-sam3-cascade/YOLO_TRACK_SIMPLE/standardData/13/13.mp4,63,2.102,M001,0.903,978.4 288.3 1086.0 439.9,1,1,0,1,P002,1.621,0,0,NO_HELMET,38.974,25.658
/Users/lujintao/Library/CloudStorage/OneDrive-AUTUniversity/MyProject-OneDrive/yolo_zhy-feature-yolo-sam3-cascade/YOLO_TRACK_SIMPLE/standardData/13/13.mp4,64,2.135,M001,0.863,985.3 289.1 1093.4 438.9,1,1,0,1,P002,1.617,0,0,NO_HELMET,30.960,32.300
/Users/lujintao/Library/CloudStorage/OneDrive-AUTUniversity/MyProject-OneDrive/yolo_zhy-feature-yolo-sam3-cascade/YOLO_TRACK_SIMPLE/standardData/13/13.mp4,65,2.169,M001,0.871,991.8 290.1 1099.5 437.4,1,1,0,1,P002,1.617,0,0,NO_HELMET,28.303,35.331
/Users/lujintao/Library/CloudStorage/OneDrive-AUTUniversity/MyProject-OneDrive/yolo_zhy-feature-yolo-sam3-cascade/YOLO_TRACK_SIMPLE/standardData/13/13.mp4,66,2.202,M001,0.895,997.1 290.1 1103.9 434.9,1,1,0,1,P002,1.615,0,0,NO_HELMET,28.240,35.410
/Users/lujintao/Library/CloudStorage/OneDrive-AUTUniversity/MyProject-OneDrive/yolo_zhy-feature-yolo-sam3-cascade/YOLO_TRACK_SIMPLE/standardData/13/13.mp4,67,2.236,M001,0.912,1000.8 289.3 1105.8 433.8,1,1,0,1,P002,1.618,0,0,NO_HELMET,27.531,36.323
/Users/lujintao/Library/CloudStorage/OneDrive-AUTUniversity/MyProject-OneDrive/yolo_zhy-feature-yolo-sam3-cascade/YOLO_TRACK_SIMPLE/standardData/13/13.mp4,68,2.269,M001,0.921,1004.6 286.6 1109.6 433.1,0,0,0,0,,,0,0,UNKNOWN,49.037,20.393
/Users/lujintao/Library/CloudStorage/OneDrive-AUTUniversity/MyProject-OneDrive/yolo_zhy-feature-yolo-sam3-cascade/YOLO_TRACK_SIMPLE/standardData/13/13.mp4,69,2.302,M001,0.905,1008.4 285.8 1112.8 430.8,0,0,0,0,,,0,0,UNKNOWN,27.330,36.589
/Users/lujintao/Library/CloudStorage/OneDrive-AUTUniversity/MyProject-OneDrive/yolo_zhy-feature-yolo-sam3-cascade/YOLO_TRACK_SIMPLE/standardData/13/13.mp4,70,2.336,M001,0.899,1013.7 285.2 1116.7 429.2,0,0,0,0,,,0,0,UNKNOWN,26.458,37.796
/Users/lujintao/Library/CloudStorage/OneDrive-AUTUniversity/MyProject-OneDrive/yolo_zhy-feature-yolo-sam3-cascade/YOLO_TRACK_SIMPLE/standardData/13/13.mp4,71,2.369,M001,0.883,1018.8 284.5 1122.0 427.7,0,0,0,0,,,0,0,UNKNOWN,28.832,34.684
/Users/lujintao/Library/CloudStorage/OneDrive-AUTUniversity/MyProject-OneDrive/yolo_zhy-feature-yolo-sam3-cascade/YOLO_TRACK_SIMPLE/standardData/13/13.mp4,72,2.402,M001,0.846,1022.1 284.2 1127.6 425.3,0,0,0,0,,,0,0,UNKNOWN,25.969,38.507
/Users/lujintao/Library/CloudStorage/OneDrive-AUTUniversity/MyProject-OneDrive/yolo_zhy-feature-yolo-sam3-cascade/YOLO_TRACK_SIMPLE/standardData/13/13.mp4,73,2.436,M001,0.857,1025.7 285.9 1132.0 424.5,0,0,0,0,,,0,0,UNKNOWN,26.425,37.843
/Users/lujintao/Library/CloudStorage/OneDrive-AUTUniversity/MyProject-OneDrive/yolo_zhy-feature-yolo-sam3-cascade/YOLO_TRACK_SIMPLE/standardData/13/13.mp4,74,2.469,M001,0.874,1030.0 287.3 1134.3 422.4,0,0,0,0,,,0,0,UNKNOWN,26.428,37.838
/Users/lujintao/Library/CloudStorage/OneDrive-AUTUniversity/MyProject-OneDrive/yolo_zhy-feature-yolo-sam3-cascade/YOLO_TRACK_SIMPLE/standardData/13/13.mp4,75,2.502,M001,0.842,1032.2 283.4 1136.9 423.5,0,0,0,0,,,0,0,UNKNOWN,27.071,36.939
/Users/lujintao/Library/CloudStorage/OneDrive-AUTUniversity/MyProject-OneDrive/yolo_zhy-feature-yolo-sam3-cascade/YOLO_TRACK_SIMPLE/standardData/13/13.mp4,76,2.536,M001,0.828,1034.6 280.2 1139.4 423.7,0,0,0,0,,,0,0,UNKNOWN,25.717,38.885
/Users/lujintao/Library/CloudStorage/OneDrive-AUTUniversity/MyProject-OneDrive/yolo_zhy-feature-yolo-sam3-cascade/YOLO_TRACK_SIMPLE/standardData/13/13.mp4,77,2.569,M001,0.728,1039.2 277.9 1139.9 422.5,0,0,0,0,,,0,0,UNKNOWN,25.260,39.589
/Users/lujintao/Library/CloudStorage/OneDrive-AUTUniversity/MyProject-OneDrive/yolo_zhy-feature-yolo-sam3-cascade/YOLO_TRACK_SIMPLE/standardData/13/13.mp4,78,2.603,M001,0.609,1042.6 278.9 1141.2 421.2,0,0,0,0,,,0,0,UNKNOWN,27.652,36.163
/Users/lujintao/Library/CloudStorage/OneDrive-AUTUniversity/MyProject-OneDrive/yolo_zhy-feature-yolo-sam3-cascade/YOLO_TRACK_SIMPLE/standardData/13/13.mp4,79,2.636,M001,0.369,1046.5 275.1 1145.2 420.8,0,0,0,0,,,0,0,UNKNOWN,27.096,36.906
/Users/lujintao/Library/CloudStorage/OneDrive-AUTUniversity/MyProject-OneDrive/yolo_zhy-feature-yolo-sam3-cascade/YOLO_TRACK_SIMPLE/standardData/13/13.mp4,80,2.669,M001,0.544,1049.6 278.4 1146.2 419.3,0,0,0,0,,,0,0,UNKNOWN,27.523,36.333
/Users/lujintao/Library/CloudStorage/OneDrive-AUTUniversity/MyProject-OneDrive/yolo_zhy-feature-yolo-sam3-cascade/YOLO_TRACK_SIMPLE/standardData/13/13.mp4,81,2.703,M001,0.562,1056.3 268.6 1148.8 417.8,0,0,0,0,,,0,0,UNKNOWN,27.252,36.694
/Users/lujintao/Library/CloudStorage/OneDrive-AUTUniversity/MyProject-OneDrive/yolo_zhy-feature-yolo-sam3-cascade/YOLO_TRACK_SIMPLE/standardData/13/13.mp4,82,2.736,M001,0.663,1059.9 281.2 1147.0 416.6,0,0,0,0,,,0,0,UNKNOWN,26.506,37.728
/Users/lujintao/Library/CloudStorage/OneDrive-AUTUniversity/MyProject-OneDrive/yolo_zhy-feature-yolo-sam3-cascade/YOLO_TRACK_SIMPLE/standardData/13/13.mp4,83,2.769,M001,0.516,1063.1 276.3 1154.3 415.8,0,0,0,0,,,0,0,UNKNOWN,27.381,36.521
/Users/lujintao/Library/CloudStorage/OneDrive-AUTUniversity/MyProject-OneDrive/yolo_zhy-feature-yolo-sam3-cascade/YOLO_TRACK_SIMPLE/standardData/13/13.mp4,84,2.803,M001,0.619,1066.3 273.8 1159.4 415.3,0,0,0,0,,,0,0,UNKNOWN,27.087,36.918
/Users/lujintao/Library/CloudStorage/OneDrive-AUTUniversity/MyProject-OneDrive/yolo_zhy-feature-yolo-sam3-cascade/YOLO_TRACK_SIMPLE/standardData/13/13.mp4,85,2.836,M001,0.789,1068.9 274.9 1161.4 413.8,0,0,0,0,,,0,0,UNKNOWN,42.005,23.807
/Users/lujintao/Library/CloudStorage/OneDrive-AUTUniversity/MyProject-OneDrive/yolo_zhy-feature-yolo-sam3-cascade/YOLO_TRACK_SIMPLE/standardData/13/13.mp4,86,2.870,M001,0.552,1071.8 278.7 1163.5 412.6,0,0,0,0,,,0,0,UNKNOWN,28.484,35.108
/Users/lujintao/Library/CloudStorage/OneDrive-AUTUniversity/MyProject-OneDrive/yolo_zhy-feature-yolo-sam3-cascade/YOLO_TRACK_SIMPLE/standardData/13/13.mp4,87,2.903,M001,0.285,1076.6 282.5 1166.0 410.7,0,0,0,0,,,0,0,UNKNOWN,26.400,37.879
/Users/lujintao/Library/CloudStorage/OneDrive-AUTUniversity/MyProject-OneDrive/yolo_zhy-feature-yolo-sam3-cascade/YOLO_TRACK_SIMPLE/standardData/13/13.mp4,88,2.936,M001,0.254,1079.6 280.6 1168.2 409.3,0,0,0,0,,,0,0,UNKNOWN,26.162,38.224
/Users/lujintao/Library/CloudStorage/OneDrive-AUTUniversity/MyProject-OneDrive/yolo_zhy-feature-yolo-sam3-cascade/YOLO_TRACK_SIMPLE/standardData/13/13.mp4,89,2.970,M001,0.563,1082.7 280.3 1168.9 410.7,0,0,0,0,,,0,0,UNKNOWN,27.849,35.909
/Users/lujintao/Library/CloudStorage/OneDrive-AUTUniversity/MyProject-OneDrive/yolo_zhy-feature-yolo-sam3-cascade/YOLO_TRACK_SIMPLE/standardData/13/13.mp4,90,3.003,M001,0.395,1085.6 280.3 1171.0 409.6,0,0,0,0,,,0,0,UNKNOWN,26.356,37.942
/Users/lujintao/Library/CloudStorage/OneDrive-AUTUniversity/MyProject-OneDrive/yolo_zhy-feature-yolo-sam3-cascade/YOLO_TRACK_SIMPLE/standardData/13/13.mp4,91,3.036,M001,0.253,1086.8 282.2 1175.2 408.6,0,0,0,0,,,0,0,UNKNOWN,27.755,36.030
/Users/lujintao/Library/CloudStorage/OneDrive-AUTUniversity/MyProject-OneDrive/yolo_zhy-feature-yolo-sam3-cascade/YOLO_TRACK_SIMPLE/standardData/13/13.mp4,115,3.837,U001,0.380,0.0 184.3 270.7 679.2,0,0,0,0,,,0,0,UNKNOWN,26.966,37.084
/Users/lujintao/Library/CloudStorage/OneDrive-AUTUniversity/MyProject-OneDrive/yolo_zhy-feature-yolo-sam3-cascade/YOLO_TRACK_SIMPLE/standardData/13/13.mp4,116,3.871,M002,0.700,0.0 208.2 301.0 689.0,0,0,0,0,,,0,0,UNKNOWN,27.137,36.850
/Users/lujintao/Library/CloudStorage/OneDrive-AUTUniversity/MyProject-OneDrive/yolo_zhy-feature-yolo-sam3-cascade/YOLO_TRACK_SIMPLE/standardData/13/13.mp4,117,3.904,M002,0.864,0.0 263.7 335.1 703.1,0,0,0,0,,,0,0,UNKNOWN,26.959,37.093
/Users/lujintao/Library/CloudStorage/OneDrive-AUTUniversity/MyProject-OneDrive/yolo_zhy-feature-yolo-sam3-cascade/YOLO_TRACK_SIMPLE/standardData/13/13.mp4,118,3.937,M002,0.893,0.0 260.8 345.1 707.5,0,0,0,0,,,0,0,UNKNOWN,24.912,40.142
/Users/lujintao/Library/CloudStorage/OneDrive-AUTUniversity/MyProject-OneDrive/yolo_zhy-feature-yolo-sam3-cascade/YOLO_TRACK_SIMPLE/standardData/13/13.mp4,119,3.971,M002,0.751,1.0 196.3 378.5 709.5,0,0,0,0,,,0,0,UNKNOWN,43.038,23.235
/Users/lujintao/Library/CloudStorage/OneDrive-AUTUniversity/MyProject-OneDrive/yolo_zhy-feature-yolo-sam3-cascade/YOLO_TRACK_SIMPLE/standardData/13/13.mp4,120,4.004,M002,0.776,0.9 224.7 400.2 703.6,0,0,0,0,,,0,0,UNKNOWN,27.672,36.138
/Users/lujintao/Library/CloudStorage/OneDrive-AUTUniversity/MyProject-OneDrive/yolo_zhy-feature-yolo-sam3-cascade/YOLO_TRACK_SIMPLE/standardData/13/13.mp4,121,4.037,M002,0.499,2.2 245.3 420.8 705.4,0,0,0,0,,,0,0,UNKNOWN,27.750,36.037
/Users/lujintao/Library/CloudStorage/OneDrive-AUTUniversity/MyProject-OneDrive/yolo_zhy-feature-yolo-sam3-cascade/YOLO_TRACK_SIMPLE/standardData/13/13.mp4,122,4.071,M002,0.459,28.2 266.2 446.4 611.4,0,0,0,0,,,0,0,UNKNOWN,27.916,35.822
/Users/lujintao/Library/CloudStorage/OneDrive-AUTUniversity/MyProject-OneDrive/yolo_zhy-feature-yolo-sam3-cascade/YOLO_TRACK_SIMPLE/standardData/13/13.mp4,123,4.104,M002,0.744,129.6 272.1 465.0 604.9,0,0,0,0,,,0,0,UNKNOWN,26.890,37.188
/Users/lujintao/Library/CloudStorage/OneDrive-AUTUniversity/MyProject-OneDrive/yolo_zhy-feature-yolo-sam3-cascade/YOLO_TRACK_SIMPLE/standardData/13/13.mp4,124,4.137,M002,0.783,160.5 275.5 481.7 591.2,0,0,0,0,,,0,0,UNKNOWN,46.780,21.377
/Users/lujintao/Library/CloudStorage/OneDrive-AUTUniversity/MyProject-OneDrive/yolo_zhy-feature-yolo-sam3-cascade/YOLO_TRACK_SIMPLE/standardData/13/13.mp4,125,4.171,M002,0.879,202.3 275.6 503.6 577.7,0,0,0,0,,,0,0,UNKNOWN,27.433,36.453
/Users/lujintao/Library/CloudStorage/OneDrive-AUTUniversity/MyProject-OneDrive/yolo_zhy-feature-yolo-sam3-cascade/YOLO_TRACK_SIMPLE/standardData/13/13.mp4,126,4.204,M002,0.883,228.7 276.7 522.1 571.6,0,0,0,0,,,0,0,UNKNOWN,27.005,37.030
/Users/lujintao/Library/CloudStorage/OneDrive-AUTUniversity/MyProject-OneDrive/yolo_zhy-feature-yolo-sam3-cascade/YOLO_TRACK_SIMPLE/standardData/13/13.mp4,127,4.238,M002,0.876,242.1 277.4 540.0 563.3,0,0,0,0,,,0,0,UNKNOWN,26.891,37.188
/Users/lujintao/Library/CloudStorage/OneDrive-AUTUniversity/MyProject-OneDrive/yolo_zhy-feature-yolo-sam3-cascade/YOLO_TRACK_SIMPLE/standardData/13/13.mp4,128,4.271,M002,0.908,281.0 277.7 555.7 554.6,0,0,0,0,,,0,0,UNKNOWN,29.474,33.928
/Users/lujintao/Library/CloudStorage/OneDrive-AUTUniversity/MyProject-OneDrive/yolo_zhy-feature-yolo-sam3-cascade/YOLO_TRACK_SIMPLE/standardData/13/13.mp4,129,4.304,M002,0.915,307.1 279.1 571.5 547.4,0,0,0,0,,,0,0,UNKNOWN,27.486,36.382
/Users/lujintao/Library/CloudStorage/OneDrive-AUTUniversity/MyProject-OneDrive/yolo_zhy-feature-yolo-sam3-cascade/YOLO_TRACK_SIMPLE/standardData/13/13.mp4,130,4.338,M002,0.909,315.6 275.4 587.4 543.2,0,0,0,0,,,0,0,UNKNOWN,28.053,35.646
/Users/lujintao/Library/CloudStorage/OneDrive-AUTUniversity/MyProject-OneDrive/yolo_zhy-feature-yolo-sam3-cascade/YOLO_TRACK_SIMPLE/standardData/13/13.mp4,131,4.371,M002,0.879,365.0 277.3 601.9 538.1,1,0,1,0,P003,1.620,0,0,HELMETED,26.783,37.337
/Users/lujintao/Library/CloudStorage/OneDrive-AUTUniversity/MyProject-OneDrive/yolo_zhy-feature-yolo-sam3-cascade/YOLO_TRACK_SIMPLE/standardData/13/13.mp4,131,4.371,U002,0.764,124.2 253.8 327.3 476.7,0,0,0,0,,,0,0,UNKNOWN,26.783,37.337
/Users/lujintao/Library/CloudStorage/OneDrive-AUTUniversity/MyProject-OneDrive/yolo_zhy-feature-yolo-sam3-cascade/YOLO_TRACK_SIMPLE/standardData/13/13.mp4,132,4.404,M002,0.908,375.5 281.7 615.2 529.8,2,2,0,2,P003 P004,1.627 1.576,1,1,NO_HELMET,27.663,36.149
/Users/lujintao/Library/CloudStorage/OneDrive-AUTUniversity/MyProject-OneDrive/yolo_zhy-feature-yolo-sam3-cascade/YOLO_TRACK_SIMPLE/standardData/13/13.mp4,132,4.404,U002,0.351,159.7 252.7 357.7 469.6,0,0,0,0,,,0,0,UNKNOWN,27.663,36.149
/Users/lujintao/Library/CloudStorage/OneDrive-AUTUniversity/MyProject-OneDrive/yolo_zhy-feature-yolo-sam3-cascade/YOLO_TRACK_SIMPLE/standardData/13/13.mp4,133,4.438,M002,0.898,396.3 280.6 631.5 522.2,2,2,0,2,P003 P004,1.623 1.577,1,1,NO_HELMET,26.421,37.849
/Users/lujintao/Library/CloudStorage/OneDrive-AUTUniversity/MyProject-OneDrive/yolo_zhy-feature-yolo-sam3-cascade/YOLO_TRACK_SIMPLE/standardData/13/13.mp4,133,4.438,M003,0.629,232.0 254.4 376.1 463.7,0,0,0,0,,,0,0,UNKNOWN,26.421,37.849
/Users/lujintao/Library/CloudStorage/OneDrive-AUTUniversity/MyProject-OneDrive/yolo_zhy-feature-yolo-sam3-cascade/YOLO_TRACK_SIMPLE/standardData/13/13.mp4,134,4.471,M002,0.901,413.5 282.1 643.7 520.0,2,2,0,2,P003 P004,1.629 1.583,1,1,NO_HELMET,26.474,37.773
/Users/lujintao/Library/CloudStorage/OneDrive-AUTUniversity/MyProject-OneDrive/yolo_zhy-feature-yolo-sam3-cascade/YOLO_TRACK_SIMPLE/standardData/13/13.mp4,134,4.471,M003,0.695,255.3 255.9 406.0 460.0,0,0,0,0,,,0,0,UNKNOWN,26.474,37.773
/Users/lujintao/Library/CloudStorage/OneDrive-AUTUniversity/MyProject-OneDrive/yolo_zhy-feature-yolo-sam3-cascade/YOLO_TRACK_SIMPLE/standardData/13/13.mp4,135,4.505,M002,0.920,443.3 284.9 659.0 514.6,2,2,0,2,P003 P004,1.626 1.578,1,1,NO_HELMET,27.294,36.639
/Users/lujintao/Library/CloudStorage/OneDrive-AUTUniversity/MyProject-OneDrive/yolo_zhy-feature-yolo-sam3-cascade/YOLO_TRACK_SIMPLE/standardData/13/13.mp4,135,4.505,M003,0.813,293.9 256.3 410.9 457.8,0,0,0,0,,,0,0,UNKNOWN,27.294,36.639
/Users/lujintao/Library/CloudStorage/OneDrive-AUTUniversity/MyProject-OneDrive/yolo_zhy-feature-yolo-sam3-cascade/YOLO_TRACK_SIMPLE/standardData/13/13.mp4,136,4.538,M002,0.901,448.6 283.5 670.3 511.8,2,2,0,2,P003 P004,1.621 1.586,1,1,NO_HELMET,27.722,36.072
/Users/lujintao/Library/CloudStorage/OneDrive-AUTUniversity/MyProject-OneDrive/yolo_zhy-feature-yolo-sam3-cascade/YOLO_TRACK_SIMPLE/standardData/13/13.mp4,136,4.538,M003,0.830,315.3 254.4 451.4 450.4,0,0,0,0,,,0,0,UNKNOWN,27.722,36.072
/Users/lujintao/Library/CloudStorage/OneDrive-AUTUniversity/MyProject-OneDrive/yolo_zhy-feature-yolo-sam3-cascade/YOLO_TRACK_SIMPLE/standardData/13/13.mp4,137,4.571,M002,0.900,477.0 285.2 682.1 508.7,2,2,0,2,P003 P004,1.629 1.584,1,1,NO_HELMET,27.030,36.996
/Users/lujintao/Library/CloudStorage/OneDrive-AUTUniversity/MyProject-OneDrive/yolo_zhy-feature-yolo-sam3-cascade/YOLO_TRACK_SIMPLE/standardData/13/13.mp4,137,4.571,M003,0.819,344.0 254.6 469.7 446.8,0,0,0,0,,,0,0,UNKNOWN,27.030,36.996
/Users/lujintao/Library/CloudStorage/OneDrive-AUTUniversity/MyProject-OneDrive/yolo_zhy-feature-yolo-sam3-cascade/YOLO_TRACK_SIMPLE/standardData/13/13.mp4,138,4.605,M002,0.915,488.3 283.6 692.7 503.5,2,2,0,2,P003 P004,1.624 1.586,1,1,NO_HELMET,27.005,37.031
/Users/lujintao/Library/CloudStorage/OneDrive-AUTUniversity/MyProject-OneDrive/yolo_zhy-feature-yolo-sam3-cascade/YOLO_TRACK_SIMPLE/standardData/13/13.mp4,138,4.605,M003,0.893,370.7 256.5 502.2 441.1,0,0,0,0,,,0,0,UNKNOWN,27.005,37.031
/Users/lujintao/Library/CloudStorage/OneDrive-AUTUniversity/MyProject-OneDrive/yolo_zhy-feature-yolo-sam3-cascade/YOLO_TRACK_SIMPLE/standardData/13/13.mp4,139,4.638,M002,0.890,505.9 283.5 703.3 500.6,2,2,0,2,P003 P004,1.627 1.588,1,1,NO_HELMET,42.397,23.587
/Users/lujintao/Library/CloudStorage/OneDrive-AUTUniversity/MyProject-OneDrive/yolo_zhy-feature-yolo-sam3-cascade/YOLO_TRACK_SIMPLE/standardData/13/13.mp4,139,4.638,M003,0.851,396.1 258.7 519.8 435.9,0,0,0,0,,,0,0,UNKNOWN,42.397,23.587
/Users/lujintao/Library/CloudStorage/OneDrive-AUTUniversity/MyProject-OneDrive/yolo_zhy-feature-yolo-sam3-cascade/YOLO_TRACK_SIMPLE/standardData/13/13.mp4,140,4.671,M002,0.935,523.5 282.7 712.1 497.4,2,2,0,2,P003 P004,1.629 1.589,1,1,NO_HELMET,28.414,35.194
/Users/lujintao/Library/CloudStorage/OneDrive-AUTUniversity/MyProject-OneDrive/yolo_zhy-feature-yolo-sam3-cascade/YOLO_TRACK_SIMPLE/standardData/13/13.mp4,140,4.671,M003,0.890,419.5 257.2 540.3 433.6,0,0,0,0,,,0,0,UNKNOWN,28.414,35.194
/Users/lujintao/Library/CloudStorage/OneDrive-AUTUniversity/MyProject-OneDrive/yolo_zhy-feature-yolo-sam3-cascade/YOLO_TRACK_SIMPLE/standardData/13/13.mp4,141,4.705,M002,0.923,539.9 281.5 723.9 493.8,2,1,1,0,P003 P004,1.628 1.588,1,1,HELMETED,27.546,36.302
/Users/lujintao/Library/CloudStorage/OneDrive-AUTUniversity/MyProject-OneDrive/yolo_zhy-feature-yolo-sam3-cascade/YOLO_TRACK_SIMPLE/standardData/13/13.mp4,141,4.705,M003,0.873,441.1 255.7 565.5 433.0,0,0,0,0,,,0,0,UNKNOWN,27.546,36.302
/Users/lujintao/Library/CloudStorage/OneDrive-AUTUniversity/MyProject-OneDrive/yolo_zhy-feature-yolo-sam3-cascade/YOLO_TRACK_SIMPLE/standardData/13/13.mp4,142,4.738,M002,0.901,552.8 281.5 733.2 490.1,2,2,0,2,P003 P004,1.626 1.591,1,1,NO_HELMET,26.486,37.756
/Users/lujintao/Library/CloudStorage/OneDrive-AUTUniversity/MyProject-OneDrive/yolo_zhy-feature-yolo-sam3-cascade/YOLO_TRACK_SIMPLE/standardData/13/13.mp4,142,4.738,M003,0.871,464.3 262.2 575.7 427.9,0,0,0,0,,,0,0,UNKNOWN,26.486,37.756
/Users/lujintao/Library/CloudStorage/OneDrive-AUTUniversity/MyProject-OneDrive/yolo_zhy-feature-yolo-sam3-cascade/YOLO_TRACK_SIMPLE/standardData/13/13.mp4,143,4.771,M002,0.916,570.8 280.6 743.2 486.3,2,2,0,2,P003 P004,1.628 1.588,1,1,NO_HELMET,28.151,35.522
/Users/lujintao/Library/CloudStorage/OneDrive-AUTUniversity/MyProject-OneDrive/yolo_zhy-feature-yolo-sam3-cascade/YOLO_TRACK_SIMPLE/standardData/13/13.mp4,143,4.771,M003,0.869,484.9 260.2 596.9 424.3,0,0,0,0,,,0,0,UNKNOWN,28.151,35.522
/Users/lujintao/Library/CloudStorage/OneDrive-AUTUniversity/MyProject-OneDrive/yolo_zhy-feature-yolo-sam3-cascade/YOLO_TRACK_SIMPLE/standardData/13/13.mp4,144,4.805,M002,0.893,582.6 282.0 753.7 482.6,2,2,0,2,P003 P004,1.628 1.587,1,1,NO_HELMET,27.677,36.132
/Users/lujintao/Library/CloudStorage/OneDrive-AUTUniversity/MyProject-OneDrive/yolo_zhy-feature-yolo-sam3-cascade/YOLO_TRACK_SIMPLE/standardData/13/13.mp4,144,4.805,M003,0.865,504.7 263.8 602.7 423.3,0,0,0,0,,,0,0,UNKNOWN,27.677,36.132
/Users/lujintao/Library/CloudStorage/OneDrive-AUTUniversity/MyProject-OneDrive/yolo_zhy-feature-yolo-sam3-cascade/YOLO_TRACK_SIMPLE/standardData/13/13.mp4,145,4.838,M002,0.907,592.7 280.9 761.5 480.8,2,2,0,2,P003 P004,1.623 1.590,1,1,NO_HELMET,26.285,38.044
/Users/lujintao/Library/CloudStorage/OneDrive-AUTUniversity/MyProject-OneDrive/yolo_zhy-feature-yolo-sam3-cascade/YOLO_TRACK_SIMPLE/standardData/13/13.mp4,145,4.838,M003,0.849,522.9 260.5 617.7 419.4,0,0,0,0,,,0,0,UNKNOWN,26.285,38.044
/Users/lujintao/Library/CloudStorage/OneDrive-AUTUniversity/MyProject-OneDrive/yolo_zhy-feature-yolo-sam3-cascade/YOLO_TRACK_SIMPLE/standardData/13/13.mp4,146,4.872,M002,0.934,611.0 284.0 775.0 476.0,2,2,0,2,P003 P004,1.629 1.587,1,1,NO_HELMET,28.521,35.062
/Users/lujintao/Library/CloudStorage/OneDrive-AUTUniversity/MyProject-OneDrive/yolo_zhy-feature-yolo-sam3-cascade/YOLO_TRACK_SIMPLE/standardData/13/13.mp4,146,4.872,M003,0.819,541.5 262.2 629.6 419.5,0,0,0,0,,,0,0,UNKNOWN,28.521,35.062
/Users/lujintao/Library/CloudStorage/OneDrive-AUTUniversity/MyProject-OneDrive/yolo_zhy-feature-yolo-sam3-cascade/YOLO_TRACK_SIMPLE/standardData/13/13.mp4,147,4.905,M002,0.918,623.9 280.5 782.1 473.0,2,2,0,2,P003 P004,1.627 1.582,1,1,NO_HELMET,27.857,35.897
/Users/lujintao/Library/CloudStorage/OneDrive-AUTUniversity/MyProject-OneDrive/yolo_zhy-feature-yolo-sam3-cascade/YOLO_TRACK_SIMPLE/standardData/13/13.mp4,147,4.905,M003,0.842,558.7 261.5 644.5 415.2,0,0,0,0,,,0,0,UNKNOWN,27.857,35.897
/Users/lujintao/Library/CloudStorage/OneDrive-AUTUniversity/MyProject-OneDrive/yolo_zhy-feature-yolo-sam3-cascade/YOLO_TRACK_SIMPLE/standardData/13/13.mp4,148,4.938,M002,0.917,636.2 283.5 793.0 471.1,2,1,1,0,P003 P004,1.627 1.584,1,1,HELMETED,28.008,35.704
/Users/lujintao/Library/CloudStorage/OneDrive-AUTUniversity/MyProject-OneDrive/yolo_zhy-feature-yolo-sam3-cascade/YOLO_TRACK_SIMPLE/standardData/13/13.mp4,148,4.938,M003,0.805,576.5 261.8 655.9 414.2,0,0,0,0,,,0,0,UNKNOWN,28.008,35.704
/Users/lujintao/Library/CloudStorage/OneDrive-AUTUniversity/MyProject-OneDrive/yolo_zhy-feature-yolo-sam3-cascade/YOLO_TRACK_SIMPLE/standardData/13/13.mp4,149,4.972,M002,0.926,644.1 282.7 805.6 471.2,2,1,1,0,P003 P004,1.627 1.587,1,1,HELMETED,34.583,28.916
/Users/lujintao/Library/CloudStorage/OneDrive-AUTUniversity/MyProject-OneDrive/yolo_zhy-feature-yolo-sam3-cascade/YOLO_TRACK_SIMPLE/standardData/13/13.mp4,149,4.972,M003,0.779,591.6 260.6 672.4 412.2,0,0,0,0,,,0,0,UNKNOWN,34.583,28.916
/Users/lujintao/Library/CloudStorage/OneDrive-AUTUniversity/MyProject-OneDrive/yolo_zhy-feature-yolo-sam3-cascade/YOLO_TRACK_SIMPLE/standardData/13/13.mp4,150,5.005,M002,0.905,653.9 282.6 809.9 467.2,2,1,1,0,P003 P004,1.625 1.588,1,1,HELMETED,25.419,39.341
/Users/lujintao/Library/CloudStorage/OneDrive-AUTUniversity/MyProject-OneDrive/yolo_zhy-feature-yolo-sam3-cascade/YOLO_TRACK_SIMPLE/standardData/13/13.mp4,150,5.005,M003,0.721,607.1 268.0 679.1 410.2,0,0,0,0,,,0,0,UNKNOWN,25.419,39.341
/Users/lujintao/Library/CloudStorage/OneDrive-AUTUniversity/MyProject-OneDrive/yolo_zhy-feature-yolo-sam3-cascade/YOLO_TRACK_SIMPLE/standardData/13/13.mp4,151,5.038,M002,0.916,664.8 282.6 818.8 466.0,2,1,1,0,P003 P004,1.629 1.587,1,1,HELMETED,30.360,32.938
/Users/lujintao/Library/CloudStorage/OneDrive-AUTUniversity/MyProject-OneDrive/yolo_zhy-feature-yolo-sam3-cascade/YOLO_TRACK_SIMPLE/standardData/13/13.mp4,151,5.038,M003,0.806,623.4 267.7 693.6 407.4,0,0,0,0,,,0,0,UNKNOWN,30.360,32.938
/Users/lujintao/Library/CloudStorage/OneDrive-AUTUniversity/MyProject-OneDrive/yolo_zhy-feature-yolo-sam3-cascade/YOLO_TRACK_SIMPLE/standardData/13/13.mp4,152,5.072,M002,0.919,673.5 281.1 823.6 462.3,2,2,0,2,P003 P004,1.617 1.587,1,1,NO_HELMET,26.956,37.098
/Users/lujintao/Library/CloudStorage/OneDrive-AUTUniversity/MyProject-OneDrive/yolo_zhy-feature-yolo-sam3-cascade/YOLO_TRACK_SIMPLE/standardData/13/13.mp4,152,5.072,M003,0.677,636.8 265.2 703.9 408.0,0,0,0,0,,,0,0,UNKNOWN,26.956,37.098
/Users/lujintao/Library/CloudStorage/OneDrive-AUTUniversity/MyProject-OneDrive/yolo_zhy-feature-yolo-sam3-cascade/YOLO_TRACK_SIMPLE/standardData/13/13.mp4,153,5.105,M002,0.903,682.5 279.9 831.5 462.5,2,1,1,0,P003 P004,1.619 1.591,1,1,HELMETED,28.330,35.298
/Users/lujintao/Library/CloudStorage/OneDrive-AUTUniversity/MyProject-OneDrive/yolo_zhy-feature-yolo-sam3-cascade/YOLO_TRACK_SIMPLE/standardData/13/13.mp4,153,5.105,M003,0.768,650.3 263.3 716.2 406.8,0,0,0,0,,,0,0,UNKNOWN,28.330,35.298
/Users/lujintao/Library/CloudStorage/OneDrive-AUTUniversity/MyProject-OneDrive/yolo_zhy-feature-yolo-sam3-cascade/YOLO_TRACK_SIMPLE/standardData/13/13.mp4,153,5.105,U003,0.258,1225.7 280.6 1279.8 384.4,0,0,0,0,,,0,0,UNKNOWN,28.330,35.298
/Users/lujintao/Library/CloudStorage/OneDrive-AUTUniversity/MyProject-OneDrive/yolo_zhy-feature-yolo-sam3-cascade/YOLO_TRACK_SIMPLE/standardData/13/13.mp4,154,5.138,M002,0.907,687.8 282.2 839.9 462.0,1,1,0,1,P004,1.592,0,1,NO_HELMET,29.022,34.457
/Users/lujintao/Library/CloudStorage/OneDrive-AUTUniversity/MyProject-OneDrive/yolo_zhy-feature-yolo-sam3-cascade/YOLO_TRACK_SIMPLE/standardData/13/13.mp4,154,5.138,M004,0.362,1226.6 279.5 1279.8 384.3,0,0,0,0,,,0,0,UNKNOWN,29.022,34.457
/Users/lujintao/Library/CloudStorage/OneDrive-AUTUniversity/MyProject-OneDrive/yolo_zhy-feature-yolo-sam3-cascade/YOLO_TRACK_SIMPLE/standardData/13/13.mp4,154,5.138,M003,0.347,662.3 269.1 727.8 400.8,0,0,0,0,,,0,0,UNKNOWN,29.022,34.457
/Users/lujintao/Library/CloudStorage/OneDrive-AUTUniversity/MyProject-OneDrive/yolo_zhy-feature-yolo-sam3-cascade/YOLO_TRACK_SIMPLE/standardData/13/13.mp4,155,5.172,M002,0.920,704.3 277.6 847.3 457.7,2,1,1,0,P003 P004,1.615 1.586,1,1,HELMETED,27.136,36.852
/Users/lujintao/Library/CloudStorage/OneDrive-AUTUniversity/MyProject-OneDrive/yolo_zhy-feature-yolo-sam3-cascade/YOLO_TRACK_SIMPLE/standardData/13/13.mp4,155,5.172,M003,0.538,678.3 268.1 733.0 400.9,0,0,0,0,,,0,0,UNKNOWN,27.136,36.852
/Users/lujintao/Library/CloudStorage/OneDrive-AUTUniversity/MyProject-OneDrive/yolo_zhy-feature-yolo-sam3-cascade/YOLO_TRACK_SIMPLE/standardData/13/13.mp4,155,5.172,M004,0.286,1228.3 278.0 1279.9 383.4,0,0,0,0,,,0,0,UNKNOWN,27.136,36.852
/Users/lujintao/Library/CloudStorage/OneDrive-AUTUniversity/MyProject-OneDrive/yolo_zhy-feature-yolo-sam3-cascade/YOLO_TRACK_SIMPLE/standardData/13/13.mp4,156,5.205,M002,0.901,708.3 280.5 854.3 458.7,2,1,1,0,P003 P004,1.619 1.590,1,1,HELMETED,26.431,37.834
/Users/lujintao/Library/CloudStorage/OneDrive-AUTUniversity/MyProject-OneDrive/yolo_zhy-feature-yolo-sam3-cascade/YOLO_TRACK_SIMPLE/standardData/13/13.mp4,156,5.205,M003,0.488,693.1 277.7 743.1 399.1,0,0,0,0,,,0,0,UNKNOWN,26.431,37.834
/Users/lujintao/Library/CloudStorage/OneDrive-AUTUniversity/MyProject-OneDrive/yolo_zhy-feature-yolo-sam3-cascade/YOLO_TRACK_SIMPLE/standardData/13/13.mp4,157,5.239,M002,0.887,720.0 281.4 861.1 455.4,2,1,1,0,P003 P004,1.622 1.587,1,1,HELMETED,27.058,36.957
/Users/lujintao/Library/CloudStorage/OneDrive-AUTUniversity/MyProject-OneDrive/yolo_zhy-feature-yolo-sam3-cascade/YOLO_TRACK_SIMPLE/standardData/13/13.mp4,157,5.239,M004,0.407,1231.5 275.0 1280.0 382.7,0,0,0,0,,,0,0,UNKNOWN,27.058,36.957
/Users/lujintao/Library/CloudStorage/OneDrive-AUTUniversity/MyProject-OneDrive/yolo_zhy-feature-yolo-sam3-cascade/YOLO_TRACK_SIMPLE/standardData/13/13.mp4,157,5.239,M003,0.283,707.5 277.8 762.5 399.6,0,0,0,0,,,0,0,UNKNOWN,27.058,36.957
/Users/lujintao/Library/CloudStorage/OneDrive-AUTUniversity/MyProject-OneDrive/yolo_zhy-feature-yolo-sam3-cascade/YOLO_TRACK_SIMPLE/standardData/13/13.mp4,158,5.272,M002,0.903,727.4 278.0 870.2 455.7,2,1,1,0,P003 P004,1.612 1.573,1,1,HELMETED,26.082,38.341
/Users/lujintao/Library/CloudStorage/OneDrive-AUTUniversity/MyProject-OneDrive/yolo_zhy-feature-yolo-sam3-cascade/YOLO_TRACK_SIMPLE/standardData/13/13.mp4,158,5.272,M004,0.493,1233.8 273.0 1280.0 382.0,0,0,0,0,,,0,0,UNKNOWN,26.082,38.341
/Users/lujintao/Library/CloudStorage/OneDrive-AUTUniversity/MyProject-OneDrive/yolo_zhy-feature-yolo-sam3-cascade/YOLO_TRACK_SIMPLE/standardData/13/13.mp4,159,5.305,M002,0.884,733.2 279.0 874.1 452.4,1,0,1,0,P003,1.618,0,1,HELMETED,26.965,37.085
/Users/lujintao/Library/CloudStorage/OneDrive-AUTUniversity/MyProject-OneDrive/yolo_zhy-feature-yolo-sam3-cascade/YOLO_TRACK_SIMPLE/standardData/13/13.mp4,159,5.305,M004,0.569,1235.9 271.9 1280.0 380.3,0,0,0,0,,,0,0,UNKNOWN,26.965,37.085
/Users/lujintao/Library/CloudStorage/OneDrive-AUTUniversity/MyProject-OneDrive/yolo_zhy-feature-yolo-sam3-cascade/YOLO_TRACK_SIMPLE/standardData/13/13.mp4,160,5.339,M002,0.885,747.9 279.3 882.3 449.6,2,1,1,0,P003 P004,1.622 1.587,1,1,HELMETED,27.857,35.897
/Users/lujintao/Library/CloudStorage/OneDrive-AUTUniversity/MyProject-OneDrive/yolo_zhy-feature-yolo-sam3-cascade/YOLO_TRACK_SIMPLE/standardData/13/13.mp4,160,5.339,M004,0.642,1236.8 274.2 1280.0 380.0,0,0,0,0,,,0,0,UNKNOWN,27.857,35.897
/Users/lujintao/Library/CloudStorage/OneDrive-AUTUniversity/MyProject-OneDrive/yolo_zhy-feature-yolo-sam3-cascade/YOLO_TRACK_SIMPLE/standardData/13/13.mp4,161,5.372,M002,0.905,752.7 274.9 888.2 447.5,2,1,1,0,P003 P004,1.618 1.592,1,1,HELMETED,43.104,23.200
/Users/lujintao/Library/CloudStorage/OneDrive-AUTUniversity/MyProject-OneDrive/yolo_zhy-feature-yolo-sam3-cascade/YOLO_TRACK_SIMPLE/standardData/13/13.mp4,161,5.372,M004,0.580,1237.6 273.8 1280.0 380.1,0,0,0,0,,,0,0,UNKNOWN,43.104,23.200
/Users/lujintao/Library/CloudStorage/OneDrive-AUTUniversity/MyProject-OneDrive/yolo_zhy-feature-yolo-sam3-cascade/YOLO_TRACK_SIMPLE/standardData/13/13.mp4,162,5.405,M002,0.902,762.1 275.8 896.5 446.7,2,1,1,0,P003 P004,1.625 1.564,1,1,HELMETED,26.167,38.216
/Users/lujintao/Library/CloudStorage/OneDrive-AUTUniversity/MyProject-OneDrive/yolo_zhy-feature-yolo-sam3-cascade/YOLO_TRACK_SIMPLE/standardData/13/13.mp4,162,5.405,M004,0.518,1238.6 274.2 1280.0 379.2,0,0,0,0,,,0,0,UNKNOWN,26.167,38.216
/Users/lujintao/Library/CloudStorage/OneDrive-AUTUniversity/MyProject-OneDrive/yolo_zhy-feature-yolo-sam3-cascade/YOLO_TRACK_SIMPLE/standardData/13/13.mp4,163,5.439,M002,0.920,772.1 271.6 904.6 444.3,0,0,0,0,,,0,1,UNKNOWN,27.223,36.734
/Users/lujintao/Library/CloudStorage/OneDrive-AUTUniversity/MyProject-OneDrive/yolo_zhy-feature-yolo-sam3-cascade/YOLO_TRACK_SIMPLE/standardData/13/13.mp4,163,5.439,M004,0.631,1239.8 275.5 1280.0 377.8,0,0,0,0,,,0,0,UNKNOWN,27.223,36.734
/Users/lujintao/Library/CloudStorage/OneDrive-AUTUniversity/MyProject-OneDrive/yolo_zhy-feature-yolo-sam3-cascade/YOLO_TRACK_SIMPLE/standardData/13/13.mp4,164,5.472,M002,0.900,782.9 276.0 912.1 442.7,1,1,0,1,P003,1.628,0,1,NO_HELMET,28.115,35.569
/Users/lujintao/Library/CloudStorage/OneDrive-AUTUniversity/MyProject-OneDrive/yolo_zhy-feature-yolo-sam3-cascade/YOLO_TRACK_SIMPLE/standardData/13/13.mp4,164,5.472,M004,0.637,1241.1 274.7 1280.0 377.6,0,0,0,0,,,0,0,UNKNOWN,28.115,35.569
/Users/lujintao/Library/CloudStorage/OneDrive-AUTUniversity/MyProject-OneDrive/yolo_zhy-feature-yolo-sam3-cascade/YOLO_TRACK_SIMPLE/standardData/13/13.mp4,165,5.506,M002,0.891,792.2 274.7 918.5 439.4,1,1,0,1,P004,1.578,0,1,NO_HELMET,53.560,18.671
/Users/lujintao/Library/CloudStorage/OneDrive-AUTUniversity/MyProject-OneDrive/yolo_zhy-feature-yolo-sam3-cascade/YOLO_TRACK_SIMPLE/standardData/13/13.mp4,165,5.506,M004,0.658,1242.7 273.9 1280.0 377.0,0,0,0,0,,,0,0,UNKNOWN,53.560,18.671
/Users/lujintao/Library/CloudStorage/OneDrive-AUTUniversity/MyProject-OneDrive/yolo_zhy-feature-yolo-sam3-cascade/YOLO_TRACK_SIMPLE/standardData/13/13.mp4,166,5.539,M002,0.893,799.3 278.2 921.6 439.6,1,1,0,1,P004,1.582,0,1,NO_HELMET,26.677,37.485
/Users/lujintao/Library/CloudStorage/OneDrive-AUTUniversity/MyProject-OneDrive/yolo_zhy-feature-yolo-sam3-cascade/YOLO_TRACK_SIMPLE/standardData/13/13.mp4,166,5.539,M004,0.629,1243.8 273.4 1280.0 377.3,0,0,0,0,,,0,0,UNKNOWN,26.677,37.485
/Users/lujintao/Library/CloudStorage/OneDrive-AUTUniversity/MyProject-OneDrive/yolo_zhy-feature-yolo-sam3-cascade/YOLO_TRACK_SIMPLE/standardData/13/13.mp4,167,5.572,M002,0.899,806.3 279.2 926.9 439.0,1,1,0,1,P004,1.581,0,1,NO_HELMET,29.326,34.099
/Users/lujintao/Library/CloudStorage/OneDrive-AUTUniversity/MyProject-OneDrive/yolo_zhy-feature-yolo-sam3-cascade/YOLO_TRACK_SIMPLE/standardData/13/13.mp4,167,5.572,M004,0.596,1244.6 274.4 1280.0 376.8,0,0,0,0,,,0,0,UNKNOWN,29.326,34.099
/Users/lujintao/Library/CloudStorage/OneDrive-AUTUniversity/MyProject-OneDrive/yolo_zhy-feature-yolo-sam3-cascade/YOLO_TRACK_SIMPLE/standardData/13/13.mp4,168,5.606,M002,0.882,813.6 278.9 930.4 437.7,1,1,0,1,P004,1.586,0,1,NO_HELMET,37.071,26.975
/Users/lujintao/Library/CloudStorage/OneDrive-AUTUniversity/MyProject-OneDrive/yolo_zhy-feature-yolo-sam3-cascade/YOLO_TRACK_SIMPLE/standardData/13/13.mp4,168,5.606,M004,0.593,1245.3 276.0 1280.0 377.0,0,0,0,0,,,0,0,UNKNOWN,37.071,26.975
/Users/lujintao/Library/CloudStorage/OneDrive-AUTUniversity/MyProject-OneDrive/yolo_zhy-feature-yolo-sam3-cascade/YOLO_TRACK_SIMPLE/standardData/13/13.mp4,169,5.639,M002,0.880,819.0 274.9 936.9 436.3,1,1,0,1,P004,1.579,0,1,NO_HELMET,28.546,35.031
/Users/lujintao/Library/CloudStorage/OneDrive-AUTUniversity/MyProject-OneDrive/yolo_zhy-feature-yolo-sam3-cascade/YOLO_TRACK_SIMPLE/standardData/13/13.mp4,169,5.639,M004,0.658,1246.2 277.3 1280.0 376.5,0,0,0,0,,,0,0,UNKNOWN,28.546,35.031
/Users/lujintao/Library/CloudStorage/OneDrive-AUTUniversity/MyProject-OneDrive/yolo_zhy-feature-yolo-sam3-cascade/YOLO_TRACK_SIMPLE/standardData/13/13.mp4,170,5.672,M002,0.902,825.2 273.0 940.9 434.6,1,1,0,1,P004,1.566,0,1,NO_HELMET,26.280,38.052
/Users/lujintao/Library/CloudStorage/OneDrive-AUTUniversity/MyProject-OneDrive/yolo_zhy-feature-yolo-sam3-cascade/YOLO_TRACK_SIMPLE/standardData/13/13.mp4,170,5.672,M004,0.672,1246.8 278.2 1280.0 376.6,0,0,0,0,,,0,0,UNKNOWN,26.280,38.052
/Users/lujintao/Library/CloudStorage/OneDrive-AUTUniversity/MyProject-OneDrive/yolo_zhy-feature-yolo-sam3-cascade/YOLO_TRACK_SIMPLE/standardData/13/13.mp4,171,5.706,M002,0.908,831.7 278.9 947.3 431.7,1,1,0,1,P004,1.583,0,1,NO_HELMET,27.234,36.718
/Users/lujintao/Library/CloudStorage/OneDrive-AUTUniversity/MyProject-OneDrive/yolo_zhy-feature-yolo-sam3-cascade/YOLO_TRACK_SIMPLE/standardData/13/13.mp4,171,5.706,M004,0.629,1247.5 278.9 1280.0 376.5,0,0,0,0,,,0,0,UNKNOWN,27.234,36.718
/Users/lujintao/Library/CloudStorage/OneDrive-AUTUniversity/MyProject-OneDrive/yolo_zhy-feature-yolo-sam3-cascade/YOLO_TRACK_SIMPLE/standardData/13/13.mp4,172,5.739,M002,0.896,840.4 277.8 952.3 431.0,1,1,0,1,P004,1.577,0,1,NO_HELMET,27.511,36.350
/Users/lujintao/Library/CloudStorage/OneDrive-AUTUniversity/MyProject-OneDrive/yolo_zhy-feature-yolo-sam3-cascade/YOLO_TRACK_SIMPLE/standardData/13/13.mp4,172,5.739,M004,0.615,1248.1 278.7 1280.0 376.9,0,0,0,0,,,0,0,UNKNOWN,27.511,36.350
/Users/lujintao/Library/CloudStorage/OneDrive-AUTUniversity/MyProject-OneDrive/yolo_zhy-feature-yolo-sam3-cascade/YOLO_TRACK_SIMPLE/standardData/13/13.mp4,173,5.772,M002,0.877,844.3 273.3 956.1 429.7,1,1,0,1,P004,1.571,0,1,NO_HELMET,45.718,21.873
/Users/lujintao/Library/CloudStorage/OneDrive-AUTUniversity/MyProject-OneDrive/yolo_zhy-feature-yolo-sam3-cascade/YOLO_TRACK_SIMPLE/standardData/13/13.mp4,173,5.772,M004,0.625,1249.0 279.3 1280.0 377.0,0,0,0,0,,,0,0,UNKNOWN,45.718,21.873
/Users/lujintao/Library/CloudStorage/OneDrive-AUTUniversity/MyProject-OneDrive/yolo_zhy-feature-yolo-sam3-cascade/YOLO_TRACK_SIMPLE/standardData/13/13.mp4,174,5.806,M002,0.868,850.0 276.9 960.2 427.6,1,1,0,1,P004,1.581,0,1,NO_HELMET,26.263,38.076
/Users/lujintao/Library/CloudStorage/OneDrive-AUTUniversity/MyProject-OneDrive/yolo_zhy-feature-yolo-sam3-cascade/YOLO_TRACK_SIMPLE/standardData/13/13.mp4,174,5.806,M004,0.602,1250.0 278.7 1280.0 377.4,0,0,0,0,,,0,0,UNKNOWN,26.263,38.076
/Users/lujintao/Library/CloudStorage/OneDrive-AUTUniversity/MyProject-OneDrive/yolo_zhy-feature-yolo-sam3-cascade/YOLO_TRACK_SIMPLE/standardData/13/13.mp4,175,5.839,M002,0.887,856.9 276.3 967.6 426.1,1,1,0,1,P004,1.580,0,1,NO_HELMET,29.243,34.196
/Users/lujintao/Library/CloudStorage/OneDrive-AUTUniversity/MyProject-OneDrive/yolo_zhy-feature-yolo-sam3-cascade/YOLO_TRACK_SIMPLE/standardData/13/13.mp4,175,5.839,M004,0.567,1250.9 276.8 1280.0 377.0,0,0,0,0,,,0,0,UNKNOWN,29.243,34.196
/Users/lujintao/Library/CloudStorage/OneDrive-AUTUniversity/MyProject-OneDrive/yolo_zhy-feature-yolo-sam3-cascade/YOLO_TRACK_SIMPLE/standardData/13/13.mp4,176,5.873,M002,0.885,861.8 281.0 971.1 425.4,1,1,0,1,P004,1.577,0,1,NO_HELMET,26.676,37.487
/Users/lujintao/Library/CloudStorage/OneDrive-AUTUniversity/MyProject-OneDrive/yolo_zhy-feature-yolo-sam3-cascade/YOLO_TRACK_SIMPLE/standardData/13/13.mp4,176,5.873,M004,0.543,1252.0 277.1 1280.0 377.6,0,0,0,0,,,0,0,UNKNOWN,26.676,37.487
/Users/lujintao/Library/CloudStorage/OneDrive-AUTUniversity/MyProject-OneDrive/yolo_zhy-feature-yolo-sam3-cascade/YOLO_TRACK_SIMPLE/standardData/13/13.mp4,177,5.906,M002,0.858,866.5 279.8 978.0 425.2,1,1,0,1,P004,1.588,0,1,NO_HELMET,28.095,35.593
/Users/lujintao/Library/CloudStorage/OneDrive-AUTUniversity/MyProject-OneDrive/yolo_zhy-feature-yolo-sam3-cascade/YOLO_TRACK_SIMPLE/standardData/13/13.mp4,177,5.906,M004,0.506,1253.1 276.9 1280.0 377.7,0,0,0,0,,,0,0,UNKNOWN,28.095,35.593
/Users/lujintao/Library/CloudStorage/OneDrive-AUTUniversity/MyProject-OneDrive/yolo_zhy-feature-yolo-sam3-cascade/YOLO_TRACK_SIMPLE/standardData/13/13.mp4,178,5.939,M002,0.862,873.1 279.3 983.5 423.3,1,1,0,1,P004,1.583,0,1,NO_HELMET,28.157,35.516
/Users/lujintao/Library/CloudStorage/OneDrive-AUTUniversity/MyProject-OneDrive/yolo_zhy-feature-yolo-sam3-cascade/YOLO_TRACK_SIMPLE/standardData/13/13.mp4,178,5.939,M004,0.479,1253.9 277.3 1280.0 376.5,0,0,0,0,,,0,0,UNKNOWN,28.157,35.516
/Users/lujintao/Library/CloudStorage/OneDrive-AUTUniversity/MyProject-OneDrive/yolo_zhy-feature-yolo-sam3-cascade/YOLO_TRACK_SIMPLE/standardData/13/13.mp4,179,5.973,M002,0.850,878.7 284.1 984.9 421.6,1,1,0,1,P004,1.580,0,1,NO_HELMET,26.237,38.114
/Users/lujintao/Library/CloudStorage/OneDrive-AUTUniversity/MyProject-OneDrive/yolo_zhy-feature-yolo-sam3-cascade/YOLO_TRACK_SIMPLE/standardData/13/13.mp4,179,5.973,M004,0.438,1254.4 277.3 1279.9 376.8,0,0,0,0,,,0,0,UNKNOWN,26.237,38.114
/Users/lujintao/Library/CloudStorage/OneDrive-AUTUniversity/MyProject-OneDrive/yolo_zhy-feature-yolo-sam3-cascade/YOLO_TRACK_SIMPLE/standardData/13/13.mp4,180,6.006,M002,0.820,882.5 284.2 990.4 421.3,1,1,0,1,P004,1.586,0,1,NO_HELMET,28.395,35.218
/Users/lujintao/Library/CloudStorage/OneDrive-AUTUniversity/MyProject-OneDrive/yolo_zhy-feature-yolo-sam3-cascade/YOLO_TRACK_SIMPLE/standardData/13/13.mp4,180,6.006,M004,0.370,1255.9 276.1 1279.8 377.7,0,0,0,0,,,0,0,UNKNOWN,28.395,35.218
/Users/lujintao/Library/CloudStorage/OneDrive-AUTUniversity/MyProject-OneDrive/yolo_zhy-feature-yolo-sam3-cascade/YOLO_TRACK_SIMPLE/standardData/13/13.mp4,181,6.039,M002,0.839,888.8 280.3 1000.5 420.8,1,1,0,1,P004,1.576,0,1,NO_HELMET,27.641,36.179
/Users/lujintao/Library/CloudStorage/OneDrive-AUTUniversity/MyProject-OneDrive/yolo_zhy-feature-yolo-sam3-cascade/YOLO_TRACK_SIMPLE/standardData/13/13.mp4,181,6.039,M004,0.374,1256.5 276.7 1279.8 378.0,0,0,0,0,,,0,0,UNKNOWN,27.641,36.179
/Users/lujintao/Library/CloudStorage/OneDrive-AUTUniversity/MyProject-OneDrive/yolo_zhy-feature-yolo-sam3-cascade/YOLO_TRACK_SIMPLE/standardData/13/13.mp4,182,6.073,M002,0.855,894.4 282.8 998.3 418.9,1,1,0,1,P004,1.588,0,1,NO_HELMET,27.161,36.817
/Users/lujintao/Library/CloudStorage/OneDrive-AUTUniversity/MyProject-OneDrive/yolo_zhy-feature-yolo-sam3-cascade/YOLO_TRACK_SIMPLE/standardData/13/13.mp4,182,6.073,M004,0.363,1257.8 278.2 1279.7 379.1,0,0,0,0,,,0,0,UNKNOWN,27.161,36.817
/Users/lujintao/Library/CloudStorage/OneDrive-AUTUniversity/MyProject-OneDrive/yolo_zhy-feature-yolo-sam3-cascade/YOLO_TRACK_SIMPLE/standardData/13/13.mp4,183,6.106,M002,0.845,899.4 284.4 994.0 417.0,1,1,0,1,P004,1.446,0,1,NO_HELMET,26.927,37.138
/Users/lujintao/Library/CloudStorage/OneDrive-AUTUniversity/MyProject-OneDrive/yolo_zhy-feature-yolo-sam3-cascade/YOLO_TRACK_SIMPLE/standardData/13/13.mp4,183,6.106,M004,0.349,1258.5 279.1 1279.7 379.0,0,0,0,0,,,0,0,UNKNOWN,26.927,37.138
/Users/lujintao/Library/CloudStorage/OneDrive-AUTUniversity/MyProject-OneDrive/yolo_zhy-feature-yolo-sam3-cascade/YOLO_TRACK_SIMPLE/standardData/13/13.mp4,184,6.139,M002,0.810,904.3 284.6 1000.8 416.7,0,0,0,0,,,0,1,UNKNOWN,27.236,36.716
/Users/lujintao/Library/CloudStorage/OneDrive-AUTUniversity/MyProject-OneDrive/yolo_zhy-feature-yolo-sam3-cascade/YOLO_TRACK_SIMPLE/standardData/13/13.mp4,184,6.139,M004,0.317,1259.2 283.6 1279.6 379.5,0,0,0,0,,,0,0,UNKNOWN,27.236,36.716
/Users/lujintao/Library/CloudStorage/OneDrive-AUTUniversity/MyProject-OneDrive/yolo_zhy-feature-yolo-sam3-cascade/YOLO_TRACK_SIMPLE/standardData/13/13.mp4,185,6.173,M002,0.831,908.4 284.2 1002.9 415.8,0,0,0,0,,,0,1,UNKNOWN,27.501,36.362
/Users/lujintao/Library/CloudStorage/OneDrive-AUTUniversity/MyProject-OneDrive/yolo_zhy-feature-yolo-sam3-cascade/YOLO_TRACK_SIMPLE/standardData/13/13.mp4,185,6.173,U002,0.279,1259.9 284.1 1279.6 380.9,0,0,0,0,,,0,0,UNKNOWN,27.501,36.362
/Users/lujintao/Library/CloudStorage/OneDrive-AUTUniversity/MyProject-OneDrive/yolo_zhy-feature-yolo-sam3-cascade/YOLO_TRACK_SIMPLE/standardData/13/13.mp4,186,6.206,M002,0.858,912.8 282.5 1004.3 415.6,0,0,0,0,,,0,1,UNKNOWN,27.700,36.101
/Users/lujintao/Library/CloudStorage/OneDrive-AUTUniversity/MyProject-OneDrive/yolo_zhy-feature-yolo-sam3-cascade/YOLO_TRACK_SIMPLE/standardData/13/13.mp4,186,6.206,M004,0.306,1259.0 288.2 1279.5 379.4,0,0,0,0,,,0,0,UNKNOWN,27.700,36.101
/Users/lujintao/Library/CloudStorage/OneDrive-AUTUniversity/MyProject-OneDrive/yolo_zhy-feature-yolo-sam3-cascade/YOLO_TRACK_SIMPLE/standardData/13/13.mp4,187,6.240,M002,0.862,916.8 282.8 1007.4 413.0,1,1,0,1,P004,1.593,0,1,NO_HELMET,26.344,37.959
/Users/lujintao/Library/CloudStorage/OneDrive-AUTUniversity/MyProject-OneDrive/yolo_zhy-feature-yolo-sam3-cascade/YOLO_TRACK_SIMPLE/standardData/13/13.mp4,187,6.240,M004,0.303,1259.7 288.4 1279.5 379.5,0,0,0,0,,,0,0,UNKNOWN,26.344,37.959
/Users/lujintao/Library/CloudStorage/OneDrive-AUTUniversity/MyProject-OneDrive/yolo_zhy-feature-yolo-sam3-cascade/YOLO_TRACK_SIMPLE/standardData/13/13.mp4,188,6.273,M002,0.843,919.0 282.6 1012.3 411.8,1,1,0,1,P004,1.601,0,1,NO_HELMET,25.806,38.751
/Users/lujintao/Library/CloudStorage/OneDrive-AUTUniversity/MyProject-OneDrive/yolo_zhy-feature-yolo-sam3-cascade/YOLO_TRACK_SIMPLE/standardData/13/13.mp4,188,6.273,M004,0.285,1260.1 288.0 1279.5 379.6,0,0,0,0,,,0,0,UNKNOWN,25.806,38.751
/Users/lujintao/Library/CloudStorage/OneDrive-AUTUniversity/MyProject-OneDrive/yolo_zhy-feature-yolo-sam3-cascade/YOLO_TRACK_SIMPLE/standardData/13/13.mp4,189,6.306,M002,0.878,925.8 282.9 1016.7 411.0,0,0,0,0,,,0,1,UNKNOWN,28.618,34.943
/Users/lujintao/Library/CloudStorage/OneDrive-AUTUniversity/MyProject-OneDrive/yolo_zhy-feature-yolo-sam3-cascade/YOLO_TRACK_SIMPLE/standardData/13/13.mp4,189,6.306,U002,0.255,1260.3 287.3 1279.5 379.8,0,0,0,0,,,0,0,UNKNOWN,28.618,34.943
/Users/lujintao/Library/CloudStorage/OneDrive-AUTUniversity/MyProject-OneDrive/yolo_zhy-feature-yolo-sam3-cascade/YOLO_TRACK_SIMPLE/standardData/13/13.mp4,190,6.340,M002,0.857,930.2 284.4 1021.5 408.2,1,1,0,1,P004,1.601,0,1,NO_HELMET,41.075,24.346
/Users/lujintao/Library/CloudStorage/OneDrive-AUTUniversity/MyProject-OneDrive/yolo_zhy-feature-yolo-sam3-cascade/YOLO_TRACK_SIMPLE/standardData/13/13.mp4,190,6.340,M004,0.270,1260.7 288.1 1279.5 379.8,0,0,0,0,,,0,0,UNKNOWN,41.075,24.346
/Users/lujintao/Library/CloudStorage/OneDrive-AUTUniversity/MyProject-OneDrive/yolo_zhy-feature-yolo-sam3-cascade/YOLO_TRACK_SIMPLE/standardData/13/13.mp4,190,6.340,U003,0.263,1016.0 273.3 1058.4 364.7,0,0,0,0,,,0,0,UNKNOWN,41.075,24.346
/Users/lujintao/Library/CloudStorage/OneDrive-AUTUniversity/MyProject-OneDrive/yolo_zhy-feature-yolo-sam3-cascade/YOLO_TRACK_SIMPLE/standardData/13/13.mp4,191,6.373,M002,0.869,934.6 285.5 1025.6 407.3,1,1,0,1,P004,1.595,0,1,NO_HELMET,26.403,37.875
/Users/lujintao/Library/CloudStorage/OneDrive-AUTUniversity/MyProject-OneDrive/yolo_zhy-feature-yolo-sam3-cascade/YOLO_TRACK_SIMPLE/standardData/13/13.mp4,191,6.373,M004,0.278,1260.7 288.2 1279.5 379.8,0,0,0,0,,,0,0,UNKNOWN,26.403,37.875
/Users/lujintao/Library/CloudStorage/OneDrive-AUTUniversity/MyProject-OneDrive/yolo_zhy-feature-yolo-sam3-cascade/YOLO_TRACK_SIMPLE/standardData/13/13.mp4,192,6.406,M002,0.869,939.3 283.2 1032.0 407.3,1,1,0,1,P004,1.599,0,1,NO_HELMET,26.311,38.007
/Users/lujintao/Library/CloudStorage/OneDrive-AUTUniversity/MyProject-OneDrive/yolo_zhy-feature-yolo-sam3-cascade/YOLO_TRACK_SIMPLE/standardData/13/13.mp4,192,6.406,M004,0.303,1260.6 284.7 1279.6 379.1,0,0,0,0,,,0,0,UNKNOWN,26.311,38.007
/Users/lujintao/Library/CloudStorage/OneDrive-AUTUniversity/MyProject-OneDrive/yolo_zhy-feature-yolo-sam3-cascade/YOLO_TRACK_SIMPLE/standardData/13/13.mp4,192,6.406,U003,0.289,1026.6 272.9 1072.9 363.9,0,0,0,0,,,0,0,UNKNOWN,26.311,38.007
/Users/lujintao/Library/CloudStorage/OneDrive-AUTUniversity/MyProject-OneDrive/yolo_zhy-feature-yolo-sam3-cascade/YOLO_TRACK_SIMPLE/standardData/13/13.mp4,193,6.440,M002,0.866,944.0 282.9 1034.3 407.3,0,0,0,0,,,0,1,UNKNOWN,26.205,38.161
/Users/lujintao/Library/CloudStorage/OneDrive-AUTUniversity/MyProject-OneDrive/yolo_zhy-feature-yolo-sam3-cascade/YOLO_TRACK_SIMPLE/standardData/13/13.mp4,193,6.440,M004,0.303,1259.6 276.6 1279.7 379.3,0,0,0,0,,,0,0,UNKNOWN,26.205,38.161
/Users/lujintao/Library/CloudStorage/OneDrive-AUTUniversity/MyProject-OneDrive/yolo_zhy-feature-yolo-sam3-cascade/YOLO_TRACK_SIMPLE/standardData/13/13.mp4,194,6.473,M002,0.874,946.9 282.5 1039.4 406.8,1,1,0,1,P004,1.598,0,1,NO_HELMET,26.424,37.844
/Users/lujintao/Library/CloudStorage/OneDrive-AUTUniversity/MyProject-OneDrive/yolo_zhy-feature-yolo-sam3-cascade/YOLO_TRACK_SIMPLE/standardData/13/13.mp4,195,6.506,M002,0.847,951.0 283.8 1042.9 406.1,0,0,0,0,,,0,1,UNKNOWN,26.822,37.283
/Users/lujintao/Library/CloudStorage/OneDrive-AUTUniversity/MyProject-OneDrive/yolo_zhy-feature-yolo-sam3-cascade/YOLO_TRACK_SIMPLE/standardData/13/13.mp4,195,6.506,U002,0.284,1261.8 289.6 1279.6 378.8,0,0,0,0,,,0,0,UNKNOWN,26.822,37.283
/Users/lujintao/Library/CloudStorage/OneDrive-AUTUniversity/MyProject-OneDrive/yolo_zhy-feature-yolo-sam3-cascade/YOLO_TRACK_SIMPLE/standardData/13/13.mp4,196,6.540,M002,0.826,953.9 283.8 1044.8 405.4,0,0,0,0,,,0,1,UNKNOWN,27.272,36.668
/Users/lujintao/Library/CloudStorage/OneDrive-AUTUniversity/MyProject-OneDrive/yolo_zhy-feature-yolo-sam3-cascade/YOLO_TRACK_SIMPLE/standardData/13/13.mp4,197,6.573,M002,0.855,960.3 284.3 1047.9 405.2,0,0,0,0,,,0,1,UNKNOWN,26.723,37.421
/Users/lujintao/Library/CloudStorage/OneDrive-AUTUniversity/MyProject-OneDrive/yolo_zhy-feature-yolo-sam3-cascade/YOLO_TRACK_SIMPLE/standardData/13/13.mp4,197,6.573,U002,0.308,1052.1 274.6 1101.2 362.3,0,0,0,0,,,0,0,UNKNOWN,26.723,37.421
/Users/lujintao/Library/CloudStorage/OneDrive-AUTUniversity/MyProject-OneDrive/yolo_zhy-feature-yolo-sam3-cascade/YOLO_TRACK_SIMPLE/standardData/13/13.mp4,198,6.607,M002,0.850,964.5 282.9 1052.9 403.1,0,0,0,0,,,0,1,UNKNOWN,41.190,24.278
/Users/lujintao/Library/CloudStorage/OneDrive-AUTUniversity/MyProject-OneDrive/yolo_zhy-feature-yolo-sam3-cascade/YOLO_TRACK_SIMPLE/standardData/13/13.mp4,199,6.640,M002,0.847,968.4 284.9 1056.4 403.3,0,0,0,0,,,0,1,UNKNOWN,41.705,23.978
/Users/lujintao/Library/CloudStorage/OneDrive-AUTUniversity/MyProject-OneDrive/yolo_zhy-feature-yolo-sam3-cascade/YOLO_TRACK_SIMPLE/standardData/13/13.mp4,200,6.673,M002,0.842,973.0 285.1 1062.9 402.8,0,0,0,0,,,0,1,UNKNOWN,25.574,39.102
/Users/lujintao/Library/CloudStorage/OneDrive-AUTUniversity/MyProject-OneDrive/yolo_zhy-feature-yolo-sam3-cascade/YOLO_TRACK_SIMPLE/standardData/13/13.mp4,201,6.707,M002,0.844,976.6 285.8 1066.8 402.8,0,0,0,0,,,0,1,UNKNOWN,27.498,36.366
/Users/lujintao/Library/CloudStorage/OneDrive-AUTUniversity/MyProject-OneDrive/yolo_zhy-feature-yolo-sam3-cascade/YOLO_TRACK_SIMPLE/standardData/13/13.mp4,202,6.740,M002,0.841,979.2 284.1 1070.1 403.0,0,0,0,0,,,0,1,UNKNOWN,27.353,36.558
/Users/lujintao/Library/CloudStorage/OneDrive-AUTUniversity/MyProject-OneDrive/yolo_zhy-feature-yolo-sam3-cascade/YOLO_TRACK_SIMPLE/standardData/13/13.mp4,203,6.773,M002,0.847,982.4 284.6 1072.0 402.8,0,0,0,0,,,0,1,UNKNOWN,27.161,36.817
/Users/lujintao/Library/CloudStorage/OneDrive-AUTUniversity/MyProject-OneDrive/yolo_zhy-feature-yolo-sam3-cascade/YOLO_TRACK_SIMPLE/standardData/13/13.mp4,203,6.773,U002,0.413,1077.8 284.6 1133.2 360.3,0,0,0,0,,,0,0,UNKNOWN,27.161,36.817
/Users/lujintao/Library/CloudStorage/OneDrive-AUTUniversity/MyProject-OneDrive/yolo_zhy-feature-yolo-sam3-cascade/YOLO_TRACK_SIMPLE/standardData/13/13.mp4,204,6.807,M002,0.827,985.8 284.3 1074.7 402.6,0,0,0,0,,,0,1,UNKNOWN,25.795,38.767
/Users/lujintao/Library/CloudStorage/OneDrive-AUTUniversity/MyProject-OneDrive/yolo_zhy-feature-yolo-sam3-cascade/YOLO_TRACK_SIMPLE/standardData/13/13.mp4,204,6.807,U002,0.272,1084.2 280.6 1137.4 359.8,0,0,0,0,,,0,0,UNKNOWN,25.795,38.767
/Users/lujintao/Library/CloudStorage/OneDrive-AUTUniversity/MyProject-OneDrive/yolo_zhy-feature-yolo-sam3-cascade/YOLO_TRACK_SIMPLE/standardData/13/13.mp4,205,6.840,M002,0.842,990.3 285.3 1076.7 401.6,0,0,0,0,,,0,1,UNKNOWN,27.676,36.133
/Users/lujintao/Library/CloudStorage/OneDrive-AUTUniversity/MyProject-OneDrive/yolo_zhy-feature-yolo-sam3-cascade/YOLO_TRACK_SIMPLE/standardData/13/13.mp4,205,6.840,M005,0.471,1084.3 282.8 1141.0 359.5,0,0,0,0,,,0,0,UNKNOWN,27.676,36.133
/Users/lujintao/Library/CloudStorage/OneDrive-AUTUniversity/MyProject-OneDrive/yolo_zhy-feature-yolo-sam3-cascade/YOLO_TRACK_SIMPLE/standardData/13/13.mp4,206,6.874,M002,0.837,994.1 285.4 1080.6 398.9,0,0,0,0,,,0,1,UNKNOWN,28.629,34.930
/Users/lujintao/Library/CloudStorage/OneDrive-AUTUniversity/MyProject-OneDrive/yolo_zhy-feature-yolo-sam3-cascade/YOLO_TRACK_SIMPLE/standardData/13/13.mp4,207,6.907,M002,0.824,997.9 285.2 1084.2 398.0,0,0,0,0,,,0,1,UNKNOWN,25.908,38.597
/Users/lujintao/Library/CloudStorage/OneDrive-AUTUniversity/MyProject-OneDrive/yolo_zhy-feature-yolo-sam3-cascade/YOLO_TRACK_SIMPLE/standardData/13/13.mp4,207,6.907,U002,0.283,1096.1 286.8 1151.1 359.0,0,0,0,0,,,0,0,UNKNOWN,25.908,38.597
/Users/lujintao/Library/CloudStorage/OneDrive-AUTUniversity/MyProject-OneDrive/yolo_zhy-feature-yolo-sam3-cascade/YOLO_TRACK_SIMPLE/standardData/13/13.mp4,208,6.940,M002,0.821,1000.1 285.7 1088.3 397.5,0,0,0,0,,,0,1,UNKNOWN,27.718,36.078
/Users/lujintao/Library/CloudStorage/OneDrive-AUTUniversity/MyProject-OneDrive/yolo_zhy-feature-yolo-sam3-cascade/YOLO_TRACK_SIMPLE/standardData/13/13.mp4,208,6.940,U002,0.281,1100.8 286.4 1155.8 359.9,0,0,0,0,,,0,0,UNKNOWN,27.718,36.078
/Users/lujintao/Library/CloudStorage/OneDrive-AUTUniversity/MyProject-OneDrive/yolo_zhy-feature-yolo-sam3-cascade/YOLO_TRACK_SIMPLE/standardData/13/13.mp4,209,6.974,M002,0.820,1004.2 286.0 1091.9 396.7,0,0,0,0,,,0,1,UNKNOWN,29.113,34.349
/Users/lujintao/Library/CloudStorage/OneDrive-AUTUniversity/MyProject-OneDrive/yolo_zhy-feature-yolo-sam3-cascade/YOLO_TRACK_SIMPLE/standardData/13/13.mp4,209,6.974,U002,0.305,1104.6 283.7 1158.8 358.2,0,0,0,0,,,0,0,UNKNOWN,29.113,34.349
/Users/lujintao/Library/CloudStorage/OneDrive-AUTUniversity/MyProject-OneDrive/yolo_zhy-feature-yolo-sam3-cascade/YOLO_TRACK_SIMPLE/standardData/13/13.mp4,210,7.007,M002,0.886,1006.2 284.1 1093.0 398.8,0,0,0,0,,,0,1,UNKNOWN,25.751,38.833
/Users/lujintao/Library/CloudStorage/OneDrive-AUTUniversity/MyProject-OneDrive/yolo_zhy-feature-yolo-sam3-cascade/YOLO_TRACK_SIMPLE/standardData/13/13.mp4,210,7.007,U002,0.343,1109.8 276.4 1161.3 360.1,0,0,0,0,,,0,0,UNKNOWN,25.751,38.833
/Users/lujintao/Library/CloudStorage/OneDrive-AUTUniversity/MyProject-OneDrive/yolo_zhy-feature-yolo-sam3-cascade/YOLO_TRACK_SIMPLE/standardData/13/13.mp4,211,7.040,M002,0.902,1009.2 285.2 1096.4 396.9,0,0,0,0,,,0,1,UNKNOWN,26.945,37.112
/Users/lujintao/Library/CloudStorage/OneDrive-AUTUniversity/MyProject-OneDrive/yolo_zhy-feature-yolo-sam3-cascade/YOLO_TRACK_SIMPLE/standardData/13/13.mp4,212,7.074,M002,0.908,1012.7 284.4 1097.0 396.3,0,0,0,0,,,0,1,UNKNOWN,26.586,37.614
/Users/lujintao/Library/CloudStorage/OneDrive-AUTUniversity/MyProject-OneDrive/yolo_zhy-feature-yolo-sam3-cascade/YOLO_TRACK_SIMPLE/standardData/13/13.mp4,212,7.074,U002,0.446,1118.9 282.5 1165.4 358.5,0,0,0,0,,,0,0,UNKNOWN,26.586,37.614
/Users/lujintao/Library/CloudStorage/OneDrive-AUTUniversity/MyProject-OneDrive/yolo_zhy-feature-yolo-sam3-cascade/YOLO_TRACK_SIMPLE/standardData/13/13.mp4,213,7.107,M002,0.867,1015.9 284.8 1099.1 394.6,0,0,0,0,,,0,1,UNKNOWN,26.915,37.153
/Users/lujintao/Library/CloudStorage/OneDrive-AUTUniversity/MyProject-OneDrive/yolo_zhy-feature-yolo-sam3-cascade/YOLO_TRACK_SIMPLE/standardData/13/13.mp4,214,7.140,M002,0.869,1018.9 285.7 1099.3 393.9,0,0,0,0,,,0,1,UNKNOWN,26.917,37.151
/Users/lujintao/Library/CloudStorage/OneDrive-AUTUniversity/MyProject-OneDrive/yolo_zhy-feature-yolo-sam3-cascade/YOLO_TRACK_SIMPLE/standardData/13/13.mp4,214,7.140,U002,0.259,1125.3 286.7 1163.4 357.2,0,0,0,0,,,0,0,UNKNOWN,26.917,37.151
/Users/lujintao/Library/CloudStorage/OneDrive-AUTUniversity/MyProject-OneDrive/yolo_zhy-feature-yolo-sam3-cascade/YOLO_TRACK_SIMPLE/standardData/13/13.mp4,215,7.174,M002,0.873,1021.3 283.6 1105.3 394.3,0,0,0,0,,,0,1,UNKNOWN,27.627,36.197
/Users/lujintao/Library/CloudStorage/OneDrive-AUTUniversity/MyProject-OneDrive/yolo_zhy-feature-yolo-sam3-cascade/YOLO_TRACK_SIMPLE/standardData/13/13.mp4,215,7.174,U002,0.321,1128.2 287.1 1168.8 358.7,0,0,0,0,,,0,0,UNKNOWN,27.627,36.197
/Users/lujintao/Library/CloudStorage/OneDrive-AUTUniversity/MyProject-OneDrive/yolo_zhy-feature-yolo-sam3-cascade/YOLO_TRACK_SIMPLE/standardData/13/13.mp4,216,7.207,M002,0.900,1023.8 283.4 1110.2 394.3,0,0,0,0,,,0,1,UNKNOWN,27.570,36.271
/Users/lujintao/Library/CloudStorage/OneDrive-AUTUniversity/MyProject-OneDrive/yolo_zhy-feature-yolo-sam3-cascade/YOLO_TRACK_SIMPLE/standardData/13/13.mp4,216,7.207,M006,0.432,1132.6 288.7 1169.2 359.0,0,0,0,0,,,0,0,UNKNOWN,27.570,36.271
/Users/lujintao/Library/CloudStorage/OneDrive-AUTUniversity/MyProject-OneDrive/yolo_zhy-feature-yolo-sam3-cascade/YOLO_TRACK_SIMPLE/standardData/13/13.mp4,217,7.241,M002,0.906,1025.6 281.8 1112.4 393.5,0,0,0,0,,,0,1,UNKNOWN,26.116,38.291
/Users/lujintao/Library/CloudStorage/OneDrive-AUTUniversity/MyProject-OneDrive/yolo_zhy-feature-yolo-sam3-cascade/YOLO_TRACK_SIMPLE/standardData/13/13.mp4,217,7.241,M006,0.632,1137.6 289.6 1170.9 358.8,0,0,0,0,,,0,0,UNKNOWN,26.116,38.291
/Users/lujintao/Library/CloudStorage/OneDrive-AUTUniversity/MyProject-OneDrive/yolo_zhy-feature-yolo-sam3-cascade/YOLO_TRACK_SIMPLE/standardData/13/13.mp4,218,7.274,M002,0.867,1028.4 278.7 1113.6 392.9,0,0,0,0,,,0,1,UNKNOWN,26.529,37.694
/Users/lujintao/Library/CloudStorage/OneDrive-AUTUniversity/MyProject-OneDrive/yolo_zhy-feature-yolo-sam3-cascade/YOLO_TRACK_SIMPLE/standardData/13/13.mp4,218,7.274,M006,0.444,1139.2 285.3 1174.6 359.7,0,0,0,0,,,0,0,UNKNOWN,26.529,37.694
/Users/lujintao/Library/CloudStorage/OneDrive-AUTUniversity/MyProject-OneDrive/yolo_zhy-feature-yolo-sam3-cascade/YOLO_TRACK_SIMPLE/standardData/13/13.mp4,219,7.307,M002,0.820,1031.4 282.9 1115.1 392.2,0,0,0,0,,,0,1,UNKNOWN,27.153,36.828
/Users/lujintao/Library/CloudStorage/OneDrive-AUTUniversity/MyProject-OneDrive/yolo_zhy-feature-yolo-sam3-cascade/YOLO_TRACK_SIMPLE/standardData/13/13.mp4,220,7.341,M002,0.808,1034.3 283.2 1118.2 391.9,0,0,0,0,,,0,1,UNKNOWN,27.708,36.090
/Users/lujintao/Library/CloudStorage/OneDrive-AUTUniversity/MyProject-OneDrive/yolo_zhy-feature-yolo-sam3-cascade/YOLO_TRACK_SIMPLE/standardData/13/13.mp4,221,7.374,M002,0.800,1038.2 283.9 1119.3 390.4,0,0,0,0,,,0,1,UNKNOWN,26.158,38.229
/Users/lujintao/Library/CloudStorage/OneDrive-AUTUniversity/MyProject-OneDrive/yolo_zhy-feature-yolo-sam3-cascade/YOLO_TRACK_SIMPLE/standardData/13/13.mp4,222,7.407,M002,0.825,1041.0 285.4 1121.2 389.8,0,0,0,0,,,0,1,UNKNOWN,47.312,21.136
/Users/lujintao/Library/CloudStorage/OneDrive-AUTUniversity/MyProject-OneDrive/yolo_zhy-feature-yolo-sam3-cascade/YOLO_TRACK_SIMPLE/standardData/13/13.mp4,223,7.441,M002,0.856,1043.2 283.9 1123.1 389.0,0,0,0,0,,,0,1,UNKNOWN,27.108,36.889
/Users/lujintao/Library/CloudStorage/OneDrive-AUTUniversity/MyProject-OneDrive/yolo_zhy-feature-yolo-sam3-cascade/YOLO_TRACK_SIMPLE/standardData/13/13.mp4,224,7.474,M002,0.855,1046.2 283.0 1124.0 388.1,0,0,0,0,,,0,1,UNKNOWN,27.395,36.503
/Users/lujintao/Library/CloudStorage/OneDrive-AUTUniversity/MyProject-OneDrive/yolo_zhy-feature-yolo-sam3-cascade/YOLO_TRACK_SIMPLE/standardData/13/13.mp4,225,7.508,M002,0.832,1049.9 283.8 1123.3 387.3,0,0,0,0,,,0,1,UNKNOWN,26.609,37.582
/Users/lujintao/Library/CloudStorage/OneDrive-AUTUniversity/MyProject-OneDrive/yolo_zhy-feature-yolo-sam3-cascade/YOLO_TRACK_SIMPLE/standardData/13/13.mp4,226,7.541,M002,0.841,1052.6 283.8 1121.9 386.4,0,0,0,0,,,0,1,UNKNOWN,26.544,37.674
/Users/lujintao/Library/CloudStorage/OneDrive-AUTUniversity/MyProject-OneDrive/yolo_zhy-feature-yolo-sam3-cascade/YOLO_TRACK_SIMPLE/standardData/13/13.mp4,227,7.574,M002,0.848,1055.4 284.5 1123.1 385.5,0,0,0,0,,,0,1,UNKNOWN,28.435,35.168
/Users/lujintao/Library/CloudStorage/OneDrive-AUTUniversity/MyProject-OneDrive/yolo_zhy-feature-yolo-sam3-cascade/YOLO_TRACK_SIMPLE/standardData/13/13.mp4,228,7.608,M002,0.854,1057.4 283.9 1124.5 384.6,0,0,0,0,,,0,1,UNKNOWN,27.413,36.479
/Users/lujintao/Library/CloudStorage/OneDrive-AUTUniversity/MyProject-OneDrive/yolo_zhy-feature-yolo-sam3-cascade/YOLO_TRACK_SIMPLE/standardData/13/13.mp4,229,7.641,M002,0.861,1059.0 282.7 1128.8 384.2,0,0,0,0,,,0,1,UNKNOWN,26.921,37.145
/Users/lujintao/Library/CloudStorage/OneDrive-AUTUniversity/MyProject-OneDrive/yolo_zhy-feature-yolo-sam3-cascade/YOLO_TRACK_SIMPLE/standardData/13/13.mp4,229,7.641,U002,0.395,0.0 235.4 309.9 707.1,0,0,0,0,,,0,0,UNKNOWN,26.921,37.145
/Users/lujintao/Library/CloudStorage/OneDrive-AUTUniversity/MyProject-OneDrive/yolo_zhy-feature-yolo-sam3-cascade/YOLO_TRACK_SIMPLE/standardData/13/13.mp4,230,7.674,M002,0.858,1060.5 281.6 1133.3 384.9,0,0,0,0,,,0,1,UNKNOWN,47.324,21.131
/Users/lujintao/Library/CloudStorage/OneDrive-AUTUniversity/MyProject-OneDrive/yolo_zhy-feature-yolo-sam3-cascade/YOLO_TRACK_SIMPLE/standardData/13/13.mp4,231,7.708,M002,0.849,1062.8 282.1 1132.4 383.2,0,0,0,0,,,0,1,UNKNOWN,27.701,36.100
/Users/lujintao/Library/CloudStorage/OneDrive-AUTUniversity/MyProject-OneDrive/yolo_zhy-feature-yolo-sam3-cascade/YOLO_TRACK_SIMPLE/standardData/13/13.mp4,231,7.708,U002,0.303,0.0 247.1 333.6 699.0,0,0,0,0,,,0,0,UNKNOWN,27.701,36.100
/Users/lujintao/Library/CloudStorage/OneDrive-AUTUniversity/MyProject-OneDrive/yolo_zhy-feature-yolo-sam3-cascade/YOLO_TRACK_SIMPLE/standardData/13/13.mp4,232,7.741,M002,0.790,1066.0 281.6 1136.4 383.3,0,0,0,0,,,0,1,UNKNOWN,26.924,37.141
/Users/lujintao/Library/CloudStorage/OneDrive-AUTUniversity/MyProject-OneDrive/yolo_zhy-feature-yolo-sam3-cascade/YOLO_TRACK_SIMPLE/standardData/13/13.mp4,232,7.741,M007,0.753,0.0 260.6 352.7 695.2,0,0,0,0,,,0,0,UNKNOWN,26.924,37.141
/Users/lujintao/Library/CloudStorage/OneDrive-AUTUniversity/MyProject-OneDrive/yolo_zhy-feature-yolo-sam3-cascade/YOLO_TRACK_SIMPLE/standardData/13/13.mp4,233,7.774,M002,0.767,1067.8 284.4 1138.1 383.0,0,0,0,0,,,0,1,UNKNOWN,27.202,36.762
/Users/lujintao/Library/CloudStorage/OneDrive-AUTUniversity/MyProject-OneDrive/yolo_zhy-feature-yolo-sam3-cascade/YOLO_TRACK_SIMPLE/standardData/13/13.mp4,233,7.774,M007,0.288,0.0 249.4 389.8 670.7,0,0,0,0,,,0,0,UNKNOWN,27.202,36.762
/Users/lujintao/Library/CloudStorage/OneDrive-AUTUniversity/MyProject-OneDrive/yolo_zhy-feature-yolo-sam3-cascade/YOLO_TRACK_SIMPLE/standardData/13/13.mp4,234,7.808,M002,0.727,1069.9 285.1 1141.1 382.3,0,0,0,0,,,0,1,UNKNOWN,29.046,34.428
/Users/lujintao/Library/CloudStorage/OneDrive-AUTUniversity/MyProject-OneDrive/yolo_zhy-feature-yolo-sam3-cascade/YOLO_TRACK_SIMPLE/standardData/13/13.mp4,235,7.841,M007,0.833,4.6 257.5 417.3 682.6,0,0,0,0,,,0,0,UNKNOWN,27.755,36.029
/Users/lujintao/Library/CloudStorage/OneDrive-AUTUniversity/MyProject-OneDrive/yolo_zhy-feature-yolo-sam3-cascade/YOLO_TRACK_SIMPLE/standardData/13/13.mp4,235,7.841,M002,0.831,1072.2 284.6 1140.1 381.3,0,0,0,0,,,0,1,UNKNOWN,27.755,36.029
/Users/lujintao/Library/CloudStorage/OneDrive-AUTUniversity/MyProject-OneDrive/yolo_zhy-feature-yolo-sam3-cascade/YOLO_TRACK_SIMPLE/standardData/13/13.mp4,236,7.875,M002,0.825,1074.3 284.7 1139.7 379.3,0,0,0,0,,,0,1,UNKNOWN,26.225,38.132
/Users/lujintao/Library/CloudStorage/OneDrive-AUTUniversity/MyProject-OneDrive/yolo_zhy-feature-yolo-sam3-cascade/YOLO_TRACK_SIMPLE/standardData/13/13.mp4,236,7.875,M007,0.807,5.5 262.5 435.2 688.9,1,1,0,1,P005,1.600,0,0,NO_HELMET,26.225,38.132
/Users/lujintao/Library/CloudStorage/OneDrive-AUTUniversity/MyProject-OneDrive/yolo_zhy-feature-yolo-sam3-cascade/YOLO_TRACK_SIMPLE/standardData/13/13.mp4,237,7.908,M007,0.859,11.1 254.1 451.2 689.8,1,1,0,1,P005,1.619,0,0,NO_HELMET,48.343,20.685
/Users/lujintao/Library/CloudStorage/OneDrive-AUTUniversity/MyProject-OneDrive/yolo_zhy-feature-yolo-sam3-cascade/YOLO_TRACK_SIMPLE/standardData/13/13.mp4,237,7.908,M002,0.810,1075.8 285.0 1139.8 379.0,0,0,0,0,,,0,1,UNKNOWN,48.343,20.685
/Users/lujintao/Library/CloudStorage/OneDrive-AUTUniversity/MyProject-OneDrive/yolo_zhy-feature-yolo-sam3-cascade/YOLO_TRACK_SIMPLE/standardData/13/13.mp4,238,7.941,M007,0.866,70.6 271.2 472.9 648.6,1,1,0,1,P005,1.620,0,0,NO_HELMET,28.666,34.885
/Users/lujintao/Library/CloudStorage/OneDrive-AUTUniversity/MyProject-OneDrive/yolo_zhy-feature-yolo-sam3-cascade/YOLO_TRACK_SIMPLE/standardData/13/13.mp4,238,7.941,M002,0.795,1078.0 285.8 1139.8 377.7,0,0,0,0,,,0,1,UNKNOWN,28.666,34.885
/Users/lujintao/Library/CloudStorage/OneDrive-AUTUniversity/MyProject-OneDrive/yolo_zhy-feature-yolo-sam3-cascade/YOLO_TRACK_SIMPLE/standardData/13/13.mp4,239,7.975,M007,0.889,127.7 274.1 488.7 635.5,1,1,0,1,P005,1.616,0,0,NO_HELMET,29.857,33.493
/Users/lujintao/Library/CloudStorage/OneDrive-AUTUniversity/MyProject-OneDrive/yolo_zhy-feature-yolo-sam3-cascade/YOLO_TRACK_SIMPLE/standardData/13/13.mp4,239,7.975,M002,0.734,1080.3 286.9 1140.0 377.0,0,0,0,0,,,0,1,UNKNOWN,29.857,33.493
/Users/lujintao/Library/CloudStorage/OneDrive-AUTUniversity/MyProject-OneDrive/yolo_zhy-feature-yolo-sam3-cascade/YOLO_TRACK_SIMPLE/standardData/13/13.mp4,240,8.008,M007,0.901,162.9 273.8 501.7 626.6,1,1,0,1,P005,1.619,0,0,NO_HELMET,27.222,36.735
/Users/lujintao/Library/CloudStorage/OneDrive-AUTUniversity/MyProject-OneDrive/yolo_zhy-feature-yolo-sam3-cascade/YOLO_TRACK_SIMPLE/standardData/13/13.mp4,240,8.008,M002,0.715,1082.7 286.6 1142.2 376.8,0,0,0,0,,,0,1,UNKNOWN,27.222,36.735
/Users/lujintao/Library/CloudStorage/OneDrive-AUTUniversity/MyProject-OneDrive/yolo_zhy-feature-yolo-sam3-cascade/YOLO_TRACK_SIMPLE/standardData/13/13.mp4,241,8.041,M007,0.920,190.7 276.3 513.8 645.5,1,1,0,1,P005,1.602,0,0,NO_HELMET,27.611,36.217
/Users/lujintao/Library/CloudStorage/OneDrive-AUTUniversity/MyProject-OneDrive/yolo_zhy-feature-yolo-sam3-cascade/YOLO_TRACK_SIMPLE/standardData/13/13.mp4,241,8.041,M002,0.686,1084.7 285.1 1142.6 376.5,0,0,0,0,,,0,1,UNKNOWN,27.611,36.217
/Users/lujintao/Library/CloudStorage/OneDrive-AUTUniversity/MyProject-OneDrive/yolo_zhy-feature-yolo-sam3-cascade/YOLO_TRACK_SIMPLE/standardData/13/13.mp4,242,8.075,M007,0.916,210.6 275.0 531.2 637.6,1,1,0,1,P005,1.623,0,0,NO_HELMET,27.388,36.512
/Users/lujintao/Library/CloudStorage/OneDrive-AUTUniversity/MyProject-OneDrive/yolo_zhy-feature-yolo-sam3-cascade/YOLO_TRACK_SIMPLE/standardData/13/13.mp4,242,8.075,M002,0.756,1087.0 284.1 1147.6 375.8,0,0,0,0,,,0,1,UNKNOWN,27.388,36.512
/Users/lujintao/Library/CloudStorage/OneDrive-AUTUniversity/MyProject-OneDrive/yolo_zhy-feature-yolo-sam3-cascade/YOLO_TRACK_SIMPLE/standardData/13/13.mp4,243,8.108,M007,0.937,248.1 273.6 543.7 617.0,1,1,0,1,P005,1.612,0,0,NO_HELMET,41.845,23.898
/Users/lujintao/Library/CloudStorage/OneDrive-AUTUniversity/MyProject-OneDrive/yolo_zhy-feature-yolo-sam3-cascade/YOLO_TRACK_SIMPLE/standardData/13/13.mp4,243,8.108,M002,0.784,1089.2 283.6 1148.9 374.9,0,0,0,0,,,0,1,UNKNOWN,41.845,23.898
/Users/lujintao/Library/CloudStorage/OneDrive-AUTUniversity/MyProject-OneDrive/yolo_zhy-feature-yolo-sam3-cascade/YOLO_TRACK_SIMPLE/standardData/13/13.mp4,244,8.141,M007,0.916,267.3 273.4 556.1 610.8,1,1,0,1,P005,1.623,0,0,NO_HELMET,27.623,36.202
/Users/lujintao/Library/CloudStorage/OneDrive-AUTUniversity/MyProject-OneDrive/yolo_zhy-feature-yolo-sam3-cascade/YOLO_TRACK_SIMPLE/standardData/13/13.mp4,244,8.141,M002,0.790,1090.8 283.6 1150.8 374.3,0,0,0,0,,,0,1,UNKNOWN,27.623,36.202
/Users/lujintao/Library/CloudStorage/OneDrive-AUTUniversity/MyProject-OneDrive/yolo_zhy-feature-yolo-sam3-cascade/YOLO_TRACK_SIMPLE/standardData/13/13.mp4,245,8.175,M007,0.918,300.0 274.0 571.5 607.2,1,1,0,1,P005,1.620,0,0,NO_HELMET,26.493,37.746
/Users/lujintao/Library/CloudStorage/OneDrive-AUTUniversity/MyProject-OneDrive/yolo_zhy-feature-yolo-sam3-cascade/YOLO_TRACK_SIMPLE/standardData/13/13.mp4,245,8.175,M002,0.832,1092.0 283.4 1153.8 374.5,0,0,0,0,,,0,1,UNKNOWN,26.493,37.746
/Users/lujintao/Library/CloudStorage/OneDrive-AUTUniversity/MyProject-OneDrive/yolo_zhy-feature-yolo-sam3-cascade/YOLO_TRACK_SIMPLE/standardData/13/13.mp4,246,8.208,M007,0.924,319.8 271.9 585.2 598.7,1,1,0,1,P005,1.620,0,0,NO_HELMET,28.079,35.614
/Users/lujintao/Library/CloudStorage/OneDrive-AUTUniversity/MyProject-OneDrive/yolo_zhy-feature-yolo-sam3-cascade/YOLO_TRACK_SIMPLE/standardData/13/13.mp4,246,8.208,M002,0.841,1092.8 283.0 1156.7 374.4,1,0,1,0,P006,1.477,0,1,HELMETED,28.079,35.614
/Users/lujintao/Library/CloudStorage/OneDrive-AUTUniversity/MyProject-OneDrive/yolo_zhy-feature-yolo-sam3-cascade/YOLO_TRACK_SIMPLE/standardData/13/13.mp4,247,8.242,M007,0.921,340.2 271.1 600.0 593.8,1,1,0,1,P005,1.623,0,0,NO_HELMET,25.980,38.491
/Users/lujintao/Library/CloudStorage/OneDrive-AUTUniversity/MyProject-OneDrive/yolo_zhy-feature-yolo-sam3-cascade/YOLO_TRACK_SIMPLE/standardData/13/13.mp4,247,8.242,M002,0.831,1094.6 284.4 1154.1 374.1,0,0,0,0,,,0,1,UNKNOWN,25.980,38.491
/Users/lujintao/Library/CloudStorage/OneDrive-AUTUniversity/MyProject-OneDrive/yolo_zhy-feature-yolo-sam3-cascade/YOLO_TRACK_SIMPLE/standardData/13/13.mp4,248,8.275,M007,0.920,367.4 271.0 609.0 582.5,1,1,0,1,P005,1.616,0,0,NO_HELMET,25.988,38.479
/Users/lujintao/Library/CloudStorage/OneDrive-AUTUniversity/MyProject-OneDrive/yolo_zhy-feature-yolo-sam3-cascade/YOLO_TRACK_SIMPLE/standardData/13/13.mp4,248,8.275,M002,0.849,1096.1 285.6 1153.5 373.7,0,0,0,0,,,0,1,UNKNOWN,25.988,38.479
/Users/lujintao/Library/CloudStorage/OneDrive-AUTUniversity/MyProject-OneDrive/yolo_zhy-feature-yolo-sam3-cascade/YOLO_TRACK_SIMPLE/standardData/13/13.mp4,249,8.308,M007,0.939,388.7 272.8 622.5 581.3,1,1,0,1,P005,1.623,0,0,NO_HELMET,40.821,24.497
/Users/lujintao/Library/CloudStorage/OneDrive-AUTUniversity/MyProject-OneDrive/yolo_zhy-feature-yolo-sam3-cascade/YOLO_TRACK_SIMPLE/standardData/13/13.mp4,249,8.308,M002,0.801,1098.2 285.4 1159.2 373.4,0,0,0,0,,,0,1,UNKNOWN,40.821,24.497
/Users/lujintao/Library/CloudStorage/OneDrive-AUTUniversity/MyProject-OneDrive/yolo_zhy-feature-yolo-sam3-cascade/YOLO_TRACK_SIMPLE/standardData/13/13.mp4,250,8.342,M007,0.917,411.2 273.3 634.8 572.8,1,1,0,1,P005,1.618,0,0,NO_HELMET,41.227,24.256
/Users/lujintao/Library/CloudStorage/OneDrive-AUTUniversity/MyProject-OneDrive/yolo_zhy-feature-yolo-sam3-cascade/YOLO_TRACK_SIMPLE/standardData/13/13.mp4,250,8.342,M002,0.772,1099.5 285.2 1160.8 373.4,0,0,0,0,,,0,1,UNKNOWN,41.227,24.256
/Users/lujintao/Library/CloudStorage/OneDrive-AUTUniversity/MyProject-OneDrive/yolo_zhy-feature-yolo-sam3-cascade/YOLO_TRACK_SIMPLE/standardData/13/13.mp4,251,8.375,M007,0.924,429.2 277.2 646.8 567.3,1,1,0,1,P005,1.622,0,0,NO_HELMET,26.586,37.613
/Users/lujintao/Library/CloudStorage/OneDrive-AUTUniversity/MyProject-OneDrive/yolo_zhy-feature-yolo-sam3-cascade/YOLO_TRACK_SIMPLE/standardData/13/13.mp4,251,8.375,M002,0.777,1101.0 285.1 1160.9 373.1,0,0,0,0,,,0,1,UNKNOWN,26.586,37.613
/Users/lujintao/Library/CloudStorage/OneDrive-AUTUniversity/MyProject-OneDrive/yolo_zhy-feature-yolo-sam3-cascade/YOLO_TRACK_SIMPLE/standardData/13/13.mp4,252,8.408,M007,0.929,441.7 275.8 659.5 558.7,1,1,0,1,P005,1.618,0,0,NO_HELMET,27.323,36.599
/Users/lujintao/Library/CloudStorage/OneDrive-AUTUniversity/MyProject-OneDrive/yolo_zhy-feature-yolo-sam3-cascade/YOLO_TRACK_SIMPLE/standardData/13/13.mp4,252,8.408,M002,0.787,1102.4 285.0 1160.8 372.6,0,0,0,0,,,0,1,UNKNOWN,27.323,36.599
/Users/lujintao/Library/CloudStorage/OneDrive-AUTUniversity/MyProject-OneDrive/yolo_zhy-feature-yolo-sam3-cascade/YOLO_TRACK_SIMPLE/standardData/13/13.mp4,253,8.442,M007,0.924,462.0 278.3 672.1 552.5,1,1,0,1,P005,1.625,0,0,NO_HELMET,28.598,34.968
/Users/lujintao/Library/CloudStorage/OneDrive-AUTUniversity/MyProject-OneDrive/yolo_zhy-feature-yolo-sam3-cascade/YOLO_TRACK_SIMPLE/standardData/13/13.mp4,253,8.442,M002,0.751,1104.7 285.1 1160.4 371.7,0,0,0,0,,,0,1,UNKNOWN,28.598,34.968
/Users/lujintao/Library/CloudStorage/OneDrive-AUTUniversity/MyProject-OneDrive/yolo_zhy-feature-yolo-sam3-cascade/YOLO_TRACK_SIMPLE/standardData/13/13.mp4,254,8.475,M007,0.914,481.1 276.9 684.0 546.5,1,1,0,1,P005,1.622,0,0,NO_HELMET,28.374,35.244
/Users/lujintao/Library/CloudStorage/OneDrive-AUTUniversity/MyProject-OneDrive/yolo_zhy-feature-yolo-sam3-cascade/YOLO_TRACK_SIMPLE/standardData/13/13.mp4,254,8.475,M002,0.767,1106.8 284.4 1161.1 371.1,0,0,0,0,,,0,1,UNKNOWN,28.374,35.244
/Users/lujintao/Library/CloudStorage/OneDrive-AUTUniversity/MyProject-OneDrive/yolo_zhy-feature-yolo-sam3-cascade/YOLO_TRACK_SIMPLE/standardData/13/13.mp4,255,8.508,M007,0.940,497.1 276.5 691.6 542.6,1,1,0,1,P005,1.626,0,0,NO_HELMET,25.838,38.702
/Users/lujintao/Library/CloudStorage/OneDrive-AUTUniversity/MyProject-OneDrive/yolo_zhy-feature-yolo-sam3-cascade/YOLO_TRACK_SIMPLE/standardData/13/13.mp4,255,8.508,M002,0.743,1109.0 285.2 1161.5 369.8,0,0,0,0,,,0,1,UNKNOWN,25.838,38.702
/Users/lujintao/Library/CloudStorage/OneDrive-AUTUniversity/MyProject-OneDrive/yolo_zhy-feature-yolo-sam3-cascade/YOLO_TRACK_SIMPLE/standardData/13/13.mp4,256,8.542,M007,0.900,512.6 276.6 701.2 538.9,1,1,0,1,P005,1.625,0,0,NO_HELMET,28.085,35.606
/Users/lujintao/Library/CloudStorage/OneDrive-AUTUniversity/MyProject-OneDrive/yolo_zhy-feature-yolo-sam3-cascade/YOLO_TRACK_SIMPLE/standardData/13/13.mp4,256,8.542,M002,0.799,1110.5 285.5 1161.5 370.1,0,0,0,0,,,0,1,UNKNOWN,28.085,35.606
/Users/lujintao/Library/CloudStorage/OneDrive-AUTUniversity/MyProject-OneDrive/yolo_zhy-feature-yolo-sam3-cascade/YOLO_TRACK_SIMPLE/standardData/13/13.mp4,257,8.575,M007,0.913,525.5 276.9 714.8 534.1,1,1,0,1,P005,1.622,0,0,NO_HELMET,40.441,24.727
/Users/lujintao/Library/CloudStorage/OneDrive-AUTUniversity/MyProject-OneDrive/yolo_zhy-feature-yolo-sam3-cascade/YOLO_TRACK_SIMPLE/standardData/13/13.mp4,257,8.575,M002,0.820,1112.1 285.8 1162.1 370.2,0,0,0,0,,,0,1,UNKNOWN,40.441,24.727
/Users/lujintao/Library/CloudStorage/OneDrive-AUTUniversity/MyProject-OneDrive/yolo_zhy-feature-yolo-sam3-cascade/YOLO_TRACK_SIMPLE/standardData/13/13.mp4,258,8.609,M007,0.923,542.7 277.9 722.8 527.4,1,1,0,1,P005,1.626,0,0,NO_HELMET,27.756,36.028
/Users/lujintao/Library/CloudStorage/OneDrive-AUTUniversity/MyProject-OneDrive/yolo_zhy-feature-yolo-sam3-cascade/YOLO_TRACK_SIMPLE/standardData/13/13.mp4,258,8.609,M002,0.832,1113.7 285.6 1163.3 369.7,0,0,0,0,,,0,1,UNKNOWN,27.756,36.028
/Users/lujintao/Library/CloudStorage/OneDrive-AUTUniversity/MyProject-OneDrive/yolo_zhy-feature-yolo-sam3-cascade/YOLO_TRACK_SIMPLE/standardData/13/13.mp4,259,8.642,M007,0.906,554.9 278.3 734.2 524.1,1,1,0,1,P005,1.620,0,0,NO_HELMET,25.851,38.683
/Users/lujintao/Library/CloudStorage/OneDrive-AUTUniversity/MyProject-OneDrive/yolo_zhy-feature-yolo-sam3-cascade/YOLO_TRACK_SIMPLE/standardData/13/13.mp4,259,8.642,M002,0.819,1115.5 286.0 1163.2 368.8,0,0,0,0,,,0,1,UNKNOWN,25.851,38.683
/Users/lujintao/Library/CloudStorage/OneDrive-AUTUniversity/MyProject-OneDrive/yolo_zhy-feature-yolo-sam3-cascade/YOLO_TRACK_SIMPLE/standardData/13/13.mp4,260,8.675,M007,0.912,569.6 278.9 743.9 522.0,1,1,0,1,P005,1.624,0,0,NO_HELMET,48.621,20.567
/Users/lujintao/Library/CloudStorage/OneDrive-AUTUniversity/MyProject-OneDrive/yolo_zhy-feature-yolo-sam3-cascade/YOLO_TRACK_SIMPLE/standardData/13/13.mp4,260,8.675,M002,0.817,1116.9 285.0 1164.6 368.7,0,0,0,0,,,0,1,UNKNOWN,48.621,20.567
/Users/lujintao/Library/CloudStorage/OneDrive-AUTUniversity/MyProject-OneDrive/yolo_zhy-feature-yolo-sam3-cascade/YOLO_TRACK_SIMPLE/standardData/13/13.mp4,261,8.709,M007,0.938,580.4 278.8 755.6 516.3,1,1,0,1,P005,1.627,0,0,NO_HELMET,26.539,37.680
/Users/lujintao/Library/CloudStorage/OneDrive-AUTUniversity/MyProject-OneDrive/yolo_zhy-feature-yolo-sam3-cascade/YOLO_TRACK_SIMPLE/standardData/13/13.mp4,261,8.709,M002,0.732,1118.2 284.4 1166.8 369.1,0,0,0,0,,,0,1,UNKNOWN,26.539,37.680
/Users/lujintao/Library/CloudStorage/OneDrive-AUTUniversity/MyProject-OneDrive/yolo_zhy-feature-yolo-sam3-cascade/YOLO_TRACK_SIMPLE/standardData/13/13.mp4,262,8.742,M007,0.905,593.4 280.0 763.5 513.2,1,1,0,1,P005,1.628,0,0,NO_HELMET,26.536,37.685
/Users/lujintao/Library/CloudStorage/OneDrive-AUTUniversity/MyProject-OneDrive/yolo_zhy-feature-yolo-sam3-cascade/YOLO_TRACK_SIMPLE/standardData/13/13.mp4,262,8.742,M002,0.750,1119.5 283.5 1167.8 368.9,0,0,0,0,,,0,1,UNKNOWN,26.536,37.685
/Users/lujintao/Library/CloudStorage/OneDrive-AUTUniversity/MyProject-OneDrive/yolo_zhy-feature-yolo-sam3-cascade/YOLO_TRACK_SIMPLE/standardData/13/13.mp4,263,8.775,M007,0.907,606.6 279.0 771.9 511.3,1,1,0,1,P005,1.625,0,0,NO_HELMET,28.982,34.504
/Users/lujintao/Library/CloudStorage/OneDrive-AUTUniversity/MyProject-OneDrive/yolo_zhy-feature-yolo-sam3-cascade/YOLO_TRACK_SIMPLE/standardData/13/13.mp4,263,8.775,M002,0.737,1122.1 282.7 1167.5 368.5,0,0,0,0,,,0,1,UNKNOWN,28.982,34.504
/Users/lujintao/Library/CloudStorage/OneDrive-AUTUniversity/MyProject-OneDrive/yolo_zhy-feature-yolo-sam3-cascade/YOLO_TRACK_SIMPLE/standardData/13/13.mp4,264,8.809,M007,0.925,617.8 278.6 783.2 507.5,1,1,0,1,P005,1.627,0,0,NO_HELMET,26.801,37.312
/Users/lujintao/Library/CloudStorage/OneDrive-AUTUniversity/MyProject-OneDrive/yolo_zhy-feature-yolo-sam3-cascade/YOLO_TRACK_SIMPLE/standardData/13/13.mp4,264,8.809,M002,0.750,1123.3 282.7 1168.7 367.3,0,0,0,0,,,0,1,UNKNOWN,26.801,37.312
/Users/lujintao/Library/CloudStorage/OneDrive-AUTUniversity/MyProject-OneDrive/yolo_zhy-feature-yolo-sam3-cascade/YOLO_TRACK_SIMPLE/standardData/13/13.mp4,265,8.842,M007,0.895,627.7 277.7 791.4 504.4,1,1,0,1,P005,1.623,0,0,NO_HELMET,28.289,35.349
/Users/lujintao/Library/CloudStorage/OneDrive-AUTUniversity/MyProject-OneDrive/yolo_zhy-feature-yolo-sam3-cascade/YOLO_TRACK_SIMPLE/standardData/13/13.mp4,265,8.842,M002,0.766,1124.1 283.2 1169.4 366.9,0,0,0,0,,,0,1,UNKNOWN,28.289,35.349
/Users/lujintao/Library/CloudStorage/OneDrive-AUTUniversity/MyProject-OneDrive/yolo_zhy-feature-yolo-sam3-cascade/YOLO_TRACK_SIMPLE/standardData/13/13.mp4,266,8.876,M007,0.915,640.8 278.8 803.7 502.2,1,1,0,1,P005,1.626,0,0,NO_HELMET,27.539,36.312
/Users/lujintao/Library/CloudStorage/OneDrive-AUTUniversity/MyProject-OneDrive/yolo_zhy-feature-yolo-sam3-cascade/YOLO_TRACK_SIMPLE/standardData/13/13.mp4,266,8.876,M002,0.705,1125.2 283.1 1170.8 366.2,0,0,0,0,,,0,1,UNKNOWN,27.539,36.312
/Users/lujintao/Library/CloudStorage/OneDrive-AUTUniversity/MyProject-OneDrive/yolo_zhy-feature-yolo-sam3-cascade/YOLO_TRACK_SIMPLE/standardData/13/13.mp4,267,8.909,M007,0.925,652.4 279.6 813.9 500.7,1,1,0,1,P005,1.626,0,0,NO_HELMET,26.564,37.644
/Users/lujintao/Library/CloudStorage/OneDrive-AUTUniversity/MyProject-OneDrive/yolo_zhy-feature-yolo-sam3-cascade/YOLO_TRACK_SIMPLE/standardData/13/13.mp4,267,8.909,M002,0.721,1126.1 282.7 1171.6 365.7,0,0,0,0,,,0,1,UNKNOWN,26.564,37.644
/Users/lujintao/Library/CloudStorage/OneDrive-AUTUniversity/MyProject-OneDrive/yolo_zhy-feature-yolo-sam3-cascade/YOLO_TRACK_SIMPLE/standardData/13/13.mp4,268,8.942,M007,0.892,663.2 278.9 820.4 499.1,1,1,0,1,P005,1.623,0,0,NO_HELMET,27.369,36.538
/Users/lujintao/Library/CloudStorage/OneDrive-AUTUniversity/MyProject-OneDrive/yolo_zhy-feature-yolo-sam3-cascade/YOLO_TRACK_SIMPLE/standardData/13/13.mp4,268,8.942,M002,0.659,1126.7 281.6 1171.2 365.2,0,0,0,0,,,0,1,UNKNOWN,27.369,36.538
/Users/lujintao/Library/CloudStorage/OneDrive-AUTUniversity/MyProject-OneDrive/yolo_zhy-feature-yolo-sam3-cascade/YOLO_TRACK_SIMPLE/standardData/13/13.mp4,268,8.942,U003,0.335,1248.0 276.3 1280.0 353.1,0,0,0,0,,,0,0,UNKNOWN,27.369,36.538
/Users/lujintao/Library/CloudStorage/OneDrive-AUTUniversity/MyProject-OneDrive/yolo_zhy-feature-yolo-sam3-cascade/YOLO_TRACK_SIMPLE/standardData/13/13.mp4,269,8.976,M007,0.897,674.1 278.4 830.0 495.9,1,1,0,1,P005,1.621,0,0,NO_HELMET,26.890,37.188
/Users/lujintao/Library/CloudStorage/OneDrive-AUTUniversity/MyProject-OneDrive/yolo_zhy-feature-yolo-sam3-cascade/YOLO_TRACK_SIMPLE/standardData/13/13.mp4,269,8.976,M002,0.438,1127.2 282.1 1170.6 366.5,0,0,0,0,,,0,1,UNKNOWN,26.890,37.188
/Users/lujintao/Library/CloudStorage/OneDrive-AUTUniversity/MyProject-OneDrive/yolo_zhy-feature-yolo-sam3-cascade/YOLO_TRACK_SIMPLE/standardData/13/13.mp4,269,8.976,M008,0.350,1250.0 276.4 1280.0 355.2,0,0,0,0,,,0,0,UNKNOWN,26.890,37.188
/Users/lujintao/Library/CloudStorage/OneDrive-AUTUniversity/MyProject-OneDrive/yolo_zhy-feature-yolo-sam3-cascade/YOLO_TRACK_SIMPLE/standardData/13/13.mp4,270,9.009,M007,0.934,686.9 278.9 838.2 493.0,1,1,0,1,P005,1.622,0,0,NO_HELMET,27.068,36.945
/Users/lujintao/Library/CloudStorage/OneDrive-AUTUniversity/MyProject-OneDrive/yolo_zhy-feature-yolo-sam3-cascade/YOLO_TRACK_SIMPLE/standardData/13/13.mp4,270,9.009,M002,0.409,1128.0 283.1 1171.4 363.7,0,0,0,0,,,0,1,UNKNOWN,27.068,36.945
/Users/lujintao/Library/CloudStorage/OneDrive-AUTUniversity/MyProject-OneDrive/yolo_zhy-feature-yolo-sam3-cascade/YOLO_TRACK_SIMPLE/standardData/13/13.mp4,270,9.009,M008,0.280,1252.3 276.5 1280.0 356.2,0,0,0,0,,,0,0,UNKNOWN,27.068,36.945
/Users/lujintao/Library/CloudStorage/OneDrive-AUTUniversity/MyProject-OneDrive/yolo_zhy-feature-yolo-sam3-cascade/YOLO_TRACK_SIMPLE/standardData/13/13.mp4,271,9.042,M007,0.919,698.2 278.7 849.1 493.0,1,1,0,1,P005,1.627,0,0,NO_HELMET,26.985,37.058
/Users/lujintao/Library/CloudStorage/OneDrive-AUTUniversity/MyProject-OneDrive/yolo_zhy-feature-yolo-sam3-cascade/YOLO_TRACK_SIMPLE/standardData/13/13.mp4,271,9.042,M002,0.374,1128.0 282.3 1171.8 366.1,0,0,0,0,,,0,1,UNKNOWN,26.985,37.058
/Users/lujintao/Library/CloudStorage/OneDrive-AUTUniversity/MyProject-OneDrive/yolo_zhy-feature-yolo-sam3-cascade/YOLO_TRACK_SIMPLE/standardData/13/13.mp4,272,9.076,M007,0.918,705.4 278.5 857.3 489.8,1,1,0,1,P005,1.618,0,0,NO_HELMET,26.489,37.752
/Users/lujintao/Library/CloudStorage/OneDrive-AUTUniversity/MyProject-OneDrive/yolo_zhy-feature-yolo-sam3-cascade/YOLO_TRACK_SIMPLE/standardData/13/13.mp4,273,9.109,M007,0.927,714.5 279.8 864.5 488.0,1,1,0,1,P005,1.622,0,0,NO_HELMET,27.787,35.988
/Users/lujintao/Library/CloudStorage/OneDrive-AUTUniversity/MyProject-OneDrive/yolo_zhy-feature-yolo-sam3-cascade/YOLO_TRACK_SIMPLE/standardData/13/13.mp4,274,9.142,M007,0.925,724.7 278.8 873.3 486.2,1,1,0,1,P005,1.620,0,0,NO_HELMET,28.431,35.173
/Users/lujintao/Library/CloudStorage/OneDrive-AUTUniversity/MyProject-OneDrive/yolo_zhy-feature-yolo-sam3-cascade/YOLO_TRACK_SIMPLE/standardData/13/13.mp4,275,9.176,M007,0.920,735.0 279.0 883.5 483.6,1,1,0,1,P005,1.625,0,0,NO_HELMET,26.036,38.409
/Users/lujintao/Library/CloudStorage/OneDrive-AUTUniversity/MyProject-OneDrive/yolo_zhy-feature-yolo-sam3-cascade/YOLO_TRACK_SIMPLE/standardData/13/13.mp4,276,9.209,M007,0.923,745.2 278.7 888.1 481.3,1,1,0,1,P005,1.621,0,0,NO_HELMET,26.204,38.162
/Users/lujintao/Library/CloudStorage/OneDrive-AUTUniversity/MyProject-OneDrive/yolo_zhy-feature-yolo-sam3-cascade/YOLO_TRACK_SIMPLE/standardData/13/13.mp4,277,9.243,M007,0.936,755.3 278.6 897.6 479.6,1,1,0,1,P005,1.626,0,0,NO_HELMET,27.440,36.443
/Users/lujintao/Library/CloudStorage/OneDrive-AUTUniversity/MyProject-OneDrive/yolo_zhy-feature-yolo-sam3-cascade/YOLO_TRACK_SIMPLE/standardData/13/13.mp4,278,9.276,M007,0.937,764.2 278.3 905.4 477.0,1,1,0,1,P005,1.622,0,0,NO_HELMET,27.608,36.221
/Users/lujintao/Library/CloudStorage/OneDrive-AUTUniversity/MyProject-OneDrive/yolo_zhy-feature-yolo-sam3-cascade/YOLO_TRACK_SIMPLE/standardData/13/13.mp4,279,9.309,M007,0.921,773.0 278.1 913.6 474.1,1,1,0,1,P005,1.627,0,0,NO_HELMET,26.695,37.460
/Users/lujintao/Library/CloudStorage/OneDrive-AUTUniversity/MyProject-OneDrive/yolo_zhy-feature-yolo-sam3-cascade/YOLO_TRACK_SIMPLE/standardData/13/13.mp4,280,9.343,M007,0.925,782.2 278.7 919.6 473.3,1,1,0,1,P005,1.627,0,0,NO_HELMET,25.240,39.620
/Users/lujintao/Library/CloudStorage/OneDrive-AUTUniversity/MyProject-OneDrive/yolo_zhy-feature-yolo-sam3-cascade/YOLO_TRACK_SIMPLE/standardData/13/13.mp4,281,9.376,M007,0.915,792.3 278.1 925.9 472.7,1,1,0,1,P005,1.626,0,0,NO_HELMET,27.991,35.726
/Users/lujintao/Library/CloudStorage/OneDrive-AUTUniversity/MyProject-OneDrive/yolo_zhy-feature-yolo-sam3-cascade/YOLO_TRACK_SIMPLE/standardData/13/13.mp4,281,9.376,U002,0.401,0.0 223.2 80.1 598.2,0,0,0,0,,,0,0,UNKNOWN,27.991,35.726
/Users/lujintao/Library/CloudStorage/OneDrive-AUTUniversity/MyProject-OneDrive/yolo_zhy-feature-yolo-sam3-cascade/YOLO_TRACK_SIMPLE/standardData/13/13.mp4,282,9.409,M007,0.917,800.3 278.7 933.5 470.7,1,1,0,1,P005,1.625,0,0,NO_HELMET,26.684,37.476
/Users/lujintao/Library/CloudStorage/OneDrive-AUTUniversity/MyProject-OneDrive/yolo_zhy-feature-yolo-sam3-cascade/YOLO_TRACK_SIMPLE/standardData/13/13.mp4,283,9.443,M007,0.912,809.6 279.1 939.1 470.2,1,1,0,1,P005,1.627,0,0,NO_HELMET,25.832,38.712
/Users/lujintao/Library/CloudStorage/OneDrive-AUTUniversity/MyProject-OneDrive/yolo_zhy-feature-yolo-sam3-cascade/YOLO_TRACK_SIMPLE/standardData/13/13.mp4,283,9.443,U002,0.731,0.0 235.5 159.8 609.8,0,0,0,0,,,0,0,UNKNOWN,25.832,38.712
/Users/lujintao/Library/CloudStorage/OneDrive-AUTUniversity/MyProject-OneDrive/yolo_zhy-feature-yolo-sam3-cascade/YOLO_TRACK_SIMPLE/standardData/13/13.mp4,284,9.476,M007,0.911,817.1 278.2 945.2 467.6,1,1,0,1,P005,1.620,0,0,NO_HELMET,28.735,34.801
/Users/lujintao/Library/CloudStorage/OneDrive-AUTUniversity/MyProject-OneDrive/yolo_zhy-feature-yolo-sam3-cascade/YOLO_TRACK_SIMPLE/standardData/13/13.mp4,284,9.476,M009,0.740,0.0 230.4 200.8 600.5,0,0,0,0,,,0,0,UNKNOWN,28.735,34.801
/Users/lujintao/Library/CloudStorage/OneDrive-AUTUniversity/MyProject-OneDrive/yolo_zhy-feature-yolo-sam3-cascade/YOLO_TRACK_SIMPLE/standardData/13/13.mp4,285,9.510,M007,0.916,826.6 278.4 949.9 465.8,1,1,0,1,P005,1.626,0,0,NO_HELMET,27.762,36.021
/Users/lujintao/Library/CloudStorage/OneDrive-AUTUniversity/MyProject-OneDrive/yolo_zhy-feature-yolo-sam3-cascade/YOLO_TRACK_SIMPLE/standardData/13/13.mp4,285,9.510,M009,0.768,0.0 206.2 225.3 595.4,0,0,0,0,,,0,0,UNKNOWN,27.762,36.021
/Users/lujintao/Library/CloudStorage/OneDrive-AUTUniversity/MyProject-OneDrive/yolo_zhy-feature-yolo-sam3-cascade/YOLO_TRACK_SIMPLE/standardData/13/13.mp4,286,9.543,M007,0.908,833.9 278.8 955.4 466.4,1,1,0,1,P005,1.623,0,0,NO_HELMET,26.911,37.159
/Users/lujintao/Library/CloudStorage/OneDrive-AUTUniversity/MyProject-OneDrive/yolo_zhy-feature-yolo-sam3-cascade/YOLO_TRACK_SIMPLE/standardData/13/13.mp4,286,9.543,M009,0.622,0.0 224.4 271.5 601.1,0,0,0,0,,,0,0,UNKNOWN,26.911,37.159
/Users/lujintao/Library/CloudStorage/OneDrive-AUTUniversity/MyProject-OneDrive/yolo_zhy-feature-yolo-sam3-cascade/YOLO_TRACK_SIMPLE/standardData/13/13.mp4,287,9.576,M007,0.910,841.5 277.6 960.5 463.3,1,1,0,1,P005,1.621,0,0,NO_HELMET,27.894,35.850
/Users/lujintao/Library/CloudStorage/OneDrive-AUTUniversity/MyProject-OneDrive/yolo_zhy-feature-yolo-sam3-cascade/YOLO_TRACK_SIMPLE/standardData/13/13.mp4,287,9.576,M009,0.904,0.3 239.0 296.0 601.3,0,0,0,0,,,0,0,UNKNOWN,27.894,35.850
/Users/lujintao/Library/CloudStorage/OneDrive-AUTUniversity/MyProject-OneDrive/yolo_zhy-feature-yolo-sam3-cascade/YOLO_TRACK_SIMPLE/standardData/13/13.mp4,288,9.610,M007,0.913,848.0 274.1 967.3 462.3,1,1,0,1,P005,1.620,0,0,NO_HELMET,28.480,35.112
/Users/lujintao/Library/CloudStorage/OneDrive-AUTUniversity/MyProject-OneDrive/yolo_zhy-feature-yolo-sam3-cascade/YOLO_TRACK_SIMPLE/standardData/13/13.mp4,288,9.610,U002,0.287,0.1 238.3 321.8 594.0,0,0,0,0,,,0,0,UNKNOWN,28.480,35.112
/Users/lujintao/Library/CloudStorage/OneDrive-AUTUniversity/MyProject-OneDrive/yolo_zhy-feature-yolo-sam3-cascade/YOLO_TRACK_SIMPLE/standardData/13/13.mp4,289,9.643,M007,0.909,856.0 275.5 971.8 460.4,1,1,0,1,P005,1.627,0,0,NO_HELMET,27.251,36.696
/Users/lujintao/Library/CloudStorage/OneDrive-AUTUniversity/MyProject-OneDrive/yolo_zhy-feature-yolo-sam3-cascade/YOLO_TRACK_SIMPLE/standardData/13/13.mp4,290,9.676,M007,0.868,864.5 269.1 978.2 460.1,0,0,0,0,,,0,0,UNKNOWN,27.310,36.616
/Users/lujintao/Library/CloudStorage/OneDrive-AUTUniversity/MyProject-OneDrive/yolo_zhy-feature-yolo-sam3-cascade/YOLO_TRACK_SIMPLE/standardData/13/13.mp4,290,9.676,M009,0.794,68.6 242.7 361.6 559.5,0,0,0,0,,,0,0,UNKNOWN,27.310,36.616
/Users/lujintao/Library/CloudStorage/OneDrive-AUTUniversity/MyProject-OneDrive/yolo_zhy-feature-yolo-sam3-cascade/YOLO_TRACK_SIMPLE/standardData/13/13.mp4,291,9.710,M007,0.896,870.1 275.5 982.8 457.5,1,1,0,1,P005,1.620,0,0,NO_HELMET,27.179,36.792
/Users/lujintao/Library/CloudStorage/OneDrive-AUTUniversity/MyProject-OneDrive/yolo_zhy-feature-yolo-sam3-cascade/YOLO_TRACK_SIMPLE/standardData/13/13.mp4,292,9.743,M007,0.908,877.1 277.9 985.0 455.0,1,1,0,1,P005,1.625,0,0,NO_HELMET,47.688,20.970
/Users/lujintao/Library/CloudStorage/OneDrive-AUTUniversity/MyProject-OneDrive/yolo_zhy-feature-yolo-sam3-cascade/YOLO_TRACK_SIMPLE/standardData/13/13.mp4,292,9.743,M009,0.813,140.3 248.6 412.1 535.0,0,0,0,0,,,0,0,UNKNOWN,47.688,20.970
/Users/lujintao/Library/CloudStorage/OneDrive-AUTUniversity/MyProject-OneDrive/yolo_zhy-feature-yolo-sam3-cascade/YOLO_TRACK_SIMPLE/standardData/13/13.mp4,293,9.776,M007,0.903,884.5 278.6 989.5 456.4,1,1,0,1,P005,1.611,0,0,NO_HELMET,26.470,37.779
/Users/lujintao/Library/CloudStorage/OneDrive-AUTUniversity/MyProject-OneDrive/yolo_zhy-feature-yolo-sam3-cascade/YOLO_TRACK_SIMPLE/standardData/13/13.mp4,293,9.776,M009,0.848,180.0 245.3 430.3 517.6,1,1,0,1,P008,1.588,0,0,NO_HELMET,26.470,37.779
/Users/lujintao/Library/CloudStorage/OneDrive-AUTUniversity/MyProject-OneDrive/yolo_zhy-feature-yolo-sam3-cascade/YOLO_TRACK_SIMPLE/standardData/13/13.mp4,294,9.810,M007,0.879,889.7 277.6 994.7 455.1,1,1,0,1,P005,1.613,0,0,NO_HELMET,26.976,37.071
/Users/lujintao/Library/CloudStorage/OneDrive-AUTUniversity/MyProject-OneDrive/yolo_zhy-feature-yolo-sam3-cascade/YOLO_TRACK_SIMPLE/standardData/13/13.mp4,294,9.810,M009,0.671,218.4 246.2 452.7 488.2,1,1,0,1,P008,1.553,0,0,NO_HELMET,26.976,37.071
/Users/lujintao/Library/CloudStorage/OneDrive-AUTUniversity/MyProject-OneDrive/yolo_zhy-feature-yolo-sam3-cascade/YOLO_TRACK_SIMPLE/standardData/13/13.mp4,295,9.843,M007,0.867,897.1 274.8 1000.1 454.2,1,1,0,1,P005,1.624,0,0,NO_HELMET,27.810,35.958
/Users/lujintao/Library/CloudStorage/OneDrive-AUTUniversity/MyProject-OneDrive/yolo_zhy-feature-yolo-sam3-cascade/YOLO_TRACK_SIMPLE/standardData/13/13.mp4,295,9.843,M009,0.839,246.2 249.5 476.7 501.2,1,1,0,1,P008,1.579,0,0,NO_HELMET,27.810,35.958
/Users/lujintao/Library/CloudStorage/OneDrive-AUTUniversity/MyProject-OneDrive/yolo_zhy-feature-yolo-sam3-cascade/YOLO_TRACK_SIMPLE/standardData/13/13.mp4,296,9.877,M007,0.889,904.6 278.4 1004.9 451.8,1,1,0,1,P005,1.621,0,0,NO_HELMET,26.867,37.221
/Users/lujintao/Library/CloudStorage/OneDrive-AUTUniversity/MyProject-OneDrive/yolo_zhy-feature-yolo-sam3-cascade/YOLO_TRACK_SIMPLE/standardData/13/13.mp4,296,9.877,M009,0.850,279.1 252.0 494.4 498.1,1,1,0,1,P008,1.590,0,0,NO_HELMET,26.867,37.221
/Users/lujintao/Library/CloudStorage/OneDrive-AUTUniversity/MyProject-OneDrive/yolo_zhy-feature-yolo-sam3-cascade/YOLO_TRACK_SIMPLE/standardData/13/13.mp4,297,9.910,M007,0.920,909.0 279.5 1009.0 448.8,1,1,0,1,P005,1.619,0,0,NO_HELMET,27.227,36.728
/Users/lujintao/Library/CloudStorage/OneDrive-AUTUniversity/MyProject-OneDrive/yolo_zhy-feature-yolo-sam3-cascade/YOLO_TRACK_SIMPLE/standardData/13/13.mp4,297,9.910,M009,0.894,298.2 252.5 512.8 497.2,1,1,0,1,P008,1.597,0,0,NO_HELMET,27.227,36.728
/Users/lujintao/Library/CloudStorage/OneDrive-AUTUniversity/MyProject-OneDrive/yolo_zhy-feature-yolo-sam3-cascade/YOLO_TRACK_SIMPLE/standardData/13/13.mp4,298,9.943,M007,0.922,913.0 281.2 1011.1 446.2,1,1,0,1,P005,1.616,0,0,NO_HELMET,26.402,37.876
/Users/lujintao/Library/CloudStorage/OneDrive-AUTUniversity/MyProject-OneDrive/yolo_zhy-feature-yolo-sam3-cascade/YOLO_TRACK_SIMPLE/standardData/13/13.mp4,298,9.943,M009,0.887,339.1 249.7 529.2 489.6,1,1,0,1,P008,1.590,0,0,NO_HELMET,26.402,37.876
/Users/lujintao/Library/CloudStorage/OneDrive-AUTUniversity/MyProject-OneDrive/yolo_zhy-feature-yolo-sam3-cascade/YOLO_TRACK_SIMPLE/standardData/13/13.mp4,299,9.977,M007,0.884,918.9 280.7 1015.8 444.8,1,1,0,1,P005,1.621,0,0,NO_HELMET,26.871,37.215
/Users/lujintao/Library/CloudStorage/OneDrive-AUTUniversity/MyProject-OneDrive/yolo_zhy-feature-yolo-sam3-cascade/YOLO_TRACK_SIMPLE/standardData/13/13.mp4,299,9.977,M009,0.870,351.1 251.3 543.4 472.0,1,1,0,1,P008,1.578,0,0,NO_HELMET,26.871,37.215
/Users/lujintao/Library/CloudStorage/OneDrive-AUTUniversity/MyProject-OneDrive/yolo_zhy-feature-yolo-sam3-cascade/YOLO_TRACK_SIMPLE/standardData/13/13.mp4,300,10.010,M007,0.889,924.9 280.9 1020.2 443.3,1,1,0,1,P005,1.620,0,0,NO_HELMET,44.291,22.578
/Users/lujintao/Library/CloudStorage/OneDrive-AUTUniversity/MyProject-OneDrive/yolo_zhy-feature-yolo-sam3-cascade/YOLO_TRACK_SIMPLE/standardData/13/13.mp4,300,10.010,M009,0.888,370.1 252.0 564.2 480.0,1,1,0,1,P008,1.599,0,0,NO_HELMET,44.291,22.578
/Users/lujintao/Library/CloudStorage/OneDrive-AUTUniversity/MyProject-OneDrive/yolo_zhy-feature-yolo-sam3-cascade/YOLO_TRACK_SIMPLE/standardData/13/13.mp4,301,10.043,M009,0.904,397.8 251.6 576.4 468.3,1,1,0,1,P008,1.596,0,0,NO_HELMET,26.858,37.232
/Users/lujintao/Library/CloudStorage/OneDrive-AUTUniversity/MyProject-OneDrive/yolo_zhy-feature-yolo-sam3-cascade/YOLO_TRACK_SIMPLE/standardData/13/13.mp4,301,10.043,M007,0.899,929.2 281.4 1023.7 442.0,1,1,0,1,P005,1.617,0,0,NO_HELMET,26.858,37.232
/Users/lujintao/Library/CloudStorage/OneDrive-AUTUniversity/MyProject-OneDrive/yolo_zhy-feature-yolo-sam3-cascade/YOLO_TRACK_SIMPLE/standardData/13/13.mp4,302,10.077,M007,0.917,933.6 279.7 1028.6 440.6,1,1,0,1,P005,1.618,0,0,NO_HELMET,26.966,37.083
/Users/lujintao/Library/CloudStorage/OneDrive-AUTUniversity/MyProject-OneDrive/yolo_zhy-feature-yolo-sam3-cascade/YOLO_TRACK_SIMPLE/standardData/13/13.mp4,302,10.077,M009,0.878,415.2 253.4 593.3 470.2,1,1,0,1,P008,1.603,0,0,NO_HELMET,26.966,37.083
/Users/lujintao/Library/CloudStorage/OneDrive-AUTUniversity/MyProject-OneDrive/yolo_zhy-feature-yolo-sam3-cascade/YOLO_TRACK_SIMPLE/standardData/13/13.mp4,303,10.110,M007,0.925,939.7 279.6 1032.7 438.1,1,1,0,1,P005,1.612,0,0,NO_HELMET,27.241,36.709
/Users/lujintao/Library/CloudStorage/OneDrive-AUTUniversity/MyProject-OneDrive/yolo_zhy-feature-yolo-sam3-cascade/YOLO_TRACK_SIMPLE/standardData/13/13.mp4,303,10.110,M009,0.895,437.8 252.3 606.1 463.6,1,1,0,1,P008,1.600,0,0,NO_HELMET,27.241,36.709
/Users/lujintao/Library/CloudStorage/OneDrive-AUTUniversity/MyProject-OneDrive/yolo_zhy-feature-yolo-sam3-cascade/YOLO_TRACK_SIMPLE/standardData/13/13.mp4,304,10.143,M007,0.927,944.2 279.3 1037.5 437.0,1,1,0,1,P005,1.617,0,0,NO_HELMET,28.118,35.565
/Users/lujintao/Library/CloudStorage/OneDrive-AUTUniversity/MyProject-OneDrive/yolo_zhy-feature-yolo-sam3-cascade/YOLO_TRACK_SIMPLE/standardData/13/13.mp4,304,10.143,M009,0.903,452.6 255.9 620.8 466.1,1,1,0,1,P008,1.607,0,0,NO_HELMET,28.118,35.565
/Users/lujintao/Library/CloudStorage/OneDrive-AUTUniversity/MyProject-OneDrive/yolo_zhy-feature-yolo-sam3-cascade/YOLO_TRACK_SIMPLE/standardData/13/13.mp4,305,10.177,M007,0.915,948.4 280.9 1040.4 436.1,1,1,0,1,P005,1.614,0,0,NO_HELMET,31.150,32.102
/Users/lujintao/Library/CloudStorage/OneDrive-AUTUniversity/MyProject-OneDrive/yolo_zhy-feature-yolo-sam3-cascade/YOLO_TRACK_SIMPLE/standardData/13/13.mp4,305,10.177,M009,0.892,475.4 253.3 634.5 464.1,1,1,0,1,P008,1.603,0,0,NO_HELMET,31.150,32.102
/Users/lujintao/Library/CloudStorage/OneDrive-AUTUniversity/MyProject-OneDrive/yolo_zhy-feature-yolo-sam3-cascade/YOLO_TRACK_SIMPLE/standardData/13/13.mp4,306,10.210,M009,0.901,490.8 256.4 650.2 461.0,1,1,0,1,P008,1.606,0,0,NO_HELMET,27.958,35.768
/Users/lujintao/Library/CloudStorage/OneDrive-AUTUniversity/MyProject-OneDrive/yolo_zhy-feature-yolo-sam3-cascade/YOLO_TRACK_SIMPLE/standardData/13/13.mp4,306,10.210,M007,0.886,952.9 280.0 1043.1 436.0,1,1,0,1,P005,1.610,0,0,NO_HELMET,27.958,35.768
/Users/lujintao/Library/CloudStorage/OneDrive-AUTUniversity/MyProject-OneDrive/yolo_zhy-feature-yolo-sam3-cascade/YOLO_TRACK_SIMPLE/standardData/13/13.mp4,307,10.244,M009,0.883,510.2 255.7 667.1 459.8,1,1,0,1,P008,1.603,0,0,NO_HELMET,25.490,39.231
/Users/lujintao/Library/CloudStorage/OneDrive-AUTUniversity/MyProject-OneDrive/yolo_zhy-feature-yolo-sam3-cascade/YOLO_TRACK_SIMPLE/standardData/13/13.mp4,307,10.244,M007,0.861,956.3 279.4 1047.8 433.6,1,1,0,1,P005,1.603,0,0,NO_HELMET,25.490,39.231
/Users/lujintao/Library/CloudStorage/OneDrive-AUTUniversity/MyProject-OneDrive/yolo_zhy-feature-yolo-sam3-cascade/YOLO_TRACK_SIMPLE/standardData/13/13.mp4,308,10.277,M009,0.912,526.3 257.9 673.8 454.8,1,1,0,1,P008,1.601,0,0,NO_HELMET,29.008,34.473
/Users/lujintao/Library/CloudStorage/OneDrive-AUTUniversity/MyProject-OneDrive/yolo_zhy-feature-yolo-sam3-cascade/YOLO_TRACK_SIMPLE/standardData/13/13.mp4,308,10.277,M007,0.870,960.9 281.6 1051.6 432.2,1,1,0,1,P005,1.610,0,0,NO_HELMET,29.008,34.473
/Users/lujintao/Library/CloudStorage/OneDrive-AUTUniversity/MyProject-OneDrive/yolo_zhy-feature-yolo-sam3-cascade/YOLO_TRACK_SIMPLE/standardData/13/13.mp4,309,10.310,M007,0.890,965.1 282.0 1057.4 431.3,1,1,0,1,P005,1.608,0,0,NO_HELMET,30.146,33.172
/Users/lujintao/Library/CloudStorage/OneDrive-AUTUniversity/MyProject-OneDrive/yolo_zhy-feature-yolo-sam3-cascade/YOLO_TRACK_SIMPLE/standardData/13/13.mp4,309,10.310,M009,0.880,542.3 257.0 683.8 453.3,1,1,0,1,P008,1.608,0,0,NO_HELMET,30.146,33.172
/Users/lujintao/Library/CloudStorage/OneDrive-AUTUniversity/MyProject-OneDrive/yolo_zhy-feature-yolo-sam3-cascade/YOLO_TRACK_SIMPLE/standardData/13/13.mp4,310,10.344,M007,0.900,971.6 282.2 1062.3 429.7,1,1,0,1,P005,1.614,0,0,NO_HELMET,26.227,38.129
/Users/lujintao/Library/CloudStorage/OneDrive-AUTUniversity/MyProject-OneDrive/yolo_zhy-feature-yolo-sam3-cascade/YOLO_TRACK_SIMPLE/standardData/13/13.mp4,310,10.344,M009,0.890,559.2 258.5 695.7 446.8,1,1,0,1,P008,1.605,0,0,NO_HELMET,26.227,38.129
/Users/lujintao/Library/CloudStorage/OneDrive-AUTUniversity/MyProject-OneDrive/yolo_zhy-feature-yolo-sam3-cascade/YOLO_TRACK_SIMPLE/standardData/13/13.mp4,311,10.377,M009,0.916,573.0 259.5 705.7 441.9,1,1,0,1,P008,1.608,0,0,NO_HELMET,29.277,34.157
/Users/lujintao/Library/CloudStorage/OneDrive-AUTUniversity/MyProject-OneDrive/yolo_zhy-feature-yolo-sam3-cascade/YOLO_TRACK_SIMPLE/standardData/13/13.mp4,311,10.377,M007,0.906,976.6 281.2 1066.6 428.1,1,1,0,1,P005,1.613,0,0,NO_HELMET,29.277,34.157
/Users/lujintao/Library/CloudStorage/OneDrive-AUTUniversity/MyProject-OneDrive/yolo_zhy-feature-yolo-sam3-cascade/YOLO_TRACK_SIMPLE/standardData/13/13.mp4,312,10.410,M007,0.909,979.7 282.7 1069.2 427.3,1,1,0,1,P005,1.613,0,0,NO_HELMET,28.035,35.669
/Users/lujintao/Library/CloudStorage/OneDrive-AUTUniversity/MyProject-OneDrive/yolo_zhy-feature-yolo-sam3-cascade/YOLO_TRACK_SIMPLE/standardData/13/13.mp4,312,10.410,M009,0.894,586.3 256.8 716.3 441.2,1,1,0,1,P008,1.609,0,0,NO_HELMET,28.035,35.669
/Users/lujintao/Library/CloudStorage/OneDrive-AUTUniversity/MyProject-OneDrive/yolo_zhy-feature-yolo-sam3-cascade/YOLO_TRACK_SIMPLE/standardData/13/13.mp4,313,10.444,M007,0.908,984.0 282.4 1073.0 425.6,1,1,0,1,P005,1.613,0,0,NO_HELMET,28.275,35.367
/Users/lujintao/Library/CloudStorage/OneDrive-AUTUniversity/MyProject-OneDrive/yolo_zhy-feature-yolo-sam3-cascade/YOLO_TRACK_SIMPLE/standardData/13/13.mp4,313,10.444,M009,0.896,600.7 256.8 729.3 438.2,1,1,0,1,P008,1.608,0,0,NO_HELMET,28.275,35.367
/Users/lujintao/Library/CloudStorage/OneDrive-AUTUniversity/MyProject-OneDrive/yolo_zhy-feature-yolo-sam3-cascade/YOLO_TRACK_SIMPLE/standardData/13/13.mp4,314,10.477,M009,0.906,613.6 257.7 738.2 436.3,1,1,0,1,P008,1.611,0,0,NO_HELMET,27.410,36.483
/Users/lujintao/Library/CloudStorage/OneDrive-AUTUniversity/MyProject-OneDrive/yolo_zhy-feature-yolo-sam3-cascade/YOLO_TRACK_SIMPLE/standardData/13/13.mp4,314,10.477,M007,0.868,987.4 282.4 1077.0 425.8,1,1,0,1,P005,1.611,0,0,NO_HELMET,27.410,36.483
/Users/lujintao/Library/CloudStorage/OneDrive-AUTUniversity/MyProject-OneDrive/yolo_zhy-feature-yolo-sam3-cascade/YOLO_TRACK_SIMPLE/standardData/13/13.mp4,315,10.511,M009,0.889,625.1 258.5 747.3 434.8,1,1,0,1,P008,1.610,0,0,NO_HELMET,26.375,37.915
/Users/lujintao/Library/CloudStorage/OneDrive-AUTUniversity/MyProject-OneDrive/yolo_zhy-feature-yolo-sam3-cascade/YOLO_TRACK_SIMPLE/standardData/13/13.mp4,315,10.511,M007,0.861,991.1 281.5 1079.7 425.9,1,1,0,1,P005,1.613,0,0,NO_HELMET,26.375,37.915
/Users/lujintao/Library/CloudStorage/OneDrive-AUTUniversity/MyProject-OneDrive/yolo_zhy-feature-yolo-sam3-cascade/YOLO_TRACK_SIMPLE/standardData/13/13.mp4,316,10.544,M009,0.893,639.2 259.3 757.9 431.0,1,1,0,1,P008,1.609,0,0,NO_HELMET,28.140,35.537
/Users/lujintao/Library/CloudStorage/OneDrive-AUTUniversity/MyProject-OneDrive/yolo_zhy-feature-yolo-sam3-cascade/YOLO_TRACK_SIMPLE/standardData/13/13.mp4,316,10.544,M007,0.872,994.7 282.4 1083.0 425.5,1,1,0,1,P005,1.610,0,0,NO_HELMET,28.140,35.537
/Users/lujintao/Library/CloudStorage/OneDrive-AUTUniversity/MyProject-OneDrive/yolo_zhy-feature-yolo-sam3-cascade/YOLO_TRACK_SIMPLE/standardData/13/13.mp4,317,10.577,M009,0.908,647.1 259.3 766.1 430.6,1,1,0,1,P008,1.615,0,0,NO_HELMET,28.681,34.866
/Users/lujintao/Library/CloudStorage/OneDrive-AUTUniversity/MyProject-OneDrive/yolo_zhy-feature-yolo-sam3-cascade/YOLO_TRACK_SIMPLE/standardData/13/13.mp4,317,10.577,M007,0.889,998.9 280.8 1086.1 425.7,1,1,0,1,P005,1.611,0,0,NO_HELMET,28.681,34.866
/Users/lujintao/Library/CloudStorage/OneDrive-AUTUniversity/MyProject-OneDrive/yolo_zhy-feature-yolo-sam3-cascade/YOLO_TRACK_SIMPLE/standardData/13/13.mp4,318,10.611,M009,0.896,659.5 259.3 776.7 427.7,1,1,0,1,P008,1.612,0,0,NO_HELMET,26.714,37.433
/Users/lujintao/Library/CloudStorage/OneDrive-AUTUniversity/MyProject-OneDrive/yolo_zhy-feature-yolo-sam3-cascade/YOLO_TRACK_SIMPLE/standardData/13/13.mp4,318,10.611,M007,0.885,1003.9 280.3 1093.5 423.1,1,0,1,0,P005,1.608,0,0,HELMETED,26.714,37.433
/Users/lujintao/Library/CloudStorage/OneDrive-AUTUniversity/MyProject-OneDrive/yolo_zhy-feature-yolo-sam3-cascade/YOLO_TRACK_SIMPLE/standardData/13/13.mp4,319,10.644,M009,0.887,671.9 258.9 787.0 427.3,1,1,0,1,P008,1.612,0,0,NO_HELMET,27.000,37.037
/Users/lujintao/Library/CloudStorage/OneDrive-AUTUniversity/MyProject-OneDrive/yolo_zhy-feature-yolo-sam3-cascade/YOLO_TRACK_SIMPLE/standardData/13/13.mp4,319,10.644,M007,0.871,1007.5 280.1 1096.8 422.0,1,1,0,1,P005,1.616,0,0,NO_HELMET,27.000,37.037
/Users/lujintao/Library/CloudStorage/OneDrive-AUTUniversity/MyProject-OneDrive/yolo_zhy-feature-yolo-sam3-cascade/YOLO_TRACK_SIMPLE/standardData/13/13.mp4,320,10.677,M009,0.900,682.6 261.3 795.5 423.5,1,1,0,1,P008,1.613,0,0,NO_HELMET,29.214,34.230
/Users/lujintao/Library/CloudStorage/OneDrive-AUTUniversity/MyProject-OneDrive/yolo_zhy-feature-yolo-sam3-cascade/YOLO_TRACK_SIMPLE/standardData/13/13.mp4,320,10.677,M007,0.873,1011.9 281.6 1099.2 421.7,1,1,0,1,P005,1.617,0,0,NO_HELMET,29.214,34.230
/Users/lujintao/Library/CloudStorage/OneDrive-AUTUniversity/MyProject-OneDrive/yolo_zhy-feature-yolo-sam3-cascade/YOLO_TRACK_SIMPLE/standardData/13/13.mp4,321,10.711,M007,0.886,1015.3 282.1 1101.2 420.7,1,1,0,1,P005,1.617,0,0,NO_HELMET,26.188,38.185
/Users/lujintao/Library/CloudStorage/OneDrive-AUTUniversity/MyProject-OneDrive/yolo_zhy-feature-yolo-sam3-cascade/YOLO_TRACK_SIMPLE/standardData/13/13.mp4,321,10.711,M009,0.885,693.2 263.4 804.7 422.4,1,1,0,1,P008,1.612,0,0,NO_HELMET,26.188,38.185
/Users/lujintao/Library/CloudStorage/OneDrive-AUTUniversity/MyProject-OneDrive/yolo_zhy-feature-yolo-sam3-cascade/YOLO_TRACK_SIMPLE/standardData/13/13.mp4,322,10.744,M007,0.904,1018.3 281.3 1103.7 423.0,1,1,0,1,P005,1.613,0,0,NO_HELMET,28.364,35.255
/Users/lujintao/Library/CloudStorage/OneDrive-AUTUniversity/MyProject-OneDrive/yolo_zhy-feature-yolo-sam3-cascade/YOLO_TRACK_SIMPLE/standardData/13/13.mp4,322,10.744,M009,0.883,705.3 263.2 812.9 419.9,1,1,0,1,P008,1.610,0,0,NO_HELMET,28.364,35.255
/Users/lujintao/Library/CloudStorage/OneDrive-AUTUniversity/MyProject-OneDrive/yolo_zhy-feature-yolo-sam3-cascade/YOLO_TRACK_SIMPLE/standardData/13/13.mp4,323,10.777,M009,0.892,713.7 260.9 820.4 419.2,1,1,0,1,P008,1.613,0,0,NO_HELMET,26.674,37.490
/Users/lujintao/Library/CloudStorage/OneDrive-AUTUniversity/MyProject-OneDrive/yolo_zhy-feature-yolo-sam3-cascade/YOLO_TRACK_SIMPLE/standardData/13/13.mp4,323,10.777,M007,0.876,1022.7 280.9 1106.8 419.6,1,0,1,0,P005,1.613,0,0,HELMETED,26.674,37.490
/Users/lujintao/Library/CloudStorage/OneDrive-AUTUniversity/MyProject-OneDrive/yolo_zhy-feature-yolo-sam3-cascade/YOLO_TRACK_SIMPLE/standardData/13/13.mp4,324,10.811,M009,0.899,722.9 256.2 828.0 416.0,1,1,0,1,P008,1.617,0,0,NO_HELMET,28.321,35.310
/Users/lujintao/Library/CloudStorage/OneDrive-AUTUniversity/MyProject-OneDrive/yolo_zhy-feature-yolo-sam3-cascade/YOLO_TRACK_SIMPLE/standardData/13/13.mp4,324,10.811,M007,0.871,1025.8 279.3 1109.3 420.0,1,0,1,0,P005,1.612,0,0,HELMETED,28.321,35.310
/Users/lujintao/Library/CloudStorage/OneDrive-AUTUniversity/MyProject-OneDrive/yolo_zhy-feature-yolo-sam3-cascade/YOLO_TRACK_SIMPLE/standardData/13/13.mp4,325,10.844,M007,0.875,1028.4 278.7 1110.2 419.2,1,0,1,0,P005,1.609,0,0,HELMETED,29.047,34.428
/Users/lujintao/Library/CloudStorage/OneDrive-AUTUniversity/MyProject-OneDrive/yolo_zhy-feature-yolo-sam3-cascade/YOLO_TRACK_SIMPLE/standardData/13/13.mp4,325,10.844,M009,0.871,733.6 257.7 835.3 416.6,1,1,0,1,P008,1.620,0,0,NO_HELMET,29.047,34.428
/Users/lujintao/Library/CloudStorage/OneDrive-AUTUniversity/MyProject-OneDrive/yolo_zhy-feature-yolo-sam3-cascade/YOLO_TRACK_SIMPLE/standardData/13/13.mp4,326,10.878,M007,0.889,1031.3 277.5 1114.0 419.1,1,0,1,0,P005,1.611,0,0,HELMETED,26.675,37.488
/Users/lujintao/Library/CloudStorage/OneDrive-AUTUniversity/MyProject-OneDrive/yolo_zhy-feature-yolo-sam3-cascade/YOLO_TRACK_SIMPLE/standardData/13/13.mp4,326,10.878,M009,0.870,746.4 256.1 842.0 413.6,1,1,0,1,P008,1.584,0,0,NO_HELMET,26.675,37.488
/Users/lujintao/Library/CloudStorage/OneDrive-AUTUniversity/MyProject-OneDrive/yolo_zhy-feature-yolo-sam3-cascade/YOLO_TRACK_SIMPLE/standardData/13/13.mp4,327,10.911,M009,0.895,753.6 258.1 847.7 410.3,1,1,0,1,P008,1.618,0,0,NO_HELMET,29.022,34.456
/Users/lujintao/Library/CloudStorage/OneDrive-AUTUniversity/MyProject-OneDrive/yolo_zhy-feature-yolo-sam3-cascade/YOLO_TRACK_SIMPLE/standardData/13/13.mp4,327,10.911,M007,0.744,1036.0 273.0 1115.6 418.5,0,0,0,0,,,0,0,UNKNOWN,29.022,34.456
/Users/lujintao/Library/CloudStorage/OneDrive-AUTUniversity/MyProject-OneDrive/yolo_zhy-feature-yolo-sam3-cascade/YOLO_TRACK_SIMPLE/standardData/13/13.mp4,328,10.944,M009,0.870,762.5 260.3 855.2 409.9,0,0,0,0,,,0,0,UNKNOWN,27.813,35.954
/Users/lujintao/Library/CloudStorage/OneDrive-AUTUniversity/MyProject-OneDrive/yolo_zhy-feature-yolo-sam3-cascade/YOLO_TRACK_SIMPLE/standardData/13/13.mp4,328,10.944,M007,0.515,1039.4 272.0 1119.2 417.8,0,0,0,0,,,0,0,UNKNOWN,27.813,35.954
/Users/lujintao/Library/CloudStorage/OneDrive-AUTUniversity/MyProject-OneDrive/yolo_zhy-feature-yolo-sam3-cascade/YOLO_TRACK_SIMPLE/standardData/13/13.mp4,329,10.978,M009,0.883,772.9 261.1 861.9 406.8,0,0,0,0,,,0,0,UNKNOWN,27.695,36.107
/Users/lujintao/Library/CloudStorage/OneDrive-AUTUniversity/MyProject-OneDrive/yolo_zhy-feature-yolo-sam3-cascade/YOLO_TRACK_SIMPLE/standardData/13/13.mp4,329,10.978,M007,0.558,1043.1 269.7 1122.8 416.3,0,0,0,0,,,0,0,UNKNOWN,27.695,36.107
/Users/lujintao/Library/CloudStorage/OneDrive-AUTUniversity/MyProject-OneDrive/yolo_zhy-feature-yolo-sam3-cascade/YOLO_TRACK_SIMPLE/standardData/13/13.mp4,330,11.011,M009,0.882,781.1 264.1 870.4 405.7,0,0,0,0,,,0,0,UNKNOWN,27.052,36.965
/Users/lujintao/Library/CloudStorage/OneDrive-AUTUniversity/MyProject-OneDrive/yolo_zhy-feature-yolo-sam3-cascade/YOLO_TRACK_SIMPLE/standardData/13/13.mp4,331,11.044,M009,0.892,788.7 265.5 876.8 402.9,0,0,0,0,,,0,0,UNKNOWN,26.128,38.273
/Users/lujintao/Library/CloudStorage/OneDrive-AUTUniversity/MyProject-OneDrive/yolo_zhy-feature-yolo-sam3-cascade/YOLO_TRACK_SIMPLE/standardData/13/13.mp4,331,11.044,M007,0.427,1051.5 263.3 1129.3 414.4,0,0,0,0,,,0,0,UNKNOWN,26.128,38.273
/Users/lujintao/Library/CloudStorage/OneDrive-AUTUniversity/MyProject-OneDrive/yolo_zhy-feature-yolo-sam3-cascade/YOLO_TRACK_SIMPLE/standardData/13/13.mp4,332,11.078,M009,0.883,793.8 264.0 884.2 403.4,0,0,0,0,,,0,0,UNKNOWN,27.278,36.660
/Users/lujintao/Library/CloudStorage/OneDrive-AUTUniversity/MyProject-OneDrive/yolo_zhy-feature-yolo-sam3-cascade/YOLO_TRACK_SIMPLE/standardData/13/13.mp4,332,11.078,M007,0.302,1054.2 266.7 1130.6 414.0,0,0,0,0,,,0,0,UNKNOWN,27.278,36.660
/Users/lujintao/Library/CloudStorage/OneDrive-AUTUniversity/MyProject-OneDrive/yolo_zhy-feature-yolo-sam3-cascade/YOLO_TRACK_SIMPLE/standardData/13/13.mp4,333,11.111,M009,0.868,801.6 264.7 889.5 403.3,0,0,0,0,,,0,0,UNKNOWN,28.506,35.081
/Users/lujintao/Library/CloudStorage/OneDrive-AUTUniversity/MyProject-OneDrive/yolo_zhy-feature-yolo-sam3-cascade/YOLO_TRACK_SIMPLE/standardData/13/13.mp4,333,11.111,M007,0.482,1055.0 275.0 1132.5 413.9,0,0,0,0,,,0,0,UNKNOWN,28.506,35.081
/Users/lujintao/Library/CloudStorage/OneDrive-AUTUniversity/MyProject-OneDrive/yolo_zhy-feature-yolo-sam3-cascade/YOLO_TRACK_SIMPLE/standardData/13/13.mp4,334,11.144,M009,0.868,809.9 264.2 894.7 402.0,0,0,0,0,,,0,0,UNKNOWN,28.014,35.696
/Users/lujintao/Library/CloudStorage/OneDrive-AUTUniversity/MyProject-OneDrive/yolo_zhy-feature-yolo-sam3-cascade/YOLO_TRACK_SIMPLE/standardData/13/13.mp4,334,11.144,M007,0.582,1060.7 270.7 1134.4 411.7,0,0,0,0,,,0,0,UNKNOWN,28.014,35.696
/Users/lujintao/Library/CloudStorage/OneDrive-AUTUniversity/MyProject-OneDrive/yolo_zhy-feature-yolo-sam3-cascade/YOLO_TRACK_SIMPLE/standardData/13/13.mp4,335,11.178,M009,0.876,815.9 264.2 902.4 401.4,0,0,0,0,,,0,0,UNKNOWN,28.282,35.358
/Users/lujintao/Library/CloudStorage/OneDrive-AUTUniversity/MyProject-OneDrive/yolo_zhy-feature-yolo-sam3-cascade/YOLO_TRACK_SIMPLE/standardData/13/13.mp4,335,11.178,M007,0.516,1061.4 276.1 1135.4 411.7,0,0,0,0,,,0,0,UNKNOWN,28.282,35.358
/Users/lujintao/Library/CloudStorage/OneDrive-AUTUniversity/MyProject-OneDrive/yolo_zhy-feature-yolo-sam3-cascade/YOLO_TRACK_SIMPLE/standardData/13/13.mp4,336,11.211,M009,0.862,822.8 264.6 908.9 398.8,0,0,0,0,,,0,0,UNKNOWN,29.770,33.591
/Users/lujintao/Library/CloudStorage/OneDrive-AUTUniversity/MyProject-OneDrive/yolo_zhy-feature-yolo-sam3-cascade/YOLO_TRACK_SIMPLE/standardData/13/13.mp4,336,11.211,M007,0.637,1063.8 277.9 1138.7 410.4,0,0,0,0,,,0,0,UNKNOWN,29.770,33.591
/Users/lujintao/Library/CloudStorage/OneDrive-AUTUniversity/MyProject-OneDrive/yolo_zhy-feature-yolo-sam3-cascade/YOLO_TRACK_SIMPLE/standardData/13/13.mp4,337,11.245,M009,0.865,828.8 266.9 914.3 397.9,0,0,0,0,,,0,0,UNKNOWN,27.816,35.951
/Users/lujintao/Library/CloudStorage/OneDrive-AUTUniversity/MyProject-OneDrive/yolo_zhy-feature-yolo-sam3-cascade/YOLO_TRACK_SIMPLE/standardData/13/13.mp4,337,11.245,M007,0.335,1067.0 275.4 1140.1 408.3,0,0,0,0,,,0,0,UNKNOWN,27.816,35.951
/Users/lujintao/Library/CloudStorage/OneDrive-AUTUniversity/MyProject-OneDrive/yolo_zhy-feature-yolo-sam3-cascade/YOLO_TRACK_SIMPLE/standardData/13/13.mp4,338,11.278,M009,0.864,835.9 266.5 919.7 396.6,0,0,0,0,,,0,0,UNKNOWN,28.152,35.521
/Users/lujintao/Library/CloudStorage/OneDrive-AUTUniversity/MyProject-OneDrive/yolo_zhy-feature-yolo-sam3-cascade/YOLO_TRACK_SIMPLE/standardData/13/13.mp4,339,11.311,M009,0.850,843.6 266.0 925.5 395.8,0,0,0,0,,,0,0,UNKNOWN,41.176,24.286
/Users/lujintao/Library/CloudStorage/OneDrive-AUTUniversity/MyProject-OneDrive/yolo_zhy-feature-yolo-sam3-cascade/YOLO_TRACK_SIMPLE/standardData/13/13.mp4,339,11.311,M007,0.338,1072.7 276.5 1144.2 412.5,0,0,0,0,,,0,0,UNKNOWN,41.176,24.286
/Users/lujintao/Library/CloudStorage/OneDrive-AUTUniversity/MyProject-OneDrive/yolo_zhy-feature-yolo-sam3-cascade/YOLO_TRACK_SIMPLE/standardData/13/13.mp4,340,11.345,M009,0.881,848.2 266.3 931.2 395.0,0,0,0,0,,,0,0,UNKNOWN,27.855,35.900
/Users/lujintao/Library/CloudStorage/OneDrive-AUTUniversity/MyProject-OneDrive/yolo_zhy-feature-yolo-sam3-cascade/YOLO_TRACK_SIMPLE/standardData/13/13.mp4,340,11.345,M007,0.402,1075.8 275.5 1146.0 408.8,0,0,0,0,,,0,0,UNKNOWN,27.855,35.900
/Users/lujintao/Library/CloudStorage/OneDrive-AUTUniversity/MyProject-OneDrive/yolo_zhy-feature-yolo-sam3-cascade/YOLO_TRACK_SIMPLE/standardData/13/13.mp4,341,11.378,M009,0.869,854.3 266.7 935.7 393.7,0,0,0,0,,,0,0,UNKNOWN,28.807,34.714
/Users/lujintao/Library/CloudStorage/OneDrive-AUTUniversity/MyProject-OneDrive/yolo_zhy-feature-yolo-sam3-cascade/YOLO_TRACK_SIMPLE/standardData/13/13.mp4,341,11.378,M007,0.531,1079.0 276.2 1147.3 408.2,0,0,0,0,,,0,0,UNKNOWN,28.807,34.714
/Users/lujintao/Library/CloudStorage/OneDrive-AUTUniversity/MyProject-OneDrive/yolo_zhy-feature-yolo-sam3-cascade/YOLO_TRACK_SIMPLE/standardData/13/13.mp4,342,11.411,M009,0.864,859.5 266.2 941.0 392.7,0,0,0,0,,,0,0,UNKNOWN,28.024,35.683
/Users/lujintao/Library/CloudStorage/OneDrive-AUTUniversity/MyProject-OneDrive/yolo_zhy-feature-yolo-sam3-cascade/YOLO_TRACK_SIMPLE/standardData/13/13.mp4,342,11.411,M007,0.500,1080.7 277.5 1149.1 408.5,0,0,0,0,,,0,0,UNKNOWN,28.024,35.683
/Users/lujintao/Library/CloudStorage/OneDrive-AUTUniversity/MyProject-OneDrive/yolo_zhy-feature-yolo-sam3-cascade/YOLO_TRACK_SIMPLE/standardData/13/13.mp4,342,11.411,U003,0.306,1255.9 269.6 1280.0 357.7,0,0,0,0,,,0,0,UNKNOWN,28.024,35.683
/Users/lujintao/Library/CloudStorage/OneDrive-AUTUniversity/MyProject-OneDrive/yolo_zhy-feature-yolo-sam3-cascade/YOLO_TRACK_SIMPLE/standardData/13/13.mp4,343,11.445,M009,0.837,865.8 264.3 946.7 391.8,0,0,0,0,,,0,0,UNKNOWN,28.653,34.901
/Users/lujintao/Library/CloudStorage/OneDrive-AUTUniversity/MyProject-OneDrive/yolo_zhy-feature-yolo-sam3-cascade/YOLO_TRACK_SIMPLE/standardData/13/13.mp4,343,11.445,M007,0.788,1083.0 277.6 1150.3 408.3,0,0,0,0,,,0,0,UNKNOWN,28.653,34.901
/Users/lujintao/Library/CloudStorage/OneDrive-AUTUniversity/MyProject-OneDrive/yolo_zhy-feature-yolo-sam3-cascade/YOLO_TRACK_SIMPLE/standardData/13/13.mp4,344,11.478,M009,0.852,871.7 266.3 950.5 392.4,0,0,0,0,,,0,0,UNKNOWN,28.676,34.873
/Users/lujintao/Library/CloudStorage/OneDrive-AUTUniversity/MyProject-OneDrive/yolo_zhy-feature-yolo-sam3-cascade/YOLO_TRACK_SIMPLE/standardData/13/13.mp4,344,11.478,M007,0.665,1085.5 277.4 1153.2 407.2,0,0,0,0,,,0,0,UNKNOWN,28.676,34.873
/Users/lujintao/Library/CloudStorage/OneDrive-AUTUniversity/MyProject-OneDrive/yolo_zhy-feature-yolo-sam3-cascade/YOLO_TRACK_SIMPLE/standardData/13/13.mp4,345,11.511,M009,0.846,877.4 267.9 955.9 392.7,0,0,0,0,,,0,0,UNKNOWN,29.438,33.969
/Users/lujintao/Library/CloudStorage/OneDrive-AUTUniversity/MyProject-OneDrive/yolo_zhy-feature-yolo-sam3-cascade/YOLO_TRACK_SIMPLE/standardData/13/13.mp4,345,11.511,M007,0.727,1088.1 278.0 1154.4 405.8,0,0,0,0,,,0,0,UNKNOWN,29.438,33.969
/Users/lujintao/Library/CloudStorage/OneDrive-AUTUniversity/MyProject-OneDrive/yolo_zhy-feature-yolo-sam3-cascade/YOLO_TRACK_SIMPLE/standardData/13/13.mp4,345,11.511,U003,0.256,1255.0 274.3 1280.0 358.7,0,0,0,0,,,0,0,UNKNOWN,29.438,33.969
/Users/lujintao/Library/CloudStorage/OneDrive-AUTUniversity/MyProject-OneDrive/yolo_zhy-feature-yolo-sam3-cascade/YOLO_TRACK_SIMPLE/standardData/13/13.mp4,346,11.545,M009,0.883,880.1 268.0 960.1 389.5,0,0,0,0,,,0,0,UNKNOWN,29.503,33.895
/Users/lujintao/Library/CloudStorage/OneDrive-AUTUniversity/MyProject-OneDrive/yolo_zhy-feature-yolo-sam3-cascade/YOLO_TRACK_SIMPLE/standardData/13/13.mp4,346,11.545,M007,0.695,1090.6 276.5 1155.0 405.0,0,0,0,0,,,0,0,UNKNOWN,29.503,33.895
/Users/lujintao/Library/CloudStorage/OneDrive-AUTUniversity/MyProject-OneDrive/yolo_zhy-feature-yolo-sam3-cascade/YOLO_TRACK_SIMPLE/standardData/13/13.mp4,347,11.578,M009,0.854,887.9 267.6 964.6 388.1,0,0,0,0,,,0,0,UNKNOWN,28.999,34.484
/Users/lujintao/Library/CloudStorage/OneDrive-AUTUniversity/MyProject-OneDrive/yolo_zhy-feature-yolo-sam3-cascade/YOLO_TRACK_SIMPLE/standardData/13/13.mp4,347,11.578,M007,0.697,1093.8 277.5 1155.7 402.6,0,0,0,0,,,0,0,UNKNOWN,28.999,34.484
/Users/lujintao/Library/CloudStorage/OneDrive-AUTUniversity/MyProject-OneDrive/yolo_zhy-feature-yolo-sam3-cascade/YOLO_TRACK_SIMPLE/standardData/13/13.mp4,348,11.612,M009,0.852,892.1 269.3 968.4 387.6,0,0,0,0,,,0,0,UNKNOWN,28.793,34.730
/Users/lujintao/Library/CloudStorage/OneDrive-AUTUniversity/MyProject-OneDrive/yolo_zhy-feature-yolo-sam3-cascade/YOLO_TRACK_SIMPLE/standardData/13/13.mp4,348,11.612,M007,0.572,1096.4 279.5 1156.1 402.2,0,0,0,0,,,0,0,UNKNOWN,28.793,34.730
/Users/lujintao/Library/CloudStorage/OneDrive-AUTUniversity/MyProject-OneDrive/yolo_zhy-feature-yolo-sam3-cascade/YOLO_TRACK_SIMPLE/standardData/13/13.mp4,349,11.645,M009,0.866,895.3 266.5 973.4 386.4,0,0,0,0,,,0,0,UNKNOWN,29.394,34.020
/Users/lujintao/Library/CloudStorage/OneDrive-AUTUniversity/MyProject-OneDrive/yolo_zhy-feature-yolo-sam3-cascade/YOLO_TRACK_SIMPLE/standardData/13/13.mp4,349,11.645,M007,0.643,1098.6 278.8 1156.0 400.9,0,0,0,0,,,0,0,UNKNOWN,29.394,34.020
/Users/lujintao/Library/CloudStorage/OneDrive-AUTUniversity/MyProject-OneDrive/yolo_zhy-feature-yolo-sam3-cascade/YOLO_TRACK_SIMPLE/standardData/13/13.mp4,350,11.678,M009,0.859,899.3 267.6 978.2 386.0,0,0,0,0,,,0,0,UNKNOWN,29.586,33.800
/Users/lujintao/Library/CloudStorage/OneDrive-AUTUniversity/MyProject-OneDrive/yolo_zhy-feature-yolo-sam3-cascade/YOLO_TRACK_SIMPLE/standardData/13/13.mp4,350,11.678,M007,0.309,1101.3 282.5 1158.2 403.6,0,0,0,0,,,0,0,UNKNOWN,29.586,33.800
/Users/lujintao/Library/CloudStorage/OneDrive-AUTUniversity/MyProject-OneDrive/yolo_zhy-feature-yolo-sam3-cascade/YOLO_TRACK_SIMPLE/standardData/13/13.mp4,351,11.712,M009,0.827,906.5 270.2 981.0 385.5,0,0,0,0,,,0,0,UNKNOWN,28.709,34.832
/Users/lujintao/Library/CloudStorage/OneDrive-AUTUniversity/MyProject-OneDrive/yolo_zhy-feature-yolo-sam3-cascade/YOLO_TRACK_SIMPLE/standardData/13/13.mp4,352,11.745,M009,0.825,910.2 271.1 985.1 386.4,0,0,0,0,,,0,0,UNKNOWN,28.333,35.294
/Users/lujintao/Library/CloudStorage/OneDrive-AUTUniversity/MyProject-OneDrive/yolo_zhy-feature-yolo-sam3-cascade/YOLO_TRACK_SIMPLE/standardData/13/13.mp4,352,11.745,M007,0.259,1106.5 282.5 1162.7 402.6,0,0,0,0,,,0,0,UNKNOWN,28.333,35.294
/Users/lujintao/Library/CloudStorage/OneDrive-AUTUniversity/MyProject-OneDrive/yolo_zhy-feature-yolo-sam3-cascade/YOLO_TRACK_SIMPLE/standardData/13/13.mp4,353,11.778,M009,0.804,913.8 271.0 988.6 385.1,0,0,0,0,,,0,0,UNKNOWN,31.081,32.174
/Users/lujintao/Library/CloudStorage/OneDrive-AUTUniversity/MyProject-OneDrive/yolo_zhy-feature-yolo-sam3-cascade/YOLO_TRACK_SIMPLE/standardData/13/13.mp4,353,11.778,M007,0.349,1108.8 280.1 1170.0 403.1,0,0,0,0,,,0,0,UNKNOWN,31.081,32.174
/Users/lujintao/Library/CloudStorage/OneDrive-AUTUniversity/MyProject-OneDrive/yolo_zhy-feature-yolo-sam3-cascade/YOLO_TRACK_SIMPLE/standardData/13/13.mp4,354,11.812,M009,0.828,918.3 269.5 992.5 384.7,0,0,0,0,,,0,0,UNKNOWN,42.398,23.586
/Users/lujintao/Library/CloudStorage/OneDrive-AUTUniversity/MyProject-OneDrive/yolo_zhy-feature-yolo-sam3-cascade/YOLO_TRACK_SIMPLE/standardData/13/13.mp4,354,11.812,M007,0.263,1111.9 277.8 1172.2 401.9,0,0,0,0,,,0,0,UNKNOWN,42.398,23.586
/Users/lujintao/Library/CloudStorage/OneDrive-AUTUniversity/MyProject-OneDrive/yolo_zhy-feature-yolo-sam3-cascade/YOLO_TRACK_SIMPLE/standardData/13/13.mp4,355,11.845,M009,0.810,921.9 269.6 996.2 383.6,0,0,0,0,,,0,0,UNKNOWN,36.128,27.680
/Users/lujintao/Library/CloudStorage/OneDrive-AUTUniversity/MyProject-OneDrive/yolo_zhy-feature-yolo-sam3-cascade/YOLO_TRACK_SIMPLE/standardData/13/13.mp4,356,11.879,M009,0.828,926.0 270.6 999.1 383.9,0,0,0,0,,,0,0,UNKNOWN,30.344,32.956
/Users/lujintao/Library/CloudStorage/OneDrive-AUTUniversity/MyProject-OneDrive/yolo_zhy-feature-yolo-sam3-cascade/YOLO_TRACK_SIMPLE/standardData/13/13.mp4,357,11.912,M009,0.825,930.5 270.8 1002.6 382.8,0,0,0,0,,,0,0,UNKNOWN,28.478,35.115
/Users/lujintao/Library/CloudStorage/OneDrive-AUTUniversity/MyProject-OneDrive/yolo_zhy-feature-yolo-sam3-cascade/YOLO_TRACK_SIMPLE/standardData/13/13.mp4,358,11.945,M009,0.795,936.1 270.1 1006.7 380.9,0,0,0,0,,,0,0,UNKNOWN,28.206,35.453
/Users/lujintao/Library/CloudStorage/OneDrive-AUTUniversity/MyProject-OneDrive/yolo_zhy-feature-yolo-sam3-cascade/YOLO_TRACK_SIMPLE/standardData/13/13.mp4,359,11.979,M009,0.743,937.4 268.8 1011.9 381.1,0,0,0,0,,,0,0,UNKNOWN,28.723,34.816
